1 1 87 549 95 234 -1 -1 -1 -1 
2 1 87 549 95 233 -1 -1 -1 -1 
3 1 87 549 95 233 -1 -1 -1 -1 
4 1 87 549 94 233 -1 -1 -1 -1 
5 1 87 549 94 233 -1 -1 -1 -1 
6 1 87 549 94 233 -1 -1 -1 -1 
7 1 87 549 94 232 -1 -1 -1 -1 
8 1 87 549 94 233 -1 -1 -1 -1 
9 1 87 549 94 233 -1 -1 -1 -1 
10 1 87 549 94 233 -1 -1 -1 -1 
11 1 87 550 94 232 -1 -1 -1 -1 
12 1 87 550 94 232 -1 -1 -1 -1 
13 1 87 550 94 232 -1 -1 -1 -1 
14 1 87 550 94 232 -1 -1 -1 -1 
15 1 87 549 94 233 -1 -1 -1 -1 
16 1 87 549 94 233 -1 -1 -1 -1 
17 1 87 550 94 232 -1 -1 -1 -1 
18 1 87 549 94 233 -1 -1 -1 -1 
19 1 87 549 94 233 -1 -1 -1 -1 
20 1 86 549 95 233 -1 -1 -1 -1 
21 1 87 549 94 233 -1 -1 -1 -1 
22 1 87 549 94 234 -1 -1 -1 -1 
23 1 87 549 94 234 -1 -1 -1 -1 
24 1 86 549 95 233 -1 -1 -1 -1 
25 1 86 549 95 233 -1 -1 -1 -1 
26 1 87 549 94 234 -1 -1 -1 -1 
27 1 87 549 94 233 -1 -1 -1 -1 
28 1 87 549 94 233 -1 -1 -1 -1 
29 1 87 549 94 233 -1 -1 -1 -1 
30 1 87 550 94 232 -1 -1 -1 -1 
31 1 87 549 94 233 -1 -1 -1 -1 
32 1 87 549 94 233 -1 -1 -1 -1 
33 1 87 548 94 233 -1 -1 -1 -1 
34 1 87 548 94 233 -1 -1 -1 -1 
35 1 87 548 94 233 -1 -1 -1 -1 
36 1 87 548 94 234 -1 -1 -1 -1 
37 1 87 548 94 234 -1 -1 -1 -1 
38 1 87 548 94 233 -1 -1 -1 -1 
39 1 87 548 94 233 -1 -1 -1 -1 
40 1 87 548 94 233 -1 -1 -1 -1 
41 1 87 548 94 233 -1 -1 -1 -1 
42 1 87 548 94 233 -1 -1 -1 -1 
43 1 87 548 94 234 -1 -1 -1 -1 
44 1 87 548 94 234 -1 -1 -1 -1 
45 1 87 548 94 234 -1 -1 -1 -1 
46 1 87 548 95 234 -1 -1 -1 -1 
47 1 87 548 94 234 -1 -1 -1 -1 
48 1 87 548 95 234 -1 -1 -1 -1 
49 1 87 548 95 233 -1 -1 -1 -1 
50 1 87 548 95 233 -1 -1 -1 -1 
51 1 87 548 95 233 -1 -1 -1 -1 
52 1 87 548 95 233 -1 -1 -1 -1 
53 1 87 548 95 233 -1 -1 -1 -1 
54 1 87 548 94 232 -1 -1 -1 -1 
55 1 87 548 94 232 -1 -1 -1 -1 
56 1 87 548 94 233 -1 -1 -1 -1 
57 1 87 548 94 232 -1 -1 -1 -1 
58 1 88 548 93 232 -1 -1 -1 -1 
59 1 88 549 93 231 -1 -1 -1 -1 
60 1 88 549 93 231 -1 -1 -1 -1 
61 1 88 549 93 231 -1 -1 -1 -1 
62 1 88 549 93 232 -1 -1 -1 -1 
63 1 88 549 93 231 -1 -1 -1 -1 
64 1 88 549 93 231 -1 -1 -1 -1 
65 1 88 549 93 231 -1 -1 -1 -1 
66 1 88 549 93 231 -1 -1 -1 -1 
67 1 88 549 93 231 -1 -1 -1 -1 
68 1 88 549 93 231 -1 -1 -1 -1 
69 1 88 549 93 231 -1 -1 -1 -1 
70 1 88 549 93 231 -1 -1 -1 -1 
71 1 88 549 93 231 -1 -1 -1 -1 
72 1 87 549 94 231 -1 -1 -1 -1 
73 1 88 549 93 231 -1 -1 -1 -1 
74 1 88 549 93 231 -1 -1 -1 -1 
75 1 88 550 93 231 -1 -1 -1 -1 
76 1 88 550 93 230 -1 -1 -1 -1 
77 1 88 550 93 230 -1 -1 -1 -1 
78 1 88 550 93 230 -1 -1 -1 -1 
79 1 88 550 93 231 -1 -1 -1 -1 
80 1 88 550 93 231 -1 -1 -1 -1 
81 1 88 550 93 231 -1 -1 -1 -1 
82 1 88 550 93 231 -1 -1 -1 -1 
83 1 88 550 93 231 -1 -1 -1 -1 
84 1 88 550 93 231 -1 -1 -1 -1 
85 1 88 550 93 231 -1 -1 -1 -1 
86 1 88 550 94 231 -1 -1 -1 -1 
87 1 88 550 94 231 -1 -1 -1 -1 
88 1 88 550 94 231 -1 -1 -1 -1 
89 1 88 550 93 231 -1 -1 -1 -1 
90 1 88 550 94 231 -1 -1 -1 -1 
91 1 88 550 94 231 -1 -1 -1 -1 
92 1 88 550 94 231 -1 -1 -1 -1 
93 1 88 550 94 231 -1 -1 -1 -1 
94 1 88 550 94 231 -1 -1 -1 -1 
95 1 88 551 94 231 -1 -1 -1 -1 
96 1 88 551 94 231 -1 -1 -1 -1 
97 1 88 551 94 231 -1 -1 -1 -1 
98 1 88 551 94 230 -1 -1 -1 -1 
99 1 88 551 94 230 -1 -1 -1 -1 
100 1 89 551 93 230 -1 -1 -1 -1 
101 1 89 551 93 230 -1 -1 -1 -1 
102 1 89 551 92 230 -1 -1 -1 -1 
103 1 88 551 93 230 -1 -1 -1 -1 
104 1 89 551 93 230 -1 -1 -1 -1 
105 1 88 551 93 230 -1 -1 -1 -1 
106 1 90 551 92 229 -1 -1 -1 -1 
107 1 90 551 92 229 -1 -1 -1 -1 
108 1 90 550 93 230 -1 -1 -1 -1 
109 1 90 550 93 230 -1 -1 -1 -1 
110 1 89 551 93 229 -1 -1 -1 -1 
111 1 88 551 93 229 -1 -1 -1 -1 
112 1 89 551 93 229 -1 -1 -1 -1 
113 1 90 551 92 230 -1 -1 -1 -1 
114 1 90 551 93 230 -1 -1 -1 -1 
115 1 91 552 91 230 -1 -1 -1 -1 
116 1 91 552 91 231 -1 -1 -1 -1 
117 1 90 551 92 233 -1 -1 -1 -1 
118 1 89 550 93 235 -1 -1 -1 -1 
119 1 89 550 94 235 -1 -1 -1 -1 
120 1 89 550 94 237 -1 -1 -1 -1 
121 1 88 549 95 238 -1 -1 -1 -1 
122 1 86 549 96 237 -1 -1 -1 -1 
123 1 85 549 98 237 -1 -1 -1 -1 
124 1 87 549 97 238 -1 -1 -1 -1 
125 1 88 550 96 236 -1 -1 -1 -1 
126 1 88 549 96 237 -1 -1 -1 -1 
127 1 85 549 99 241 -1 -1 -1 -1 
128 1 83 548 102 244 -1 -1 -1 -1 
129 1 85 548 98 237 -1 -1 -1 -1 
130 1 86 549 95 232 -1 -1 -1 -1 
131 1 88 549 93 230 -1 -1 -1 -1 
132 1 88 550 93 229 -1 -1 -1 -1 
133 1 88 551 92 229 -1 -1 -1 -1 
134 1 88 552 91 225 -1 -1 -1 -1 
135 1 89 552 90 224 -1 -1 -1 -1 
136 1 88 551 91 224 -1 -1 -1 -1 
137 1 88 552 90 223 -1 -1 -1 -1 
138 1 88 552 90 222 -1 -1 -1 -1 
139 1 87 551 91 224 -1 -1 -1 -1 
140 1 87 550 92 226 -1 -1 -1 -1 
141 1 88 551 90 225 -1 -1 -1 -1 
142 1 87 551 93 228 -1 -1 -1 -1 
143 1 87 551 94 230 -1 -1 -1 -1 
144 1 88 551 93 231 -1 -1 -1 -1 
145 1 88 551 94 231 -1 -1 -1 -1 
146 1 88 551 94 231 -1 -1 -1 -1 
147 1 88 550 93 231 -1 -1 -1 -1 
148 1 88 549 94 231 -1 -1 -1 -1 
149 1 88 549 94 231 -1 -1 -1 -1 
150 1 88 549 94 231 -1 -1 -1 -1 
151 1 88 549 94 231 -1 -1 -1 -1 
152 1 88 549 94 231 -1 -1 -1 -1 
153 1 88 549 94 231 -1 -1 -1 -1 
154 1 88 549 94 231 -1 -1 -1 -1 
155 1 88 550 93 230 -1 -1 -1 -1 
156 1 88 551 93 230 -1 -1 -1 -1 
157 1 88 552 92 230 -1 -1 -1 -1 
158 1 87 552 93 231 -1 -1 -1 -1 
159 1 87 552 93 232 -1 -1 -1 -1 
160 1 87 552 93 232 -1 -1 -1 -1 
161 1 87 552 93 232 -1 -1 -1 -1 
162 1 87 552 93 232 -1 -1 -1 -1 
163 1 87 552 93 231 -1 -1 -1 -1 
164 1 87 552 93 231 -1 -1 -1 -1 
165 1 87 552 93 232 -1 -1 -1 -1 
166 1 86 552 93 232 -1 -1 -1 -1 
167 1 87 552 93 232 -1 -1 -1 -1 
168 1 87 552 93 232 -1 -1 -1 -1 
169 1 86 552 94 232 -1 -1 -1 -1 
170 1 87 552 93 232 -1 -1 -1 -1 
171 1 87 552 93 231 -1 -1 -1 -1 
172 1 87 552 93 231 -1 -1 -1 -1 
173 1 87 552 93 231 -1 -1 -1 -1 
174 1 87 552 93 231 -1 -1 -1 -1 
175 1 87 552 93 231 -1 -1 -1 -1 
176 1 87 553 93 230 -1 -1 -1 -1 
177 1 87 553 92 230 -1 -1 -1 -1 
178 1 87 553 92 230 -1 -1 -1 -1 
179 1 86 552 93 231 -1 -1 -1 -1 
180 1 86 552 93 230 -1 -1 -1 -1 
181 1 87 551 92 231 -1 -1 -1 -1 
182 1 86 551 93 229 -1 -1 -1 -1 
183 1 86 551 93 230 -1 -1 -1 -1 
184 1 86 550 93 232 -1 -1 -1 -1 
185 1 86 550 93 231 -1 -1 -1 -1 
186 1 86 551 93 231 -1 -1 -1 -1 
187 1 86 551 93 230 -1 -1 -1 -1 
188 1 86 552 93 231 -1 -1 -1 -1 
189 1 86 551 94 233 -1 -1 -1 -1 
190 1 85 550 94 233 -1 -1 -1 -1 
191 1 84 550 94 232 -1 -1 -1 -1 
192 1 84 550 93 231 -1 -1 -1 -1 
193 1 84 550 93 230 -1 -1 -1 -1 
194 1 84 549 94 235 -1 -1 -1 -1 
195 1 83 550 95 235 -1 -1 -1 -1 
196 1 83 550 94 233 -1 -1 -1 -1 
197 1 84 549 93 233 -1 -1 -1 -1 
198 1 84 549 94 232 -1 -1 -1 -1 
199 1 86 547 92 235 -1 -1 -1 -1 
200 1 86 546 93 237 -1 -1 -1 -1 
201 1 86 546 93 237 -1 -1 -1 -1 
202 1 86 546 92 233 -1 -1 -1 -1 
203 1 85 546 91 230 -1 -1 -1 -1 
204 1 85 547 89 223 -1 -1 -1 -1 
205 1 87 546 85 214 -1 -1 -1 -1 
206 1 89 547 79 196 -1 -1 -1 -1 
207 1 91 547 74 185 -1 -1 -1 -1 
208 1 92 547 73 181 -1 -1 -1 -1 
209 1 92 549 74 183 -1 -1 -1 -1 
210 1 96 532 69 173 -1 -1 -1 -1 
211 1 95 544 73 181 -1 -1 -1 -1 
212 1 94 549 76 188 -1 -1 -1 -1 
213 1 93 550 80 201 -1 -1 -1 -1 
214 1 92 550 81 201 -1 -1 -1 -1 
215 1 93 550 81 204 -1 -1 -1 -1 
216 1 92 551 83 208 -1 -1 -1 -1 
217 1 92 552 84 211 -1 -1 -1 -1 
218 1 91 553 85 213 -1 -1 -1 -1 
219 1 91 554 85 212 -1 -1 -1 -1 
220 1 91 555 85 211 -1 -1 -1 -1 
221 1 93 555 83 206 -1 -1 -1 -1 
222 1 92 555 81 202 -1 -1 -1 -1 
223 1 93 557 79 195 -1 -1 -1 -1 
224 1 94 557 79 197 -1 -1 -1 -1 
225 1 96 559 79 195 -1 -1 -1 -1 
226 1 98 558 80 197 -1 -1 -1 -1 
227 1 100 560 80 195 -1 -1 -1 -1 
228 1 102 561 78 192 -1 -1 -1 -1 
229 1 98 561 81 199 -1 -1 -1 -1 
230 1 96 560 83 204 -1 -1 -1 -1 
231 1 95 561 84 206 -1 -1 -1 -1 
232 1 97 560 84 209 -1 -1 -1 -1 
233 1 97 560 84 210 -1 -1 -1 -1 
234 1 99 561 83 208 -1 -1 -1 -1 
235 1 99 562 82 207 -1 -1 -1 -1 
236 1 100 563 82 208 -1 -1 -1 -1 
237 1 101 565 84 214 -1 -1 -1 -1 
238 1 102 566 87 220 -1 -1 -1 -1 
239 1 103 567 89 227 -1 -1 -1 -1 
240 1 105 568 90 228 -1 -1 -1 -1 
241 1 106 567 91 229 -1 -1 -1 -1 
242 1 107 568 92 230 -1 -1 -1 -1 
243 1 109 568 90 228 -1 -1 -1 -1 
244 1 112 570 89 223 -1 -1 -1 -1 
245 1 113 571 90 222 -1 -1 -1 -1 
246 1 115 571 90 225 -1 -1 -1 -1 
247 1 117 571 90 223 -1 -1 -1 -1 
248 1 118 571 90 223 -1 -1 -1 -1 
249 1 120 571 91 225 -1 -1 -1 -1 
250 1 122 571 92 225 -1 -1 -1 -1 
251 1 125 571 92 227 -1 -1 -1 -1 
252 1 128 572 92 227 -1 -1 -1 -1 
253 1 129 572 91 226 -1 -1 -1 -1 
254 1 130 572 93 229 -1 -1 -1 -1 
255 1 133 572 91 227 -1 -1 -1 -1 
256 1 136 572 91 225 -1 -1 -1 -1 
257 1 138 570 91 224 -1 -1 -1 -1 
258 1 141 569 91 223 -1 -1 -1 -1 
259 1 144 569 91 224 -1 -1 -1 -1 
260 1 148 569 91 227 -1 -1 -1 -1 
261 1 151 569 91 227 -1 -1 -1 -1 
262 1 153 569 91 229 -1 -1 -1 -1 
263 1 155 568 93 233 -1 -1 -1 -1 
264 1 158 570 93 232 -1 -1 -1 -1 
265 1 161 570 94 233 -1 -1 -1 -1 
266 1 163 571 96 237 -1 -1 -1 -1 
267 1 166 572 96 239 -1 -1 -1 -1 
268 1 169 573 94 232 -1 -1 -1 -1 
269 1 172 573 92 231 -1 -1 -1 -1 
270 1 175 575 90 226 -1 -1 -1 -1 
271 1 178 577 89 224 -1 -1 -1 -1 
272 1 181 579 89 221 -1 -1 -1 -1 
273 1 183 579 89 221 -1 -1 -1 -1 
274 1 185 581 88 219 -1 -1 -1 -1 
275 1 187 582 88 218 -1 -1 -1 -1 
276 1 190 583 87 219 -1 -1 -1 -1 
277 1 192 583 87 219 -1 -1 -1 -1 
278 1 194 583 87 219 -1 -1 -1 -1 
279 1 196 584 87 219 -1 -1 -1 -1 
280 1 199 584 88 221 -1 -1 -1 -1 
281 1 201 585 90 222 -1 -1 -1 -1 
282 1 205 586 89 223 -1 -1 -1 -1 
283 1 210 585 90 227 -1 -1 -1 -1 
284 1 213 585 92 231 -1 -1 -1 -1 
285 1 216 585 92 233 -1 -1 -1 -1 
286 1 218 585 93 234 -1 -1 -1 -1 
287 1 221 585 92 235 -1 -1 -1 -1 
288 1 224 584 93 236 -1 -1 -1 -1 
289 1 226 584 93 235 -1 -1 -1 -1 
290 1 228 584 94 234 -1 -1 -1 -1 
291 1 231 585 94 233 -1 -1 -1 -1 
292 1 234 586 94 233 -1 -1 -1 -1 
293 1 238 587 93 230 -1 -1 -1 -1 
294 1 241 588 93 230 -1 -1 -1 -1 
295 1 244 588 92 230 -1 -1 -1 -1 
296 1 247 587 92 233 -1 -1 -1 -1 
297 1 250 587 92 231 -1 -1 -1 -1 
298 1 253 587 93 231 -1 -1 -1 -1 
299 1 256 585 93 231 -1 -1 -1 -1 
300 1 259 585 94 231 -1 -1 -1 -1 
301 1 262 584 94 232 -1 -1 -1 -1 
302 1 265 585 93 230 -1 -1 -1 -1 
303 1 269 584 92 231 -1 -1 -1 -1 
304 1 272 583 93 231 -1 -1 -1 -1 
305 1 276 582 93 231 -1 -1 -1 -1 
306 1 280 581 93 231 -1 -1 -1 -1 
307 1 284 580 93 232 -1 -1 -1 -1 
308 1 289 580 93 232 -1 -1 -1 -1 
309 1 293 581 93 232 -1 -1 -1 -1 
310 1 297 581 93 233 -1 -1 -1 -1 
311 1 301 582 93 232 -1 -1 -1 -1 
312 1 305 583 92 229 -1 -1 -1 -1 
313 1 309 583 91 229 -1 -1 -1 -1 
314 1 313 584 90 228 -1 -1 -1 -1 
315 1 317 584 90 228 -1 -1 -1 -1 
316 1 320 586 90 226 -1 -1 -1 -1 
317 1 323 585 91 226 -1 -1 -1 -1 
318 1 328 585 90 225 -1 -1 -1 -1 
319 1 331 585 90 225 -1 -1 -1 -1 
320 1 332 585 92 226 -1 -1 -1 -1 
321 1 336 585 92 227 -1 -1 -1 -1 
322 1 340 583 92 229 -1 -1 -1 -1 
323 1 345 582 92 228 -1 -1 -1 -1 
324 1 350 582 92 228 -1 -1 -1 -1 
325 1 355 582 90 226 -1 -1 -1 -1 
326 1 359 582 91 227 -1 -1 -1 -1 
327 1 366 582 89 224 -1 -1 -1 -1 
328 1 371 582 90 227 -1 -1 -1 -1 
329 1 375 582 91 229 -1 -1 -1 -1 
330 1 383 592 86 220 -1 -1 -1 -1 
331 1 389 597 86 215 -1 -1 -1 -1 
332 1 394 597 85 215 -1 -1 -1 -1 
333 1 399 598 84 213 -1 -1 -1 -1 
334 1 406 609 81 204 -1 -1 -1 -1 
335 1 411 602 82 211 -1 -1 -1 -1 
336 1 415 602 83 212 -1 -1 -1 -1 
337 1 418 596 86 219 -1 -1 -1 -1 
338 1 420 590 89 224 -1 -1 -1 -1 
339 1 423 585 92 228 -1 -1 -1 -1 
340 1 427 582 93 230 -1 -1 -1 -1 
341 1 431 581 93 230 -1 -1 -1 -1 
342 1 435 580 93 230 -1 -1 -1 -1 
343 1 439 579 92 230 -1 -1 -1 -1 
344 1 443 579 92 228 -1 -1 -1 -1 
345 1 447 578 91 228 -1 -1 -1 -1 
346 1 452 577 92 228 -1 -1 -1 -1 
347 1 457 577 91 228 -1 -1 -1 -1 
348 1 460 578 91 228 -1 -1 -1 -1 
349 1 463 578 92 229 -1 -1 -1 -1 
350 1 468 578 93 229 -1 -1 -1 -1 
351 1 474 580 91 225 -1 -1 -1 -1 
352 1 477 579 90 223 -1 -1 -1 -1 
353 1 482 579 89 221 -1 -1 -1 -1 
354 1 486 580 89 220 -1 -1 -1 -1 
355 1 490 582 88 218 -1 -1 -1 -1 
356 1 496 581 89 221 -1 -1 -1 -1 
357 1 500 579 90 222 -1 -1 -1 -1 
358 1 504 579 89 222 -1 -1 -1 -1 
359 1 509 580 87 220 -1 -1 -1 -1 
360 1 510 578 89 221 -1 -1 -1 -1 
361 1 514 579 89 220 -1 -1 -1 -1 
362 1 517 578 90 222 -1 -1 -1 -1 
363 1 521 577 90 222 -1 -1 -1 -1 
364 1 526 576 89 221 -1 -1 -1 -1 
365 1 531 576 89 220 -1 -1 -1 -1 
366 1 535 573 91 226 -1 -1 -1 -1 
367 1 539 573 93 228 -1 -1 -1 -1 
368 1 544 573 92 229 -1 -1 -1 -1 
369 1 548 574 91 228 -1 -1 -1 -1 
370 1 553 575 91 226 -1 -1 -1 -1 
371 1 557 574 90 227 -1 -1 -1 -1 
372 1 560 573 92 227 -1 -1 -1 -1 
373 1 563 573 92 229 -1 -1 -1 -1 
374 1 566 573 91 226 -1 -1 -1 -1 
375 1 569 573 92 225 -1 -1 -1 -1 
376 1 573 572 92 227 -1 -1 -1 -1 
377 1 577 571 92 229 -1 -1 -1 -1 
378 1 580 567 94 232 -1 -1 -1 -1 
379 1 585 567 94 233 -1 -1 -1 -1 
380 1 591 564 93 229 -1 -1 -1 -1 
381 1 596 562 90 223 -1 -1 -1 -1 
382 1 598 560 90 223 -1 -1 -1 -1 
411 1 696 559 87 217 -1 -1 -1 -1 
412 1 698 559 88 220 -1 -1 -1 -1 
413 1 700 559 88 221 -1 -1 -1 -1 
414 1 701 559 89 223 -1 -1 -1 -1 
415 1 703 560 89 222 -1 -1 -1 -1 
416 1 706 559 89 222 -1 -1 -1 -1 
417 1 709 560 90 220 -1 -1 -1 -1 
418 1 712 558 90 221 -1 -1 -1 -1 
419 1 715 558 89 221 -1 -1 -1 -1 
420 1 716 558 90 221 -1 -1 -1 -1 
421 1 717 558 90 222 -1 -1 -1 -1 
422 1 719 558 89 221 -1 -1 -1 -1 
423 1 722 559 88 220 -1 -1 -1 -1 
424 1 725 560 88 219 -1 -1 -1 -1 
425 1 728 560 89 222 -1 -1 -1 -1 
426 1 730 562 90 222 -1 -1 -1 -1 
427 1 732 563 90 223 -1 -1 -1 -1 
428 1 733 564 91 222 -1 -1 -1 -1 
429 1 735 565 91 223 -1 -1 -1 -1 
430 1 738 565 90 223 -1 -1 -1 -1 
431 1 739 565 91 225 -1 -1 -1 -1 
432 1 741 565 91 226 -1 -1 -1 -1 
433 1 742 565 92 227 -1 -1 -1 -1 
434 1 743 565 92 229 -1 -1 -1 -1 
435 1 745 566 92 229 -1 -1 -1 -1 
436 1 747 566 91 228 -1 -1 -1 -1 
437 1 749 568 90 226 -1 -1 -1 -1 
438 1 752 569 90 225 -1 -1 -1 -1 
439 1 754 570 91 225 -1 -1 -1 -1 
440 1 756 571 93 230 -1 -1 -1 -1 
441 1 760 573 93 231 -1 -1 -1 -1 
442 1 762 574 93 231 -1 -1 -1 -1 
443 1 764 574 94 231 -1 -1 -1 -1 
444 1 766 574 94 231 -1 -1 -1 -1 
445 1 769 574 94 230 -1 -1 -1 -1 
446 1 772 573 93 230 -1 -1 -1 -1 
447 1 775 573 93 228 -1 -1 -1 -1 
448 1 778 573 92 225 -1 -1 -1 -1 
449 1 780 573 93 227 -1 -1 -1 -1 
450 1 782 575 93 227 -1 -1 -1 -1 
451 1 784 576 92 226 -1 -1 -1 -1 
452 1 786 577 92 227 -1 -1 -1 -1 
453 1 787 578 93 228 -1 -1 -1 -1 
454 1 790 580 92 227 -1 -1 -1 -1 
455 1 792 582 91 225 -1 -1 -1 -1 
456 1 794 583 91 225 -1 -1 -1 -1 
457 1 796 584 91 225 -1 -1 -1 -1 
458 1 797 584 91 227 -1 -1 -1 -1 
459 1 798 585 92 227 -1 -1 -1 -1 
460 1 800 585 91 227 -1 -1 -1 -1 
461 1 802 586 91 225 -1 -1 -1 -1 
462 1 804 587 90 223 -1 -1 -1 -1 
463 1 806 587 90 222 -1 -1 -1 -1 
464 1 808 587 89 223 -1 -1 -1 -1 
465 1 808 587 90 223 -1 -1 -1 -1 
466 1 808 587 91 224 -1 -1 -1 -1 
467 1 808 587 91 225 -1 -1 -1 -1 
468 1 808 587 92 227 -1 -1 -1 -1 
469 1 808 588 92 228 -1 -1 -1 -1 
470 1 807 590 93 229 -1 -1 -1 -1 
471 1 807 591 93 230 -1 -1 -1 -1 
472 1 806 590 95 233 -1 -1 -1 -1 
473 1 806 590 95 235 -1 -1 -1 -1 
474 1 806 591 95 235 -1 -1 -1 -1 
475 1 806 592 95 233 -1 -1 -1 -1 
476 1 805 592 95 234 -1 -1 -1 -1 
477 1 804 593 95 234 -1 -1 -1 -1 
478 1 804 594 94 234 -1 -1 -1 -1 
479 1 804 595 94 233 -1 -1 -1 -1 
480 1 804 596 93 232 -1 -1 -1 -1 
481 1 804 597 93 231 -1 -1 -1 -1 
482 1 804 598 94 231 -1 -1 -1 -1 
483 1 804 599 94 231 -1 -1 -1 -1 
484 1 805 600 93 230 -1 -1 -1 -1 
485 1 804 600 94 231 -1 -1 -1 -1 
486 1 804 600 94 233 -1 -1 -1 -1 
487 1 804 601 94 233 -1 -1 -1 -1 
488 1 805 602 93 233 -1 -1 -1 -1 
489 1 804 602 94 235 -1 -1 -1 -1 
490 1 804 603 94 235 -1 -1 -1 -1 
491 1 804 604 94 235 -1 -1 -1 -1 
492 1 805 604 94 236 -1 -1 -1 -1 
493 1 806 605 94 234 -1 -1 -1 -1 
494 1 807 607 94 234 -1 -1 -1 -1 
495 1 808 608 94 233 -1 -1 -1 -1 
496 1 809 609 94 233 -1 -1 -1 -1 
497 1 810 609 93 232 -1 -1 -1 -1 
498 1 811 609 93 231 -1 -1 -1 -1 
499 1 813 611 92 229 -1 -1 -1 -1 
500 1 814 611 91 229 -1 -1 -1 -1 
501 1 815 612 91 228 -1 -1 -1 -1 
502 1 816 613 91 229 -1 -1 -1 -1 
503 1 817 613 91 229 -1 -1 -1 -1 
504 1 817 613 91 229 -1 -1 -1 -1 
505 1 818 613 91 230 -1 -1 -1 -1 
506 1 817 613 92 230 -1 -1 -1 -1 
507 1 817 613 92 231 -1 -1 -1 -1 
508 1 817 613 92 231 -1 -1 -1 -1 
509 1 817 613 92 232 -1 -1 -1 -1 
510 1 817 613 92 232 -1 -1 -1 -1 
511 1 817 613 92 231 -1 -1 -1 -1 
512 1 817 612 92 232 -1 -1 -1 -1 
513 1 817 612 92 232 -1 -1 -1 -1 
514 1 817 612 92 232 -1 -1 -1 -1 
515 1 817 613 92 230 -1 -1 -1 -1 
516 1 817 613 92 231 -1 -1 -1 -1 
517 1 816 613 93 231 -1 -1 -1 -1 
518 1 816 612 92 232 -1 -1 -1 -1 
519 1 815 612 93 232 -1 -1 -1 -1 
520 1 815 611 93 233 -1 -1 -1 -1 
521 1 813 612 94 232 -1 -1 -1 -1 
522 1 812 611 93 233 -1 -1 -1 -1 
523 1 811 612 93 232 -1 -1 -1 -1 
524 1 810 613 93 231 -1 -1 -1 -1 
525 1 809 613 93 231 -1 -1 -1 -1 
526 1 809 610 94 233 -1 -1 -1 -1 
527 1 808 608 94 235 -1 -1 -1 -1 
528 1 806 606 95 236 -1 -1 -1 -1 
529 1 806 606 95 236 -1 -1 -1 -1 
530 1 805 604 96 238 -1 -1 -1 -1 
531 1 804 604 95 237 -1 -1 -1 -1 
532 1 803 603 95 237 -1 -1 -1 -1 
533 1 800 603 95 237 -1 -1 -1 -1 
534 1 798 603 95 236 -1 -1 -1 -1 
535 1 797 603 94 234 -1 -1 -1 -1 
536 1 795 602 94 232 -1 -1 -1 -1 
537 1 793 601 94 234 -1 -1 -1 -1 
538 1 791 601 96 237 -1 -1 -1 -1 
539 1 790 601 96 239 -1 -1 -1 -1 
540 1 789 602 95 237 -1 -1 -1 -1 
541 1 788 602 95 236 -1 -1 -1 -1 
542 1 786 602 95 236 -1 -1 -1 -1 
543 1 784 601 95 236 -1 -1 -1 -1 
544 1 781 601 95 236 -1 -1 -1 -1 
545 1 778 600 95 237 -1 -1 -1 -1 
546 1 776 599 95 237 -1 -1 -1 -1 
547 1 774 599 95 238 -1 -1 -1 -1 
548 1 771 599 95 236 -1 -1 -1 -1 
549 1 769 600 95 235 -1 -1 -1 -1 
550 1 767 600 94 233 -1 -1 -1 -1 
551 1 764 599 94 233 -1 -1 -1 -1 
552 1 761 599 94 232 -1 -1 -1 -1 
553 1 759 597 93 233 -1 -1 -1 -1 
554 1 756 597 94 233 -1 -1 -1 -1 
555 1 753 596 94 232 -1 -1 -1 -1 
556 1 751 596 94 232 -1 -1 -1 -1 
557 1 749 596 92 230 -1 -1 -1 -1 
558 1 746 596 93 228 -1 -1 -1 -1 
559 1 744 594 93 229 -1 -1 -1 -1 
560 1 742 594 93 229 -1 -1 -1 -1 
561 1 739 593 93 231 -1 -1 -1 -1 
562 1 736 593 93 229 -1 -1 -1 -1 
563 1 733 591 93 231 -1 -1 -1 -1 
564 1 729 591 94 231 -1 -1 -1 -1 
565 1 726 590 94 232 -1 -1 -1 -1 
566 1 724 589 94 233 -1 -1 -1 -1 
567 1 722 588 94 233 -1 -1 -1 -1 
568 1 720 588 95 233 -1 -1 -1 -1 
569 1 719 588 94 232 -1 -1 -1 -1 
570 1 717 588 94 232 -1 -1 -1 -1 
571 1 715 588 94 233 -1 -1 -1 -1 
572 1 713 588 95 234 -1 -1 -1 -1 
573 1 710 587 96 236 -1 -1 -1 -1 
574 1 710 588 95 235 -1 -1 -1 -1 
575 1 708 585 96 238 -1 -1 -1 -1 
576 1 706 584 96 239 -1 -1 -1 -1 
577 1 701 580 99 243 -1 -1 -1 -1 
578 1 696 577 99 244 -1 -1 -1 -1 
579 1 693 576 99 244 -1 -1 -1 -1 
580 1 690 574 99 244 -1 -1 -1 -1 
581 1 690 574 96 236 -1 -1 -1 -1 
582 1 691 574 91 225 -1 -1 -1 -1 
583 1 690 575 88 218 -1 -1 -1 -1 
609 1 598 555 87 217 -1 -1 -1 -1 
610 1 594 553 89 219 -1 -1 -1 -1 
611 1 591 550 88 220 -1 -1 -1 -1 
612 1 588 548 89 220 -1 -1 -1 -1 
613 1 586 548 88 218 -1 -1 -1 -1 
614 1 581 547 89 221 -1 -1 -1 -1 
615 1 578 545 90 223 -1 -1 -1 -1 
616 1 572 544 89 224 -1 -1 -1 -1 
617 1 567 543 89 223 -1 -1 -1 -1 
618 1 564 541 91 226 -1 -1 -1 -1 
619 1 561 541 92 226 -1 -1 -1 -1 
620 1 558 540 92 227 -1 -1 -1 -1 
621 1 555 539 93 228 -1 -1 -1 -1 
622 1 552 539 91 225 -1 -1 -1 -1 
623 1 548 540 92 226 -1 -1 -1 -1 
624 1 546 540 92 228 -1 -1 -1 -1 
625 1 543 540 93 228 -1 -1 -1 -1 
626 1 539 539 93 229 -1 -1 -1 -1 
627 1 533 538 94 229 -1 -1 -1 -1 
628 1 527 537 95 230 -1 -1 -1 -1 
629 1 524 538 94 229 -1 -1 -1 -1 
630 1 522 539 93 227 -1 -1 -1 -1 
631 1 520 541 91 225 -1 -1 -1 -1 
632 1 516 541 93 226 -1 -1 -1 -1 
633 1 513 541 91 227 -1 -1 -1 -1 
634 1 508 539 92 228 -1 -1 -1 -1 
635 1 505 539 92 228 -1 -1 -1 -1 
636 1 503 539 92 228 -1 -1 -1 -1 
637 1 500 539 92 228 -1 -1 -1 -1 
638 1 497 540 91 227 -1 -1 -1 -1 
639 1 493 540 92 225 -1 -1 -1 -1 
640 1 489 540 90 224 -1 -1 -1 -1 
641 1 486 539 90 225 -1 -1 -1 -1 
642 1 482 539 91 225 -1 -1 -1 -1 
643 1 479 539 90 224 -1 -1 -1 -1 
644 1 475 537 92 226 -1 -1 -1 -1 
645 1 472 536 92 228 -1 -1 -1 -1 
646 1 469 535 92 230 -1 -1 -1 -1 
647 1 465 536 93 231 -1 -1 -1 -1 
648 1 463 537 92 229 -1 -1 -1 -1 
649 1 461 536 92 230 -1 -1 -1 -1 
650 1 458 536 92 230 -1 -1 -1 -1 
651 1 456 536 91 230 -1 -1 -1 -1 
652 1 453 537 92 230 -1 -1 -1 -1 
653 1 451 537 93 230 -1 -1 -1 -1 
654 1 449 537 92 229 -1 -1 -1 -1 
655 1 447 536 93 229 -1 -1 -1 -1 
656 1 445 535 93 229 -1 -1 -1 -1 
657 1 443 534 93 230 -1 -1 -1 -1 
658 1 439 533 93 230 -1 -1 -1 -1 
659 1 437 531 92 232 -1 -1 -1 -1 
660 1 435 531 91 231 -1 -1 -1 -1 
661 1 432 531 91 230 -1 -1 -1 -1 
662 1 429 530 92 229 -1 -1 -1 -1 
663 1 427 530 92 226 -1 -1 -1 -1 
664 1 426 529 92 227 -1 -1 -1 -1 
665 1 422 528 92 228 -1 -1 -1 -1 
666 1 418 527 93 232 -1 -1 -1 -1 
667 1 413 526 94 235 -1 -1 -1 -1 
668 1 409 526 96 237 -1 -1 -1 -1 
669 1 406 527 95 235 -1 -1 -1 -1 
670 1 402 527 95 233 -1 -1 -1 -1 
671 1 400 529 94 230 -1 -1 -1 -1 
672 1 398 530 93 229 -1 -1 -1 -1 
673 1 397 529 93 230 -1 -1 -1 -1 
674 1 394 529 94 232 -1 -1 -1 -1 
675 1 392 530 93 231 -1 -1 -1 -1 
676 1 390 531 92 230 -1 -1 -1 -1 
677 1 388 532 91 229 -1 -1 -1 -1 
678 1 386 532 91 229 -1 -1 -1 -1 
679 1 383 532 92 229 -1 -1 -1 -1 
680 1 380 532 92 229 -1 -1 -1 -1 
681 1 378 531 93 231 -1 -1 -1 -1 
682 1 377 532 92 230 -1 -1 -1 -1 
683 1 375 532 93 230 -1 -1 -1 -1 
684 1 374 533 93 229 -1 -1 -1 -1 
685 1 372 532 93 231 -1 -1 -1 -1 
686 1 371 532 93 232 -1 -1 -1 -1 
687 1 370 532 94 232 -1 -1 -1 -1 
688 1 370 531 94 233 -1 -1 -1 -1 
689 1 369 531 95 235 -1 -1 -1 -1 
690 1 369 532 95 235 -1 -1 -1 -1 
691 1 368 532 95 236 -1 -1 -1 -1 
692 1 368 533 94 236 -1 -1 -1 -1 
693 1 367 533 95 239 -1 -1 -1 -1 
694 1 366 534 95 238 -1 -1 -1 -1 
695 1 365 535 95 238 -1 -1 -1 -1 
696 1 365 535 95 237 -1 -1 -1 -1 
697 1 365 536 94 236 -1 -1 -1 -1 
698 1 365 538 94 233 -1 -1 -1 -1 
699 1 366 538 93 233 -1 -1 -1 -1 
700 1 366 539 94 232 -1 -1 -1 -1 
701 1 366 539 94 232 -1 -1 -1 -1 
702 1 367 539 93 233 -1 -1 -1 -1 
703 1 366 539 94 233 -1 -1 -1 -1 
704 1 367 540 94 233 -1 -1 -1 -1 
705 1 368 540 93 233 -1 -1 -1 -1 
706 1 369 540 94 234 -1 -1 -1 -1 
707 1 370 539 94 235 -1 -1 -1 -1 
708 1 371 539 94 235 -1 -1 -1 -1 
709 1 372 539 94 235 -1 -1 -1 -1 
710 1 373 539 94 235 -1 -1 -1 -1 
711 1 374 540 93 233 -1 -1 -1 -1 
712 1 376 544 93 229 -1 -1 -1 -1 
713 1 378 545 92 228 -1 -1 -1 -1 
714 1 380 546 92 227 -1 -1 -1 -1 
715 1 381 547 92 228 -1 -1 -1 -1 
716 1 381 548 92 226 -1 -1 -1 -1 
717 1 382 548 91 225 -1 -1 -1 -1 
718 1 384 549 90 223 -1 -1 -1 -1 
719 1 385 549 91 224 -1 -1 -1 -1 
720 1 387 549 90 224 -1 -1 -1 -1 
721 1 390 549 89 225 -1 -1 -1 -1 
722 1 392 551 89 224 -1 -1 -1 -1 
723 1 394 552 90 224 -1 -1 -1 -1 
724 1 395 552 91 225 -1 -1 -1 -1 
725 1 397 553 90 223 -1 -1 -1 -1 
726 1 399 555 90 223 -1 -1 -1 -1 
727 1 400 555 91 224 -1 -1 -1 -1 
728 1 401 555 91 224 -1 -1 -1 -1 
729 1 404 554 90 225 -1 -1 -1 -1 
730 1 407 554 91 225 -1 -1 -1 -1 
731 1 410 554 90 225 -1 -1 -1 -1 
732 1 413 554 91 227 -1 -1 -1 -1 
733 1 415 554 92 226 -1 -1 -1 -1 
734 1 417 553 92 228 -1 -1 -1 -1 
735 1 420 554 92 229 -1 -1 -1 -1 
736 1 422 555 93 230 -1 -1 -1 -1 
737 1 423 554 95 233 -1 -1 -1 -1 
738 1 425 554 96 234 -1 -1 -1 -1 
739 1 429 555 95 234 -1 -1 -1 -1 
740 1 433 556 95 235 -1 -1 -1 -1 
741 1 436 555 95 237 -1 -1 -1 -1 
742 1 438 557 95 235 -1 -1 -1 -1 
743 1 441 558 95 234 -1 -1 -1 -1 
744 1 444 558 95 234 -1 -1 -1 -1 
745 1 447 561 94 233 -1 -1 -1 -1 
746 1 451 562 93 231 -1 -1 -1 -1 
747 1 454 563 94 231 -1 -1 -1 -1 
748 1 456 563 94 233 -1 -1 -1 -1 
749 1 460 564 93 231 -1 -1 -1 -1 
750 1 462 564 93 232 -1 -1 -1 -1 
751 1 465 565 92 230 -1 -1 -1 -1 
752 1 468 567 93 229 -1 -1 -1 -1 
753 1 471 568 93 227 -1 -1 -1 -1 
754 1 473 568 93 227 -1 -1 -1 -1 
755 1 475 568 93 227 -1 -1 -1 -1 
756 1 480 568 91 225 -1 -1 -1 -1 
757 1 485 567 90 225 -1 -1 -1 -1 
758 1 488 568 92 226 -1 -1 -1 -1 
759 1 492 566 93 232 -1 -1 -1 -1 
760 1 495 566 94 233 -1 -1 -1 -1 
761 1 499 567 95 233 -1 -1 -1 -1 
762 1 503 569 93 231 -1 -1 -1 -1 
763 1 506 570 93 228 -1 -1 -1 -1 
764 1 509 570 92 228 -1 -1 -1 -1 
765 1 513 571 92 228 -1 -1 -1 -1 
766 1 515 572 93 230 -1 -1 -1 -1 
767 1 518 574 92 229 -1 -1 -1 -1 
768 1 520 576 93 228 -1 -1 -1 -1 
769 1 522 575 93 228 -1 -1 -1 -1 
770 1 525 575 92 227 -1 -1 -1 -1 
771 1 529 574 91 227 -1 -1 -1 -1 
772 1 533 574 91 226 -1 -1 -1 -1 
773 1 536 573 91 227 -1 -1 -1 -1 
774 1 539 575 91 226 -1 -1 -1 -1 
775 1 541 574 93 228 -1 -1 -1 -1 
776 1 544 574 92 228 -1 -1 -1 -1 
777 1 546 574 92 227 -1 -1 -1 -1 
778 1 548 575 93 227 -1 -1 -1 -1 
779 1 552 575 93 229 -1 -1 -1 -1 
780 1 555 574 94 231 -1 -1 -1 -1 
781 1 557 573 98 239 -1 -1 -1 -1 
782 1 561 575 96 235 -1 -1 -1 -1 
783 1 562 576 97 235 -1 -1 -1 -1 
784 1 564 576 95 232 -1 -1 -1 -1 
785 1 567 576 92 229 -1 -1 -1 -1 
786 1 570 580 91 225 -1 -1 -1 -1 
787 1 573 582 89 222 -1 -1 -1 -1 
788 1 575 583 88 221 -1 -1 -1 -1 
789 1 577 583 88 221 -1 -1 -1 -1 
790 1 580 584 88 221 -1 -1 -1 -1 
791 1 583 586 88 220 -1 -1 -1 -1 
792 1 585 587 88 220 -1 -1 -1 -1 
793 1 587 587 90 224 -1 -1 -1 -1 
794 1 590 587 93 231 -1 -1 -1 -1 
795 1 593 585 96 239 -1 -1 -1 -1 
796 1 595 586 98 245 -1 -1 -1 -1 
797 1 598 586 97 240 -1 -1 -1 -1 
798 1 601 586 95 236 -1 -1 -1 -1 
799 1 604 587 92 228 -1 -1 -1 -1 
800 1 606 586 91 227 -1 -1 -1 -1 
801 1 606 585 92 231 -1 -1 -1 -1 
802 1 606 585 93 232 -1 -1 -1 -1 
803 1 607 586 94 234 -1 -1 -1 -1 
804 1 608 586 93 233 -1 -1 -1 -1 
805 1 609 585 93 236 -1 -1 -1 -1 
1 2 1042 134 68 168 -1 -1 -1 -1 
2 2 1043 133 68 169 -1 -1 -1 -1 
3 2 1043 133 68 169 -1 -1 -1 -1 
4 2 1042 134 68 168 -1 -1 -1 -1 
5 2 1042 135 66 165 -1 -1 -1 -1 
6 2 1041 136 66 164 -1 -1 -1 -1 
7 2 1041 137 65 163 -1 -1 -1 -1 
8 2 1041 138 63 162 -1 -1 -1 -1 
9 2 1041 139 63 161 -1 -1 -1 -1 
10 2 1039 141 63 160 -1 -1 -1 -1 
11 2 1037 141 64 161 -1 -1 -1 -1 
12 2 1035 143 63 161 -1 -1 -1 -1 
13 2 1032 144 64 161 -1 -1 -1 -1 
14 2 1030 145 63 161 -1 -1 -1 -1 
15 2 1029 146 64 160 -1 -1 -1 -1 
16 2 1028 147 63 158 -1 -1 -1 -1 
17 2 1031 146 63 156 -1 -1 -1 -1 
18 2 1033 146 62 156 -1 -1 -1 -1 
24 2 1028 152 60 151 -1 -1 -1 -1 
25 2 1027 153 60 149 -1 -1 -1 -1 
26 2 1025 155 60 150 -1 -1 -1 -1 
27 2 1022 156 62 152 -1 -1 -1 -1 
28 2 1021 156 63 156 -1 -1 -1 -1 
29 2 1019 157 66 162 -1 -1 -1 -1 
30 2 1018 157 67 166 -1 -1 -1 -1 
31 2 1018 156 68 169 -1 -1 -1 -1 
32 2 1018 157 68 169 -1 -1 -1 -1 
33 2 1018 157 67 169 -1 -1 -1 -1 
34 2 1018 158 67 169 -1 -1 -1 -1 
35 2 1019 158 67 169 -1 -1 -1 -1 
36 2 1019 159 67 169 -1 -1 -1 -1 
37 2 1019 159 67 169 -1 -1 -1 -1 
38 2 1019 160 67 168 -1 -1 -1 -1 
39 2 1019 160 67 169 -1 -1 -1 -1 
40 2 1019 161 67 167 -1 -1 -1 -1 
41 2 1019 160 67 168 -1 -1 -1 -1 
42 2 1019 160 67 168 -1 -1 -1 -1 
43 2 1019 161 67 167 -1 -1 -1 -1 
44 2 1019 161 67 168 -1 -1 -1 -1 
45 2 1019 162 67 168 -1 -1 -1 -1 
46 2 1018 163 68 168 -1 -1 -1 -1 
47 2 1018 163 67 168 -1 -1 -1 -1 
48 2 1017 164 68 169 -1 -1 -1 -1 
49 2 1017 165 67 169 -1 -1 -1 -1 
50 2 1016 167 67 168 -1 -1 -1 -1 
51 2 1015 168 66 168 -1 -1 -1 -1 
52 2 1014 169 66 169 -1 -1 -1 -1 
53 2 1011 170 68 170 -1 -1 -1 -1 
54 2 1010 172 68 170 -1 -1 -1 -1 
55 2 1009 174 68 169 -1 -1 -1 -1 
56 2 1008 175 68 170 -1 -1 -1 -1 
57 2 1007 177 67 169 -1 -1 -1 -1 
58 2 1006 179 68 167 -1 -1 -1 -1 
59 2 1004 180 68 167 -1 -1 -1 -1 
60 2 1003 182 67 166 -1 -1 -1 -1 
61 2 1003 184 66 164 -1 -1 -1 -1 
62 2 1002 184 66 165 -1 -1 -1 -1 
63 2 1001 185 66 164 -1 -1 -1 -1 
64 2 1001 186 66 163 -1 -1 -1 -1 
65 2 1000 188 66 161 -1 -1 -1 -1 
66 2 1000 190 65 161 -1 -1 -1 -1 
67 2 1000 190 65 162 -1 -1 -1 -1 
68 2 999 191 66 162 -1 -1 -1 -1 
69 2 999 191 65 161 -1 -1 -1 -1 
70 2 999 192 65 160 -1 -1 -1 -1 
71 2 998 192 65 160 -1 -1 -1 -1 
72 2 997 191 65 163 -1 -1 -1 -1 
73 2 995 192 66 164 -1 -1 -1 -1 
74 2 994 192 66 166 -1 -1 -1 -1 
75 2 993 192 66 166 -1 -1 -1 -1 
76 2 992 193 66 167 -1 -1 -1 -1 
77 2 990 193 67 168 -1 -1 -1 -1 
78 2 989 193 68 169 -1 -1 -1 -1 
79 2 988 193 68 170 -1 -1 -1 -1 
80 2 986 193 69 170 -1 -1 -1 -1 
81 2 985 193 69 170 -1 -1 -1 -1 
82 2 985 193 68 169 -1 -1 -1 -1 
83 2 983 192 68 169 -1 -1 -1 -1 
84 2 982 192 68 169 -1 -1 -1 -1 
85 2 981 192 67 167 -1 -1 -1 -1 
86 2 979 193 66 166 -1 -1 -1 -1 
87 2 977 194 68 168 -1 -1 -1 -1 
88 2 975 194 68 172 -1 -1 -1 -1 
89 2 975 195 68 172 -1 -1 -1 -1 
90 2 974 196 67 170 -1 -1 -1 -1 
91 2 973 198 67 169 -1 -1 -1 -1 
92 2 971 199 68 170 -1 -1 -1 -1 
93 2 970 200 68 170 -1 -1 -1 -1 
94 2 969 202 68 169 -1 -1 -1 -1 
95 2 967 203 68 170 -1 -1 -1 -1 
96 2 964 203 69 170 -1 -1 -1 -1 
97 2 961 203 69 171 -1 -1 -1 -1 
98 2 959 203 69 171 -1 -1 -1 -1 
99 2 957 202 70 172 -1 -1 -1 -1 
100 2 956 202 69 172 -1 -1 -1 -1 
101 2 954 203 68 170 -1 -1 -1 -1 
102 2 952 203 68 171 -1 -1 -1 -1 
103 2 951 204 68 171 -1 -1 -1 -1 
104 2 949 204 69 171 -1 -1 -1 -1 
105 2 948 204 69 172 -1 -1 -1 -1 
106 2 947 204 69 172 -1 -1 -1 -1 
107 2 945 205 69 174 -1 -1 -1 -1 
108 2 943 205 70 176 -1 -1 -1 -1 
109 2 942 206 70 175 -1 -1 -1 -1 
110 2 940 208 70 172 -1 -1 -1 -1 
111 2 938 208 70 174 -1 -1 -1 -1 
112 2 936 208 70 174 -1 -1 -1 -1 
113 2 934 209 69 174 -1 -1 -1 -1 
114 2 932 209 70 175 -1 -1 -1 -1 
115 2 930 210 70 175 -1 -1 -1 -1 
116 2 929 211 69 174 -1 -1 -1 -1 
117 2 928 212 69 175 -1 -1 -1 -1 
118 2 926 213 70 175 -1 -1 -1 -1 
119 2 924 212 70 176 -1 -1 -1 -1 
120 2 922 212 70 176 -1 -1 -1 -1 
121 2 921 212 70 176 -1 -1 -1 -1 
122 2 920 212 70 177 -1 -1 -1 -1 
123 2 918 212 71 178 -1 -1 -1 -1 
124 2 917 212 70 177 -1 -1 -1 -1 
125 2 914 212 71 178 -1 -1 -1 -1 
126 2 912 211 71 179 -1 -1 -1 -1 
127 2 910 210 71 179 -1 -1 -1 -1 
128 2 907 210 71 176 -1 -1 -1 -1 
129 2 905 211 70 174 -1 -1 -1 -1 
130 2 902 211 70 175 -1 -1 -1 -1 
131 2 900 212 69 174 -1 -1 -1 -1 
132 2 898 213 69 173 -1 -1 -1 -1 
133 2 897 214 68 170 -1 -1 -1 -1 
134 2 895 214 68 170 -1 -1 -1 -1 
135 2 894 214 67 170 -1 -1 -1 -1 
136 2 892 214 67 169 -1 -1 -1 -1 
137 2 889 213 67 170 -1 -1 -1 -1 
138 2 887 211 68 171 -1 -1 -1 -1 
139 2 885 210 68 170 -1 -1 -1 -1 
140 2 883 209 66 168 -1 -1 -1 -1 
141 2 881 208 65 168 -1 -1 -1 -1 
142 2 877 208 67 171 -1 -1 -1 -1 
143 2 874 208 69 174 -1 -1 -1 -1 
144 2 872 208 68 173 -1 -1 -1 -1 
145 2 871 208 67 172 -1 -1 -1 -1 
146 2 868 208 69 174 -1 -1 -1 -1 
147 2 865 208 70 175 -1 -1 -1 -1 
148 2 865 208 69 176 -1 -1 -1 -1 
149 2 863 207 69 176 -1 -1 -1 -1 
150 2 862 206 69 176 -1 -1 -1 -1 
151 2 860 205 71 178 -1 -1 -1 -1 
152 2 859 204 72 180 -1 -1 -1 -1 
153 2 858 204 70 178 -1 -1 -1 -1 
154 2 856 204 70 177 -1 -1 -1 -1 
155 2 855 204 69 176 -1 -1 -1 -1 
156 2 854 204 69 175 -1 -1 -1 -1 
157 2 853 204 69 174 -1 -1 -1 -1 
158 2 852 202 68 174 -1 -1 -1 -1 
159 2 851 202 68 173 -1 -1 -1 -1 
160 2 849 201 69 172 -1 -1 -1 -1 
161 2 849 199 68 171 -1 -1 -1 -1 
162 2 849 198 68 170 -1 -1 -1 -1 
163 2 848 198 69 170 -1 -1 -1 -1 
164 2 848 196 69 173 -1 -1 -1 -1 
165 2 848 196 69 172 -1 -1 -1 -1 
166 2 849 195 68 172 -1 -1 -1 -1 
167 2 850 195 67 168 -1 -1 -1 -1 
168 2 853 194 65 165 -1 -1 -1 -1 
169 2 854 193 65 164 -1 -1 -1 -1 
170 2 855 193 65 163 -1 -1 -1 -1 
171 2 856 193 65 163 -1 -1 -1 -1 
172 2 857 193 65 163 -1 -1 -1 -1 
173 2 859 191 65 167 -1 -1 -1 -1 
174 2 861 189 64 165 -1 -1 -1 -1 
175 2 863 187 64 165 -1 -1 -1 -1 
176 2 864 184 65 167 -1 -1 -1 -1 
177 2 865 182 66 168 -1 -1 -1 -1 
178 2 865 180 68 170 -1 -1 -1 -1 
179 2 866 178 69 173 -1 -1 -1 -1 
180 2 866 177 70 174 -1 -1 -1 -1 
181 2 867 176 69 173 -1 -1 -1 -1 
182 2 868 175 69 173 -1 -1 -1 -1 
183 2 869 176 70 174 -1 -1 -1 -1 
184 2 870 175 70 175 -1 -1 -1 -1 
185 2 871 174 70 178 -1 -1 -1 -1 
186 2 871 174 71 178 -1 -1 -1 -1 
187 2 872 174 70 177 -1 -1 -1 -1 
188 2 873 174 70 177 -1 -1 -1 -1 
189 2 873 173 70 177 -1 -1 -1 -1 
190 2 874 173 69 175 -1 -1 -1 -1 
191 2 876 173 68 172 -1 -1 -1 -1 
192 2 876 172 67 169 -1 -1 -1 -1 
193 2 877 170 66 168 -1 -1 -1 -1 
194 2 878 168 65 167 -1 -1 -1 -1 
195 2 880 167 65 163 -1 -1 -1 -1 
196 2 881 166 64 164 -1 -1 -1 -1 
197 2 882 165 64 165 -1 -1 -1 -1 
198 2 882 163 66 167 -1 -1 -1 -1 
199 2 882 163 66 167 -1 -1 -1 -1 
200 2 883 163 66 168 -1 -1 -1 -1 
201 2 883 159 67 171 -1 -1 -1 -1 
202 2 885 157 67 170 -1 -1 -1 -1 
203 2 887 156 67 169 -1 -1 -1 -1 
204 2 889 156 67 168 -1 -1 -1 -1 
205 2 889 155 69 167 -1 -1 -1 -1 
206 2 890 156 68 166 -1 -1 -1 -1 
207 2 891 155 68 167 -1 -1 -1 -1 
208 2 893 156 67 163 -1 -1 -1 -1 
209 2 894 155 67 165 -1 -1 -1 -1 
210 2 896 154 66 165 -1 -1 -1 -1 
211 2 897 152 66 165 -1 -1 -1 -1 
212 2 898 150 66 165 -1 -1 -1 -1 
213 2 900 147 64 165 -1 -1 -1 -1 
214 2 901 145 65 165 -1 -1 -1 -1 
215 2 902 144 64 165 -1 -1 -1 -1 
216 2 903 145 65 165 -1 -1 -1 -1 
217 2 903 145 66 165 -1 -1 -1 -1 
218 2 904 145 66 168 -1 -1 -1 -1 
219 2 904 144 67 169 -1 -1 -1 -1 
220 2 905 143 67 170 -1 -1 -1 -1 
221 2 905 142 68 171 -1 -1 -1 -1 
222 2 906 142 68 171 -1 -1 -1 -1 
223 2 907 142 67 168 -1 -1 -1 -1 
224 2 909 140 67 169 -1 -1 -1 -1 
225 2 910 139 67 168 -1 -1 -1 -1 
226 2 911 136 67 169 -1 -1 -1 -1 
227 2 911 134 68 170 -1 -1 -1 -1 
228 2 913 134 66 166 -1 -1 -1 -1 
229 2 913 132 65 166 -1 -1 -1 -1 
230 2 913 132 65 164 -1 -1 -1 -1 
231 2 914 130 66 166 -1 -1 -1 -1 
232 2 916 129 66 166 -1 -1 -1 -1 
233 2 917 127 66 169 -1 -1 -1 -1 
234 2 918 126 67 169 -1 -1 -1 -1 
235 2 918 125 68 170 -1 -1 -1 -1 
236 2 920 125 68 170 -1 -1 -1 -1 
237 2 922 123 68 171 -1 -1 -1 -1 
238 2 922 122 69 172 -1 -1 -1 -1 
239 2 922 121 69 173 -1 -1 -1 -1 
240 2 922 120 69 173 -1 -1 -1 -1 
241 2 923 120 68 172 -1 -1 -1 -1 
242 2 924 120 68 169 -1 -1 -1 -1 
243 2 927 120 65 166 -1 -1 -1 -1 
244 2 930 119 64 163 -1 -1 -1 -1 
245 2 932 119 63 162 -1 -1 -1 -1 
246 2 933 117 62 160 -1 -1 -1 -1 
247 2 935 115 61 158 -1 -1 -1 -1 
248 2 935 113 62 159 -1 -1 -1 -1 
249 2 935 111 63 162 -1 -1 -1 -1 
250 2 935 110 65 163 -1 -1 -1 -1 
251 2 935 109 66 165 -1 -1 -1 -1 
252 2 935 109 68 165 -1 -1 -1 -1 
253 2 935 108 68 167 -1 -1 -1 -1 
254 2 936 108 68 167 -1 -1 -1 -1 
255 2 936 108 68 166 -1 -1 -1 -1 
256 2 936 108 68 166 -1 -1 -1 -1 
257 2 936 108 68 165 -1 -1 -1 -1 
258 2 937 107 66 163 -1 -1 -1 -1 
259 2 937 106 66 163 -1 -1 -1 -1 
260 2 937 105 67 163 -1 -1 -1 -1 
261 2 939 103 63 158 -1 -1 -1 -1 
262 2 940 101 61 157 -1 -1 -1 -1 
263 2 940 99 62 157 -1 -1 -1 -1 
264 2 940 97 62 159 -1 -1 -1 -1 
265 2 939 96 65 163 -1 -1 -1 -1 
266 2 940 95 65 164 -1 -1 -1 -1 
267 2 940 94 65 165 -1 -1 -1 -1 
268 2 939 95 66 165 -1 -1 -1 -1 
269 2 939 95 66 165 -1 -1 -1 -1 
270 2 940 95 65 164 -1 -1 -1 -1 
271 2 941 94 64 163 -1 -1 -1 -1 
272 2 941 93 65 163 -1 -1 -1 -1 
273 2 941 93 65 162 -1 -1 -1 -1 
274 2 940 90 66 163 -1 -1 -1 -1 
275 2 940 88 66 164 -1 -1 -1 -1 
276 2 940 87 66 164 -1 -1 -1 -1 
277 2 941 85 65 163 -1 -1 -1 -1 
278 2 942 84 64 162 -1 -1 -1 -1 
279 2 942 83 63 162 -1 -1 -1 -1 
280 2 942 83 63 161 -1 -1 -1 -1 
281 2 942 82 63 161 -1 -1 -1 -1 
282 2 942 81 63 161 -1 -1 -1 -1 
283 2 942 81 62 159 -1 -1 -1 -1 
284 2 942 81 63 160 -1 -1 -1 -1 
285 2 941 80 63 161 -1 -1 -1 -1 
286 2 940 80 63 161 -1 -1 -1 -1 
287 2 940 79 63 161 -1 -1 -1 -1 
288 2 940 78 61 159 -1 -1 -1 -1 
289 2 939 76 63 161 -1 -1 -1 -1 
290 2 938 74 62 159 -1 -1 -1 -1 
291 2 938 72 61 159 -1 -1 -1 -1 
292 2 938 71 61 158 -1 -1 -1 -1 
293 2 938 70 60 154 -1 -1 -1 -1 
294 2 937 69 61 153 -1 -1 -1 -1 
295 2 937 68 61 154 -1 -1 -1 -1 
296 2 936 66 62 156 -1 -1 -1 -1 
297 2 935 65 63 157 -1 -1 -1 -1 
298 2 936 64 62 157 -1 -1 -1 -1 
299 2 936 63 62 157 -1 -1 -1 -1 
300 2 936 61 62 160 -1 -1 -1 -1 
301 2 935 60 64 162 -1 -1 -1 -1 
302 2 935 60 64 162 -1 -1 -1 -1 
303 2 935 59 63 162 -1 -1 -1 -1 
304 2 935 59 64 162 -1 -1 -1 -1 
305 2 935 59 63 161 -1 -1 -1 -1 
306 2 934 58 64 161 -1 -1 -1 -1 
307 2 934 57 64 161 -1 -1 -1 -1 
308 2 935 56 61 156 -1 -1 -1 -1 
309 2 936 54 59 155 -1 -1 -1 -1 
310 2 934 52 61 156 -1 -1 -1 -1 
311 2 933 50 62 158 -1 -1 -1 -1 
312 2 933 49 62 158 -1 -1 -1 -1 
313 2 933 48 62 159 -1 -1 -1 -1 
314 2 932 48 63 159 -1 -1 -1 -1 
315 2 932 47 63 160 -1 -1 -1 -1 
316 2 932 48 63 161 -1 -1 -1 -1 
317 2 932 48 63 160 -1 -1 -1 -1 
318 2 931 48 64 160 -1 -1 -1 -1 
319 2 931 47 64 160 -1 -1 -1 -1 
320 2 931 46 63 159 -1 -1 -1 -1 
321 2 930 44 64 159 -1 -1 -1 -1 
322 2 930 42 63 159 -1 -1 -1 -1 
323 2 930 39 63 159 -1 -1 -1 -1 
324 2 929 37 64 159 -1 -1 -1 -1 
325 2 929 36 62 156 -1 -1 -1 -1 
326 2 929 35 62 154 -1 -1 -1 -1 
327 2 928 35 62 153 -1 -1 -1 -1 
328 2 928 34 61 154 -1 -1 -1 -1 
329 2 927 33 62 154 -1 -1 -1 -1 
330 2 927 33 62 154 -1 -1 -1 -1 
331 2 927 32 61 154 -1 -1 -1 -1 
332 2 926 32 63 156 -1 -1 -1 -1 
333 2 926 32 63 156 -1 -1 -1 -1 
334 2 926 32 62 155 -1 -1 -1 -1 
335 2 926 30 62 157 -1 -1 -1 -1 
336 2 925 28 63 158 -1 -1 -1 -1 
337 2 925 27 63 158 -1 -1 -1 -1 
338 2 925 26 64 158 -1 -1 -1 -1 
339 2 926 24 63 156 -1 -1 -1 -1 
340 2 926 24 61 152 -1 -1 -1 -1 
341 2 925 23 61 150 -1 -1 -1 -1 
342 2 925 21 62 151 -1 -1 -1 -1 
343 2 925 18 63 153 -1 -1 -1 -1 
344 2 925 16 63 155 -1 -1 -1 -1 
345 2 926 15 63 155 -1 -1 -1 -1 
346 2 927 14 62 156 -1 -1 -1 -1 
347 2 927 13 61 156 -1 -1 -1 -1 
348 2 927 13 61 157 -1 -1 -1 -1 
349 2 926 13 62 158 -1 -1 -1 -1 
350 2 926 13 62 157 -1 -1 -1 -1 
351 2 926 12 62 157 -1 -1 -1 -1 
352 2 926 12 61 156 -1 -1 -1 -1 
353 2 925 11 61 155 -1 -1 -1 -1 
354 2 925 11 60 151 -1 -1 -1 -1 
355 2 926 10 58 149 -1 -1 -1 -1 
356 2 925 7 59 149 -1 -1 -1 -1 
357 2 925 5 60 150 -1 -1 -1 -1 
358 2 924 3 61 153 -1 -1 -1 -1 
359 2 924 2 62 154 -1 -1 -1 -1 
360 2 924 1 62 155 -1 -1 -1 -1 
361 2 924 0 63 157 -1 -1 -1 -1 
362 2 924 0 62 156 -1 -1 -1 -1 
363 2 924 0 62 157 -1 -1 -1 -1 
364 2 925 1 61 154 -1 -1 -1 -1 
365 2 925 0 60 153 -1 -1 -1 -1 
366 2 925 0 61 152 -1 -1 -1 -1 
367 2 924 0 61 150 -1 -1 -1 -1 
368 2 924 0 61 149 -1 -1 -1 -1 
369 2 924 0 60 146 -1 -1 -1 -1 
370 2 924 0 59 142 -1 -1 -1 -1 
371 2 924 0 58 139 -1 -1 -1 -1 
372 2 924 0 58 139 -1 -1 -1 -1 
373 2 924 0 57 137 -1 -1 -1 -1 
374 2 924 0 56 137 -1 -1 -1 -1 
375 2 924 0 56 135 -1 -1 -1 -1 
376 2 924 0 55 134 -1 -1 -1 -1 
377 2 924 0 55 132 -1 -1 -1 -1 
378 2 924 0 54 131 -1 -1 -1 -1 
379 2 924 0 55 131 -1 -1 -1 -1 
380 2 923 0 55 131 -1 -1 -1 -1 
381 2 923 0 55 131 -1 -1 -1 -1 
382 2 923 0 56 132 -1 -1 -1 -1 
383 2 923 0 56 131 -1 -1 -1 -1 
384 2 923 0 56 129 -1 -1 -1 -1 
385 2 923 0 55 127 -1 -1 -1 -1 
386 2 923 0 54 125 -1 -1 -1 -1 
387 2 923 0 53 124 -1 -1 -1 -1 
388 2 923 0 53 124 -1 -1 -1 -1 
389 2 919 0 53 123 -1 -1 -1 -1 
417 2 913 0 46 93 -1 -1 -1 -1 
418 2 913 0 46 92 -1 -1 -1 -1 
419 2 913 0 44 91 -1 -1 -1 -1 
420 2 912 0 44 90 -1 -1 -1 -1 
421 2 912 0 45 90 -1 -1 -1 -1 
422 2 911 0 46 90 -1 -1 -1 -1 
423 2 911 0 45 91 -1 -1 -1 -1 
424 2 910 0 46 91 -1 -1 -1 -1 
425 2 909 0 47 91 -1 -1 -1 -1 
426 2 909 0 48 91 -1 -1 -1 -1 
427 2 909 0 48 92 -1 -1 -1 -1 
428 2 910 0 45 91 -1 -1 -1 -1 
429 2 912 0 44 90 -1 -1 -1 -1 
1 3 1364 568 89 224 -1 -1 -1 -1 
2 3 1364 568 89 224 -1 -1 -1 -1 
3 3 1364 568 89 224 -1 -1 -1 -1 
4 3 1364 569 89 223 -1 -1 -1 -1 
5 3 1364 569 89 222 -1 -1 -1 -1 
6 3 1364 569 89 222 -1 -1 -1 -1 
7 3 1364 569 89 222 -1 -1 -1 -1 
8 3 1364 568 89 223 -1 -1 -1 -1 
9 3 1364 569 89 222 -1 -1 -1 -1 
10 3 1364 568 89 224 -1 -1 -1 -1 
11 3 1364 568 89 224 -1 -1 -1 -1 
12 3 1364 568 89 224 -1 -1 -1 -1 
13 3 1363 568 90 224 -1 -1 -1 -1 
14 3 1363 568 90 224 -1 -1 -1 -1 
15 3 1363 568 90 224 -1 -1 -1 -1 
16 3 1363 568 90 224 -1 -1 -1 -1 
17 3 1363 569 89 223 -1 -1 -1 -1 
18 3 1363 568 89 224 -1 -1 -1 -1 
19 3 1363 568 89 224 -1 -1 -1 -1 
20 3 1363 568 90 224 -1 -1 -1 -1 
21 3 1363 568 90 224 -1 -1 -1 -1 
22 3 1363 568 90 224 -1 -1 -1 -1 
23 3 1363 568 90 224 -1 -1 -1 -1 
24 3 1363 568 90 225 -1 -1 -1 -1 
25 3 1364 568 90 225 -1 -1 -1 -1 
26 3 1364 567 90 226 -1 -1 -1 -1 
27 3 1364 567 91 227 -1 -1 -1 -1 
28 3 1364 567 90 226 -1 -1 -1 -1 
29 3 1364 568 90 225 -1 -1 -1 -1 
30 3 1364 568 89 225 -1 -1 -1 -1 
31 3 1364 568 90 225 -1 -1 -1 -1 
32 3 1364 567 90 226 -1 -1 -1 -1 
33 3 1364 567 90 226 -1 -1 -1 -1 
34 3 1364 567 90 226 -1 -1 -1 -1 
35 3 1364 567 90 225 -1 -1 -1 -1 
36 3 1364 567 90 225 -1 -1 -1 -1 
37 3 1364 568 89 224 -1 -1 -1 -1 
38 3 1364 568 89 224 -1 -1 -1 -1 
39 3 1363 568 90 224 -1 -1 -1 -1 
40 3 1363 568 90 224 -1 -1 -1 -1 
41 3 1363 568 90 224 -1 -1 -1 -1 
42 3 1363 568 90 224 -1 -1 -1 -1 
43 3 1363 568 90 224 -1 -1 -1 -1 
44 3 1363 568 90 224 -1 -1 -1 -1 
45 3 1363 567 90 225 -1 -1 -1 -1 
46 3 1363 567 90 225 -1 -1 -1 -1 
47 3 1363 568 90 224 -1 -1 -1 -1 
48 3 1363 568 90 224 -1 -1 -1 -1 
49 3 1363 568 91 225 -1 -1 -1 -1 
50 3 1364 568 90 225 -1 -1 -1 -1 
51 3 1363 568 90 224 -1 -1 -1 -1 
52 3 1363 568 90 225 -1 -1 -1 -1 
53 3 1363 568 90 224 -1 -1 -1 -1 
54 3 1363 568 90 225 -1 -1 -1 -1 
55 3 1363 568 90 225 -1 -1 -1 -1 
56 3 1363 568 90 225 -1 -1 -1 -1 
57 3 1363 568 91 225 -1 -1 -1 -1 
58 3 1363 568 90 225 -1 -1 -1 -1 
59 3 1363 568 90 224 -1 -1 -1 -1 
60 3 1363 567 90 225 -1 -1 -1 -1 
61 3 1363 568 90 224 -1 -1 -1 -1 
62 3 1363 567 90 225 -1 -1 -1 -1 
63 3 1363 567 90 225 -1 -1 -1 -1 
64 3 1363 567 90 226 -1 -1 -1 -1 
65 3 1363 567 90 225 -1 -1 -1 -1 
66 3 1363 567 91 226 -1 -1 -1 -1 
67 3 1363 567 90 226 -1 -1 -1 -1 
68 3 1363 567 90 226 -1 -1 -1 -1 
69 3 1363 567 91 226 -1 -1 -1 -1 
70 3 1363 567 90 225 -1 -1 -1 -1 
71 3 1363 567 90 225 -1 -1 -1 -1 
72 3 1363 568 90 224 -1 -1 -1 -1 
73 3 1362 568 90 224 -1 -1 -1 -1 
74 3 1362 568 90 224 -1 -1 -1 -1 
75 3 1363 568 90 224 -1 -1 -1 -1 
76 3 1363 568 90 224 -1 -1 -1 -1 
77 3 1363 568 89 224 -1 -1 -1 -1 
78 3 1363 568 89 224 -1 -1 -1 -1 
79 3 1363 568 90 224 -1 -1 -1 -1 
80 3 1363 568 90 224 -1 -1 -1 -1 
81 3 1364 569 90 224 -1 -1 -1 -1 
82 3 1364 569 90 223 -1 -1 -1 -1 
83 3 1364 568 90 224 -1 -1 -1 -1 
84 3 1364 568 90 224 -1 -1 -1 -1 
85 3 1364 567 91 226 -1 -1 -1 -1 
86 3 1364 566 91 227 -1 -1 -1 -1 
87 3 1364 566 91 227 -1 -1 -1 -1 
88 3 1364 566 91 227 -1 -1 -1 -1 
89 3 1363 565 92 229 -1 -1 -1 -1 
90 3 1363 566 92 228 -1 -1 -1 -1 
91 3 1363 566 92 227 -1 -1 -1 -1 
92 3 1363 566 91 227 -1 -1 -1 -1 
93 3 1363 566 91 227 -1 -1 -1 -1 
94 3 1363 566 92 227 -1 -1 -1 -1 
95 3 1363 565 92 228 -1 -1 -1 -1 
96 3 1363 566 92 228 -1 -1 -1 -1 
97 3 1363 566 92 227 -1 -1 -1 -1 
98 3 1363 565 92 229 -1 -1 -1 -1 
99 3 1363 566 92 228 -1 -1 -1 -1 
100 3 1363 566 92 227 -1 -1 -1 -1 
101 3 1363 566 92 228 -1 -1 -1 -1 
102 3 1363 566 92 228 -1 -1 -1 -1 
103 3 1363 566 92 228 -1 -1 -1 -1 
104 3 1363 566 92 228 -1 -1 -1 -1 
105 3 1363 566 92 228 -1 -1 -1 -1 
106 3 1363 566 92 228 -1 -1 -1 -1 
107 3 1363 565 93 229 -1 -1 -1 -1 
108 3 1363 565 92 229 -1 -1 -1 -1 
109 3 1363 565 93 229 -1 -1 -1 -1 
110 3 1363 565 93 229 -1 -1 -1 -1 
111 3 1363 566 92 228 -1 -1 -1 -1 
112 3 1364 566 92 228 -1 -1 -1 -1 
113 3 1364 565 92 229 -1 -1 -1 -1 
114 3 1364 566 92 228 -1 -1 -1 -1 
115 3 1364 566 92 228 -1 -1 -1 -1 
116 3 1364 566 92 228 -1 -1 -1 -1 
117 3 1364 566 92 229 -1 -1 -1 -1 
118 3 1364 565 92 230 -1 -1 -1 -1 
119 3 1364 566 92 228 -1 -1 -1 -1 
120 3 1364 567 92 227 -1 -1 -1 -1 
121 3 1364 566 92 228 -1 -1 -1 -1 
122 3 1364 566 92 227 -1 -1 -1 -1 
123 3 1364 566 92 227 -1 -1 -1 -1 
124 3 1364 566 92 227 -1 -1 -1 -1 
125 3 1365 566 91 227 -1 -1 -1 -1 
126 3 1364 567 92 226 -1 -1 -1 -1 
127 3 1364 565 93 229 -1 -1 -1 -1 
128 3 1364 566 92 228 -1 -1 -1 -1 
129 3 1365 567 91 227 -1 -1 -1 -1 
130 3 1365 567 92 227 -1 -1 -1 -1 
131 3 1365 568 91 226 -1 -1 -1 -1 
132 3 1365 567 92 227 -1 -1 -1 -1 
133 3 1365 567 91 226 -1 -1 -1 -1 
134 3 1365 567 91 227 -1 -1 -1 -1 
135 3 1365 567 91 227 -1 -1 -1 -1 
136 3 1365 567 92 227 -1 -1 -1 -1 
137 3 1365 567 92 226 -1 -1 -1 -1 
138 3 1365 567 91 226 -1 -1 -1 -1 
139 3 1365 567 91 226 -1 -1 -1 -1 
140 3 1366 567 91 226 -1 -1 -1 -1 
141 3 1365 567 92 226 -1 -1 -1 -1 
142 3 1365 567 92 227 -1 -1 -1 -1 
143 3 1365 567 92 227 -1 -1 -1 -1 
144 3 1365 567 91 227 -1 -1 -1 -1 
145 3 1365 567 92 227 -1 -1 -1 -1 
146 3 1365 567 91 227 -1 -1 -1 -1 
147 3 1365 567 92 227 -1 -1 -1 -1 
148 3 1365 567 92 227 -1 -1 -1 -1 
149 3 1365 566 92 227 -1 -1 -1 -1 
150 3 1365 567 92 227 -1 -1 -1 -1 
151 3 1365 567 92 227 -1 -1 -1 -1 
152 3 1365 567 92 227 -1 -1 -1 -1 
153 3 1365 568 91 226 -1 -1 -1 -1 
154 3 1365 568 91 226 -1 -1 -1 -1 
155 3 1365 568 91 225 -1 -1 -1 -1 
156 3 1364 568 92 226 -1 -1 -1 -1 
157 3 1365 567 92 228 -1 -1 -1 -1 
158 3 1365 568 92 227 -1 -1 -1 -1 
159 3 1365 568 92 227 -1 -1 -1 -1 
160 3 1365 569 92 226 -1 -1 -1 -1 
161 3 1365 568 92 227 -1 -1 -1 -1 
162 3 1365 570 92 225 -1 -1 -1 -1 
163 3 1364 571 91 224 -1 -1 -1 -1 
164 3 1365 572 90 223 -1 -1 -1 -1 
165 3 1364 572 91 223 -1 -1 -1 -1 
166 3 1364 572 91 223 -1 -1 -1 -1 
167 3 1365 572 90 223 -1 -1 -1 -1 
168 3 1365 572 90 223 -1 -1 -1 -1 
169 3 1365 572 90 223 -1 -1 -1 -1 
170 3 1365 573 89 221 -1 -1 -1 -1 
171 3 1364 572 91 222 -1 -1 -1 -1 
172 3 1365 572 90 222 -1 -1 -1 -1 
173 3 1365 572 91 222 -1 -1 -1 -1 
174 3 1365 572 90 222 -1 -1 -1 -1 
175 3 1365 572 90 223 -1 -1 -1 -1 
176 3 1365 572 90 223 -1 -1 -1 -1 
177 3 1365 572 90 223 -1 -1 -1 -1 
178 3 1365 572 90 222 -1 -1 -1 -1 
179 3 1365 573 89 221 -1 -1 -1 -1 
180 3 1365 572 89 221 -1 -1 -1 -1 
181 3 1365 572 90 222 -1 -1 -1 -1 
182 3 1365 571 90 223 -1 -1 -1 -1 
183 3 1365 571 90 223 -1 -1 -1 -1 
184 3 1364 570 92 225 -1 -1 -1 -1 
185 3 1364 570 92 224 -1 -1 -1 -1 
186 3 1364 569 92 226 -1 -1 -1 -1 
187 3 1363 569 92 226 -1 -1 -1 -1 
188 3 1363 569 92 225 -1 -1 -1 -1 
189 3 1363 570 91 224 -1 -1 -1 -1 
190 3 1363 569 91 225 -1 -1 -1 -1 
191 3 1362 570 91 225 -1 -1 -1 -1 
192 3 1362 569 92 226 -1 -1 -1 -1 
193 3 1362 569 91 226 -1 -1 -1 -1 
194 3 1363 569 90 226 -1 -1 -1 -1 
195 3 1362 569 91 225 -1 -1 -1 -1 
196 3 1362 569 91 225 -1 -1 -1 -1 
197 3 1362 568 91 227 -1 -1 -1 -1 
198 3 1362 568 91 227 -1 -1 -1 -1 
199 3 1361 568 92 227 -1 -1 -1 -1 
200 3 1361 568 91 226 -1 -1 -1 -1 
201 3 1361 568 91 226 -1 -1 -1 -1 
202 3 1361 567 92 228 -1 -1 -1 -1 
203 3 1361 567 92 227 -1 -1 -1 -1 
204 3 1361 567 92 227 -1 -1 -1 -1 
205 3 1362 567 91 227 -1 -1 -1 -1 
206 3 1362 567 91 227 -1 -1 -1 -1 
207 3 1362 568 91 226 -1 -1 -1 -1 
208 3 1362 568 90 225 -1 -1 -1 -1 
209 3 1361 568 91 225 -1 -1 -1 -1 
210 3 1362 568 91 226 -1 -1 -1 -1 
211 3 1361 568 92 226 -1 -1 -1 -1 
212 3 1361 567 92 227 -1 -1 -1 -1 
213 3 1361 568 91 226 -1 -1 -1 -1 
214 3 1361 569 91 225 -1 -1 -1 -1 
215 3 1362 569 90 225 -1 -1 -1 -1 
216 3 1362 569 90 224 -1 -1 -1 -1 
217 3 1362 570 91 224 -1 -1 -1 -1 
218 3 1362 570 91 224 -1 -1 -1 -1 
219 3 1363 570 90 224 -1 -1 -1 -1 
220 3 1363 570 90 224 -1 -1 -1 -1 
221 3 1362 571 91 224 -1 -1 -1 -1 
222 3 1362 571 91 223 -1 -1 -1 -1 
223 3 1362 571 90 223 -1 -1 -1 -1 
224 3 1363 570 90 224 -1 -1 -1 -1 
225 3 1363 571 90 222 -1 -1 -1 -1 
226 3 1363 571 91 223 -1 -1 -1 -1 
227 3 1364 570 91 225 -1 -1 -1 -1 
228 3 1364 571 91 224 -1 -1 -1 -1 
229 3 1364 571 91 223 -1 -1 -1 -1 
230 3 1364 571 91 222 -1 -1 -1 -1 
231 3 1366 570 90 223 -1 -1 -1 -1 
232 3 1366 571 91 222 -1 -1 -1 -1 
233 3 1368 570 91 223 -1 -1 -1 -1 
234 3 1369 571 90 222 -1 -1 -1 -1 
235 3 1370 573 89 220 -1 -1 -1 -1 
236 3 1371 574 89 218 -1 -1 -1 -1 
237 3 1372 574 88 217 -1 -1 -1 -1 
238 3 1373 573 89 218 -1 -1 -1 -1 
239 3 1374 573 89 219 -1 -1 -1 -1 
240 3 1374 574 90 219 -1 -1 -1 -1 
241 3 1376 574 89 218 -1 -1 -1 -1 
242 3 1377 572 90 220 -1 -1 -1 -1 
243 3 1378 571 91 223 -1 -1 -1 -1 
244 3 1378 570 92 225 -1 -1 -1 -1 
245 3 1379 569 93 226 -1 -1 -1 -1 
246 3 1381 570 91 225 -1 -1 -1 -1 
247 3 1383 570 92 225 -1 -1 -1 -1 
248 3 1386 571 92 224 -1 -1 -1 -1 
249 3 1388 571 91 224 -1 -1 -1 -1 
250 3 1389 571 92 224 -1 -1 -1 -1 
251 3 1390 572 92 224 -1 -1 -1 -1 
252 3 1390 572 92 223 -1 -1 -1 -1 
253 3 1390 572 94 223 -1 -1 -1 -1 
254 3 1392 572 94 224 -1 -1 -1 -1 
255 3 1393 572 94 225 -1 -1 -1 -1 
256 3 1396 571 93 226 -1 -1 -1 -1 
257 3 1397 570 94 228 -1 -1 -1 -1 
258 3 1399 569 93 230 -1 -1 -1 -1 
259 3 1400 570 94 230 -1 -1 -1 -1 
260 3 1404 572 93 227 -1 -1 -1 -1 
261 3 1407 571 93 228 -1 -1 -1 -1 
262 3 1408 571 93 227 -1 -1 -1 -1 
263 3 1409 570 93 229 -1 -1 -1 -1 
264 3 1410 569 94 231 -1 -1 -1 -1 
265 3 1412 569 93 233 -1 -1 -1 -1 
266 3 1413 570 95 233 -1 -1 -1 -1 
267 3 1417 570 95 234 -1 -1 -1 -1 
268 3 1420 570 94 231 -1 -1 -1 -1 
269 3 1423 570 94 231 -1 -1 -1 -1 
270 3 1425 570 93 232 -1 -1 -1 -1 
271 3 1427 573 92 227 -1 -1 -1 -1 
272 3 1429 573 92 229 -1 -1 -1 -1 
273 3 1430 573 93 230 -1 -1 -1 -1 
274 3 1431 574 93 229 -1 -1 -1 -1 
275 3 1433 576 92 228 -1 -1 -1 -1 
276 3 1432 577 94 229 -1 -1 -1 -1 
277 3 1433 578 93 230 -1 -1 -1 -1 
278 3 1433 579 94 231 -1 -1 -1 -1 
279 3 1434 580 94 231 -1 -1 -1 -1 
280 3 1435 580 94 232 -1 -1 -1 -1 
281 3 1435 580 95 233 -1 -1 -1 -1 
282 3 1439 581 94 231 -1 -1 -1 -1 
283 3 1443 582 93 229 -1 -1 -1 -1 
284 3 1447 582 93 229 -1 -1 -1 -1 
285 3 1451 583 92 228 -1 -1 -1 -1 
286 3 1455 584 91 228 -1 -1 -1 -1 
287 3 1457 585 91 228 -1 -1 -1 -1 
288 3 1458 586 91 226 -1 -1 -1 -1 
289 3 1460 586 90 224 -1 -1 -1 -1 
290 3 1461 587 89 220 -1 -1 -1 -1 
291 3 1463 587 88 220 -1 -1 -1 -1 
292 3 1464 588 89 221 -1 -1 -1 -1 
293 3 1465 588 89 223 -1 -1 -1 -1 
294 3 1466 589 89 222 -1 -1 -1 -1 
295 3 1469 591 89 221 -1 -1 -1 -1 
296 3 1471 592 89 221 -1 -1 -1 -1 
297 3 1474 594 89 221 -1 -1 -1 -1 
298 3 1475 594 90 222 -1 -1 -1 -1 
299 3 1477 596 89 220 -1 -1 -1 -1 
300 3 1478 595 90 222 -1 -1 -1 -1 
301 3 1480 596 89 221 -1 -1 -1 -1 
302 3 1482 598 89 220 -1 -1 -1 -1 
303 3 1484 597 89 222 -1 -1 -1 -1 
304 3 1486 597 89 222 -1 -1 -1 -1 
305 3 1488 599 89 221 -1 -1 -1 -1 
306 3 1490 599 90 223 -1 -1 -1 -1 
307 3 1492 599 91 223 -1 -1 -1 -1 
308 3 1494 599 90 224 -1 -1 -1 -1 
309 3 1497 600 89 222 -1 -1 -1 -1 
310 3 1499 601 90 222 -1 -1 -1 -1 
311 3 1501 601 90 223 -1 -1 -1 -1 
312 3 1503 601 90 223 -1 -1 -1 -1 
313 3 1506 602 90 222 -1 -1 -1 -1 
314 3 1508 603 90 221 -1 -1 -1 -1 
315 3 1511 603 90 221 -1 -1 -1 -1 
316 3 1512 604 91 222 -1 -1 -1 -1 
317 3 1515 605 90 221 -1 -1 -1 -1 
318 3 1517 605 91 222 -1 -1 -1 -1 
319 3 1521 607 90 222 -1 -1 -1 -1 
320 3 1524 608 90 221 -1 -1 -1 -1 
321 3 1525 608 91 223 -1 -1 -1 -1 
322 3 1527 608 91 224 -1 -1 -1 -1 
323 3 1530 609 90 222 -1 -1 -1 -1 
324 3 1531 609 90 221 -1 -1 -1 -1 
325 3 1533 609 90 223 -1 -1 -1 -1 
326 3 1534 610 90 223 -1 -1 -1 -1 
327 3 1535 610 90 222 -1 -1 -1 -1 
328 3 1537 611 89 220 -1 -1 -1 -1 
329 3 1539 612 89 219 -1 -1 -1 -1 
330 3 1540 613 89 218 -1 -1 -1 -1 
331 3 1540 615 89 217 -1 -1 -1 -1 
332 3 1542 615 88 218 -1 -1 -1 -1 
333 3 1542 616 88 217 -1 -1 -1 -1 
334 3 1542 615 89 219 -1 -1 -1 -1 
335 3 1543 613 89 221 -1 -1 -1 -1 
336 3 1544 614 88 219 -1 -1 -1 -1 
337 3 1544 613 91 224 -1 -1 -1 -1 
338 3 1545 614 91 223 -1 -1 -1 -1 
339 3 1546 613 91 225 -1 -1 -1 -1 
340 3 1547 614 92 228 -1 -1 -1 -1 
341 3 1549 616 92 227 -1 -1 -1 -1 
342 3 1550 616 92 229 -1 -1 -1 -1 
343 3 1551 617 93 230 -1 -1 -1 -1 
344 3 1552 618 92 228 -1 -1 -1 -1 
345 3 1554 619 91 226 -1 -1 -1 -1 
346 3 1555 619 90 226 -1 -1 -1 -1 
347 3 1556 620 90 223 -1 -1 -1 -1 
348 3 1556 620 91 224 -1 -1 -1 -1 
349 3 1557 621 91 225 -1 -1 -1 -1 
350 3 1558 622 91 226 -1 -1 -1 -1 
351 3 1559 622 92 227 -1 -1 -1 -1 
352 3 1560 623 92 228 -1 -1 -1 -1 
353 3 1560 622 93 230 -1 -1 -1 -1 
354 3 1561 622 94 231 -1 -1 -1 -1 
355 3 1561 622 95 231 -1 -1 -1 -1 
356 3 1563 624 94 230 -1 -1 -1 -1 
357 3 1563 625 93 230 -1 -1 -1 -1 
358 3 1564 626 92 229 -1 -1 -1 -1 
359 3 1564 626 92 230 -1 -1 -1 -1 
360 3 1565 627 92 229 -1 -1 -1 -1 
361 3 1565 629 93 228 -1 -1 -1 -1 
362 3 1566 629 93 229 -1 -1 -1 -1 
363 3 1566 629 94 230 -1 -1 -1 -1 
364 3 1567 629 93 230 -1 -1 -1 -1 
365 3 1569 630 92 230 -1 -1 -1 -1 
366 3 1570 630 92 230 -1 -1 -1 -1 
367 3 1571 630 93 229 -1 -1 -1 -1 
368 3 1572 631 92 228 -1 -1 -1 -1 
369 3 1572 631 93 228 -1 -1 -1 -1 
370 3 1575 631 92 228 -1 -1 -1 -1 
371 3 1576 631 92 227 -1 -1 -1 -1 
372 3 1577 630 92 228 -1 -1 -1 -1 
373 3 1578 630 92 228 -1 -1 -1 -1 
374 3 1578 631 93 228 -1 -1 -1 -1 
375 3 1580 632 92 227 -1 -1 -1 -1 
376 3 1582 632 91 227 -1 -1 -1 -1 
377 3 1583 632 92 228 -1 -1 -1 -1 
378 3 1584 634 91 226 -1 -1 -1 -1 
379 3 1585 635 91 225 -1 -1 -1 -1 
380 3 1585 635 92 228 -1 -1 -1 -1 
381 3 1585 635 93 229 -1 -1 -1 -1 
382 3 1585 634 92 231 -1 -1 -1 -1 
383 3 1587 636 92 231 -1 -1 -1 -1 
384 3 1587 634 93 232 -1 -1 -1 -1 
385 3 1588 632 94 233 -1 -1 -1 -1 
386 3 1589 632 94 233 -1 -1 -1 -1 
387 3 1589 631 94 233 -1 -1 -1 -1 
388 3 1590 630 94 233 -1 -1 -1 -1 
389 3 1590 629 94 234 -1 -1 -1 -1 
390 3 1590 631 94 232 -1 -1 -1 -1 
391 3 1592 634 92 228 -1 -1 -1 -1 
392 3 1592 634 93 229 -1 -1 -1 -1 
393 3 1594 632 94 231 -1 -1 -1 -1 
394 3 1594 630 95 234 -1 -1 -1 -1 
395 3 1594 628 95 234 -1 -1 -1 -1 
396 3 1594 627 95 235 -1 -1 -1 -1 
397 3 1594 628 95 234 -1 -1 -1 -1 
398 3 1594 625 96 237 -1 -1 -1 -1 
399 3 1595 623 96 237 -1 -1 -1 -1 
400 3 1595 620 96 238 -1 -1 -1 -1 
401 3 1595 621 96 236 -1 -1 -1 -1 
402 3 1595 619 96 237 -1 -1 -1 -1 
403 3 1594 618 97 238 -1 -1 -1 -1 
404 3 1594 616 97 238 -1 -1 -1 -1 
405 3 1595 616 95 237 -1 -1 -1 -1 
406 3 1593 614 97 238 -1 -1 -1 -1 
407 3 1593 613 96 238 -1 -1 -1 -1 
408 3 1593 612 97 239 -1 -1 -1 -1 
409 3 1593 611 96 239 -1 -1 -1 -1 
410 3 1593 611 96 238 -1 -1 -1 -1 
411 3 1593 611 95 237 -1 -1 -1 -1 
412 3 1593 613 94 235 -1 -1 -1 -1 
413 3 1592 616 94 232 -1 -1 -1 -1 
414 3 1591 617 93 229 -1 -1 -1 -1 
415 3 1592 617 92 229 -1 -1 -1 -1 
416 3 1593 619 91 227 -1 -1 -1 -1 
417 3 1587 618 92 228 -1 -1 -1 -1 
418 3 1586 619 91 227 -1 -1 -1 -1 
419 3 1588 620 90 225 -1 -1 -1 -1 
420 3 1585 618 92 226 -1 -1 -1 -1 
421 3 1584 617 92 226 -1 -1 -1 -1 
422 3 1584 616 92 227 -1 -1 -1 -1 
423 3 1581 620 91 225 -1 -1 -1 -1 
424 3 1582 617 90 226 -1 -1 -1 -1 
425 3 1577 616 92 228 -1 -1 -1 -1 
426 3 1575 618 93 227 -1 -1 -1 -1 
427 3 1574 620 91 224 -1 -1 -1 -1 
428 3 1572 619 92 225 -1 -1 -1 -1 
429 3 1571 618 91 226 -1 -1 -1 -1 
430 3 1570 620 91 224 -1 -1 -1 -1 
431 3 1569 616 92 228 -1 -1 -1 -1 
432 3 1567 617 91 227 -1 -1 -1 -1 
433 3 1567 620 90 223 -1 -1 -1 -1 
434 3 1565 618 90 223 -1 -1 -1 -1 
435 3 1565 618 88 222 -1 -1 -1 -1 
436 3 1563 619 88 221 -1 -1 -1 -1 
437 3 1561 622 87 218 -1 -1 -1 -1 
438 3 1560 622 87 218 -1 -1 -1 -1 
439 3 1558 618 89 223 -1 -1 -1 -1 
440 3 1556 616 89 225 -1 -1 -1 -1 
441 3 1553 613 92 229 -1 -1 -1 -1 
442 3 1551 613 92 229 -1 -1 -1 -1 
443 3 1550 613 91 230 -1 -1 -1 -1 
444 3 1550 613 91 230 -1 -1 -1 -1 
445 3 1549 613 91 230 -1 -1 -1 -1 
446 3 1549 614 92 229 -1 -1 -1 -1 
447 3 1550 615 91 227 -1 -1 -1 -1 
448 3 1549 614 91 227 -1 -1 -1 -1 
449 3 1548 616 91 224 -1 -1 -1 -1 
450 3 1547 616 91 223 -1 -1 -1 -1 
451 3 1546 614 92 226 -1 -1 -1 -1 
452 3 1545 613 92 227 -1 -1 -1 -1 
453 3 1544 612 92 228 -1 -1 -1 -1 
454 3 1543 613 92 227 -1 -1 -1 -1 
455 3 1542 614 92 226 -1 -1 -1 -1 
456 3 1542 613 92 226 -1 -1 -1 -1 
457 3 1541 612 92 227 -1 -1 -1 -1 
458 3 1540 612 93 227 -1 -1 -1 -1 
459 3 1538 611 93 227 -1 -1 -1 -1 
460 3 1537 610 93 227 -1 -1 -1 -1 
461 3 1536 609 92 227 -1 -1 -1 -1 
462 3 1535 608 91 228 -1 -1 -1 -1 
463 3 1533 608 91 227 -1 -1 -1 -1 
464 3 1533 608 91 226 -1 -1 -1 -1 
465 3 1533 608 91 226 -1 -1 -1 -1 
466 3 1532 607 92 225 -1 -1 -1 -1 
467 3 1532 607 92 227 -1 -1 -1 -1 
468 3 1533 607 91 223 -1 -1 -1 -1 
469 3 1534 608 89 221 -1 -1 -1 -1 
470 3 1535 614 88 215 -1 -1 -1 -1 
471 3 1534 610 87 220 -1 -1 -1 -1 
472 3 1530 606 88 222 -1 -1 -1 -1 
473 3 1527 602 91 225 -1 -1 -1 -1 
474 3 1528 602 89 223 -1 -1 -1 -1 
475 3 1530 601 87 221 -1 -1 -1 -1 
476 3 1531 597 88 224 -1 -1 -1 -1 
477 3 1533 596 89 225 -1 -1 -1 -1 
478 3 1534 598 89 223 -1 -1 -1 -1 
479 3 1533 598 91 223 -1 -1 -1 -1 
480 3 1535 599 90 222 -1 -1 -1 -1 
481 3 1535 599 89 222 -1 -1 -1 -1 
482 3 1535 599 89 222 -1 -1 -1 -1 
483 3 1536 600 89 222 -1 -1 -1 -1 
484 3 1537 600 90 222 -1 -1 -1 -1 
485 3 1538 601 90 221 -1 -1 -1 -1 
486 3 1540 603 89 219 -1 -1 -1 -1 
487 3 1541 603 88 218 -1 -1 -1 -1 
488 3 1542 604 88 218 -1 -1 -1 -1 
489 3 1543 604 88 217 -1 -1 -1 -1 
490 3 1544 605 88 216 -1 -1 -1 -1 
491 3 1545 605 87 216 -1 -1 -1 -1 
492 3 1545 605 87 216 -1 -1 -1 -1 
493 3 1545 605 87 216 -1 -1 -1 -1 
494 3 1545 605 87 216 -1 -1 -1 -1 
495 3 1545 605 87 215 -1 -1 -1 -1 
496 3 1546 605 87 215 -1 -1 -1 -1 
497 3 1545 604 88 217 -1 -1 -1 -1 
498 3 1545 605 88 216 -1 -1 -1 -1 
499 3 1545 605 88 215 -1 -1 -1 -1 
500 3 1547 606 86 213 -1 -1 -1 -1 
501 3 1547 606 86 212 -1 -1 -1 -1 
502 3 1548 607 85 212 -1 -1 -1 -1 
503 3 1547 606 86 212 -1 -1 -1 -1 
504 3 1548 607 86 213 -1 -1 -1 -1 
505 3 1548 607 85 212 -1 -1 -1 -1 
506 3 1548 606 85 210 -1 -1 -1 -1 
507 3 1550 607 85 212 -1 -1 -1 -1 
508 3 1550 607 85 212 -1 -1 -1 -1 
509 3 1552 607 85 212 -1 -1 -1 -1 
510 3 1551 607 86 213 -1 -1 -1 -1 
511 3 1553 607 85 214 -1 -1 -1 -1 
512 3 1554 607 84 212 -1 -1 -1 -1 
513 3 1555 607 84 210 -1 -1 -1 -1 
514 3 1556 606 83 210 -1 -1 -1 -1 
515 3 1556 606 84 212 -1 -1 -1 -1 
516 3 1557 607 84 212 -1 -1 -1 -1 
517 3 1559 609 84 213 -1 -1 -1 -1 
518 3 1560 610 83 213 -1 -1 -1 -1 
519 3 1559 609 85 214 -1 -1 -1 -1 
520 3 1558 607 86 216 -1 -1 -1 -1 
521 3 1557 606 87 217 -1 -1 -1 -1 
522 3 1558 607 85 215 -1 -1 -1 -1 
523 3 1559 607 85 214 -1 -1 -1 -1 
524 3 1563 610 81 210 -1 -1 -1 -1 
525 3 1566 614 77 205 -1 -1 -1 -1 
526 3 1569 619 73 200 -1 -1 -1 -1 
527 3 1569 613 76 206 -1 -1 -1 -1 
528 3 1571 615 76 203 -1 -1 -1 -1 
529 3 1571 610 78 208 -1 -1 -1 -1 
530 3 1572 606 78 210 -1 -1 -1 -1 
531 3 1571 603 81 211 -1 -1 -1 -1 
532 3 1573 602 81 213 -1 -1 -1 -1 
533 3 1574 601 82 212 -1 -1 -1 -1 
534 3 1574 599 84 214 -1 -1 -1 -1 
535 3 1574 595 85 217 -1 -1 -1 -1 
536 3 1574 593 86 219 -1 -1 -1 -1 
537 3 1575 591 86 221 -1 -1 -1 -1 
538 3 1575 588 88 223 -1 -1 -1 -1 
539 3 1575 586 89 225 -1 -1 -1 -1 
540 3 1574 587 91 227 -1 -1 -1 -1 
541 3 1575 584 91 229 -1 -1 -1 -1 
542 3 1575 582 93 231 -1 -1 -1 -1 
543 3 1575 581 94 232 -1 -1 -1 -1 
544 3 1577 579 94 233 -1 -1 -1 -1 
545 3 1577 578 94 235 -1 -1 -1 -1 
546 3 1579 579 94 234 -1 -1 -1 -1 
547 3 1579 580 94 234 -1 -1 -1 -1 
548 3 1580 581 94 233 -1 -1 -1 -1 
549 3 1581 582 95 233 -1 -1 -1 -1 
550 3 1582 582 95 233 -1 -1 -1 -1 
551 3 1584 584 94 231 -1 -1 -1 -1 
552 3 1585 585 94 230 -1 -1 -1 -1 
553 3 1586 586 93 229 -1 -1 -1 -1 
554 3 1586 586 93 229 -1 -1 -1 -1 
555 3 1587 587 93 228 -1 -1 -1 -1 
556 3 1588 589 92 226 -1 -1 -1 -1 
557 3 1588 589 93 227 -1 -1 -1 -1 
558 3 1588 589 93 227 -1 -1 -1 -1 
559 3 1588 589 93 227 -1 -1 -1 -1 
560 3 1587 588 92 228 -1 -1 -1 -1 
561 3 1587 589 92 226 -1 -1 -1 -1 
562 3 1587 589 91 226 -1 -1 -1 -1 
563 3 1587 589 90 225 -1 -1 -1 -1 
564 3 1586 592 89 222 -1 -1 -1 -1 
565 3 1586 594 89 220 -1 -1 -1 -1 
566 3 1586 594 89 220 -1 -1 -1 -1 
567 3 1587 594 89 221 -1 -1 -1 -1 
568 3 1588 594 89 221 -1 -1 -1 -1 
569 3 1589 597 89 218 -1 -1 -1 -1 
570 3 1591 598 87 217 -1 -1 -1 -1 
571 3 1591 598 88 217 -1 -1 -1 -1 
572 3 1591 598 89 218 -1 -1 -1 -1 
573 3 1592 598 88 218 -1 -1 -1 -1 
574 3 1592 598 88 218 -1 -1 -1 -1 
575 3 1593 598 87 218 -1 -1 -1 -1 
576 3 1593 598 87 217 -1 -1 -1 -1 
577 3 1593 599 87 216 -1 -1 -1 -1 
578 3 1592 599 88 217 -1 -1 -1 -1 
579 3 1591 599 89 218 -1 -1 -1 -1 
580 3 1592 598 88 219 -1 -1 -1 -1 
581 3 1592 598 88 219 -1 -1 -1 -1 
582 3 1591 597 89 220 -1 -1 -1 -1 
583 3 1592 597 88 220 -1 -1 -1 -1 
584 3 1592 598 88 219 -1 -1 -1 -1 
585 3 1591 597 89 219 -1 -1 -1 -1 
586 3 1590 598 90 219 -1 -1 -1 -1 
587 3 1591 598 88 218 -1 -1 -1 -1 
588 3 1590 597 89 219 -1 -1 -1 -1 
589 3 1590 597 89 219 -1 -1 -1 -1 
590 3 1590 597 89 218 -1 -1 -1 -1 
591 3 1591 596 88 219 -1 -1 -1 -1 
592 3 1591 596 88 219 -1 -1 -1 -1 
593 3 1591 596 88 220 -1 -1 -1 -1 
594 3 1592 597 88 219 -1 -1 -1 -1 
595 3 1592 597 88 219 -1 -1 -1 -1 
596 3 1592 597 88 219 -1 -1 -1 -1 
597 3 1591 595 89 221 -1 -1 -1 -1 
598 3 1591 594 90 222 -1 -1 -1 -1 
599 3 1591 595 89 221 -1 -1 -1 -1 
600 3 1591 595 89 221 -1 -1 -1 -1 
601 3 1590 595 90 221 -1 -1 -1 -1 
602 3 1591 595 89 221 -1 -1 -1 -1 
603 3 1591 595 89 220 -1 -1 -1 -1 
604 3 1591 593 90 222 -1 -1 -1 -1 
605 3 1592 593 89 221 -1 -1 -1 -1 
606 3 1593 594 88 220 -1 -1 -1 -1 
607 3 1593 595 87 220 -1 -1 -1 -1 
608 3 1593 595 88 219 -1 -1 -1 -1 
609 3 1593 595 88 220 -1 -1 -1 -1 
610 3 1593 596 88 219 -1 -1 -1 -1 
611 3 1593 596 87 219 -1 -1 -1 -1 
612 3 1592 597 88 218 -1 -1 -1 -1 
613 3 1592 597 88 218 -1 -1 -1 -1 
614 3 1592 597 87 218 -1 -1 -1 -1 
615 3 1591 597 88 218 -1 -1 -1 -1 
616 3 1592 596 87 218 -1 -1 -1 -1 
617 3 1591 594 89 220 -1 -1 -1 -1 
618 3 1590 593 90 222 -1 -1 -1 -1 
619 3 1592 594 88 220 -1 -1 -1 -1 
620 3 1592 594 88 219 -1 -1 -1 -1 
621 3 1592 594 88 220 -1 -1 -1 -1 
622 3 1592 593 88 220 -1 -1 -1 -1 
623 3 1592 593 88 220 -1 -1 -1 -1 
624 3 1591 593 89 221 -1 -1 -1 -1 
625 3 1591 594 88 220 -1 -1 -1 -1 
626 3 1591 594 88 220 -1 -1 -1 -1 
627 3 1591 594 88 220 -1 -1 -1 -1 
628 3 1590 594 89 220 -1 -1 -1 -1 
629 3 1588 590 91 225 -1 -1 -1 -1 
630 3 1590 594 89 220 -1 -1 -1 -1 
631 3 1590 593 89 220 -1 -1 -1 -1 
632 3 1590 593 89 221 -1 -1 -1 -1 
633 3 1590 594 89 220 -1 -1 -1 -1 
634 3 1590 594 89 220 -1 -1 -1 -1 
635 3 1590 592 90 223 -1 -1 -1 -1 
636 3 1589 593 90 223 -1 -1 -1 -1 
637 3 1591 595 89 220 -1 -1 -1 -1 
638 3 1590 594 90 222 -1 -1 -1 -1 
639 3 1590 595 89 220 -1 -1 -1 -1 
640 3 1590 594 89 222 -1 -1 -1 -1 
641 3 1590 593 90 223 -1 -1 -1 -1 
642 3 1590 593 90 223 -1 -1 -1 -1 
643 3 1590 594 90 222 -1 -1 -1 -1 
644 3 1590 594 90 221 -1 -1 -1 -1 
645 3 1590 594 89 221 -1 -1 -1 -1 
646 3 1590 594 89 222 -1 -1 -1 -1 
647 3 1589 592 91 224 -1 -1 -1 -1 
648 3 1588 588 93 228 -1 -1 -1 -1 
649 3 1590 591 90 225 -1 -1 -1 -1 
650 3 1590 593 90 223 -1 -1 -1 -1 
651 3 1590 594 89 223 -1 -1 -1 -1 
652 3 1588 590 92 227 -1 -1 -1 -1 
653 3 1588 590 92 227 -1 -1 -1 -1 
654 3 1588 589 92 227 -1 -1 -1 -1 
655 3 1589 592 91 224 -1 -1 -1 -1 
656 3 1590 592 90 224 -1 -1 -1 -1 
657 3 1590 592 90 223 -1 -1 -1 -1 
658 3 1590 591 90 225 -1 -1 -1 -1 
659 3 1590 591 91 224 -1 -1 -1 -1 
660 3 1591 589 91 225 -1 -1 -1 -1 
661 3 1591 588 91 226 -1 -1 -1 -1 
662 3 1591 586 92 228 -1 -1 -1 -1 
663 3 1591 585 92 229 -1 -1 -1 -1 
664 3 1592 586 91 228 -1 -1 -1 -1 
665 3 1591 587 91 227 -1 -1 -1 -1 
666 3 1591 587 91 227 -1 -1 -1 -1 
667 3 1591 588 91 227 -1 -1 -1 -1 
668 3 1591 588 91 227 -1 -1 -1 -1 
669 3 1591 589 91 226 -1 -1 -1 -1 
670 3 1592 589 90 225 -1 -1 -1 -1 
671 3 1592 590 90 225 -1 -1 -1 -1 
672 3 1592 590 90 225 -1 -1 -1 -1 
673 3 1591 591 91 224 -1 -1 -1 -1 
674 3 1592 591 90 224 -1 -1 -1 -1 
675 3 1592 593 90 222 -1 -1 -1 -1 
676 3 1592 594 89 222 -1 -1 -1 -1 
677 3 1592 593 90 223 -1 -1 -1 -1 
678 3 1592 592 90 224 -1 -1 -1 -1 
679 3 1592 592 90 224 -1 -1 -1 -1 
680 3 1592 593 90 224 -1 -1 -1 -1 
681 3 1592 592 90 225 -1 -1 -1 -1 
682 3 1591 592 91 226 -1 -1 -1 -1 
683 3 1591 593 91 225 -1 -1 -1 -1 
684 3 1591 592 91 226 -1 -1 -1 -1 
685 3 1591 593 91 225 -1 -1 -1 -1 
686 3 1591 594 90 223 -1 -1 -1 -1 
687 3 1591 593 90 224 -1 -1 -1 -1 
688 3 1591 592 90 225 -1 -1 -1 -1 
689 3 1591 593 90 223 -1 -1 -1 -1 
690 3 1592 592 90 224 -1 -1 -1 -1 
691 3 1591 592 90 224 -1 -1 -1 -1 
692 3 1591 592 90 224 -1 -1 -1 -1 
693 3 1592 591 90 225 -1 -1 -1 -1 
694 3 1591 591 90 225 -1 -1 -1 -1 
695 3 1591 590 91 226 -1 -1 -1 -1 
696 3 1591 590 91 225 -1 -1 -1 -1 
697 3 1592 590 90 225 -1 -1 -1 -1 
698 3 1592 590 90 225 -1 -1 -1 -1 
699 3 1592 590 90 225 -1 -1 -1 -1 
700 3 1591 592 90 223 -1 -1 -1 -1 
701 3 1591 590 91 225 -1 -1 -1 -1 
702 3 1592 590 90 224 -1 -1 -1 -1 
703 3 1592 590 90 224 -1 -1 -1 -1 
704 3 1592 590 89 224 -1 -1 -1 -1 
705 3 1592 591 89 223 -1 -1 -1 -1 
706 3 1591 592 90 223 -1 -1 -1 -1 
707 3 1592 592 89 223 -1 -1 -1 -1 
708 3 1592 592 89 222 -1 -1 -1 -1 
709 3 1592 592 89 222 -1 -1 -1 -1 
710 3 1591 592 90 222 -1 -1 -1 -1 
711 3 1592 590 90 223 -1 -1 -1 -1 
712 3 1592 590 89 223 -1 -1 -1 -1 
713 3 1591 592 90 222 -1 -1 -1 -1 
714 3 1591 593 90 222 -1 -1 -1 -1 
715 3 1591 593 90 222 -1 -1 -1 -1 
716 3 1590 593 90 223 -1 -1 -1 -1 
717 3 1590 593 90 223 -1 -1 -1 -1 
718 3 1591 596 89 218 -1 -1 -1 -1 
719 3 1591 594 89 221 -1 -1 -1 -1 
720 3 1591 594 89 221 -1 -1 -1 -1 
721 3 1591 594 89 221 -1 -1 -1 -1 
722 3 1591 595 89 220 -1 -1 -1 -1 
723 3 1591 594 90 221 -1 -1 -1 -1 
724 3 1591 595 90 219 -1 -1 -1 -1 
725 3 1591 595 89 219 -1 -1 -1 -1 
726 3 1591 595 89 219 -1 -1 -1 -1 
727 3 1591 595 89 218 -1 -1 -1 -1 
728 3 1591 596 89 217 -1 -1 -1 -1 
729 3 1591 595 88 218 -1 -1 -1 -1 
730 3 1590 595 89 218 -1 -1 -1 -1 
731 3 1590 595 89 219 -1 -1 -1 -1 
732 3 1590 595 89 219 -1 -1 -1 -1 
733 3 1590 594 89 220 -1 -1 -1 -1 
734 3 1590 593 90 220 -1 -1 -1 -1 
735 3 1590 593 90 221 -1 -1 -1 -1 
736 3 1590 594 89 220 -1 -1 -1 -1 
737 3 1590 594 89 220 -1 -1 -1 -1 
738 3 1590 594 89 220 -1 -1 -1 -1 
739 3 1590 595 89 219 -1 -1 -1 -1 
740 3 1590 594 89 220 -1 -1 -1 -1 
741 3 1590 594 89 220 -1 -1 -1 -1 
742 3 1589 594 89 221 -1 -1 -1 -1 
743 3 1589 594 90 221 -1 -1 -1 -1 
744 3 1589 594 90 221 -1 -1 -1 -1 
745 3 1590 594 89 221 -1 -1 -1 -1 
746 3 1589 593 90 222 -1 -1 -1 -1 
747 3 1589 593 90 222 -1 -1 -1 -1 
748 3 1589 593 90 222 -1 -1 -1 -1 
749 3 1589 593 90 222 -1 -1 -1 -1 
750 3 1589 593 90 222 -1 -1 -1 -1 
751 3 1589 593 90 222 -1 -1 -1 -1 
752 3 1589 593 90 222 -1 -1 -1 -1 
753 3 1589 593 90 222 -1 -1 -1 -1 
754 3 1590 594 89 220 -1 -1 -1 -1 
755 3 1590 593 89 222 -1 -1 -1 -1 
756 3 1590 593 90 221 -1 -1 -1 -1 
757 3 1590 593 89 222 -1 -1 -1 -1 
758 3 1589 593 90 222 -1 -1 -1 -1 
759 3 1589 594 90 221 -1 -1 -1 -1 
760 3 1590 594 89 221 -1 -1 -1 -1 
761 3 1590 593 90 221 -1 -1 -1 -1 
762 3 1590 593 90 222 -1 -1 -1 -1 
763 3 1590 594 90 221 -1 -1 -1 -1 
764 3 1590 594 89 221 -1 -1 -1 -1 
765 3 1590 594 89 220 -1 -1 -1 -1 
766 3 1590 593 90 221 -1 -1 -1 -1 
767 3 1589 593 90 222 -1 -1 -1 -1 
768 3 1589 593 90 222 -1 -1 -1 -1 
769 3 1586 584 95 231 -1 -1 -1 -1 
770 3 1587 588 93 228 -1 -1 -1 -1 
771 3 1588 589 93 227 -1 -1 -1 -1 
772 3 1589 589 92 226 -1 -1 -1 -1 
773 3 1589 589 92 226 -1 -1 -1 -1 
774 3 1590 589 91 225 -1 -1 -1 -1 
775 3 1590 589 91 225 -1 -1 -1 -1 
776 3 1589 590 91 223 -1 -1 -1 -1 
777 3 1589 589 91 225 -1 -1 -1 -1 
778 3 1590 589 91 225 -1 -1 -1 -1 
779 3 1589 588 92 226 -1 -1 -1 -1 
780 3 1587 584 94 231 -1 -1 -1 -1 
781 3 1588 589 92 226 -1 -1 -1 -1 
782 3 1589 590 91 224 -1 -1 -1 -1 
783 3 1589 591 90 223 -1 -1 -1 -1 
784 3 1589 590 91 224 -1 -1 -1 -1 
785 3 1589 591 91 223 -1 -1 -1 -1 
786 3 1590 592 90 222 -1 -1 -1 -1 
787 3 1590 592 90 222 -1 -1 -1 -1 
788 3 1590 593 89 221 -1 -1 -1 -1 
789 3 1588 591 90 224 -1 -1 -1 -1 
790 3 1588 593 90 222 -1 -1 -1 -1 
791 3 1588 591 90 225 -1 -1 -1 -1 
792 3 1588 591 91 225 -1 -1 -1 -1 
793 3 1588 591 92 225 -1 -1 -1 -1 
794 3 1589 590 91 225 -1 -1 -1 -1 
795 3 1589 590 91 226 -1 -1 -1 -1 
796 3 1589 590 92 225 -1 -1 -1 -1 
797 3 1589 590 91 225 -1 -1 -1 -1 
798 3 1589 590 91 225 -1 -1 -1 -1 
799 3 1588 590 92 225 -1 -1 -1 -1 
800 3 1587 584 94 232 -1 -1 -1 -1 
801 3 1588 587 93 229 -1 -1 -1 -1 
802 3 1588 589 93 227 -1 -1 -1 -1 
803 3 1588 590 92 225 -1 -1 -1 -1 
804 3 1589 591 91 224 -1 -1 -1 -1 
805 3 1589 590 91 225 -1 -1 -1 -1 
806 3 1590 590 91 224 -1 -1 -1 -1 
807 3 1589 590 91 225 -1 -1 -1 -1 
808 3 1589 591 91 224 -1 -1 -1 -1 
809 3 1589 591 91 224 -1 -1 -1 -1 
810 3 1589 590 91 225 -1 -1 -1 -1 
811 3 1589 591 91 225 -1 -1 -1 -1 
812 3 1589 592 91 224 -1 -1 -1 -1 
813 3 1589 592 91 224 -1 -1 -1 -1 
814 3 1589 592 91 224 -1 -1 -1 -1 
815 3 1589 592 91 223 -1 -1 -1 -1 
816 3 1590 592 90 224 -1 -1 -1 -1 
817 3 1591 592 89 223 -1 -1 -1 -1 
818 3 1590 592 90 224 -1 -1 -1 -1 
819 3 1590 593 91 223 -1 -1 -1 -1 
820 3 1590 593 90 223 -1 -1 -1 -1 
821 3 1591 593 90 223 -1 -1 -1 -1 
822 3 1590 594 90 222 -1 -1 -1 -1 
823 3 1590 593 90 223 -1 -1 -1 -1 
824 3 1590 593 90 223 -1 -1 -1 -1 
825 3 1591 593 89 222 -1 -1 -1 -1 
826 3 1591 594 89 221 -1 -1 -1 -1 
827 3 1590 593 90 222 -1 -1 -1 -1 
828 3 1590 594 90 221 -1 -1 -1 -1 
829 3 1590 594 90 221 -1 -1 -1 -1 
830 3 1590 595 90 220 -1 -1 -1 -1 
831 3 1590 594 90 221 -1 -1 -1 -1 
832 3 1590 593 90 222 -1 -1 -1 -1 
833 3 1591 593 90 222 -1 -1 -1 -1 
834 3 1591 593 90 222 -1 -1 -1 -1 
835 3 1590 594 90 221 -1 -1 -1 -1 
836 3 1591 594 90 221 -1 -1 -1 -1 
837 3 1591 593 90 222 -1 -1 -1 -1 
838 3 1591 593 90 222 -1 -1 -1 -1 
839 3 1592 593 89 222 -1 -1 -1 -1 
840 3 1592 592 90 223 -1 -1 -1 -1 
841 3 1592 592 89 223 -1 -1 -1 -1 
842 3 1592 592 90 222 -1 -1 -1 -1 
843 3 1592 593 89 222 -1 -1 -1 -1 
844 3 1592 594 89 221 -1 -1 -1 -1 
845 3 1592 593 89 222 -1 -1 -1 -1 
846 3 1592 593 89 222 -1 -1 -1 -1 
847 3 1592 593 89 222 -1 -1 -1 -1 
848 3 1592 593 89 222 -1 -1 -1 -1 
849 3 1591 593 91 223 -1 -1 -1 -1 
850 3 1592 593 90 222 -1 -1 -1 -1 
851 3 1592 593 90 223 -1 -1 -1 -1 
852 3 1592 592 90 224 -1 -1 -1 -1 
853 3 1592 593 90 223 -1 -1 -1 -1 
854 3 1592 593 90 223 -1 -1 -1 -1 
855 3 1592 593 91 223 -1 -1 -1 -1 
856 3 1592 593 90 223 -1 -1 -1 -1 
857 3 1592 593 90 223 -1 -1 -1 -1 
858 3 1592 593 90 222 -1 -1 -1 -1 
859 3 1592 592 90 223 -1 -1 -1 -1 
860 3 1592 593 90 222 -1 -1 -1 -1 
861 3 1592 593 90 222 -1 -1 -1 -1 
862 3 1591 593 91 222 -1 -1 -1 -1 
863 3 1592 592 90 223 -1 -1 -1 -1 
864 3 1592 592 90 223 -1 -1 -1 -1 
865 3 1592 593 90 222 -1 -1 -1 -1 
866 3 1592 593 89 221 -1 -1 -1 -1 
867 3 1592 593 90 221 -1 -1 -1 -1 
868 3 1592 593 89 221 -1 -1 -1 -1 
869 3 1592 593 89 221 -1 -1 -1 -1 
870 3 1592 594 89 220 -1 -1 -1 -1 
871 3 1592 594 89 221 -1 -1 -1 -1 
872 3 1592 594 89 221 -1 -1 -1 -1 
873 3 1592 594 90 221 -1 -1 -1 -1 
874 3 1592 594 89 221 -1 -1 -1 -1 
875 3 1592 593 90 222 -1 -1 -1 -1 
876 3 1592 593 90 222 -1 -1 -1 -1 
877 3 1592 593 90 222 -1 -1 -1 -1 
878 3 1592 594 89 221 -1 -1 -1 -1 
879 3 1592 594 89 221 -1 -1 -1 -1 
880 3 1592 595 89 219 -1 -1 -1 -1 
881 3 1592 595 89 218 -1 -1 -1 -1 
882 3 1592 595 88 218 -1 -1 -1 -1 
883 3 1592 595 88 218 -1 -1 -1 -1 
884 3 1592 596 88 216 -1 -1 -1 -1 
885 3 1593 596 87 216 -1 -1 -1 -1 
886 3 1593 595 88 217 -1 -1 -1 -1 
887 3 1593 595 88 217 -1 -1 -1 -1 
888 3 1593 595 88 216 -1 -1 -1 -1 
889 3 1593 595 88 216 -1 -1 -1 -1 
890 3 1593 596 88 215 -1 -1 -1 -1 
891 3 1593 596 88 215 -1 -1 -1 -1 
892 3 1593 596 88 215 -1 -1 -1 -1 
893 3 1594 596 87 215 -1 -1 -1 -1 
894 3 1594 596 87 215 -1 -1 -1 -1 
895 3 1593 596 88 215 -1 -1 -1 -1 
896 3 1594 596 87 215 -1 -1 -1 -1 
897 3 1594 596 87 214 -1 -1 -1 -1 
898 3 1594 596 87 214 -1 -1 -1 -1 
899 3 1594 596 87 215 -1 -1 -1 -1 
900 3 1594 596 87 215 -1 -1 -1 -1 
901 3 1594 597 87 215 -1 -1 -1 -1 
902 3 1594 597 87 215 -1 -1 -1 -1 
903 3 1594 596 87 216 -1 -1 -1 -1 
904 3 1594 595 88 217 -1 -1 -1 -1 
905 3 1594 594 88 218 -1 -1 -1 -1 
906 3 1595 595 87 217 -1 -1 -1 -1 
907 3 1594 595 89 218 -1 -1 -1 -1 
908 3 1594 595 88 218 -1 -1 -1 -1 
909 3 1594 596 88 216 -1 -1 -1 -1 
910 3 1594 596 87 215 -1 -1 -1 -1 
911 3 1594 596 87 215 -1 -1 -1 -1 
912 3 1593 595 88 216 -1 -1 -1 -1 
913 3 1593 596 88 215 -1 -1 -1 -1 
914 3 1593 596 88 215 -1 -1 -1 -1 
915 3 1593 596 88 215 -1 -1 -1 -1 
916 3 1593 596 87 215 -1 -1 -1 -1 
917 3 1593 596 87 215 -1 -1 -1 -1 
918 3 1593 596 87 215 -1 -1 -1 -1 
919 3 1593 596 87 215 -1 -1 -1 -1 
920 3 1592 596 88 215 -1 -1 -1 -1 
921 3 1592 596 88 216 -1 -1 -1 -1 
922 3 1592 596 88 216 -1 -1 -1 -1 
923 3 1592 596 87 216 -1 -1 -1 -1 
924 3 1592 596 88 216 -1 -1 -1 -1 
925 3 1592 596 87 216 -1 -1 -1 -1 
926 3 1591 596 88 216 -1 -1 -1 -1 
927 3 1592 595 87 216 -1 -1 -1 -1 
928 3 1591 595 88 217 -1 -1 -1 -1 
929 3 1592 595 88 216 -1 -1 -1 -1 
930 3 1592 595 87 216 -1 -1 -1 -1 
931 3 1592 595 88 216 -1 -1 -1 -1 
932 3 1592 595 87 216 -1 -1 -1 -1 
933 3 1591 594 88 218 -1 -1 -1 -1 
934 3 1591 594 88 218 -1 -1 -1 -1 
935 3 1591 594 88 219 -1 -1 -1 -1 
936 3 1591 594 88 219 -1 -1 -1 -1 
937 3 1591 594 88 219 -1 -1 -1 -1 
938 3 1590 594 89 220 -1 -1 -1 -1 
939 3 1590 594 89 220 -1 -1 -1 -1 
940 3 1590 594 89 220 -1 -1 -1 -1 
941 3 1590 594 89 220 -1 -1 -1 -1 
942 3 1590 593 90 221 -1 -1 -1 -1 
943 3 1590 593 89 221 -1 -1 -1 -1 
944 3 1591 593 88 220 -1 -1 -1 -1 
945 3 1591 593 88 221 -1 -1 -1 -1 
946 3 1591 594 88 219 -1 -1 -1 -1 
947 3 1591 594 88 218 -1 -1 -1 -1 
948 3 1591 593 89 219 -1 -1 -1 -1 
949 3 1591 594 89 218 -1 -1 -1 -1 
950 3 1592 594 88 218 -1 -1 -1 -1 
951 3 1592 594 88 218 -1 -1 -1 -1 
952 3 1592 594 88 218 -1 -1 -1 -1 
953 3 1592 594 88 218 -1 -1 -1 -1 
954 3 1592 595 88 217 -1 -1 -1 -1 
955 3 1592 595 88 217 -1 -1 -1 -1 
956 3 1592 595 89 217 -1 -1 -1 -1 
957 3 1592 594 89 218 -1 -1 -1 -1 
958 3 1592 594 89 219 -1 -1 -1 -1 
959 3 1592 594 89 219 -1 -1 -1 -1 
960 3 1592 593 89 220 -1 -1 -1 -1 
961 3 1592 593 89 220 -1 -1 -1 -1 
962 3 1592 593 90 219 -1 -1 -1 -1 
963 3 1592 593 90 220 -1 -1 -1 -1 
964 3 1592 593 90 220 -1 -1 -1 -1 
965 3 1592 593 89 220 -1 -1 -1 -1 
966 3 1592 593 89 219 -1 -1 -1 -1 
967 3 1593 593 89 219 -1 -1 -1 -1 
968 3 1592 593 89 219 -1 -1 -1 -1 
969 3 1592 593 90 220 -1 -1 -1 -1 
970 3 1592 593 89 220 -1 -1 -1 -1 
971 3 1593 593 89 219 -1 -1 -1 -1 
972 3 1593 593 89 219 -1 -1 -1 -1 
973 3 1593 592 89 220 -1 -1 -1 -1 
974 3 1593 592 89 220 -1 -1 -1 -1 
975 3 1593 592 89 220 -1 -1 -1 -1 
976 3 1593 593 90 220 -1 -1 -1 -1 
977 3 1593 593 90 221 -1 -1 -1 -1 
978 3 1593 593 89 221 -1 -1 -1 -1 
979 3 1593 593 89 220 -1 -1 -1 -1 
980 3 1593 593 89 220 -1 -1 -1 -1 
981 3 1592 593 90 220 -1 -1 -1 -1 
982 3 1592 593 90 220 -1 -1 -1 -1 
983 3 1592 593 89 220 -1 -1 -1 -1 
984 3 1592 593 89 220 -1 -1 -1 -1 
985 3 1592 593 89 221 -1 -1 -1 -1 
986 3 1592 593 89 221 -1 -1 -1 -1 
987 3 1592 592 89 222 -1 -1 -1 -1 
988 3 1592 592 89 222 -1 -1 -1 -1 
989 3 1592 592 90 222 -1 -1 -1 -1 
990 3 1592 592 90 222 -1 -1 -1 -1 
991 3 1593 592 90 222 -1 -1 -1 -1 
992 3 1594 591 90 222 -1 -1 -1 -1 
993 3 1594 591 90 222 -1 -1 -1 -1 
994 3 1593 591 90 222 -1 -1 -1 -1 
995 3 1594 591 89 222 -1 -1 -1 -1 
996 3 1593 591 90 222 -1 -1 -1 -1 
997 3 1593 591 90 222 -1 -1 -1 -1 
998 3 1593 591 90 223 -1 -1 -1 -1 
999 3 1593 591 90 222 -1 -1 -1 -1 
1000 3 1593 590 90 223 -1 -1 -1 -1 
1001 3 1593 590 90 224 -1 -1 -1 -1 
1002 3 1593 591 90 223 -1 -1 -1 -1 
1003 3 1593 592 89 222 -1 -1 -1 -1 
1004 3 1592 592 90 223 -1 -1 -1 -1 
1005 3 1592 593 90 221 -1 -1 -1 -1 
1006 3 1592 593 89 221 -1 -1 -1 -1 
1007 3 1592 594 89 220 -1 -1 -1 -1 
1008 3 1592 594 89 220 -1 -1 -1 -1 
1009 3 1592 595 89 219 -1 -1 -1 -1 
1010 3 1592 595 89 219 -1 -1 -1 -1 
1011 3 1592 595 89 219 -1 -1 -1 -1 
1012 3 1592 595 88 219 -1 -1 -1 -1 
1013 3 1592 595 88 219 -1 -1 -1 -1 
1014 3 1592 594 88 219 -1 -1 -1 -1 
1015 3 1592 594 88 219 -1 -1 -1 -1 
1016 3 1592 594 88 219 -1 -1 -1 -1 
1017 3 1592 595 88 218 -1 -1 -1 -1 
1018 3 1592 594 88 219 -1 -1 -1 -1 
1019 3 1592 595 89 219 -1 -1 -1 -1 
1020 3 1592 594 89 220 -1 -1 -1 -1 
1021 3 1592 594 89 220 -1 -1 -1 -1 
1022 3 1592 593 90 221 -1 -1 -1 -1 
1023 3 1592 592 90 222 -1 -1 -1 -1 
1024 3 1593 593 89 221 -1 -1 -1 -1 
1025 3 1593 593 89 221 -1 -1 -1 -1 
1026 3 1593 594 89 220 -1 -1 -1 -1 
1027 3 1593 594 89 220 -1 -1 -1 -1 
1028 3 1593 594 89 220 -1 -1 -1 -1 
1029 3 1593 594 89 220 -1 -1 -1 -1 
1030 3 1593 594 89 220 -1 -1 -1 -1 
1031 3 1593 595 88 220 -1 -1 -1 -1 
1032 3 1593 595 88 219 -1 -1 -1 -1 
1033 3 1593 596 88 218 -1 -1 -1 -1 
1034 3 1593 596 88 218 -1 -1 -1 -1 
1035 3 1593 596 88 218 -1 -1 -1 -1 
1036 3 1592 596 88 217 -1 -1 -1 -1 
1037 3 1592 596 88 217 -1 -1 -1 -1 
1038 3 1591 595 89 220 -1 -1 -1 -1 
1039 3 1590 594 90 222 -1 -1 -1 -1 
1040 3 1590 593 91 224 -1 -1 -1 -1 
1041 3 1591 594 90 222 -1 -1 -1 -1 
1042 3 1591 594 89 222 -1 -1 -1 -1 
1043 3 1590 594 91 223 -1 -1 -1 -1 
1044 3 1590 594 91 223 -1 -1 -1 -1 
1045 3 1590 593 91 224 -1 -1 -1 -1 
1046 3 1590 592 91 224 -1 -1 -1 -1 
1047 3 1590 586 94 230 -1 -1 -1 -1 
1048 3 1592 589 91 226 -1 -1 -1 -1 
1049 3 1592 590 91 225 -1 -1 -1 -1 
1050 3 1591 591 91 224 -1 -1 -1 -1 
1 4 1728 463 80 194 -1 -1 -1 -1 
2 4 1728 463 80 195 -1 -1 -1 -1 
3 4 1727 463 80 193 -1 -1 -1 -1 
4 4 1727 462 79 193 -1 -1 -1 -1 
5 4 1726 462 80 193 -1 -1 -1 -1 
6 4 1724 460 80 197 -1 -1 -1 -1 
7 4 1724 460 79 197 -1 -1 -1 -1 
8 4 1722 459 79 197 -1 -1 -1 -1 
9 4 1721 459 78 196 -1 -1 -1 -1 
10 4 1721 460 78 196 -1 -1 -1 -1 
11 4 1720 462 78 195 -1 -1 -1 -1 
12 4 1720 462 78 195 -1 -1 -1 -1 
13 4 1720 462 78 195 -1 -1 -1 -1 
14 4 1720 462 78 196 -1 -1 -1 -1 
15 4 1720 462 78 196 -1 -1 -1 -1 
16 4 1720 462 78 195 -1 -1 -1 -1 
17 4 1720 462 78 196 -1 -1 -1 -1 
18 4 1719 462 79 196 -1 -1 -1 -1 
19 4 1719 462 79 197 -1 -1 -1 -1 
20 4 1719 462 79 196 -1 -1 -1 -1 
21 4 1719 462 79 196 -1 -1 -1 -1 
22 4 1719 461 79 196 -1 -1 -1 -1 
23 4 1719 461 79 196 -1 -1 -1 -1 
24 4 1719 461 79 197 -1 -1 -1 -1 
25 4 1719 461 79 197 -1 -1 -1 -1 
26 4 1719 461 79 197 -1 -1 -1 -1 
27 4 1719 461 79 197 -1 -1 -1 -1 
28 4 1719 462 79 196 -1 -1 -1 -1 
29 4 1719 462 79 196 -1 -1 -1 -1 
30 4 1719 462 78 195 -1 -1 -1 -1 
31 4 1719 461 79 197 -1 -1 -1 -1 
32 4 1719 460 79 198 -1 -1 -1 -1 
33 4 1719 460 79 199 -1 -1 -1 -1 
34 4 1719 461 79 197 -1 -1 -1 -1 
35 4 1719 460 79 197 -1 -1 -1 -1 
36 4 1719 461 78 196 -1 -1 -1 -1 
37 4 1719 461 79 197 -1 -1 -1 -1 
38 4 1719 461 79 197 -1 -1 -1 -1 
39 4 1719 462 79 196 -1 -1 -1 -1 
40 4 1719 461 78 197 -1 -1 -1 -1 
41 4 1719 461 78 197 -1 -1 -1 -1 
42 4 1718 461 79 197 -1 -1 -1 -1 
43 4 1718 461 79 197 -1 -1 -1 -1 
44 4 1718 461 79 196 -1 -1 -1 -1 
45 4 1718 462 79 196 -1 -1 -1 -1 
46 4 1718 461 79 197 -1 -1 -1 -1 
47 4 1718 461 79 196 -1 -1 -1 -1 
48 4 1718 462 78 195 -1 -1 -1 -1 
49 4 1718 461 79 196 -1 -1 -1 -1 
50 4 1718 461 79 196 -1 -1 -1 -1 
51 4 1718 462 79 195 -1 -1 -1 -1 
52 4 1718 461 79 197 -1 -1 -1 -1 
53 4 1718 461 79 197 -1 -1 -1 -1 
54 4 1718 461 79 197 -1 -1 -1 -1 
55 4 1718 461 79 197 -1 -1 -1 -1 
56 4 1718 461 79 198 -1 -1 -1 -1 
57 4 1718 462 79 196 -1 -1 -1 -1 
58 4 1718 462 79 196 -1 -1 -1 -1 
59 4 1718 462 79 197 -1 -1 -1 -1 
60 4 1718 462 79 196 -1 -1 -1 -1 
61 4 1718 462 79 196 -1 -1 -1 -1 
62 4 1718 461 79 197 -1 -1 -1 -1 
63 4 1717 461 80 198 -1 -1 -1 -1 
64 4 1717 461 80 198 -1 -1 -1 -1 
65 4 1717 460 80 199 -1 -1 -1 -1 
66 4 1717 460 80 200 -1 -1 -1 -1 
67 4 1717 460 80 199 -1 -1 -1 -1 
68 4 1717 461 80 198 -1 -1 -1 -1 
69 4 1717 461 80 199 -1 -1 -1 -1 
70 4 1718 461 79 198 -1 -1 -1 -1 
71 4 1718 462 79 197 -1 -1 -1 -1 
72 4 1717 461 80 198 -1 -1 -1 -1 
73 4 1718 461 79 199 -1 -1 -1 -1 
74 4 1717 461 80 199 -1 -1 -1 -1 
75 4 1717 462 80 197 -1 -1 -1 -1 
76 4 1718 461 79 197 -1 -1 -1 -1 
77 4 1718 461 79 198 -1 -1 -1 -1 
78 4 1717 460 80 199 -1 -1 -1 -1 
79 4 1717 461 79 197 -1 -1 -1 -1 
80 4 1717 461 80 198 -1 -1 -1 -1 
81 4 1717 461 79 198 -1 -1 -1 -1 
82 4 1717 461 79 198 -1 -1 -1 -1 
83 4 1717 461 80 198 -1 -1 -1 -1 
84 4 1717 461 79 197 -1 -1 -1 -1 
85 4 1717 461 80 197 -1 -1 -1 -1 
86 4 1717 460 80 198 -1 -1 -1 -1 
87 4 1717 461 80 197 -1 -1 -1 -1 
88 4 1717 461 80 197 -1 -1 -1 -1 
89 4 1717 461 79 197 -1 -1 -1 -1 
90 4 1717 460 80 198 -1 -1 -1 -1 
91 4 1717 461 80 198 -1 -1 -1 -1 
92 4 1717 460 80 198 -1 -1 -1 -1 
93 4 1717 461 79 197 -1 -1 -1 -1 
94 4 1717 462 80 196 -1 -1 -1 -1 
95 4 1717 462 80 197 -1 -1 -1 -1 
96 4 1717 461 80 198 -1 -1 -1 -1 
97 4 1717 461 79 197 -1 -1 -1 -1 
98 4 1717 461 80 198 -1 -1 -1 -1 
99 4 1717 461 80 198 -1 -1 -1 -1 
100 4 1717 461 80 198 -1 -1 -1 -1 
101 4 1717 461 80 198 -1 -1 -1 -1 
102 4 1717 460 80 199 -1 -1 -1 -1 
103 4 1717 460 80 199 -1 -1 -1 -1 
104 4 1717 460 80 198 -1 -1 -1 -1 
105 4 1717 460 80 198 -1 -1 -1 -1 
106 4 1717 460 80 199 -1 -1 -1 -1 
107 4 1717 460 80 199 -1 -1 -1 -1 
108 4 1717 460 80 198 -1 -1 -1 -1 
109 4 1717 460 80 198 -1 -1 -1 -1 
110 4 1717 460 80 199 -1 -1 -1 -1 
111 4 1717 460 80 198 -1 -1 -1 -1 
112 4 1717 461 80 197 -1 -1 -1 -1 
113 4 1717 461 80 197 -1 -1 -1 -1 
114 4 1718 461 79 198 -1 -1 -1 -1 
115 4 1717 461 80 198 -1 -1 -1 -1 
116 4 1718 462 79 197 -1 -1 -1 -1 
117 4 1718 461 79 198 -1 -1 -1 -1 
118 4 1718 461 79 197 -1 -1 -1 -1 
119 4 1718 461 79 198 -1 -1 -1 -1 
120 4 1717 461 80 198 -1 -1 -1 -1 
121 4 1717 461 80 198 -1 -1 -1 -1 
122 4 1717 461 80 198 -1 -1 -1 -1 
123 4 1717 460 80 199 -1 -1 -1 -1 
124 4 1717 461 79 198 -1 -1 -1 -1 
125 4 1717 460 80 198 -1 -1 -1 -1 
126 4 1717 461 79 197 -1 -1 -1 -1 
127 4 1717 461 80 198 -1 -1 -1 -1 
128 4 1717 460 80 199 -1 -1 -1 -1 
129 4 1717 460 80 199 -1 -1 -1 -1 
130 4 1718 461 79 197 -1 -1 -1 -1 
131 4 1717 461 80 198 -1 -1 -1 -1 
132 4 1717 461 80 198 -1 -1 -1 -1 
133 4 1717 461 80 198 -1 -1 -1 -1 
134 4 1717 461 80 198 -1 -1 -1 -1 
135 4 1717 461 80 198 -1 -1 -1 -1 
136 4 1717 460 80 199 -1 -1 -1 -1 
137 4 1717 460 80 199 -1 -1 -1 -1 
138 4 1717 460 80 199 -1 -1 -1 -1 
139 4 1718 461 79 198 -1 -1 -1 -1 
140 4 1717 461 80 198 -1 -1 -1 -1 
141 4 1717 460 80 199 -1 -1 -1 -1 
142 4 1717 461 80 198 -1 -1 -1 -1 
143 4 1718 462 79 197 -1 -1 -1 -1 
144 4 1718 461 79 198 -1 -1 -1 -1 
145 4 1718 461 80 198 -1 -1 -1 -1 
146 4 1718 461 80 198 -1 -1 -1 -1 
147 4 1718 461 80 198 -1 -1 -1 -1 
148 4 1718 461 80 199 -1 -1 -1 -1 
149 4 1718 461 80 198 -1 -1 -1 -1 
150 4 1718 461 80 198 -1 -1 -1 -1 
151 4 1718 461 80 198 -1 -1 -1 -1 
152 4 1718 461 80 198 -1 -1 -1 -1 
153 4 1718 461 80 197 -1 -1 -1 -1 
154 4 1718 462 79 196 -1 -1 -1 -1 
155 4 1718 461 79 196 -1 -1 -1 -1 
156 4 1718 461 79 196 -1 -1 -1 -1 
157 4 1718 461 79 197 -1 -1 -1 -1 
158 4 1718 462 79 197 -1 -1 -1 -1 
159 4 1718 462 79 197 -1 -1 -1 -1 
160 4 1718 462 80 198 -1 -1 -1 -1 
161 4 1718 462 80 198 -1 -1 -1 -1 
162 4 1718 462 80 198 -1 -1 -1 -1 
163 4 1718 462 80 199 -1 -1 -1 -1 
164 4 1718 461 80 199 -1 -1 -1 -1 
165 4 1719 461 79 199 -1 -1 -1 -1 
166 4 1719 462 79 199 -1 -1 -1 -1 
167 4 1718 462 80 199 -1 -1 -1 -1 
168 4 1719 462 79 199 -1 -1 -1 -1 
169 4 1719 461 79 200 -1 -1 -1 -1 
170 4 1719 461 79 200 -1 -1 -1 -1 
171 4 1719 461 79 200 -1 -1 -1 -1 
172 4 1719 461 79 199 -1 -1 -1 -1 
173 4 1719 462 79 198 -1 -1 -1 -1 
174 4 1719 462 79 198 -1 -1 -1 -1 
175 4 1718 461 80 200 -1 -1 -1 -1 
176 4 1718 461 80 200 -1 -1 -1 -1 
177 4 1718 461 80 200 -1 -1 -1 -1 
178 4 1719 461 79 199 -1 -1 -1 -1 
179 4 1718 461 80 200 -1 -1 -1 -1 
180 4 1718 461 80 200 -1 -1 -1 -1 
181 4 1718 461 80 200 -1 -1 -1 -1 
182 4 1718 461 80 201 -1 -1 -1 -1 
183 4 1718 461 80 201 -1 -1 -1 -1 
184 4 1718 461 81 201 -1 -1 -1 -1 
185 4 1718 461 80 201 -1 -1 -1 -1 
186 4 1719 461 79 200 -1 -1 -1 -1 
187 4 1718 461 80 200 -1 -1 -1 -1 
188 4 1718 461 81 201 -1 -1 -1 -1 
189 4 1718 461 80 200 -1 -1 -1 -1 
190 4 1718 460 80 202 -1 -1 -1 -1 
191 4 1718 461 80 200 -1 -1 -1 -1 
192 4 1718 461 79 200 -1 -1 -1 -1 
193 4 1718 460 79 201 -1 -1 -1 -1 
194 4 1718 460 79 200 -1 -1 -1 -1 
195 4 1718 460 79 200 -1 -1 -1 -1 
196 4 1718 460 80 200 -1 -1 -1 -1 
197 4 1718 460 80 201 -1 -1 -1 -1 
198 4 1718 460 80 201 -1 -1 -1 -1 
199 4 1718 460 80 201 -1 -1 -1 -1 
200 4 1718 460 80 201 -1 -1 -1 -1 
201 4 1718 460 80 201 -1 -1 -1 -1 
202 4 1718 460 80 202 -1 -1 -1 -1 
203 4 1718 460 80 202 -1 -1 -1 -1 
204 4 1718 460 81 201 -1 -1 -1 -1 
205 4 1718 460 81 201 -1 -1 -1 -1 
206 4 1718 460 80 201 -1 -1 -1 -1 
207 4 1719 460 79 201 -1 -1 -1 -1 
208 4 1719 460 80 201 -1 -1 -1 -1 
209 4 1718 460 80 201 -1 -1 -1 -1 
210 4 1718 460 81 201 -1 -1 -1 -1 
211 4 1719 460 79 200 -1 -1 -1 -1 
212 4 1718 460 80 200 -1 -1 -1 -1 
213 4 1718 460 81 201 -1 -1 -1 -1 
214 4 1719 461 80 200 -1 -1 -1 -1 
215 4 1719 461 80 200 -1 -1 -1 -1 
216 4 1719 460 80 201 -1 -1 -1 -1 
217 4 1719 460 80 201 -1 -1 -1 -1 
218 4 1719 460 80 201 -1 -1 -1 -1 
219 4 1719 460 80 201 -1 -1 -1 -1 
220 4 1719 461 80 200 -1 -1 -1 -1 
221 4 1719 461 80 200 -1 -1 -1 -1 
222 4 1718 461 80 200 -1 -1 -1 -1 
223 4 1718 460 80 201 -1 -1 -1 -1 
224 4 1719 460 80 201 -1 -1 -1 -1 
225 4 1719 461 80 200 -1 -1 -1 -1 
226 4 1718 459 81 203 -1 -1 -1 -1 
227 4 1718 459 81 202 -1 -1 -1 -1 
228 4 1718 460 81 201 -1 -1 -1 -1 
229 4 1719 460 80 201 -1 -1 -1 -1 
230 4 1719 460 80 201 -1 -1 -1 -1 
231 4 1719 461 80 200 -1 -1 -1 -1 
232 4 1719 461 80 200 -1 -1 -1 -1 
233 4 1719 460 80 201 -1 -1 -1 -1 
234 4 1719 460 80 201 -1 -1 -1 -1 
235 4 1719 460 80 201 -1 -1 -1 -1 
236 4 1719 460 80 201 -1 -1 -1 -1 
237 4 1718 460 81 202 -1 -1 -1 -1 
238 4 1718 460 80 201 -1 -1 -1 -1 
239 4 1718 460 80 201 -1 -1 -1 -1 
240 4 1718 460 80 201 -1 -1 -1 -1 
241 4 1718 460 80 201 -1 -1 -1 -1 
242 4 1718 461 80 200 -1 -1 -1 -1 
243 4 1719 461 79 200 -1 -1 -1 -1 
244 4 1719 461 79 199 -1 -1 -1 -1 
245 4 1719 461 79 200 -1 -1 -1 -1 
246 4 1719 461 79 200 -1 -1 -1 -1 
247 4 1719 460 79 201 -1 -1 -1 -1 
248 4 1719 461 79 199 -1 -1 -1 -1 
249 4 1719 461 79 199 -1 -1 -1 -1 
250 4 1718 460 80 201 -1 -1 -1 -1 
251 4 1718 460 80 201 -1 -1 -1 -1 
252 4 1718 461 80 200 -1 -1 -1 -1 
253 4 1718 460 80 201 -1 -1 -1 -1 
254 4 1718 460 80 201 -1 -1 -1 -1 
255 4 1718 460 80 200 -1 -1 -1 -1 
256 4 1718 459 80 201 -1 -1 -1 -1 
257 4 1718 460 80 200 -1 -1 -1 -1 
258 4 1718 459 80 201 -1 -1 -1 -1 
259 4 1718 459 80 202 -1 -1 -1 -1 
260 4 1718 459 80 201 -1 -1 -1 -1 
261 4 1718 459 80 202 -1 -1 -1 -1 
262 4 1718 459 81 203 -1 -1 -1 -1 
263 4 1718 459 80 203 -1 -1 -1 -1 
264 4 1718 459 80 203 -1 -1 -1 -1 
265 4 1718 460 80 201 -1 -1 -1 -1 
266 4 1718 459 80 202 -1 -1 -1 -1 
267 4 1718 459 80 202 -1 -1 -1 -1 
268 4 1718 459 80 202 -1 -1 -1 -1 
269 4 1718 460 80 201 -1 -1 -1 -1 
270 4 1718 460 80 202 -1 -1 -1 -1 
271 4 1718 460 80 201 -1 -1 -1 -1 
272 4 1718 461 80 200 -1 -1 -1 -1 
273 4 1718 461 80 200 -1 -1 -1 -1 
274 4 1718 461 80 200 -1 -1 -1 -1 
275 4 1718 460 80 200 -1 -1 -1 -1 
276 4 1718 460 79 200 -1 -1 -1 -1 
277 4 1718 460 80 200 -1 -1 -1 -1 
278 4 1718 460 80 200 -1 -1 -1 -1 
279 4 1718 460 80 201 -1 -1 -1 -1 
280 4 1718 460 80 202 -1 -1 -1 -1 
281 4 1718 460 80 202 -1 -1 -1 -1 
282 4 1718 460 80 202 -1 -1 -1 -1 
283 4 1718 460 80 202 -1 -1 -1 -1 
284 4 1718 461 80 201 -1 -1 -1 -1 
285 4 1718 460 80 201 -1 -1 -1 -1 
286 4 1718 460 80 202 -1 -1 -1 -1 
287 4 1718 461 80 201 -1 -1 -1 -1 
288 4 1718 461 80 201 -1 -1 -1 -1 
289 4 1718 461 80 201 -1 -1 -1 -1 
290 4 1718 461 80 201 -1 -1 -1 -1 
291 4 1718 462 80 200 -1 -1 -1 -1 
292 4 1719 462 79 199 -1 -1 -1 -1 
293 4 1719 462 79 199 -1 -1 -1 -1 
294 4 1719 461 79 200 -1 -1 -1 -1 
295 4 1719 462 79 199 -1 -1 -1 -1 
296 4 1719 462 79 199 -1 -1 -1 -1 
297 4 1719 462 79 199 -1 -1 -1 -1 
298 4 1719 462 79 200 -1 -1 -1 -1 
299 4 1719 462 79 200 -1 -1 -1 -1 
300 4 1719 463 79 199 -1 -1 -1 -1 
301 4 1719 462 79 199 -1 -1 -1 -1 
302 4 1719 462 79 199 -1 -1 -1 -1 
303 4 1719 462 79 200 -1 -1 -1 -1 
304 4 1719 462 79 200 -1 -1 -1 -1 
305 4 1719 462 79 199 -1 -1 -1 -1 
306 4 1719 463 78 198 -1 -1 -1 -1 
307 4 1719 462 78 199 -1 -1 -1 -1 
308 4 1719 462 79 200 -1 -1 -1 -1 
309 4 1718 461 79 201 -1 -1 -1 -1 
310 4 1718 461 79 201 -1 -1 -1 -1 
311 4 1718 461 80 201 -1 -1 -1 -1 
312 4 1719 462 79 199 -1 -1 -1 -1 
313 4 1719 462 79 199 -1 -1 -1 -1 
314 4 1719 462 79 200 -1 -1 -1 -1 
315 4 1719 462 79 200 -1 -1 -1 -1 
316 4 1718 462 80 200 -1 -1 -1 -1 
317 4 1718 462 80 200 -1 -1 -1 -1 
318 4 1718 461 80 201 -1 -1 -1 -1 
319 4 1717 461 81 200 -1 -1 -1 -1 
320 4 1718 461 80 201 -1 -1 -1 -1 
321 4 1718 462 79 200 -1 -1 -1 -1 
322 4 1718 462 79 200 -1 -1 -1 -1 
323 4 1718 462 79 199 -1 -1 -1 -1 
324 4 1718 462 79 199 -1 -1 -1 -1 
325 4 1719 462 78 198 -1 -1 -1 -1 
326 4 1719 462 79 199 -1 -1 -1 -1 
327 4 1719 462 79 200 -1 -1 -1 -1 
328 4 1719 463 79 199 -1 -1 -1 -1 
329 4 1719 463 79 199 -1 -1 -1 -1 
330 4 1720 463 78 199 -1 -1 -1 -1 
331 4 1720 462 78 199 -1 -1 -1 -1 
332 4 1720 463 78 197 -1 -1 -1 -1 
333 4 1720 463 78 197 -1 -1 -1 -1 
334 4 1720 463 79 198 -1 -1 -1 -1 
335 4 1720 462 78 199 -1 -1 -1 -1 
336 4 1720 462 79 199 -1 -1 -1 -1 
337 4 1720 462 79 199 -1 -1 -1 -1 
338 4 1720 462 78 199 -1 -1 -1 -1 
339 4 1719 462 79 199 -1 -1 -1 -1 
340 4 1719 462 79 199 -1 -1 -1 -1 
341 4 1719 462 79 200 -1 -1 -1 -1 
342 4 1719 462 79 199 -1 -1 -1 -1 
343 4 1719 461 79 200 -1 -1 -1 -1 
344 4 1719 461 79 200 -1 -1 -1 -1 
345 4 1719 461 79 200 -1 -1 -1 -1 
346 4 1719 461 79 199 -1 -1 -1 -1 
347 4 1719 461 79 199 -1 -1 -1 -1 
348 4 1719 460 79 200 -1 -1 -1 -1 
349 4 1719 459 80 201 -1 -1 -1 -1 
350 4 1719 460 80 200 -1 -1 -1 -1 
351 4 1719 460 79 199 -1 -1 -1 -1 
352 4 1719 459 80 200 -1 -1 -1 -1 
353 4 1719 459 80 201 -1 -1 -1 -1 
354 4 1719 458 80 201 -1 -1 -1 -1 
355 4 1719 458 81 201 -1 -1 -1 -1 
356 4 1719 457 81 202 -1 -1 -1 -1 
357 4 1720 457 80 202 -1 -1 -1 -1 
358 4 1719 458 81 202 -1 -1 -1 -1 
359 4 1720 458 80 201 -1 -1 -1 -1 
360 4 1720 458 80 201 -1 -1 -1 -1 
361 4 1720 458 80 202 -1 -1 -1 -1 
362 4 1719 458 82 203 -1 -1 -1 -1 
363 4 1719 458 82 203 -1 -1 -1 -1 
364 4 1719 458 82 203 -1 -1 -1 -1 
365 4 1719 457 81 203 -1 -1 -1 -1 
366 4 1718 457 82 204 -1 -1 -1 -1 
367 4 1719 458 81 202 -1 -1 -1 -1 
368 4 1719 458 81 202 -1 -1 -1 -1 
369 4 1719 458 80 200 -1 -1 -1 -1 
370 4 1719 458 80 200 -1 -1 -1 -1 
371 4 1719 458 80 201 -1 -1 -1 -1 
372 4 1718 458 81 201 -1 -1 -1 -1 
373 4 1718 458 81 202 -1 -1 -1 -1 
374 4 1718 457 81 203 -1 -1 -1 -1 
375 4 1718 457 81 202 -1 -1 -1 -1 
376 4 1718 457 81 202 -1 -1 -1 -1 
377 4 1718 457 80 201 -1 -1 -1 -1 
378 4 1718 457 80 201 -1 -1 -1 -1 
379 4 1718 457 80 201 -1 -1 -1 -1 
380 4 1718 457 80 201 -1 -1 -1 -1 
381 4 1718 457 80 200 -1 -1 -1 -1 
382 4 1718 458 80 199 -1 -1 -1 -1 
383 4 1718 458 80 199 -1 -1 -1 -1 
384 4 1718 458 80 199 -1 -1 -1 -1 
385 4 1718 458 80 199 -1 -1 -1 -1 
386 4 1718 458 80 199 -1 -1 -1 -1 
387 4 1718 458 80 199 -1 -1 -1 -1 
388 4 1718 458 80 198 -1 -1 -1 -1 
389 4 1718 458 80 198 -1 -1 -1 -1 
390 4 1718 458 80 198 -1 -1 -1 -1 
391 4 1718 458 80 198 -1 -1 -1 -1 
392 4 1718 458 80 198 -1 -1 -1 -1 
393 4 1718 458 80 198 -1 -1 -1 -1 
394 4 1718 457 81 199 -1 -1 -1 -1 
395 4 1718 458 80 198 -1 -1 -1 -1 
396 4 1718 458 80 198 -1 -1 -1 -1 
397 4 1718 459 79 197 -1 -1 -1 -1 
398 4 1717 459 80 198 -1 -1 -1 -1 
399 4 1717 458 81 200 -1 -1 -1 -1 
400 4 1717 458 80 199 -1 -1 -1 -1 
401 4 1718 460 80 197 -1 -1 -1 -1 
402 4 1717 460 80 197 -1 -1 -1 -1 
403 4 1717 460 80 197 -1 -1 -1 -1 
404 4 1717 460 79 197 -1 -1 -1 -1 
405 4 1717 460 79 196 -1 -1 -1 -1 
406 4 1717 459 79 197 -1 -1 -1 -1 
407 4 1717 460 80 197 -1 -1 -1 -1 
408 4 1719 459 79 198 -1 -1 -1 -1 
409 4 1718 459 80 199 -1 -1 -1 -1 
410 4 1718 459 80 200 -1 -1 -1 -1 
411 4 1717 458 81 201 -1 -1 -1 -1 
412 4 1717 459 81 201 -1 -1 -1 -1 
413 4 1717 457 81 202 -1 -1 -1 -1 
414 4 1717 457 82 202 -1 -1 -1 -1 
415 4 1717 459 81 200 -1 -1 -1 -1 
416 4 1718 460 81 199 -1 -1 -1 -1 
417 4 1718 461 80 198 -1 -1 -1 -1 
418 4 1718 460 80 200 -1 -1 -1 -1 
419 4 1718 461 80 199 -1 -1 -1 -1 
420 4 1719 460 80 199 -1 -1 -1 -1 
421 4 1720 460 80 199 -1 -1 -1 -1 
422 4 1719 459 80 199 -1 -1 -1 -1 
423 4 1719 459 81 199 -1 -1 -1 -1 
424 4 1720 458 80 200 -1 -1 -1 -1 
425 4 1720 460 80 199 -1 -1 -1 -1 
426 4 1720 460 80 199 -1 -1 -1 -1 
427 4 1720 460 80 199 -1 -1 -1 -1 
428 4 1719 459 80 199 -1 -1 -1 -1 
429 4 1718 458 81 201 -1 -1 -1 -1 
430 4 1718 458 80 200 -1 -1 -1 -1 
431 4 1718 458 81 200 -1 -1 -1 -1 
432 4 1717 458 82 200 -1 -1 -1 -1 
433 4 1718 458 80 200 -1 -1 -1 -1 
434 4 1718 458 80 199 -1 -1 -1 -1 
435 4 1718 459 80 199 -1 -1 -1 -1 
436 4 1718 459 80 198 -1 -1 -1 -1 
437 4 1718 459 80 198 -1 -1 -1 -1 
438 4 1718 459 80 199 -1 -1 -1 -1 
439 4 1718 459 81 200 -1 -1 -1 -1 
440 4 1718 459 80 200 -1 -1 -1 -1 
441 4 1718 459 80 199 -1 -1 -1 -1 
442 4 1719 459 80 201 -1 -1 -1 -1 
443 4 1719 460 80 201 -1 -1 -1 -1 
444 4 1719 459 80 202 -1 -1 -1 -1 
445 4 1719 459 80 202 -1 -1 -1 -1 
446 4 1719 459 80 202 -1 -1 -1 -1 
447 4 1718 460 80 200 -1 -1 -1 -1 
448 4 1718 460 80 200 -1 -1 -1 -1 
449 4 1718 459 80 200 -1 -1 -1 -1 
450 4 1719 460 78 198 -1 -1 -1 -1 
451 4 1718 460 79 199 -1 -1 -1 -1 
452 4 1718 460 79 199 -1 -1 -1 -1 
453 4 1718 460 79 198 -1 -1 -1 -1 
454 4 1719 460 78 198 -1 -1 -1 -1 
455 4 1719 460 78 198 -1 -1 -1 -1 
456 4 1719 461 78 196 -1 -1 -1 -1 
457 4 1719 461 78 197 -1 -1 -1 -1 
458 4 1719 462 78 196 -1 -1 -1 -1 
459 4 1719 462 78 196 -1 -1 -1 -1 
460 4 1719 462 78 197 -1 -1 -1 -1 
461 4 1720 462 77 196 -1 -1 -1 -1 
462 4 1720 463 77 195 -1 -1 -1 -1 
463 4 1720 462 77 196 -1 -1 -1 -1 
464 4 1719 462 78 197 -1 -1 -1 -1 
465 4 1719 462 78 197 -1 -1 -1 -1 
466 4 1719 463 78 196 -1 -1 -1 -1 
467 4 1719 462 78 197 -1 -1 -1 -1 
468 4 1719 462 78 196 -1 -1 -1 -1 
469 4 1718 462 79 195 -1 -1 -1 -1 
470 4 1718 462 79 195 -1 -1 -1 -1 
471 4 1718 461 79 197 -1 -1 -1 -1 
472 4 1718 461 79 197 -1 -1 -1 -1 
473 4 1718 460 79 198 -1 -1 -1 -1 
474 4 1718 460 79 199 -1 -1 -1 -1 
475 4 1717 460 81 199 -1 -1 -1 -1 
476 4 1717 460 81 199 -1 -1 -1 -1 
477 4 1717 460 81 199 -1 -1 -1 -1 
478 4 1717 460 81 199 -1 -1 -1 -1 
479 4 1717 460 81 200 -1 -1 -1 -1 
480 4 1717 461 80 198 -1 -1 -1 -1 
481 4 1717 461 80 199 -1 -1 -1 -1 
482 4 1717 461 80 199 -1 -1 -1 -1 
483 4 1718 462 79 197 -1 -1 -1 -1 
484 4 1718 462 79 196 -1 -1 -1 -1 
485 4 1718 462 80 197 -1 -1 -1 -1 
486 4 1719 462 79 196 -1 -1 -1 -1 
487 4 1719 462 79 196 -1 -1 -1 -1 
488 4 1718 461 80 197 -1 -1 -1 -1 
489 4 1718 461 79 196 -1 -1 -1 -1 
490 4 1719 461 78 196 -1 -1 -1 -1 
491 4 1718 462 79 196 -1 -1 -1 -1 
492 4 1718 462 79 196 -1 -1 -1 -1 
493 4 1718 461 79 197 -1 -1 -1 -1 
494 4 1717 461 80 197 -1 -1 -1 -1 
495 4 1717 461 79 198 -1 -1 -1 -1 
496 4 1716 461 80 198 -1 -1 -1 -1 
497 4 1716 461 79 199 -1 -1 -1 -1 
498 4 1717 462 78 197 -1 -1 -1 -1 
499 4 1717 461 78 198 -1 -1 -1 -1 
500 4 1717 459 79 200 -1 -1 -1 -1 
501 4 1716 459 80 200 -1 -1 -1 -1 
502 4 1717 459 79 200 -1 -1 -1 -1 
503 4 1717 459 80 199 -1 -1 -1 -1 
504 4 1718 459 80 199 -1 -1 -1 -1 
505 4 1718 458 80 199 -1 -1 -1 -1 
506 4 1719 458 80 199 -1 -1 -1 -1 
507 4 1720 459 79 196 -1 -1 -1 -1 
508 4 1721 459 78 194 -1 -1 -1 -1 
509 4 1722 460 77 191 -1 -1 -1 -1 
510 4 1721 459 78 191 -1 -1 -1 -1 
511 4 1721 459 78 193 -1 -1 -1 -1 
512 4 1720 460 77 192 -1 -1 -1 -1 
513 4 1720 460 76 189 -1 -1 -1 -1 
514 4 1720 461 76 188 -1 -1 -1 -1 
515 4 1719 461 76 188 -1 -1 -1 -1 
516 4 1719 461 75 186 -1 -1 -1 -1 
517 4 1720 459 76 189 -1 -1 -1 -1 
518 4 1720 458 77 190 -1 -1 -1 -1 
519 4 1721 459 76 190 -1 -1 -1 -1 
520 4 1720 459 78 191 -1 -1 -1 -1 
521 4 1719 459 78 194 -1 -1 -1 -1 
522 4 1719 459 79 195 -1 -1 -1 -1 
523 4 1718 459 80 196 -1 -1 -1 -1 
524 4 1718 459 80 196 -1 -1 -1 -1 
525 4 1718 459 80 195 -1 -1 -1 -1 
526 4 1718 459 79 196 -1 -1 -1 -1 
527 4 1718 459 79 196 -1 -1 -1 -1 
528 4 1718 459 79 197 -1 -1 -1 -1 
529 4 1718 458 79 198 -1 -1 -1 -1 
530 4 1718 458 79 198 -1 -1 -1 -1 
531 4 1718 459 79 197 -1 -1 -1 -1 
532 4 1718 459 79 198 -1 -1 -1 -1 
533 4 1718 459 80 198 -1 -1 -1 -1 
534 4 1718 459 80 198 -1 -1 -1 -1 
535 4 1718 459 80 199 -1 -1 -1 -1 
536 4 1718 459 80 199 -1 -1 -1 -1 
537 4 1719 460 79 197 -1 -1 -1 -1 
538 4 1718 460 80 198 -1 -1 -1 -1 
539 4 1718 460 80 198 -1 -1 -1 -1 
540 4 1718 459 80 199 -1 -1 -1 -1 
541 4 1717 459 80 199 -1 -1 -1 -1 
542 4 1717 459 80 199 -1 -1 -1 -1 
543 4 1718 458 80 199 -1 -1 -1 -1 
544 4 1718 458 80 199 -1 -1 -1 -1 
545 4 1718 458 80 200 -1 -1 -1 -1 
546 4 1718 459 80 200 -1 -1 -1 -1 
547 4 1717 459 81 199 -1 -1 -1 -1 
548 4 1717 458 80 201 -1 -1 -1 -1 
549 4 1717 458 81 201 -1 -1 -1 -1 
550 4 1716 458 81 201 -1 -1 -1 -1 
551 4 1717 458 80 201 -1 -1 -1 -1 
552 4 1717 458 81 200 -1 -1 -1 -1 
553 4 1718 458 80 198 -1 -1 -1 -1 
554 4 1718 458 79 198 -1 -1 -1 -1 
555 4 1718 458 79 197 -1 -1 -1 -1 
556 4 1717 457 80 199 -1 -1 -1 -1 
557 4 1717 457 81 199 -1 -1 -1 -1 
558 4 1718 457 80 199 -1 -1 -1 -1 
559 4 1718 457 80 199 -1 -1 -1 -1 
560 4 1718 457 80 199 -1 -1 -1 -1 
561 4 1718 457 80 199 -1 -1 -1 -1 
562 4 1718 458 80 198 -1 -1 -1 -1 
563 4 1719 458 80 198 -1 -1 -1 -1 
564 4 1719 458 80 198 -1 -1 -1 -1 
565 4 1719 458 80 199 -1 -1 -1 -1 
566 4 1719 458 79 198 -1 -1 -1 -1 
567 4 1718 458 80 200 -1 -1 -1 -1 
568 4 1718 458 80 201 -1 -1 -1 -1 
569 4 1717 459 80 200 -1 -1 -1 -1 
570 4 1718 459 79 199 -1 -1 -1 -1 
571 4 1718 458 79 200 -1 -1 -1 -1 
572 4 1717 458 80 201 -1 -1 -1 -1 
573 4 1717 459 79 199 -1 -1 -1 -1 
574 4 1717 458 79 199 -1 -1 -1 -1 
575 4 1717 458 80 200 -1 -1 -1 -1 
576 4 1717 458 80 200 -1 -1 -1 -1 
577 4 1717 458 80 200 -1 -1 -1 -1 
578 4 1717 458 80 201 -1 -1 -1 -1 
579 4 1717 458 80 201 -1 -1 -1 -1 
580 4 1717 458 80 202 -1 -1 -1 -1 
581 4 1717 459 80 201 -1 -1 -1 -1 
582 4 1717 459 79 200 -1 -1 -1 -1 
583 4 1717 458 80 200 -1 -1 -1 -1 
584 4 1717 457 80 201 -1 -1 -1 -1 
585 4 1717 457 81 202 -1 -1 -1 -1 
586 4 1716 456 81 203 -1 -1 -1 -1 
587 4 1716 456 81 203 -1 -1 -1 -1 
588 4 1716 456 80 202 -1 -1 -1 -1 
589 4 1716 457 80 200 -1 -1 -1 -1 
590 4 1718 457 78 198 -1 -1 -1 -1 
591 4 1719 457 78 198 -1 -1 -1 -1 
592 4 1719 456 78 198 -1 -1 -1 -1 
593 4 1719 456 78 198 -1 -1 -1 -1 
594 4 1719 456 78 197 -1 -1 -1 -1 
595 4 1719 457 78 197 -1 -1 -1 -1 
596 4 1719 457 78 198 -1 -1 -1 -1 
597 4 1718 457 79 199 -1 -1 -1 -1 
598 4 1718 457 79 199 -1 -1 -1 -1 
599 4 1718 457 79 199 -1 -1 -1 -1 
600 4 1718 457 79 199 -1 -1 -1 -1 
601 4 1718 457 79 200 -1 -1 -1 -1 
602 4 1718 457 79 200 -1 -1 -1 -1 
603 4 1718 458 80 200 -1 -1 -1 -1 
604 4 1718 457 80 201 -1 -1 -1 -1 
605 4 1718 457 80 201 -1 -1 -1 -1 
606 4 1717 457 81 201 -1 -1 -1 -1 
607 4 1717 457 80 201 -1 -1 -1 -1 
608 4 1717 457 80 201 -1 -1 -1 -1 
609 4 1717 457 80 201 -1 -1 -1 -1 
610 4 1717 458 80 200 -1 -1 -1 -1 
611 4 1717 458 80 200 -1 -1 -1 -1 
612 4 1717 458 80 199 -1 -1 -1 -1 
613 4 1717 458 79 199 -1 -1 -1 -1 
614 4 1717 458 80 199 -1 -1 -1 -1 
615 4 1717 457 79 201 -1 -1 -1 -1 
616 4 1717 458 79 200 -1 -1 -1 -1 
617 4 1717 458 79 200 -1 -1 -1 -1 
618 4 1717 458 79 200 -1 -1 -1 -1 
619 4 1717 457 79 201 -1 -1 -1 -1 
620 4 1717 458 79 200 -1 -1 -1 -1 
621 4 1716 457 80 201 -1 -1 -1 -1 
622 4 1716 457 80 201 -1 -1 -1 -1 
623 4 1716 456 80 201 -1 -1 -1 -1 
624 4 1716 456 80 202 -1 -1 -1 -1 
625 4 1717 457 80 202 -1 -1 -1 -1 
626 4 1717 457 80 201 -1 -1 -1 -1 
627 4 1717 457 80 201 -1 -1 -1 -1 
628 4 1717 457 81 202 -1 -1 -1 -1 
629 4 1717 457 81 201 -1 -1 -1 -1 
630 4 1717 457 81 201 -1 -1 -1 -1 
631 4 1717 457 81 202 -1 -1 -1 -1 
632 4 1717 457 81 202 -1 -1 -1 -1 
633 4 1717 457 81 203 -1 -1 -1 -1 
634 4 1717 456 81 203 -1 -1 -1 -1 
635 4 1717 457 81 202 -1 -1 -1 -1 
636 4 1717 457 80 201 -1 -1 -1 -1 
637 4 1717 457 80 201 -1 -1 -1 -1 
638 4 1717 457 80 201 -1 -1 -1 -1 
639 4 1717 456 81 203 -1 -1 -1 -1 
640 4 1717 456 81 203 -1 -1 -1 -1 
641 4 1717 456 81 203 -1 -1 -1 -1 
642 4 1717 456 82 204 -1 -1 -1 -1 
643 4 1717 457 81 202 -1 -1 -1 -1 
644 4 1717 457 81 202 -1 -1 -1 -1 
645 4 1717 457 81 202 -1 -1 -1 -1 
646 4 1718 457 80 201 -1 -1 -1 -1 
647 4 1718 457 80 201 -1 -1 -1 -1 
648 4 1718 457 80 201 -1 -1 -1 -1 
649 4 1718 457 81 201 -1 -1 -1 -1 
650 4 1717 457 81 201 -1 -1 -1 -1 
651 4 1718 458 80 200 -1 -1 -1 -1 
652 4 1718 458 80 199 -1 -1 -1 -1 
653 4 1718 457 80 200 -1 -1 -1 -1 
654 4 1718 457 81 200 -1 -1 -1 -1 
655 4 1718 457 81 200 -1 -1 -1 -1 
656 4 1718 457 81 201 -1 -1 -1 -1 
657 4 1718 457 81 201 -1 -1 -1 -1 
658 4 1718 457 81 201 -1 -1 -1 -1 
659 4 1718 457 81 201 -1 -1 -1 -1 
660 4 1718 457 81 201 -1 -1 -1 -1 
661 4 1718 456 82 203 -1 -1 -1 -1 
662 4 1718 456 81 203 -1 -1 -1 -1 
663 4 1718 456 82 202 -1 -1 -1 -1 
664 4 1718 456 82 202 -1 -1 -1 -1 
665 4 1718 456 82 203 -1 -1 -1 -1 
666 4 1718 455 82 204 -1 -1 -1 -1 
667 4 1718 455 82 205 -1 -1 -1 -1 
668 4 1718 455 82 205 -1 -1 -1 -1 
669 4 1718 456 82 203 -1 -1 -1 -1 
670 4 1719 456 81 204 -1 -1 -1 -1 
671 4 1718 456 82 204 -1 -1 -1 -1 
672 4 1719 456 81 203 -1 -1 -1 -1 
673 4 1718 456 82 203 -1 -1 -1 -1 
674 4 1719 456 81 204 -1 -1 -1 -1 
675 4 1719 457 81 202 -1 -1 -1 -1 
676 4 1718 457 81 201 -1 -1 -1 -1 
677 4 1718 457 81 202 -1 -1 -1 -1 
678 4 1718 458 81 201 -1 -1 -1 -1 
679 4 1718 458 81 202 -1 -1 -1 -1 
680 4 1718 457 81 202 -1 -1 -1 -1 
681 4 1718 457 81 203 -1 -1 -1 -1 
682 4 1718 457 82 203 -1 -1 -1 -1 
683 4 1718 457 82 203 -1 -1 -1 -1 
684 4 1718 457 82 203 -1 -1 -1 -1 
685 4 1718 456 82 204 -1 -1 -1 -1 
686 4 1718 456 82 203 -1 -1 -1 -1 
687 4 1718 456 82 202 -1 -1 -1 -1 
688 4 1718 456 82 202 -1 -1 -1 -1 
689 4 1718 456 82 202 -1 -1 -1 -1 
690 4 1718 456 82 203 -1 -1 -1 -1 
691 4 1718 456 82 203 -1 -1 -1 -1 
692 4 1718 456 82 203 -1 -1 -1 -1 
693 4 1718 456 82 203 -1 -1 -1 -1 
694 4 1718 455 82 204 -1 -1 -1 -1 
695 4 1719 456 81 203 -1 -1 -1 -1 
696 4 1719 456 81 203 -1 -1 -1 -1 
697 4 1719 456 81 203 -1 -1 -1 -1 
698 4 1719 456 81 203 -1 -1 -1 -1 
699 4 1719 456 82 203 -1 -1 -1 -1 
700 4 1718 455 82 203 -1 -1 -1 -1 
701 4 1718 455 82 204 -1 -1 -1 -1 
702 4 1718 455 82 204 -1 -1 -1 -1 
703 4 1718 455 82 203 -1 -1 -1 -1 
704 4 1718 455 82 203 -1 -1 -1 -1 
705 4 1718 456 81 201 -1 -1 -1 -1 
706 4 1718 457 81 201 -1 -1 -1 -1 
707 4 1718 457 81 201 -1 -1 -1 -1 
708 4 1718 457 81 201 -1 -1 -1 -1 
709 4 1718 456 82 203 -1 -1 -1 -1 
710 4 1718 456 82 202 -1 -1 -1 -1 
711 4 1718 456 82 202 -1 -1 -1 -1 
712 4 1718 456 82 203 -1 -1 -1 -1 
713 4 1719 456 81 203 -1 -1 -1 -1 
714 4 1719 456 81 203 -1 -1 -1 -1 
715 4 1719 457 81 201 -1 -1 -1 -1 
716 4 1719 457 81 201 -1 -1 -1 -1 
717 4 1718 457 81 201 -1 -1 -1 -1 
718 4 1718 456 81 202 -1 -1 -1 -1 
719 4 1718 456 82 202 -1 -1 -1 -1 
720 4 1718 456 82 203 -1 -1 -1 -1 
721 4 1718 456 82 203 -1 -1 -1 -1 
722 4 1718 456 82 204 -1 -1 -1 -1 
723 4 1719 456 81 204 -1 -1 -1 -1 
724 4 1719 456 82 203 -1 -1 -1 -1 
725 4 1719 456 82 203 -1 -1 -1 -1 
726 4 1719 456 81 202 -1 -1 -1 -1 
727 4 1719 456 81 202 -1 -1 -1 -1 
728 4 1719 456 81 202 -1 -1 -1 -1 
729 4 1719 456 81 202 -1 -1 -1 -1 
730 4 1719 456 81 202 -1 -1 -1 -1 
731 4 1719 456 81 202 -1 -1 -1 -1 
732 4 1719 456 81 202 -1 -1 -1 -1 
733 4 1719 456 81 202 -1 -1 -1 -1 
734 4 1719 456 81 203 -1 -1 -1 -1 
735 4 1719 457 81 200 -1 -1 -1 -1 
736 4 1719 456 81 201 -1 -1 -1 -1 
737 4 1718 456 82 202 -1 -1 -1 -1 
738 4 1718 455 82 203 -1 -1 -1 -1 
739 4 1719 455 81 203 -1 -1 -1 -1 
740 4 1719 456 81 201 -1 -1 -1 -1 
741 4 1719 456 81 201 -1 -1 -1 -1 
742 4 1719 456 81 201 -1 -1 -1 -1 
743 4 1719 456 81 201 -1 -1 -1 -1 
744 4 1719 456 81 202 -1 -1 -1 -1 
745 4 1719 456 81 202 -1 -1 -1 -1 
746 4 1718 456 82 202 -1 -1 -1 -1 
747 4 1719 456 81 202 -1 -1 -1 -1 
748 4 1718 456 82 202 -1 -1 -1 -1 
749 4 1718 456 82 202 -1 -1 -1 -1 
750 4 1718 456 82 203 -1 -1 -1 -1 
751 4 1718 456 82 203 -1 -1 -1 -1 
752 4 1718 456 82 203 -1 -1 -1 -1 
753 4 1718 456 82 203 -1 -1 -1 -1 
754 4 1718 455 82 204 -1 -1 -1 -1 
755 4 1718 455 82 203 -1 -1 -1 -1 
756 4 1718 455 81 203 -1 -1 -1 -1 
757 4 1717 454 82 204 -1 -1 -1 -1 
758 4 1717 455 82 203 -1 -1 -1 -1 
759 4 1717 455 81 203 -1 -1 -1 -1 
760 4 1717 455 81 203 -1 -1 -1 -1 
761 4 1717 456 82 202 -1 -1 -1 -1 
762 4 1718 456 81 202 -1 -1 -1 -1 
763 4 1718 456 81 203 -1 -1 -1 -1 
764 4 1718 456 82 203 -1 -1 -1 -1 
765 4 1718 456 82 203 -1 -1 -1 -1 
766 4 1718 456 82 202 -1 -1 -1 -1 
767 4 1718 455 82 203 -1 -1 -1 -1 
768 4 1718 455 82 202 -1 -1 -1 -1 
769 4 1718 455 82 202 -1 -1 -1 -1 
770 4 1719 455 81 203 -1 -1 -1 -1 
771 4 1719 455 81 203 -1 -1 -1 -1 
772 4 1719 455 82 203 -1 -1 -1 -1 
773 4 1719 456 81 201 -1 -1 -1 -1 
774 4 1720 456 81 201 -1 -1 -1 -1 
775 4 1720 456 81 201 -1 -1 -1 -1 
776 4 1720 456 80 201 -1 -1 -1 -1 
777 4 1720 456 81 200 -1 -1 -1 -1 
778 4 1720 456 81 201 -1 -1 -1 -1 
779 4 1720 456 81 201 -1 -1 -1 -1 
780 4 1720 456 81 201 -1 -1 -1 -1 
781 4 1720 456 81 201 -1 -1 -1 -1 
782 4 1720 456 81 201 -1 -1 -1 -1 
783 4 1721 456 80 200 -1 -1 -1 -1 
784 4 1720 456 81 201 -1 -1 -1 -1 
785 4 1720 455 81 202 -1 -1 -1 -1 
786 4 1720 456 81 201 -1 -1 -1 -1 
787 4 1720 456 81 201 -1 -1 -1 -1 
788 4 1720 456 81 202 -1 -1 -1 -1 
789 4 1719 456 81 202 -1 -1 -1 -1 
790 4 1719 456 81 202 -1 -1 -1 -1 
791 4 1719 456 81 202 -1 -1 -1 -1 
792 4 1719 456 81 202 -1 -1 -1 -1 
793 4 1719 456 81 202 -1 -1 -1 -1 
794 4 1719 456 82 202 -1 -1 -1 -1 
795 4 1719 456 81 202 -1 -1 -1 -1 
796 4 1719 455 82 203 -1 -1 -1 -1 
797 4 1719 455 82 203 -1 -1 -1 -1 
798 4 1719 456 82 202 -1 -1 -1 -1 
799 4 1719 455 82 203 -1 -1 -1 -1 
800 4 1719 455 82 203 -1 -1 -1 -1 
801 4 1719 455 82 203 -1 -1 -1 -1 
802 4 1719 455 82 202 -1 -1 -1 -1 
803 4 1719 455 81 202 -1 -1 -1 -1 
804 4 1719 455 81 202 -1 -1 -1 -1 
805 4 1719 455 81 203 -1 -1 -1 -1 
806 4 1719 455 81 203 -1 -1 -1 -1 
807 4 1719 456 81 202 -1 -1 -1 -1 
808 4 1718 455 83 204 -1 -1 -1 -1 
809 4 1719 455 82 203 -1 -1 -1 -1 
810 4 1719 455 82 204 -1 -1 -1 -1 
811 4 1719 455 81 203 -1 -1 -1 -1 
812 4 1719 455 81 203 -1 -1 -1 -1 
813 4 1719 456 81 202 -1 -1 -1 -1 
814 4 1719 456 81 202 -1 -1 -1 -1 
815 4 1719 456 81 202 -1 -1 -1 -1 
816 4 1719 455 81 203 -1 -1 -1 -1 
817 4 1719 455 82 203 -1 -1 -1 -1 
818 4 1719 456 82 203 -1 -1 -1 -1 
819 4 1720 456 81 202 -1 -1 -1 -1 
820 4 1719 456 82 202 -1 -1 -1 -1 
821 4 1720 456 81 203 -1 -1 -1 -1 
822 4 1719 456 82 203 -1 -1 -1 -1 
823 4 1719 456 82 203 -1 -1 -1 -1 
824 4 1720 456 81 203 -1 -1 -1 -1 
825 4 1720 456 81 202 -1 -1 -1 -1 
826 4 1720 456 81 202 -1 -1 -1 -1 
827 4 1720 456 81 202 -1 -1 -1 -1 
828 4 1720 456 81 203 -1 -1 -1 -1 
829 4 1720 456 81 202 -1 -1 -1 -1 
830 4 1720 457 81 201 -1 -1 -1 -1 
831 4 1720 457 81 201 -1 -1 -1 -1 
832 4 1720 457 81 201 -1 -1 -1 -1 
833 4 1720 457 81 201 -1 -1 -1 -1 
834 4 1720 456 81 203 -1 -1 -1 -1 
835 4 1720 456 81 203 -1 -1 -1 -1 
836 4 1720 456 81 203 -1 -1 -1 -1 
837 4 1720 456 81 203 -1 -1 -1 -1 
838 4 1720 456 81 202 -1 -1 -1 -1 
839 4 1720 456 81 202 -1 -1 -1 -1 
840 4 1720 456 81 202 -1 -1 -1 -1 
841 4 1720 456 81 201 -1 -1 -1 -1 
842 4 1720 456 81 202 -1 -1 -1 -1 
843 4 1720 456 81 202 -1 -1 -1 -1 
844 4 1720 457 81 200 -1 -1 -1 -1 
845 4 1720 457 81 200 -1 -1 -1 -1 
846 4 1720 457 81 201 -1 -1 -1 -1 
847 4 1720 457 81 201 -1 -1 -1 -1 
848 4 1720 457 81 201 -1 -1 -1 -1 
849 4 1721 457 81 201 -1 -1 -1 -1 
850 4 1720 457 81 201 -1 -1 -1 -1 
851 4 1720 456 81 202 -1 -1 -1 -1 
852 4 1720 457 81 201 -1 -1 -1 -1 
853 4 1720 457 81 201 -1 -1 -1 -1 
854 4 1720 457 81 202 -1 -1 -1 -1 
855 4 1720 457 81 201 -1 -1 -1 -1 
856 4 1720 457 82 202 -1 -1 -1 -1 
857 4 1720 457 82 203 -1 -1 -1 -1 
858 4 1721 457 81 202 -1 -1 -1 -1 
859 4 1721 457 81 201 -1 -1 -1 -1 
860 4 1721 457 80 201 -1 -1 -1 -1 
861 4 1721 457 81 201 -1 -1 -1 -1 
862 4 1721 457 81 202 -1 -1 -1 -1 
863 4 1721 456 81 203 -1 -1 -1 -1 
864 4 1721 456 81 203 -1 -1 -1 -1 
865 4 1721 456 80 202 -1 -1 -1 -1 
866 4 1721 456 80 201 -1 -1 -1 -1 
867 4 1721 457 80 200 -1 -1 -1 -1 
868 4 1720 457 81 201 -1 -1 -1 -1 
869 4 1721 457 80 201 -1 -1 -1 -1 
870 4 1721 457 80 199 -1 -1 -1 -1 
871 4 1721 458 80 199 -1 -1 -1 -1 
872 4 1721 458 80 199 -1 -1 -1 -1 
873 4 1721 458 80 199 -1 -1 -1 -1 
874 4 1721 457 80 200 -1 -1 -1 -1 
875 4 1721 458 79 199 -1 -1 -1 -1 
876 4 1720 457 80 200 -1 -1 -1 -1 
877 4 1720 457 80 200 -1 -1 -1 -1 
878 4 1720 457 81 200 -1 -1 -1 -1 
879 4 1720 456 81 200 -1 -1 -1 -1 
880 4 1721 457 79 199 -1 -1 -1 -1 
881 4 1721 457 79 200 -1 -1 -1 -1 
882 4 1721 457 79 200 -1 -1 -1 -1 
883 4 1721 457 79 200 -1 -1 -1 -1 
884 4 1721 457 79 200 -1 -1 -1 -1 
885 4 1721 458 79 199 -1 -1 -1 -1 
886 4 1721 457 79 200 -1 -1 -1 -1 
887 4 1721 457 78 198 -1 -1 -1 -1 
888 4 1721 458 78 198 -1 -1 -1 -1 
889 4 1720 457 79 199 -1 -1 -1 -1 
890 4 1720 457 79 200 -1 -1 -1 -1 
891 4 1720 458 79 199 -1 -1 -1 -1 
892 4 1720 458 79 198 -1 -1 -1 -1 
893 4 1720 458 79 198 -1 -1 -1 -1 
894 4 1721 458 79 198 -1 -1 -1 -1 
895 4 1721 458 79 198 -1 -1 -1 -1 
896 4 1720 458 79 198 -1 -1 -1 -1 
897 4 1720 457 80 200 -1 -1 -1 -1 
898 4 1720 458 79 198 -1 -1 -1 -1 
899 4 1720 457 80 200 -1 -1 -1 -1 
900 4 1720 457 80 200 -1 -1 -1 -1 
901 4 1720 458 79 199 -1 -1 -1 -1 
902 4 1720 458 79 199 -1 -1 -1 -1 
903 4 1720 458 80 199 -1 -1 -1 -1 
904 4 1720 457 81 200 -1 -1 -1 -1 
905 4 1720 457 81 200 -1 -1 -1 -1 
906 4 1720 457 81 201 -1 -1 -1 -1 
907 4 1720 457 81 200 -1 -1 -1 -1 
908 4 1720 457 81 201 -1 -1 -1 -1 
909 4 1720 457 81 200 -1 -1 -1 -1 
910 4 1720 457 80 200 -1 -1 -1 -1 
911 4 1721 457 80 200 -1 -1 -1 -1 
912 4 1720 457 81 200 -1 -1 -1 -1 
913 4 1720 457 80 200 -1 -1 -1 -1 
914 4 1720 457 80 199 -1 -1 -1 -1 
915 4 1720 457 80 199 -1 -1 -1 -1 
916 4 1721 456 79 200 -1 -1 -1 -1 
917 4 1720 457 80 199 -1 -1 -1 -1 
918 4 1720 457 80 199 -1 -1 -1 -1 
919 4 1720 457 80 199 -1 -1 -1 -1 
920 4 1720 457 80 199 -1 -1 -1 -1 
921 4 1720 457 80 200 -1 -1 -1 -1 
922 4 1720 457 80 200 -1 -1 -1 -1 
923 4 1720 457 80 200 -1 -1 -1 -1 
924 4 1720 457 81 200 -1 -1 -1 -1 
925 4 1720 457 80 200 -1 -1 -1 -1 
926 4 1721 457 79 200 -1 -1 -1 -1 
927 4 1721 457 79 200 -1 -1 -1 -1 
928 4 1720 457 80 200 -1 -1 -1 -1 
929 4 1720 458 80 198 -1 -1 -1 -1 
930 4 1721 457 79 200 -1 -1 -1 -1 
931 4 1721 457 79 199 -1 -1 -1 -1 
932 4 1720 457 80 200 -1 -1 -1 -1 
933 4 1720 457 80 200 -1 -1 -1 -1 
934 4 1720 457 80 201 -1 -1 -1 -1 
935 4 1720 458 80 200 -1 -1 -1 -1 
936 4 1720 458 80 200 -1 -1 -1 -1 
937 4 1720 458 80 199 -1 -1 -1 -1 
938 4 1720 458 80 200 -1 -1 -1 -1 
939 4 1720 458 80 199 -1 -1 -1 -1 
940 4 1720 458 80 200 -1 -1 -1 -1 
941 4 1720 457 80 201 -1 -1 -1 -1 
942 4 1720 457 81 201 -1 -1 -1 -1 
943 4 1720 456 81 202 -1 -1 -1 -1 
944 4 1720 457 80 201 -1 -1 -1 -1 
945 4 1720 456 80 201 -1 -1 -1 -1 
946 4 1720 457 80 201 -1 -1 -1 -1 
947 4 1720 457 80 201 -1 -1 -1 -1 
948 4 1720 457 80 201 -1 -1 -1 -1 
949 4 1720 457 80 200 -1 -1 -1 -1 
950 4 1720 457 80 200 -1 -1 -1 -1 
951 4 1720 457 80 200 -1 -1 -1 -1 
952 4 1719 457 81 201 -1 -1 -1 -1 
953 4 1719 457 81 201 -1 -1 -1 -1 
954 4 1719 458 81 200 -1 -1 -1 -1 
955 4 1720 457 80 201 -1 -1 -1 -1 
956 4 1719 457 81 201 -1 -1 -1 -1 
957 4 1719 457 81 201 -1 -1 -1 -1 
958 4 1719 457 81 202 -1 -1 -1 -1 
959 4 1720 458 80 201 -1 -1 -1 -1 
960 4 1719 457 81 202 -1 -1 -1 -1 
961 4 1720 457 80 201 -1 -1 -1 -1 
962 4 1720 458 80 199 -1 -1 -1 -1 
963 4 1720 458 81 199 -1 -1 -1 -1 
964 4 1720 457 81 201 -1 -1 -1 -1 
965 4 1720 457 81 201 -1 -1 -1 -1 
966 4 1720 457 81 201 -1 -1 -1 -1 
967 4 1720 457 81 201 -1 -1 -1 -1 
968 4 1720 457 80 201 -1 -1 -1 -1 
969 4 1719 457 81 202 -1 -1 -1 -1 
970 4 1719 457 81 201 -1 -1 -1 -1 
971 4 1720 458 80 200 -1 -1 -1 -1 
972 4 1720 458 80 200 -1 -1 -1 -1 
973 4 1720 457 80 200 -1 -1 -1 -1 
974 4 1720 457 80 200 -1 -1 -1 -1 
975 4 1720 457 80 200 -1 -1 -1 -1 
976 4 1720 458 80 200 -1 -1 -1 -1 
977 4 1720 458 80 200 -1 -1 -1 -1 
978 4 1720 458 80 200 -1 -1 -1 -1 
979 4 1719 458 81 200 -1 -1 -1 -1 
980 4 1719 458 81 200 -1 -1 -1 -1 
981 4 1719 457 81 200 -1 -1 -1 -1 
982 4 1719 458 80 199 -1 -1 -1 -1 
983 4 1719 458 80 199 -1 -1 -1 -1 
984 4 1719 458 80 199 -1 -1 -1 -1 
985 4 1719 458 80 199 -1 -1 -1 -1 
986 4 1719 458 80 199 -1 -1 -1 -1 
987 4 1719 458 80 199 -1 -1 -1 -1 
988 4 1719 458 80 199 -1 -1 -1 -1 
989 4 1719 458 80 199 -1 -1 -1 -1 
990 4 1719 458 80 199 -1 -1 -1 -1 
991 4 1719 458 80 200 -1 -1 -1 -1 
992 4 1719 458 81 200 -1 -1 -1 -1 
993 4 1719 457 81 201 -1 -1 -1 -1 
994 4 1719 457 81 201 -1 -1 -1 -1 
995 4 1719 458 80 200 -1 -1 -1 -1 
996 4 1719 458 80 201 -1 -1 -1 -1 
997 4 1719 458 80 200 -1 -1 -1 -1 
998 4 1719 458 80 199 -1 -1 -1 -1 
999 4 1719 458 79 199 -1 -1 -1 -1 
1000 4 1719 458 79 199 -1 -1 -1 -1 
1001 4 1719 458 79 200 -1 -1 -1 -1 
1002 4 1719 458 80 200 -1 -1 -1 -1 
1003 4 1719 458 80 201 -1 -1 -1 -1 
1004 4 1719 458 80 201 -1 -1 -1 -1 
1005 4 1718 458 81 202 -1 -1 -1 -1 
1006 4 1719 458 80 200 -1 -1 -1 -1 
1007 4 1719 458 80 201 -1 -1 -1 -1 
1008 4 1719 459 80 200 -1 -1 -1 -1 
1009 4 1718 458 80 201 -1 -1 -1 -1 
1010 4 1718 458 80 201 -1 -1 -1 -1 
1011 4 1718 458 80 200 -1 -1 -1 -1 
1012 4 1718 458 80 200 -1 -1 -1 -1 
1013 4 1718 458 80 201 -1 -1 -1 -1 
1014 4 1718 458 80 201 -1 -1 -1 -1 
1015 4 1718 458 80 199 -1 -1 -1 -1 
1016 4 1718 458 80 199 -1 -1 -1 -1 
1017 4 1719 459 79 198 -1 -1 -1 -1 
1018 4 1719 459 79 198 -1 -1 -1 -1 
1019 4 1719 459 79 197 -1 -1 -1 -1 
1020 4 1719 458 79 198 -1 -1 -1 -1 
1021 4 1719 458 78 196 -1 -1 -1 -1 
1022 4 1720 458 77 194 -1 -1 -1 -1 
1023 4 1721 459 76 191 -1 -1 -1 -1 
1024 4 1721 458 75 191 -1 -1 -1 -1 
1025 4 1721 458 76 192 -1 -1 -1 -1 
1026 4 1721 459 75 189 -1 -1 -1 -1 
1027 4 1721 459 76 190 -1 -1 -1 -1 
1028 4 1721 458 76 193 -1 -1 -1 -1 
1029 4 1721 458 77 193 -1 -1 -1 -1 
1030 4 1720 459 77 193 -1 -1 -1 -1 
1031 4 1720 458 78 195 -1 -1 -1 -1 
1032 4 1720 458 78 197 -1 -1 -1 -1 
1033 4 1719 458 79 197 -1 -1 -1 -1 
1034 4 1719 457 80 198 -1 -1 -1 -1 
1035 4 1719 458 80 197 -1 -1 -1 -1 
1036 4 1719 458 80 198 -1 -1 -1 -1 
1037 4 1719 459 80 198 -1 -1 -1 -1 
1038 4 1719 458 80 200 -1 -1 -1 -1 
1039 4 1719 458 80 200 -1 -1 -1 -1 
1040 4 1718 458 81 200 -1 -1 -1 -1 
1041 4 1718 458 81 200 -1 -1 -1 -1 
1042 4 1719 458 80 200 -1 -1 -1 -1 
1043 4 1719 458 80 200 -1 -1 -1 -1 
1044 4 1719 458 80 200 -1 -1 -1 -1 
1045 4 1719 458 80 200 -1 -1 -1 -1 
1046 4 1719 458 80 200 -1 -1 -1 -1 
1047 4 1719 459 80 199 -1 -1 -1 -1 
1048 4 1719 459 80 198 -1 -1 -1 -1 
1049 4 1719 459 80 199 -1 -1 -1 -1 
1050 4 1719 459 80 199 -1 -1 -1 -1 
1 5 1103 209 67 168 -1 -1 -1 -1 
2 5 1101 208 66 168 -1 -1 -1 -1 
3 5 1099 209 64 166 -1 -1 -1 -1 
4 5 1093 211 65 164 -1 -1 -1 -1 
5 5 1088 211 65 163 -1 -1 -1 -1 
6 5 1084 212 66 163 -1 -1 -1 -1 
7 5 1077 209 67 168 -1 -1 -1 -1 
8 5 1075 211 65 165 -1 -1 -1 -1 
9 5 1071 212 66 164 -1 -1 -1 -1 
10 5 1068 210 66 166 -1 -1 -1 -1 
11 5 1064 209 66 167 -1 -1 -1 -1 
12 5 1059 209 67 166 -1 -1 -1 -1 
13 5 1055 208 66 165 -1 -1 -1 -1 
14 5 1051 208 65 163 -1 -1 -1 -1 
15 5 1048 209 64 162 -1 -1 -1 -1 
16 5 1042 208 64 162 -1 -1 -1 -1 
17 5 1037 207 65 162 -1 -1 -1 -1 
18 5 1033 204 66 165 -1 -1 -1 -1 
19 5 1028 204 67 167 -1 -1 -1 -1 
20 5 1023 205 66 165 -1 -1 -1 -1 
21 5 1019 206 65 164 -1 -1 -1 -1 
22 5 1012 206 66 164 -1 -1 -1 -1 
23 5 1006 204 67 167 -1 -1 -1 -1 
24 5 1001 204 68 166 -1 -1 -1 -1 
25 5 998 204 67 165 -1 -1 -1 -1 
26 5 994 204 66 165 -1 -1 -1 -1 
27 5 990 203 67 164 -1 -1 -1 -1 
28 5 984 203 66 166 -1 -1 -1 -1 
29 5 980 203 66 166 -1 -1 -1 -1 
30 5 978 202 65 165 -1 -1 -1 -1 
31 5 975 200 67 166 -1 -1 -1 -1 
32 5 971 200 66 166 -1 -1 -1 -1 
33 5 966 199 67 169 -1 -1 -1 -1 
34 5 961 199 68 168 -1 -1 -1 -1 
35 5 958 198 67 169 -1 -1 -1 -1 
36 5 953 198 67 168 -1 -1 -1 -1 
37 5 948 198 67 167 -1 -1 -1 -1 
38 5 944 199 66 166 -1 -1 -1 -1 
39 5 938 200 66 164 -1 -1 -1 -1 
40 5 933 199 67 167 -1 -1 -1 -1 
41 5 930 200 66 166 -1 -1 -1 -1 
42 5 925 201 67 166 -1 -1 -1 -1 
43 5 922 201 66 164 -1 -1 -1 -1 
44 5 918 202 65 163 -1 -1 -1 -1 
45 5 912 200 67 164 -1 -1 -1 -1 
46 5 909 199 65 164 -1 -1 -1 -1 
47 5 904 199 66 164 -1 -1 -1 -1 
48 5 900 194 67 167 -1 -1 -1 -1 
49 5 895 194 68 168 -1 -1 -1 -1 
50 5 891 196 67 168 -1 -1 -1 -1 
51 5 886 194 68 170 -1 -1 -1 -1 
52 5 882 193 68 172 -1 -1 -1 -1 
53 5 880 187 68 176 -1 -1 -1 -1 
54 5 880 183 69 177 -1 -1 -1 -1 
55 5 865 192 69 168 -1 -1 -1 -1 
56 5 858 196 68 164 -1 -1 -1 -1 
57 5 849 180 73 179 -1 -1 -1 -1 
58 5 846 183 70 174 -1 -1 -1 -1 
59 5 843 190 67 166 -1 -1 -1 -1 
60 5 833 191 68 166 -1 -1 -1 -1 
61 5 829 195 67 163 -1 -1 -1 -1 
62 5 832 194 65 159 -1 -1 -1 -1 
63 5 829 199 63 156 -1 -1 -1 -1 
64 5 826 202 62 155 -1 -1 -1 -1 
65 5 823 202 62 157 -1 -1 -1 -1 
66 5 821 208 61 153 -1 -1 -1 -1 
67 5 817 205 61 157 -1 -1 -1 -1 
68 5 810 202 64 161 -1 -1 -1 -1 
69 5 805 199 65 164 -1 -1 -1 -1 
70 5 801 198 66 162 -1 -1 -1 -1 
71 5 798 197 66 163 -1 -1 -1 -1 
72 5 795 198 66 163 -1 -1 -1 -1 
73 5 792 198 67 164 -1 -1 -1 -1 
74 5 789 197 66 165 -1 -1 -1 -1 
75 5 782 198 64 161 -1 -1 -1 -1 
76 5 773 195 66 162 -1 -1 -1 -1 
77 5 769 194 66 162 -1 -1 -1 -1 
78 5 766 195 65 161 -1 -1 -1 -1 
79 5 763 195 64 160 -1 -1 -1 -1 
80 5 759 194 65 161 -1 -1 -1 -1 
81 5 756 193 65 162 -1 -1 -1 -1 
82 5 753 192 65 164 -1 -1 -1 -1 
83 5 750 190 65 166 -1 -1 -1 -1 
84 5 746 188 67 167 -1 -1 -1 -1 
85 5 743 188 67 167 -1 -1 -1 -1 
86 5 740 189 66 165 -1 -1 -1 -1 
87 5 736 189 66 166 -1 -1 -1 -1 
88 5 733 189 66 166 -1 -1 -1 -1 
89 5 730 191 66 164 -1 -1 -1 -1 
90 5 728 192 65 162 -1 -1 -1 -1 
91 5 725 190 66 163 -1 -1 -1 -1 
92 5 723 190 65 162 -1 -1 -1 -1 
93 5 720 191 64 162 -1 -1 -1 -1 
94 5 717 192 64 159 -1 -1 -1 -1 
95 5 714 190 63 158 -1 -1 -1 -1 
96 5 711 189 63 159 -1 -1 -1 -1 
97 5 709 189 63 160 -1 -1 -1 -1 
98 5 705 189 64 161 -1 -1 -1 -1 
99 5 703 189 66 162 -1 -1 -1 -1 
100 5 703 189 65 162 -1 -1 -1 -1 
101 5 703 188 65 161 -1 -1 -1 -1 
102 5 701 186 66 162 -1 -1 -1 -1 
103 5 700 186 65 162 -1 -1 -1 -1 
104 5 699 185 65 162 -1 -1 -1 -1 
105 5 699 186 63 159 -1 -1 -1 -1 
106 5 697 187 63 158 -1 -1 -1 -1 
107 5 695 186 63 158 -1 -1 -1 -1 
108 5 694 185 63 158 -1 -1 -1 -1 
109 5 692 186 63 156 -1 -1 -1 -1 
110 5 691 186 63 156 -1 -1 -1 -1 
111 5 691 185 63 155 -1 -1 -1 -1 
112 5 690 184 63 156 -1 -1 -1 -1 
113 5 688 181 63 155 -1 -1 -1 -1 
1 6 370 411 88 220 -1 -1 -1 -1 
2 6 369 411 89 222 -1 -1 -1 -1 
3 6 366 410 92 228 -1 -1 -1 -1 
4 6 366 409 92 230 -1 -1 -1 -1 
5 6 367 408 92 230 -1 -1 -1 -1 
6 6 369 407 92 230 -1 -1 -1 -1 
7 6 371 407 91 228 -1 -1 -1 -1 
8 6 372 406 89 224 -1 -1 -1 -1 
9 6 372 404 89 223 -1 -1 -1 -1 
10 6 372 402 89 223 -1 -1 -1 -1 
11 6 373 400 88 220 -1 -1 -1 -1 
12 6 374 399 87 217 -1 -1 -1 -1 
13 6 375 398 86 215 -1 -1 -1 -1 
14 6 375 397 87 215 -1 -1 -1 -1 
15 6 376 396 86 214 -1 -1 -1 -1 
16 6 376 395 87 215 -1 -1 -1 -1 
17 6 377 396 86 215 -1 -1 -1 -1 
18 6 377 393 88 219 -1 -1 -1 -1 
19 6 377 391 89 222 -1 -1 -1 -1 
20 6 377 390 90 223 -1 -1 -1 -1 
21 6 377 389 90 224 -1 -1 -1 -1 
22 6 377 389 90 223 -1 -1 -1 -1 
23 6 377 388 90 223 -1 -1 -1 -1 
24 6 376 388 90 222 -1 -1 -1 -1 
25 6 376 387 90 222 -1 -1 -1 -1 
26 6 376 386 90 221 -1 -1 -1 -1 
27 6 377 386 89 220 -1 -1 -1 -1 
28 6 377 384 89 220 -1 -1 -1 -1 
29 6 376 382 90 223 -1 -1 -1 -1 
30 6 377 380 89 221 -1 -1 -1 -1 
31 6 378 378 88 219 -1 -1 -1 -1 
32 6 379 377 87 217 -1 -1 -1 -1 
33 6 380 376 87 216 -1 -1 -1 -1 
34 6 381 374 87 216 -1 -1 -1 -1 
35 6 380 372 88 216 -1 -1 -1 -1 
36 6 380 372 88 215 -1 -1 -1 -1 
37 6 382 372 86 214 -1 -1 -1 -1 
38 6 382 371 86 214 -1 -1 -1 -1 
39 6 382 371 86 213 -1 -1 -1 -1 
40 6 383 370 85 213 -1 -1 -1 -1 
41 6 383 369 85 213 -1 -1 -1 -1 
42 6 383 367 86 214 -1 -1 -1 -1 
43 6 384 366 86 215 -1 -1 -1 -1 
44 6 384 365 87 215 -1 -1 -1 -1 
45 6 385 364 87 215 -1 -1 -1 -1 
46 6 386 363 87 215 -1 -1 -1 -1 
47 6 388 361 86 214 -1 -1 -1 -1 
48 6 389 360 86 215 -1 -1 -1 -1 
49 6 390 359 85 213 -1 -1 -1 -1 
50 6 391 358 84 212 -1 -1 -1 -1 
51 6 391 356 84 211 -1 -1 -1 -1 
52 6 392 353 84 211 -1 -1 -1 -1 
53 6 393 352 83 210 -1 -1 -1 -1 
54 6 393 350 84 212 -1 -1 -1 -1 
55 6 394 349 85 215 -1 -1 -1 -1 
56 6 394 349 86 216 -1 -1 -1 -1 
57 6 394 349 87 216 -1 -1 -1 -1 
58 6 394 349 87 216 -1 -1 -1 -1 
59 6 395 348 87 217 -1 -1 -1 -1 
60 6 395 348 87 216 -1 -1 -1 -1 
61 6 395 347 87 216 -1 -1 -1 -1 
62 6 395 346 87 216 -1 -1 -1 -1 
63 6 395 343 87 218 -1 -1 -1 -1 
64 6 395 340 88 220 -1 -1 -1 -1 
65 6 395 339 88 219 -1 -1 -1 -1 
66 6 395 338 88 218 -1 -1 -1 -1 
67 6 397 337 87 216 -1 -1 -1 -1 
68 6 398 337 86 212 -1 -1 -1 -1 
69 6 400 337 84 209 -1 -1 -1 -1 
70 6 401 336 84 208 -1 -1 -1 -1 
71 6 402 334 83 207 -1 -1 -1 -1 
72 6 403 333 83 207 -1 -1 -1 -1 
73 6 404 331 83 206 -1 -1 -1 -1 
74 6 404 329 84 207 -1 -1 -1 -1 
75 6 405 328 84 206 -1 -1 -1 -1 
76 6 406 327 84 206 -1 -1 -1 -1 
77 6 407 326 83 206 -1 -1 -1 -1 
78 6 407 325 83 206 -1 -1 -1 -1 
79 6 408 326 83 207 -1 -1 -1 -1 
80 6 407 324 84 208 -1 -1 -1 -1 
81 6 407 324 84 208 -1 -1 -1 -1 
82 6 406 325 84 208 -1 -1 -1 -1 
83 6 407 324 83 208 -1 -1 -1 -1 
84 6 408 323 83 207 -1 -1 -1 -1 
85 6 409 321 83 207 -1 -1 -1 -1 
86 6 410 319 82 207 -1 -1 -1 -1 
87 6 411 318 82 206 -1 -1 -1 -1 
88 6 411 318 83 206 -1 -1 -1 -1 
89 6 412 316 81 206 -1 -1 -1 -1 
90 6 413 315 82 205 -1 -1 -1 -1 
91 6 413 314 83 206 -1 -1 -1 -1 
92 6 414 314 83 208 -1 -1 -1 -1 
93 6 414 313 85 210 -1 -1 -1 -1 
94 6 415 313 84 209 -1 -1 -1 -1 
95 6 416 313 83 209 -1 -1 -1 -1 
96 6 416 312 83 210 -1 -1 -1 -1 
97 6 415 311 84 211 -1 -1 -1 -1 
98 6 415 309 85 213 -1 -1 -1 -1 
99 6 415 308 86 214 -1 -1 -1 -1 
100 6 415 306 86 216 -1 -1 -1 -1 
101 6 415 304 86 216 -1 -1 -1 -1 
102 6 416 303 85 214 -1 -1 -1 -1 
103 6 416 302 85 213 -1 -1 -1 -1 
104 6 417 301 84 210 -1 -1 -1 -1 
105 6 418 300 83 208 -1 -1 -1 -1 
106 6 419 299 82 204 -1 -1 -1 -1 
107 6 420 298 81 202 -1 -1 -1 -1 
108 6 420 296 81 201 -1 -1 -1 -1 
109 6 421 295 81 201 -1 -1 -1 -1 
110 6 421 294 81 202 -1 -1 -1 -1 
111 6 421 292 82 204 -1 -1 -1 -1 
112 6 421 292 82 205 -1 -1 -1 -1 
113 6 421 292 82 204 -1 -1 -1 -1 
114 6 420 291 83 205 -1 -1 -1 -1 
115 6 420 291 83 207 -1 -1 -1 -1 
116 6 419 290 84 209 -1 -1 -1 -1 
117 6 419 290 84 209 -1 -1 -1 -1 
118 6 419 290 83 209 -1 -1 -1 -1 
119 6 419 289 84 210 -1 -1 -1 -1 
120 6 418 288 85 211 -1 -1 -1 -1 
121 6 418 286 84 212 -1 -1 -1 -1 
122 6 418 284 84 211 -1 -1 -1 -1 
123 6 418 283 84 210 -1 -1 -1 -1 
124 6 418 282 83 207 -1 -1 -1 -1 
125 6 419 281 81 204 -1 -1 -1 -1 
126 6 418 280 81 202 -1 -1 -1 -1 
127 6 418 280 81 201 -1 -1 -1 -1 
128 6 418 278 81 202 -1 -1 -1 -1 
129 6 418 278 81 201 -1 -1 -1 -1 
130 6 418 277 80 201 -1 -1 -1 -1 
131 6 418 276 81 202 -1 -1 -1 -1 
132 6 418 276 81 202 -1 -1 -1 -1 
133 6 418 276 80 200 -1 -1 -1 -1 
134 6 418 276 79 199 -1 -1 -1 -1 
135 6 417 276 80 200 -1 -1 -1 -1 
136 6 417 275 80 201 -1 -1 -1 -1 
137 6 417 273 81 202 -1 -1 -1 -1 
138 6 417 273 80 202 -1 -1 -1 -1 
139 6 416 272 81 203 -1 -1 -1 -1 
140 6 416 271 80 203 -1 -1 -1 -1 
141 6 416 270 79 202 -1 -1 -1 -1 
142 6 415 269 80 202 -1 -1 -1 -1 
143 6 416 267 79 201 -1 -1 -1 -1 
144 6 415 265 79 200 -1 -1 -1 -1 
145 6 415 263 79 200 -1 -1 -1 -1 
146 6 416 261 79 200 -1 -1 -1 -1 
147 6 416 260 79 200 -1 -1 -1 -1 
148 6 415 258 80 201 -1 -1 -1 -1 
149 6 416 259 79 199 -1 -1 -1 -1 
150 6 415 259 80 199 -1 -1 -1 -1 
151 6 415 258 80 199 -1 -1 -1 -1 
152 6 415 257 80 200 -1 -1 -1 -1 
153 6 414 257 81 201 -1 -1 -1 -1 
154 6 413 255 82 204 -1 -1 -1 -1 
155 6 413 255 81 204 -1 -1 -1 -1 
156 6 413 255 81 203 -1 -1 -1 -1 
157 6 414 254 80 202 -1 -1 -1 -1 
158 6 415 253 79 201 -1 -1 -1 -1 
159 6 416 251 78 200 -1 -1 -1 -1 
160 6 416 250 79 200 -1 -1 -1 -1 
161 6 417 249 78 199 -1 -1 -1 -1 
162 6 417 248 78 199 -1 -1 -1 -1 
163 6 417 247 77 198 -1 -1 -1 -1 
164 6 417 246 77 197 -1 -1 -1 -1 
165 6 417 244 77 198 -1 -1 -1 -1 
166 6 417 244 78 196 -1 -1 -1 -1 
167 6 416 244 79 197 -1 -1 -1 -1 
168 6 416 243 79 198 -1 -1 -1 -1 
169 6 416 242 79 199 -1 -1 -1 -1 
170 6 417 243 78 198 -1 -1 -1 -1 
171 6 417 244 78 197 -1 -1 -1 -1 
172 6 416 243 80 199 -1 -1 -1 -1 
173 6 416 242 80 200 -1 -1 -1 -1 
174 6 415 241 81 201 -1 -1 -1 -1 
175 6 415 239 81 202 -1 -1 -1 -1 
176 6 414 238 81 201 -1 -1 -1 -1 
177 6 413 236 81 202 -1 -1 -1 -1 
178 6 412 234 82 202 -1 -1 -1 -1 
179 6 413 233 80 200 -1 -1 -1 -1 
180 6 413 232 79 197 -1 -1 -1 -1 
181 6 414 231 78 196 -1 -1 -1 -1 
182 6 414 231 77 193 -1 -1 -1 -1 
183 6 414 230 77 193 -1 -1 -1 -1 
184 6 415 229 76 193 -1 -1 -1 -1 
185 6 415 228 77 193 -1 -1 -1 -1 
186 6 415 227 77 194 -1 -1 -1 -1 
187 6 415 226 78 194 -1 -1 -1 -1 
188 6 416 226 77 193 -1 -1 -1 -1 
189 6 416 225 77 192 -1 -1 -1 -1 
190 6 417 225 76 191 -1 -1 -1 -1 
191 6 417 225 76 191 -1 -1 -1 -1 
192 6 418 224 75 190 -1 -1 -1 -1 
193 6 418 223 77 192 -1 -1 -1 -1 
194 6 418 224 77 192 -1 -1 -1 -1 
195 6 418 222 77 194 -1 -1 -1 -1 
196 6 419 220 77 194 -1 -1 -1 -1 
197 6 419 219 77 194 -1 -1 -1 -1 
198 6 419 217 77 194 -1 -1 -1 -1 
199 6 419 216 77 192 -1 -1 -1 -1 
200 6 419 215 76 191 -1 -1 -1 -1 
201 6 419 214 77 191 -1 -1 -1 -1 
202 6 419 212 77 192 -1 -1 -1 -1 
203 6 420 211 77 192 -1 -1 -1 -1 
204 6 421 211 77 192 -1 -1 -1 -1 
205 6 422 209 77 193 -1 -1 -1 -1 
206 6 422 208 78 194 -1 -1 -1 -1 
207 6 423 209 77 193 -1 -1 -1 -1 
208 6 423 209 78 193 -1 -1 -1 -1 
209 6 424 211 77 192 -1 -1 -1 -1 
210 6 424 210 77 194 -1 -1 -1 -1 
211 6 424 210 77 194 -1 -1 -1 -1 
212 6 423 209 78 195 -1 -1 -1 -1 
213 6 423 207 78 196 -1 -1 -1 -1 
214 6 423 205 79 197 -1 -1 -1 -1 
215 6 424 204 77 195 -1 -1 -1 -1 
216 6 424 203 77 194 -1 -1 -1 -1 
217 6 424 201 77 193 -1 -1 -1 -1 
218 6 424 200 77 192 -1 -1 -1 -1 
219 6 425 198 77 190 -1 -1 -1 -1 
220 6 426 198 75 188 -1 -1 -1 -1 
221 6 428 198 74 185 -1 -1 -1 -1 
222 6 428 198 74 184 -1 -1 -1 -1 
223 6 429 198 74 185 -1 -1 -1 -1 
224 6 430 196 74 186 -1 -1 -1 -1 
225 6 431 194 75 187 -1 -1 -1 -1 
226 6 433 193 74 186 -1 -1 -1 -1 
227 6 434 193 74 183 -1 -1 -1 -1 
228 6 435 192 73 183 -1 -1 -1 -1 
229 6 436 192 73 183 -1 -1 -1 -1 
230 6 436 191 73 183 -1 -1 -1 -1 
231 6 436 191 74 183 -1 -1 -1 -1 
232 6 437 189 73 185 -1 -1 -1 -1 
233 6 437 187 74 186 -1 -1 -1 -1 
234 6 438 186 74 186 -1 -1 -1 -1 
235 6 438 184 75 188 -1 -1 -1 -1 
236 6 438 183 75 188 -1 -1 -1 -1 
237 6 439 182 74 187 -1 -1 -1 -1 
238 6 440 181 74 187 -1 -1 -1 -1 
239 6 441 180 74 186 -1 -1 -1 -1 
240 6 442 178 74 188 -1 -1 -1 -1 
241 6 443 177 74 189 -1 -1 -1 -1 
242 6 443 176 75 192 -1 -1 -1 -1 
243 6 443 176 76 193 -1 -1 -1 -1 
244 6 443 176 76 193 -1 -1 -1 -1 
245 6 444 175 75 193 -1 -1 -1 -1 
246 6 444 175 76 193 -1 -1 -1 -1 
247 6 444 176 77 192 -1 -1 -1 -1 
248 6 445 176 77 192 -1 -1 -1 -1 
249 6 445 176 77 192 -1 -1 -1 -1 
250 6 446 175 76 192 -1 -1 -1 -1 
251 6 446 175 76 192 -1 -1 -1 -1 
252 6 447 174 76 191 -1 -1 -1 -1 
253 6 446 172 77 191 -1 -1 -1 -1 
254 6 446 169 77 192 -1 -1 -1 -1 
255 6 447 167 77 191 -1 -1 -1 -1 
256 6 447 166 77 189 -1 -1 -1 -1 
257 6 448 164 76 189 -1 -1 -1 -1 
258 6 449 163 75 188 -1 -1 -1 -1 
259 6 451 163 74 186 -1 -1 -1 -1 
260 6 452 162 74 188 -1 -1 -1 -1 
261 6 453 161 75 188 -1 -1 -1 -1 
262 6 454 162 74 186 -1 -1 -1 -1 
263 6 455 162 74 185 -1 -1 -1 -1 
264 6 455 161 74 185 -1 -1 -1 -1 
265 6 455 161 74 184 -1 -1 -1 -1 
266 6 454 160 75 185 -1 -1 -1 -1 
267 6 455 161 73 184 -1 -1 -1 -1 
268 6 456 162 73 182 -1 -1 -1 -1 
269 6 456 162 73 182 -1 -1 -1 -1 
270 6 457 162 72 180 -1 -1 -1 -1 
271 6 458 161 72 180 -1 -1 -1 -1 
272 6 459 162 72 178 -1 -1 -1 -1 
273 6 459 160 72 179 -1 -1 -1 -1 
274 6 460 158 71 178 -1 -1 -1 -1 
275 6 461 157 70 176 -1 -1 -1 -1 
276 6 461 155 70 177 -1 -1 -1 -1 
277 6 461 152 71 180 -1 -1 -1 -1 
278 6 461 151 71 181 -1 -1 -1 -1 
279 6 461 151 71 181 -1 -1 -1 -1 
280 6 461 151 71 181 -1 -1 -1 -1 
281 6 461 150 71 182 -1 -1 -1 -1 
282 6 461 150 71 182 -1 -1 -1 -1 
283 6 460 150 71 181 -1 -1 -1 -1 
284 6 460 151 71 180 -1 -1 -1 -1 
285 6 459 150 71 180 -1 -1 -1 -1 
286 6 458 150 71 179 -1 -1 -1 -1 
287 6 458 149 70 179 -1 -1 -1 -1 
288 6 457 147 71 181 -1 -1 -1 -1 
289 6 456 146 72 182 -1 -1 -1 -1 
290 6 456 144 72 183 -1 -1 -1 -1 
291 6 455 142 73 185 -1 -1 -1 -1 
292 6 455 141 73 184 -1 -1 -1 -1 
293 6 455 139 72 183 -1 -1 -1 -1 
294 6 455 138 73 182 -1 -1 -1 -1 
295 6 455 138 73 180 -1 -1 -1 -1 
296 6 454 137 74 180 -1 -1 -1 -1 
297 6 454 137 73 179 -1 -1 -1 -1 
298 6 453 138 73 178 -1 -1 -1 -1 
299 6 453 137 73 179 -1 -1 -1 -1 
300 6 454 137 72 178 -1 -1 -1 -1 
301 6 453 135 73 179 -1 -1 -1 -1 
302 6 452 135 73 179 -1 -1 -1 -1 
303 6 451 134 74 181 -1 -1 -1 -1 
304 6 451 133 74 183 -1 -1 -1 -1 
305 6 451 135 73 180 -1 -1 -1 -1 
306 6 451 134 73 180 -1 -1 -1 -1 
307 6 452 132 73 181 -1 -1 -1 -1 
308 6 453 129 73 183 -1 -1 -1 -1 
309 6 453 129 73 182 -1 -1 -1 -1 
310 6 454 127 72 181 -1 -1 -1 -1 
311 6 454 127 72 180 -1 -1 -1 -1 
312 6 454 125 73 181 -1 -1 -1 -1 
313 6 455 124 72 181 -1 -1 -1 -1 
314 6 455 124 71 180 -1 -1 -1 -1 
315 6 455 123 71 180 -1 -1 -1 -1 
316 6 455 123 71 179 -1 -1 -1 -1 
317 6 456 123 70 177 -1 -1 -1 -1 
318 6 456 123 70 175 -1 -1 -1 -1 
319 6 455 123 70 175 -1 -1 -1 -1 
320 6 455 123 70 175 -1 -1 -1 -1 
321 6 455 122 71 176 -1 -1 -1 -1 
322 6 455 120 70 175 -1 -1 -1 -1 
323 6 454 118 70 176 -1 -1 -1 -1 
324 6 453 117 71 177 -1 -1 -1 -1 
325 6 452 118 71 175 -1 -1 -1 -1 
326 6 450 118 71 174 -1 -1 -1 -1 
327 6 449 116 71 175 -1 -1 -1 -1 
328 6 448 114 72 177 -1 -1 -1 -1 
329 6 447 113 72 177 -1 -1 -1 -1 
330 6 447 113 71 177 -1 -1 -1 -1 
331 6 447 111 71 176 -1 -1 -1 -1 
332 6 447 110 71 175 -1 -1 -1 -1 
333 6 447 109 70 175 -1 -1 -1 -1 
334 6 447 109 70 174 -1 -1 -1 -1 
335 6 447 108 69 174 -1 -1 -1 -1 
336 6 446 108 70 175 -1 -1 -1 -1 
337 6 446 107 70 176 -1 -1 -1 -1 
338 6 445 107 71 176 -1 -1 -1 -1 
339 6 445 107 71 177 -1 -1 -1 -1 
340 6 445 107 71 177 -1 -1 -1 -1 
341 6 444 106 72 178 -1 -1 -1 -1 
342 6 444 106 71 178 -1 -1 -1 -1 
343 6 444 106 71 178 -1 -1 -1 -1 
344 6 444 106 71 178 -1 -1 -1 -1 
345 6 444 106 71 177 -1 -1 -1 -1 
346 6 444 106 70 176 -1 -1 -1 -1 
347 6 444 105 69 176 -1 -1 -1 -1 
348 6 445 104 69 175 -1 -1 -1 -1 
349 6 445 102 69 175 -1 -1 -1 -1 
350 6 445 101 69 173 -1 -1 -1 -1 
351 6 445 99 69 173 -1 -1 -1 -1 
352 6 444 98 69 173 -1 -1 -1 -1 
353 6 444 97 69 173 -1 -1 -1 -1 
354 6 444 96 69 174 -1 -1 -1 -1 
355 6 444 94 69 175 -1 -1 -1 -1 
356 6 443 94 70 176 -1 -1 -1 -1 
357 6 443 93 70 176 -1 -1 -1 -1 
358 6 443 93 69 176 -1 -1 -1 -1 
359 6 443 92 69 176 -1 -1 -1 -1 
360 6 442 92 71 177 -1 -1 -1 -1 
361 6 442 91 70 177 -1 -1 -1 -1 
362 6 442 90 71 178 -1 -1 -1 -1 
363 6 442 90 71 178 -1 -1 -1 -1 
364 6 442 90 70 178 -1 -1 -1 -1 
365 6 442 89 70 178 -1 -1 -1 -1 
366 6 442 88 70 177 -1 -1 -1 -1 
367 6 442 87 70 176 -1 -1 -1 -1 
368 6 442 85 70 176 -1 -1 -1 -1 
369 6 442 83 70 177 -1 -1 -1 -1 
370 6 442 82 70 177 -1 -1 -1 -1 
371 6 442 82 70 175 -1 -1 -1 -1 
372 6 442 81 70 174 -1 -1 -1 -1 
373 6 443 81 69 173 -1 -1 -1 -1 
374 6 442 80 70 174 -1 -1 -1 -1 
375 6 443 79 70 175 -1 -1 -1 -1 
376 6 443 78 71 176 -1 -1 -1 -1 
377 6 444 77 71 176 -1 -1 -1 -1 
378 6 445 77 71 176 -1 -1 -1 -1 
379 6 445 76 72 177 -1 -1 -1 -1 
380 6 446 76 72 177 -1 -1 -1 -1 
381 6 446 75 72 177 -1 -1 -1 -1 
382 6 447 75 71 177 -1 -1 -1 -1 
383 6 448 74 71 178 -1 -1 -1 -1 
384 6 450 74 70 178 -1 -1 -1 -1 
385 6 451 73 71 180 -1 -1 -1 -1 
386 6 452 72 73 180 -1 -1 -1 -1 
387 6 453 71 73 182 -1 -1 -1 -1 
388 6 454 70 73 183 -1 -1 -1 -1 
389 6 455 70 73 182 -1 -1 -1 -1 
390 6 454 71 73 180 -1 -1 -1 -1 
391 6 455 71 72 178 -1 -1 -1 -1 
392 6 456 71 72 178 -1 -1 -1 -1 
393 6 458 71 71 177 -1 -1 -1 -1 
394 6 460 72 70 175 -1 -1 -1 -1 
395 6 461 73 70 173 -1 -1 -1 -1 
396 6 463 72 70 173 -1 -1 -1 -1 
397 6 464 72 70 173 -1 -1 -1 -1 
398 6 465 70 70 175 -1 -1 -1 -1 
399 6 465 70 71 176 -1 -1 -1 -1 
400 6 466 70 72 176 -1 -1 -1 -1 
401 6 466 70 72 177 -1 -1 -1 -1 
402 6 466 68 73 179 -1 -1 -1 -1 
403 6 465 67 74 181 -1 -1 -1 -1 
404 6 464 67 74 181 -1 -1 -1 -1 
405 6 464 67 73 181 -1 -1 -1 -1 
406 6 464 68 73 179 -1 -1 -1 -1 
407 6 463 67 73 181 -1 -1 -1 -1 
408 6 463 67 73 181 -1 -1 -1 -1 
409 6 463 67 74 183 -1 -1 -1 -1 
410 6 461 66 77 191 -1 -1 -1 -1 
411 6 461 67 76 190 -1 -1 -1 -1 
412 6 459 66 78 194 -1 -1 -1 -1 
413 6 459 66 78 195 -1 -1 -1 -1 
414 6 459 66 77 193 -1 -1 -1 -1 
415 6 458 66 77 192 -1 -1 -1 -1 
416 6 458 66 76 191 -1 -1 -1 -1 
417 6 456 65 76 191 -1 -1 -1 -1 
418 6 454 64 76 191 -1 -1 -1 -1 
419 6 453 64 76 191 -1 -1 -1 -1 
420 6 452 64 76 190 -1 -1 -1 -1 
421 6 452 64 74 185 -1 -1 -1 -1 
422 6 452 63 74 185 -1 -1 -1 -1 
423 6 454 62 72 180 -1 -1 -1 -1 
424 6 454 63 72 180 -1 -1 -1 -1 
425 6 453 62 72 180 -1 -1 -1 -1 
426 6 454 61 70 176 -1 -1 -1 -1 
427 6 451 60 70 178 -1 -1 -1 -1 
428 6 449 60 70 177 -1 -1 -1 -1 
429 6 449 59 70 174 -1 -1 -1 -1 
430 6 448 59 70 176 -1 -1 -1 -1 
431 6 446 59 72 179 -1 -1 -1 -1 
432 6 446 59 71 177 -1 -1 -1 -1 
433 6 446 59 71 175 -1 -1 -1 -1 
434 6 446 59 70 173 -1 -1 -1 -1 
435 6 446 59 70 173 -1 -1 -1 -1 
436 6 446 59 70 173 -1 -1 -1 -1 
437 6 446 59 70 172 -1 -1 -1 -1 
438 6 446 58 70 174 -1 -1 -1 -1 
439 6 448 58 68 167 -1 -1 -1 -1 
440 6 448 57 67 166 -1 -1 -1 -1 
441 6 448 56 67 166 -1 -1 -1 -1 
442 6 447 56 68 167 -1 -1 -1 -1 
443 6 446 55 69 170 -1 -1 -1 -1 
444 6 446 54 69 170 -1 -1 -1 -1 
445 6 446 53 69 169 -1 -1 -1 -1 
446 6 448 51 66 168 -1 -1 -1 -1 
447 6 449 50 66 165 -1 -1 -1 -1 
448 6 449 48 65 164 -1 -1 -1 -1 
449 6 449 47 65 166 -1 -1 -1 -1 
450 6 448 47 66 166 -1 -1 -1 -1 
451 6 447 46 67 168 -1 -1 -1 -1 
452 6 447 46 67 167 -1 -1 -1 -1 
453 6 447 46 66 165 -1 -1 -1 -1 
454 6 447 46 66 163 -1 -1 -1 -1 
455 6 447 46 66 164 -1 -1 -1 -1 
456 6 447 46 65 163 -1 -1 -1 -1 
457 6 446 46 65 161 -1 -1 -1 -1 
458 6 445 46 65 160 -1 -1 -1 -1 
459 6 445 46 64 159 -1 -1 -1 -1 
460 6 444 44 64 160 -1 -1 -1 -1 
461 6 443 43 64 160 -1 -1 -1 -1 
462 6 442 42 65 161 -1 -1 -1 -1 
463 6 443 42 63 159 -1 -1 -1 -1 
464 6 442 41 62 158 -1 -1 -1 -1 
465 6 441 41 62 158 -1 -1 -1 -1 
466 6 440 41 63 159 -1 -1 -1 -1 
467 6 439 41 64 160 -1 -1 -1 -1 
468 6 439 39 64 160 -1 -1 -1 -1 
469 6 440 38 62 157 -1 -1 -1 -1 
470 6 441 37 61 156 -1 -1 -1 -1 
471 6 441 36 62 155 -1 -1 -1 -1 
472 6 442 36 62 154 -1 -1 -1 -1 
473 6 444 36 60 150 -1 -1 -1 -1 
474 6 445 36 59 148 -1 -1 -1 -1 
475 6 444 35 60 150 -1 -1 -1 -1 
476 6 444 36 60 148 -1 -1 -1 -1 
477 6 446 36 58 145 -1 -1 -1 -1 
478 6 446 35 59 147 -1 -1 -1 -1 
479 6 446 34 58 147 -1 -1 -1 -1 
480 6 445 33 60 150 -1 -1 -1 -1 
481 6 446 32 60 148 -1 -1 -1 -1 
482 6 446 31 61 151 -1 -1 -1 -1 
483 6 446 30 61 152 -1 -1 -1 -1 
484 6 446 28 62 153 -1 -1 -1 -1 
485 6 446 27 62 153 -1 -1 -1 -1 
486 6 447 26 61 154 -1 -1 -1 -1 
487 6 447 25 63 155 -1 -1 -1 -1 
488 6 447 24 64 155 -1 -1 -1 -1 
489 6 447 23 64 154 -1 -1 -1 -1 
490 6 447 22 64 154 -1 -1 -1 -1 
491 6 448 21 62 151 -1 -1 -1 -1 
492 6 448 20 63 151 -1 -1 -1 -1 
493 6 449 20 62 150 -1 -1 -1 -1 
494 6 449 20 62 150 -1 -1 -1 -1 
495 6 450 20 61 149 -1 -1 -1 -1 
496 6 449 20 62 149 -1 -1 -1 -1 
497 6 449 19 62 150 -1 -1 -1 -1 
498 6 449 18 62 150 -1 -1 -1 -1 
499 6 449 16 62 153 -1 -1 -1 -1 
500 6 449 15 62 154 -1 -1 -1 -1 
501 6 448 12 63 157 -1 -1 -1 -1 
502 6 448 11 63 158 -1 -1 -1 -1 
503 6 448 9 64 159 -1 -1 -1 -1 
504 6 449 8 63 159 -1 -1 -1 -1 
505 6 449 7 63 159 -1 -1 -1 -1 
506 6 448 6 63 159 -1 -1 -1 -1 
507 6 448 5 63 160 -1 -1 -1 -1 
508 6 448 4 63 160 -1 -1 -1 -1 
509 6 449 4 63 160 -1 -1 -1 -1 
510 6 450 5 62 159 -1 -1 -1 -1 
511 6 451 5 61 159 -1 -1 -1 -1 
512 6 451 6 62 158 -1 -1 -1 -1 
513 6 452 6 61 158 -1 -1 -1 -1 
514 6 452 5 62 160 -1 -1 -1 -1 
515 6 453 5 62 156 -1 -1 -1 -1 
516 6 454 6 61 152 -1 -1 -1 -1 
517 6 454 5 61 152 -1 -1 -1 -1 
518 6 455 4 60 151 -1 -1 -1 -1 
519 6 455 3 60 151 -1 -1 -1 -1 
520 6 456 2 59 150 -1 -1 -1 -1 
521 6 455 1 59 148 -1 -1 -1 -1 
522 6 455 0 59 148 -1 -1 -1 -1 
523 6 456 0 57 144 -1 -1 -1 -1 
524 6 456 0 57 142 -1 -1 -1 -1 
525 6 456 0 57 142 -1 -1 -1 -1 
526 6 456 0 58 143 -1 -1 -1 -1 
527 6 456 0 57 143 -1 -1 -1 -1 
528 6 456 0 57 143 -1 -1 -1 -1 
529 6 456 0 57 143 -1 -1 -1 -1 
530 6 456 0 57 142 -1 -1 -1 -1 
531 6 456 0 57 142 -1 -1 -1 -1 
532 6 456 0 56 141 -1 -1 -1 -1 
533 6 455 0 55 140 -1 -1 -1 -1 
534 6 455 0 55 139 -1 -1 -1 -1 
535 6 456 0 54 139 -1 -1 -1 -1 
536 6 456 0 54 138 -1 -1 -1 -1 
537 6 455 0 55 139 -1 -1 -1 -1 
538 6 455 0 55 136 -1 -1 -1 -1 
539 6 454 0 56 134 -1 -1 -1 -1 
540 6 453 0 56 132 -1 -1 -1 -1 
541 6 454 0 54 131 -1 -1 -1 -1 
542 6 454 0 54 129 -1 -1 -1 -1 
543 6 454 0 54 128 -1 -1 -1 -1 
544 6 454 0 54 128 -1 -1 -1 -1 
545 6 454 0 54 128 -1 -1 -1 -1 
546 6 454 0 54 129 -1 -1 -1 -1 
547 6 454 0 55 130 -1 -1 -1 -1 
548 6 455 0 53 125 -1 -1 -1 -1 
549 6 456 0 53 125 -1 -1 -1 -1 
550 6 456 0 54 127 -1 -1 -1 -1 
551 6 458 0 52 125 -1 -1 -1 -1 
552 6 459 0 51 122 -1 -1 -1 -1 
553 6 460 0 50 119 -1 -1 -1 -1 
554 6 461 0 50 116 -1 -1 -1 -1 
555 6 462 0 50 116 -1 -1 -1 -1 
556 6 464 0 48 116 -1 -1 -1 -1 
557 6 464 0 49 116 -1 -1 -1 -1 
558 6 464 0 48 115 -1 -1 -1 -1 
559 6 465 0 48 112 -1 -1 -1 -1 
560 6 465 0 48 109 -1 -1 -1 -1 
1 7 540 147 67 168 -1 -1 -1 -1 
2 7 540 149 67 166 -1 -1 -1 -1 
3 7 539 149 67 166 -1 -1 -1 -1 
4 7 538 150 66 165 -1 -1 -1 -1 
5 7 538 151 65 164 -1 -1 -1 -1 
6 7 537 153 66 163 -1 -1 -1 -1 
7 7 536 153 66 165 -1 -1 -1 -1 
8 7 535 154 67 168 -1 -1 -1 -1 
9 7 534 155 67 168 -1 -1 -1 -1 
10 7 533 156 67 169 -1 -1 -1 -1 
11 7 532 156 67 170 -1 -1 -1 -1 
12 7 531 156 66 170 -1 -1 -1 -1 
13 7 530 156 66 170 -1 -1 -1 -1 
14 7 528 156 66 169 -1 -1 -1 -1 
15 7 527 157 68 171 -1 -1 -1 -1 
16 7 526 157 68 172 -1 -1 -1 -1 
17 7 524 157 68 173 -1 -1 -1 -1 
18 7 522 157 69 175 -1 -1 -1 -1 
19 7 522 157 69 175 -1 -1 -1 -1 
20 7 520 157 70 176 -1 -1 -1 -1 
21 7 520 158 70 175 -1 -1 -1 -1 
22 7 520 158 69 175 -1 -1 -1 -1 
23 7 519 158 69 175 -1 -1 -1 -1 
24 7 517 158 69 175 -1 -1 -1 -1 
25 7 516 159 69 174 -1 -1 -1 -1 
26 7 515 160 69 174 -1 -1 -1 -1 
27 7 514 162 69 173 -1 -1 -1 -1 
28 7 513 163 69 173 -1 -1 -1 -1 
29 7 512 164 69 173 -1 -1 -1 -1 
30 7 512 165 69 174 -1 -1 -1 -1 
31 7 511 166 70 173 -1 -1 -1 -1 
32 7 511 167 69 173 -1 -1 -1 -1 
33 7 510 167 70 174 -1 -1 -1 -1 
34 7 510 167 70 175 -1 -1 -1 -1 
35 7 508 167 70 175 -1 -1 -1 -1 
36 7 507 168 70 175 -1 -1 -1 -1 
37 7 505 169 71 174 -1 -1 -1 -1 
38 7 504 169 71 175 -1 -1 -1 -1 
39 7 502 169 72 176 -1 -1 -1 -1 
40 7 502 170 71 177 -1 -1 -1 -1 
41 7 501 169 72 179 -1 -1 -1 -1 
42 7 500 170 72 180 -1 -1 -1 -1 
43 7 499 170 73 181 -1 -1 -1 -1 
44 7 499 172 72 180 -1 -1 -1 -1 
45 7 499 174 71 179 -1 -1 -1 -1 
46 7 499 176 71 178 -1 -1 -1 -1 
47 7 499 178 70 176 -1 -1 -1 -1 
48 7 499 180 69 174 -1 -1 -1 -1 
49 7 499 182 70 174 -1 -1 -1 -1 
50 7 500 182 70 177 -1 -1 -1 -1 
51 7 501 185 70 175 -1 -1 -1 -1 
52 7 501 184 71 178 -1 -1 -1 -1 
53 7 501 185 71 177 -1 -1 -1 -1 
54 7 502 187 70 175 -1 -1 -1 -1 
55 7 501 185 71 178 -1 -1 -1 -1 
56 7 501 184 71 178 -1 -1 -1 -1 
57 7 501 184 70 177 -1 -1 -1 -1 
58 7 500 185 71 177 -1 -1 -1 -1 
59 7 499 185 71 178 -1 -1 -1 -1 
60 7 499 187 71 177 -1 -1 -1 -1 
61 7 498 187 71 178 -1 -1 -1 -1 
62 7 497 187 72 179 -1 -1 -1 -1 
63 7 495 187 73 181 -1 -1 -1 -1 
64 7 495 188 73 181 -1 -1 -1 -1 
65 7 495 189 72 180 -1 -1 -1 -1 
66 7 495 190 72 180 -1 -1 -1 -1 
67 7 496 191 72 182 -1 -1 -1 -1 
68 7 496 192 72 181 -1 -1 -1 -1 
69 7 496 193 72 180 -1 -1 -1 -1 
70 7 496 193 70 178 -1 -1 -1 -1 
71 7 496 195 69 176 -1 -1 -1 -1 
72 7 497 197 69 176 -1 -1 -1 -1 
73 7 498 198 68 176 -1 -1 -1 -1 
74 7 497 199 70 176 -1 -1 -1 -1 
75 7 497 200 70 176 -1 -1 -1 -1 
76 7 496 200 72 178 -1 -1 -1 -1 
77 7 497 200 71 179 -1 -1 -1 -1 
78 7 497 201 71 180 -1 -1 -1 -1 
79 7 497 201 72 182 -1 -1 -1 -1 
80 7 496 202 73 183 -1 -1 -1 -1 
81 7 496 204 73 183 -1 -1 -1 -1 
82 7 496 204 73 185 -1 -1 -1 -1 
83 7 497 205 73 183 -1 -1 -1 -1 
84 7 498 206 73 183 -1 -1 -1 -1 
85 7 497 207 73 182 -1 -1 -1 -1 
86 7 498 211 73 180 -1 -1 -1 -1 
87 7 499 211 72 180 -1 -1 -1 -1 
88 7 499 211 73 181 -1 -1 -1 -1 
89 7 501 211 72 181 -1 -1 -1 -1 
90 7 503 212 72 181 -1 -1 -1 -1 
91 7 504 213 72 181 -1 -1 -1 -1 
92 7 505 214 72 181 -1 -1 -1 -1 
93 7 505 215 72 179 -1 -1 -1 -1 
94 7 505 217 71 178 -1 -1 -1 -1 
95 7 506 219 71 180 -1 -1 -1 -1 
96 7 505 220 73 183 -1 -1 -1 -1 
97 7 505 221 74 186 -1 -1 -1 -1 
98 7 505 223 75 188 -1 -1 -1 -1 
99 7 506 224 75 188 -1 -1 -1 -1 
100 7 506 226 74 186 -1 -1 -1 -1 
101 7 507 227 73 186 -1 -1 -1 -1 
102 7 506 229 74 186 -1 -1 -1 -1 
103 7 505 230 74 186 -1 -1 -1 -1 
104 7 505 230 74 187 -1 -1 -1 -1 
105 7 504 232 75 186 -1 -1 -1 -1 
106 7 505 233 75 184 -1 -1 -1 -1 
107 7 506 233 74 184 -1 -1 -1 -1 
108 7 507 233 74 184 -1 -1 -1 -1 
109 7 508 234 73 180 -1 -1 -1 -1 
110 7 509 236 72 178 -1 -1 -1 -1 
111 7 510 236 72 179 -1 -1 -1 -1 
112 7 511 237 73 181 -1 -1 -1 -1 
113 7 512 238 73 182 -1 -1 -1 -1 
114 7 512 239 73 183 -1 -1 -1 -1 
115 7 513 240 73 183 -1 -1 -1 -1 
116 7 514 241 73 182 -1 -1 -1 -1 
117 7 515 243 72 181 -1 -1 -1 -1 
118 7 515 243 73 181 -1 -1 -1 -1 
119 7 516 244 73 181 -1 -1 -1 -1 
120 7 516 245 73 181 -1 -1 -1 -1 
121 7 517 245 73 181 -1 -1 -1 -1 
122 7 518 245 72 181 -1 -1 -1 -1 
123 7 519 246 72 180 -1 -1 -1 -1 
124 7 520 247 72 179 -1 -1 -1 -1 
125 7 521 248 71 180 -1 -1 -1 -1 
126 7 521 249 72 182 -1 -1 -1 -1 
127 7 522 251 72 180 -1 -1 -1 -1 
128 7 522 252 73 182 -1 -1 -1 -1 
129 7 521 251 74 184 -1 -1 -1 -1 
130 7 522 251 74 185 -1 -1 -1 -1 
131 7 522 253 74 186 -1 -1 -1 -1 
132 7 522 254 75 188 -1 -1 -1 -1 
133 7 522 255 76 188 -1 -1 -1 -1 
134 7 523 255 75 190 -1 -1 -1 -1 
135 7 523 256 76 190 -1 -1 -1 -1 
136 7 523 257 75 189 -1 -1 -1 -1 
137 7 523 257 75 189 -1 -1 -1 -1 
138 7 523 258 75 188 -1 -1 -1 -1 
139 7 522 260 76 187 -1 -1 -1 -1 
140 7 522 263 75 184 -1 -1 -1 -1 
141 7 522 265 73 184 -1 -1 -1 -1 
142 7 521 262 75 185 -1 -1 -1 -1 
143 7 521 261 75 186 -1 -1 -1 -1 
144 7 521 263 74 187 -1 -1 -1 -1 
145 7 521 262 76 188 -1 -1 -1 -1 
146 7 521 262 76 190 -1 -1 -1 -1 
147 7 521 264 77 190 -1 -1 -1 -1 
148 7 521 265 78 191 -1 -1 -1 -1 
149 7 521 267 78 192 -1 -1 -1 -1 
150 7 521 270 77 191 -1 -1 -1 -1 
151 7 521 271 78 195 -1 -1 -1 -1 
152 7 522 273 77 194 -1 -1 -1 -1 
153 7 522 275 76 193 -1 -1 -1 -1 
154 7 522 276 76 191 -1 -1 -1 -1 
155 7 523 278 74 188 -1 -1 -1 -1 
156 7 524 279 74 185 -1 -1 -1 -1 
157 7 525 280 72 184 -1 -1 -1 -1 
158 7 525 280 72 183 -1 -1 -1 -1 
159 7 525 281 72 183 -1 -1 -1 -1 
160 7 525 281 72 185 -1 -1 -1 -1 
161 7 525 281 75 186 -1 -1 -1 -1 
162 7 525 281 76 188 -1 -1 -1 -1 
163 7 524 285 77 186 -1 -1 -1 -1 
164 7 524 287 76 186 -1 -1 -1 -1 
165 7 524 288 76 187 -1 -1 -1 -1 
166 7 523 288 76 188 -1 -1 -1 -1 
167 7 522 290 76 188 -1 -1 -1 -1 
168 7 522 289 77 189 -1 -1 -1 -1 
169 7 523 288 77 191 -1 -1 -1 -1 
170 7 523 289 77 190 -1 -1 -1 -1 
171 7 523 289 76 190 -1 -1 -1 -1 
172 7 522 289 77 191 -1 -1 -1 -1 
173 7 522 288 77 192 -1 -1 -1 -1 
174 7 522 289 77 190 -1 -1 -1 -1 
175 7 522 290 77 189 -1 -1 -1 -1 
176 7 522 290 76 189 -1 -1 -1 -1 
177 7 522 291 76 189 -1 -1 -1 -1 
178 7 521 291 77 190 -1 -1 -1 -1 
179 7 521 292 77 189 -1 -1 -1 -1 
180 7 521 293 76 190 -1 -1 -1 -1 
181 7 521 295 76 190 -1 -1 -1 -1 
182 7 521 297 77 190 -1 -1 -1 -1 
183 7 521 299 77 191 -1 -1 -1 -1 
184 7 521 299 78 192 -1 -1 -1 -1 
185 7 520 299 78 193 -1 -1 -1 -1 
186 7 520 299 77 193 -1 -1 -1 -1 
187 7 519 300 78 195 -1 -1 -1 -1 
188 7 519 301 78 196 -1 -1 -1 -1 
189 7 520 302 78 196 -1 -1 -1 -1 
190 7 521 304 77 193 -1 -1 -1 -1 
191 7 521 305 77 193 -1 -1 -1 -1 
192 7 522 307 77 192 -1 -1 -1 -1 
193 7 521 308 77 191 -1 -1 -1 -1 
194 7 521 309 77 190 -1 -1 -1 -1 
195 7 520 310 78 191 -1 -1 -1 -1 
196 7 520 310 77 193 -1 -1 -1 -1 
197 7 519 310 79 195 -1 -1 -1 -1 
198 7 519 310 79 198 -1 -1 -1 -1 
199 7 518 312 79 197 -1 -1 -1 -1 
200 7 517 313 80 198 -1 -1 -1 -1 
201 7 517 315 79 197 -1 -1 -1 -1 
202 7 517 316 78 197 -1 -1 -1 -1 
203 7 518 320 77 192 -1 -1 -1 -1 
204 7 518 322 76 189 -1 -1 -1 -1 
205 7 518 324 75 187 -1 -1 -1 -1 
206 7 517 326 75 184 -1 -1 -1 -1 
207 7 517 326 74 184 -1 -1 -1 -1 
208 7 515 325 75 186 -1 -1 -1 -1 
209 7 515 326 74 186 -1 -1 -1 -1 
210 7 514 327 75 186 -1 -1 -1 -1 
211 7 513 327 75 187 -1 -1 -1 -1 
212 7 512 328 76 187 -1 -1 -1 -1 
213 7 511 329 76 190 -1 -1 -1 -1 
214 7 510 330 77 191 -1 -1 -1 -1 
215 7 509 330 78 195 -1 -1 -1 -1 
216 7 508 331 79 196 -1 -1 -1 -1 
217 7 508 333 79 197 -1 -1 -1 -1 
218 7 508 335 79 197 -1 -1 -1 -1 
219 7 508 337 79 198 -1 -1 -1 -1 
220 7 507 338 80 199 -1 -1 -1 -1 
221 7 507 339 79 200 -1 -1 -1 -1 
222 7 507 340 79 198 -1 -1 -1 -1 
223 7 508 342 78 195 -1 -1 -1 -1 
224 7 509 342 77 194 -1 -1 -1 -1 
225 7 509 342 77 195 -1 -1 -1 -1 
226 7 509 344 77 192 -1 -1 -1 -1 
227 7 509 344 77 194 -1 -1 -1 -1 
228 7 508 345 78 195 -1 -1 -1 -1 
229 7 508 345 78 196 -1 -1 -1 -1 
230 7 507 346 78 197 -1 -1 -1 -1 
231 7 506 347 79 198 -1 -1 -1 -1 
232 7 506 347 80 199 -1 -1 -1 -1 
233 7 506 349 79 198 -1 -1 -1 -1 
234 7 505 351 79 198 -1 -1 -1 -1 
235 7 504 353 79 196 -1 -1 -1 -1 
236 7 504 355 79 196 -1 -1 -1 -1 
237 7 504 357 78 195 -1 -1 -1 -1 
238 7 503 359 78 193 -1 -1 -1 -1 
239 7 503 359 78 193 -1 -1 -1 -1 
240 7 501 361 78 193 -1 -1 -1 -1 
241 7 500 362 78 192 -1 -1 -1 -1 
242 7 499 362 78 193 -1 -1 -1 -1 
243 7 498 363 78 194 -1 -1 -1 -1 
244 7 496 364 78 195 -1 -1 -1 -1 
245 7 495 365 78 196 -1 -1 -1 -1 
246 7 495 366 77 196 -1 -1 -1 -1 
247 7 494 366 78 197 -1 -1 -1 -1 
248 7 492 368 79 197 -1 -1 -1 -1 
249 7 491 369 80 199 -1 -1 -1 -1 
250 7 490 370 80 201 -1 -1 -1 -1 
251 7 489 371 81 204 -1 -1 -1 -1 
252 7 488 373 83 208 -1 -1 -1 -1 
253 7 487 374 83 209 -1 -1 -1 -1 
254 7 486 375 84 211 -1 -1 -1 -1 
255 7 485 376 86 214 -1 -1 -1 -1 
256 7 485 377 86 215 -1 -1 -1 -1 
257 7 486 378 84 212 -1 -1 -1 -1 
258 7 486 379 83 208 -1 -1 -1 -1 
259 7 486 380 82 206 -1 -1 -1 -1 
260 7 486 382 82 206 -1 -1 -1 -1 
261 7 485 384 82 205 -1 -1 -1 -1 
262 7 484 385 82 204 -1 -1 -1 -1 
263 7 483 385 81 203 -1 -1 -1 -1 
264 7 482 387 81 202 -1 -1 -1 -1 
265 7 481 387 81 204 -1 -1 -1 -1 
266 7 480 389 82 203 -1 -1 -1 -1 
267 7 479 391 81 203 -1 -1 -1 -1 
268 7 478 392 81 202 -1 -1 -1 -1 
269 7 477 393 81 202 -1 -1 -1 -1 
270 7 476 395 81 201 -1 -1 -1 -1 
271 7 476 397 80 199 -1 -1 -1 -1 
272 7 476 398 80 198 -1 -1 -1 -1 
273 7 475 399 79 196 -1 -1 -1 -1 
274 7 473 399 79 197 -1 -1 -1 -1 
275 7 472 399 78 196 -1 -1 -1 -1 
276 7 469 400 78 197 -1 -1 -1 -1 
277 7 467 400 78 198 -1 -1 -1 -1 
278 7 466 402 77 196 -1 -1 -1 -1 
279 7 464 403 78 196 -1 -1 -1 -1 
280 7 463 404 78 198 -1 -1 -1 -1 
281 7 462 406 79 197 -1 -1 -1 -1 
282 7 461 407 79 197 -1 -1 -1 -1 
283 7 459 409 81 199 -1 -1 -1 -1 
284 7 458 410 81 202 -1 -1 -1 -1 
285 7 457 412 80 201 -1 -1 -1 -1 
286 7 456 414 80 200 -1 -1 -1 -1 
287 7 455 415 82 205 -1 -1 -1 -1 
288 7 454 416 83 206 -1 -1 -1 -1 
289 7 454 418 83 206 -1 -1 -1 -1 
290 7 453 420 84 207 -1 -1 -1 -1 
291 7 454 422 83 206 -1 -1 -1 -1 
292 7 454 423 83 204 -1 -1 -1 -1 
293 7 455 423 80 201 -1 -1 -1 -1 
294 7 454 423 82 202 -1 -1 -1 -1 
295 7 454 424 82 202 -1 -1 -1 -1 
296 7 454 425 82 202 -1 -1 -1 -1 
297 7 452 426 83 201 -1 -1 -1 -1 
298 7 451 426 84 204 -1 -1 -1 -1 
299 7 449 426 85 206 -1 -1 -1 -1 
300 7 448 426 85 208 -1 -1 -1 -1 
301 7 448 428 84 209 -1 -1 -1 -1 
302 7 447 431 85 208 -1 -1 -1 -1 
303 7 448 432 84 208 -1 -1 -1 -1 
304 7 448 434 83 206 -1 -1 -1 -1 
305 7 446 436 84 205 -1 -1 -1 -1 
306 7 445 438 84 203 -1 -1 -1 -1 
307 7 444 439 83 203 -1 -1 -1 -1 
308 7 444 440 82 203 -1 -1 -1 -1 
309 7 442 441 81 203 -1 -1 -1 -1 
310 7 440 442 82 203 -1 -1 -1 -1 
311 7 439 442 82 203 -1 -1 -1 -1 
312 7 437 444 83 204 -1 -1 -1 -1 
313 7 436 445 83 205 -1 -1 -1 -1 
314 7 435 446 83 206 -1 -1 -1 -1 
315 7 433 447 84 208 -1 -1 -1 -1 
316 7 432 448 84 209 -1 -1 -1 -1 
317 7 430 449 85 212 -1 -1 -1 -1 
318 7 427 450 87 214 -1 -1 -1 -1 
319 7 426 452 87 217 -1 -1 -1 -1 
320 7 426 455 87 215 -1 -1 -1 -1 
321 7 426 458 87 215 -1 -1 -1 -1 
322 7 426 461 86 214 -1 -1 -1 -1 
323 7 425 464 86 213 -1 -1 -1 -1 
324 7 425 466 86 213 -1 -1 -1 -1 
325 7 425 467 85 212 -1 -1 -1 -1 
326 7 424 466 86 214 -1 -1 -1 -1 
327 7 423 468 86 212 -1 -1 -1 -1 
328 7 423 470 84 209 -1 -1 -1 -1 
329 7 423 471 82 208 -1 -1 -1 -1 
330 7 420 472 82 206 -1 -1 -1 -1 
331 7 419 473 81 202 -1 -1 -1 -1 
332 7 419 476 81 197 -1 -1 -1 -1 
333 7 419 477 80 196 -1 -1 -1 -1 
334 7 419 479 79 199 -1 -1 -1 -1 
335 7 416 479 82 204 -1 -1 -1 -1 
336 7 412 479 84 209 -1 -1 -1 -1 
337 7 405 481 88 215 -1 -1 -1 -1 
338 7 404 484 87 214 -1 -1 -1 -1 
339 7 404 487 86 209 -1 -1 -1 -1 
340 7 405 488 85 212 -1 -1 -1 -1 
341 7 403 489 88 217 -1 -1 -1 -1 
342 7 403 490 88 217 -1 -1 -1 -1 
343 7 401 490 89 218 -1 -1 -1 -1 
344 7 400 491 89 218 -1 -1 -1 -1 
345 7 400 490 89 220 -1 -1 -1 -1 
346 7 399 490 89 219 -1 -1 -1 -1 
347 7 399 491 88 217 -1 -1 -1 -1 
348 7 398 491 88 218 -1 -1 -1 -1 
349 7 396 492 89 218 -1 -1 -1 -1 
350 7 394 492 89 219 -1 -1 -1 -1 
351 7 393 492 88 221 -1 -1 -1 -1 
352 7 392 493 88 222 -1 -1 -1 -1 
353 7 390 496 88 222 -1 -1 -1 -1 
354 7 388 499 89 221 -1 -1 -1 -1 
355 7 386 502 89 219 -1 -1 -1 -1 
356 7 386 504 87 219 -1 -1 -1 -1 
357 7 384 506 88 218 -1 -1 -1 -1 
358 7 383 508 87 218 -1 -1 -1 -1 
359 7 382 510 87 216 -1 -1 -1 -1 
360 7 381 511 86 216 -1 -1 -1 -1 
361 7 379 513 86 214 -1 -1 -1 -1 
362 7 377 514 86 214 -1 -1 -1 -1 
363 7 373 515 87 215 -1 -1 -1 -1 
364 7 371 515 87 217 -1 -1 -1 -1 
365 7 369 516 87 215 -1 -1 -1 -1 
366 7 368 517 86 214 -1 -1 -1 -1 
367 7 367 517 86 217 -1 -1 -1 -1 
368 7 365 518 87 218 -1 -1 -1 -1 
369 7 362 518 89 222 -1 -1 -1 -1 
370 7 360 520 89 222 -1 -1 -1 -1 
371 7 357 524 90 223 -1 -1 -1 -1 
372 7 355 526 91 224 -1 -1 -1 -1 
373 7 354 528 90 222 -1 -1 -1 -1 
374 7 354 531 89 217 -1 -1 -1 -1 
375 7 352 532 89 218 -1 -1 -1 -1 
376 7 350 534 90 218 -1 -1 -1 -1 
377 7 349 535 88 218 -1 -1 -1 -1 
378 7 347 536 88 217 -1 -1 -1 -1 
379 7 346 537 88 218 -1 -1 -1 -1 
380 7 345 537 88 219 -1 -1 -1 -1 
381 7 343 538 88 219 -1 -1 -1 -1 
382 7 342 539 87 219 -1 -1 -1 -1 
383 7 340 541 88 220 -1 -1 -1 -1 
384 7 337 543 89 220 -1 -1 -1 -1 
385 7 334 544 89 224 -1 -1 -1 -1 
386 7 332 546 90 225 -1 -1 -1 -1 
387 7 330 548 92 226 -1 -1 -1 -1 
388 7 328 550 92 228 -1 -1 -1 -1 
389 7 327 552 92 227 -1 -1 -1 -1 
390 7 326 554 91 227 -1 -1 -1 -1 
391 7 325 556 90 226 -1 -1 -1 -1 
392 7 323 557 91 229 -1 -1 -1 -1 
393 7 321 560 91 229 -1 -1 -1 -1 
394 7 318 561 92 231 -1 -1 -1 -1 
395 7 316 563 93 231 -1 -1 -1 -1 
396 7 315 564 92 231 -1 -1 -1 -1 
397 7 314 565 92 232 -1 -1 -1 -1 
398 7 313 566 92 232 -1 -1 -1 -1 
399 7 311 567 92 231 -1 -1 -1 -1 
400 7 310 568 91 228 -1 -1 -1 -1 
401 7 308 570 91 225 -1 -1 -1 -1 
402 7 307 572 90 225 -1 -1 -1 -1 
403 7 305 574 91 225 -1 -1 -1 -1 
404 7 304 576 92 225 -1 -1 -1 -1 
405 7 302 577 93 227 -1 -1 -1 -1 
406 7 301 579 93 228 -1 -1 -1 -1 
407 7 299 581 93 230 -1 -1 -1 -1 
408 7 298 583 93 229 -1 -1 -1 -1 
409 7 298 586 93 228 -1 -1 -1 -1 
410 7 297 587 93 229 -1 -1 -1 -1 
411 7 296 588 92 227 -1 -1 -1 -1 
412 7 295 588 92 228 -1 -1 -1 -1 
413 7 294 589 92 229 -1 -1 -1 -1 
414 7 292 591 92 228 -1 -1 -1 -1 
415 7 292 593 91 226 -1 -1 -1 -1 
416 7 292 594 91 227 -1 -1 -1 -1 
417 7 291 595 92 229 -1 -1 -1 -1 
418 7 290 597 93 231 -1 -1 -1 -1 
419 7 289 598 94 234 -1 -1 -1 -1 
420 7 288 600 94 235 -1 -1 -1 -1 
421 7 287 601 95 237 -1 -1 -1 -1 
422 7 286 604 96 238 -1 -1 -1 -1 
423 7 286 607 96 239 -1 -1 -1 -1 
424 7 285 610 97 240 -1 -1 -1 -1 
425 7 284 613 98 241 -1 -1 -1 -1 
426 7 283 614 98 243 -1 -1 -1 -1 
427 7 283 616 97 242 -1 -1 -1 -1 
428 7 283 617 97 241 -1 -1 -1 -1 
429 7 283 619 96 239 -1 -1 -1 -1 
430 7 282 621 95 234 -1 -1 -1 -1 
431 7 281 622 94 232 -1 -1 -1 -1 
432 7 281 623 92 229 -1 -1 -1 -1 
433 7 280 624 93 229 -1 -1 -1 -1 
434 7 278 625 94 231 -1 -1 -1 -1 
435 7 276 626 95 233 -1 -1 -1 -1 
436 7 275 627 95 235 -1 -1 -1 -1 
437 7 274 630 95 236 -1 -1 -1 -1 
438 7 273 632 95 237 -1 -1 -1 -1 
439 7 271 635 96 237 -1 -1 -1 -1 
440 7 270 638 95 236 -1 -1 -1 -1 
441 7 270 640 94 234 -1 -1 -1 -1 
442 7 269 641 95 236 -1 -1 -1 -1 
443 7 268 643 94 234 -1 -1 -1 -1 
444 7 265 644 94 233 -1 -1 -1 -1 
445 7 264 646 93 232 -1 -1 -1 -1 
446 7 262 647 94 230 -1 -1 -1 -1 
447 7 260 647 94 231 -1 -1 -1 -1 
448 7 259 647 94 232 -1 -1 -1 -1 
449 7 257 649 94 233 -1 -1 -1 -1 
450 7 256 652 94 233 -1 -1 -1 -1 
451 7 255 653 94 234 -1 -1 -1 -1 
452 7 252 654 95 238 -1 -1 -1 -1 
453 7 250 656 96 240 -1 -1 -1 -1 
454 7 249 659 97 241 -1 -1 -1 -1 
455 7 247 661 99 245 -1 -1 -1 -1 
456 7 245 664 100 248 -1 -1 -1 -1 
457 7 244 667 100 249 -1 -1 -1 -1 
458 7 243 671 100 249 -1 -1 -1 -1 
459 7 241 673 101 249 -1 -1 -1 -1 
460 7 241 674 100 250 -1 -1 -1 -1 
461 7 240 676 100 249 -1 -1 -1 -1 
462 7 239 676 100 248 -1 -1 -1 -1 
463 7 239 676 100 248 -1 -1 -1 -1 
464 7 239 677 99 247 -1 -1 -1 -1 
465 7 239 678 98 245 -1 -1 -1 -1 
466 7 239 681 96 238 -1 -1 -1 -1 
467 7 238 683 96 234 -1 -1 -1 -1 
468 7 237 684 96 236 -1 -1 -1 -1 
469 7 235 685 97 239 -1 -1 -1 -1 
470 7 233 686 98 242 -1 -1 -1 -1 
471 7 232 688 98 243 -1 -1 -1 -1 
472 7 231 691 98 242 -1 -1 -1 -1 
473 7 230 694 98 241 -1 -1 -1 -1 
474 7 229 695 99 244 -1 -1 -1 -1 
475 7 228 697 99 244 -1 -1 -1 -1 
476 7 228 701 97 239 -1 -1 -1 -1 
477 7 226 702 97 241 -1 -1 -1 -1 
478 7 226 704 95 239 -1 -1 -1 -1 
479 7 224 706 96 239 -1 -1 -1 -1 
480 7 223 707 96 239 -1 -1 -1 -1 
481 7 222 709 95 237 -1 -1 -1 -1 
482 7 221 710 95 237 -1 -1 -1 -1 
483 7 221 711 95 238 -1 -1 -1 -1 
484 7 220 711 96 239 -1 -1 -1 -1 
485 7 219 713 97 241 -1 -1 -1 -1 
486 7 217 715 98 243 -1 -1 -1 -1 
487 7 216 717 99 245 -1 -1 -1 -1 
488 7 215 720 100 247 -1 -1 -1 -1 
489 7 213 722 102 251 -1 -1 -1 -1 
490 7 212 724 103 253 -1 -1 -1 -1 
491 7 211 726 103 256 -1 -1 -1 -1 
492 7 210 727 104 260 -1 -1 -1 -1 
493 7 210 729 104 261 -1 -1 -1 -1 
494 7 210 731 104 260 -1 -1 -1 -1 
495 7 211 733 102 257 -1 -1 -1 -1 
496 7 210 735 102 255 -1 -1 -1 -1 
497 7 210 737 101 253 -1 -1 -1 -1 
498 7 209 740 100 248 -1 -1 -1 -1 
499 7 209 742 98 242 -1 -1 -1 -1 
500 7 208 742 97 241 -1 -1 -1 -1 
501 7 207 743 97 242 -1 -1 -1 -1 
502 7 206 744 98 245 -1 -1 -1 -1 
503 7 205 745 99 246 -1 -1 -1 -1 
504 7 205 748 99 248 -1 -1 -1 -1 
505 7 205 752 100 248 -1 -1 -1 -1 
506 7 206 754 98 248 -1 -1 -1 -1 
507 7 204 758 100 246 -1 -1 -1 -1 
508 7 204 759 99 247 -1 -1 -1 -1 
509 7 202 762 101 247 -1 -1 -1 -1 
510 7 201 764 101 252 -1 -1 -1 -1 
511 7 200 765 102 255 -1 -1 -1 -1 
512 7 198 768 102 253 -1 -1 -1 -1 
513 7 197 769 101 254 -1 -1 -1 -1 
514 7 196 770 101 253 -1 -1 -1 -1 
515 7 196 772 100 250 -1 -1 -1 -1 
516 7 195 774 100 248 -1 -1 -1 -1 
517 7 194 775 101 247 -1 -1 -1 -1 
518 7 193 776 101 247 -1 -1 -1 -1 
519 7 193 776 100 249 -1 -1 -1 -1 
520 7 192 778 100 248 -1 -1 -1 -1 
521 7 191 779 101 251 -1 -1 -1 -1 
522 7 190 780 102 253 -1 -1 -1 -1 
523 7 190 782 102 255 -1 -1 -1 -1 
524 7 189 784 104 257 -1 -1 -1 -1 
525 7 188 786 105 261 -1 -1 -1 -1 
526 7 188 787 105 263 -1 -1 -1 -1 
527 7 188 789 106 264 -1 -1 -1 -1 
528 7 188 790 105 263 -1 -1 -1 -1 
529 7 189 791 104 262 -1 -1 -1 -1 
530 7 189 792 104 262 -1 -1 -1 -1 
531 7 189 794 104 261 -1 -1 -1 -1 
532 7 189 795 104 260 -1 -1 -1 -1 
533 7 189 797 105 259 -1 -1 -1 -1 
534 7 189 799 104 257 -1 -1 -1 -1 
535 7 190 799 105 259 -1 -1 -1 -1 
536 7 192 800 105 260 -1 -1 -1 -1 
537 7 195 800 105 263 -1 -1 -1 -1 
538 7 197 801 108 266 -1 -1 -1 -1 
539 7 198 804 109 265 -1 -1 -1 -1 
540 7 200 808 106 262 -1 -1 -1 -1 
541 7 203 812 103 257 -1 -1 -1 -1 
542 7 204 815 102 252 -1 -1 -1 -1 
543 7 205 817 101 249 -1 -1 -1 -1 
544 7 206 818 102 248 -1 -1 -1 -1 
545 7 207 819 102 248 -1 -1 -1 -1 
546 7 208 820 102 247 -1 -1 -1 -1 
547 7 208 820 104 247 -1 -1 -1 -1 
548 7 209 821 103 246 -1 -1 -1 -1 
549 7 211 822 103 244 -1 -1 -1 -1 
550 7 213 823 102 243 -1 -1 -1 -1 
551 7 216 824 99 240 -1 -1 -1 -1 
552 7 221 824 97 240 -1 -1 -1 -1 
553 7 225 824 94 238 -1 -1 -1 -1 
561 7 262 843 93 225 -1 -1 -1 -1 
562 7 267 844 93 224 -1 -1 -1 -1 
563 7 271 844 92 224 -1 -1 -1 -1 
564 7 274 845 91 222 -1 -1 -1 -1 
565 7 278 846 90 222 -1 -1 -1 -1 
566 7 280 849 90 221 -1 -1 -1 -1 
567 7 281 850 90 219 -1 -1 -1 -1 
568 7 283 851 89 218 -1 -1 -1 -1 
569 7 285 853 88 216 -1 -1 -1 -1 
570 7 287 854 89 216 -1 -1 -1 -1 
571 7 289 856 90 215 -1 -1 -1 -1 
572 7 292 859 88 212 -1 -1 -1 -1 
573 7 292 862 88 210 -1 -1 -1 -1 
574 7 294 863 87 209 -1 -1 -1 -1 
575 7 295 866 88 208 -1 -1 -1 -1 
576 7 296 868 88 207 -1 -1 -1 -1 
577 7 298 870 86 203 -1 -1 -1 -1 
578 7 300 872 84 201 -1 -1 -1 -1 
579 7 303 873 82 199 -1 -1 -1 -1 
580 7 306 874 80 197 -1 -1 -1 -1 
581 7 308 876 80 195 -1 -1 -1 -1 
582 7 309 879 80 192 -1 -1 -1 -1 
583 7 309 882 80 190 -1 -1 -1 -1 
584 7 310 884 79 188 -1 -1 -1 -1 
585 7 311 885 79 187 -1 -1 -1 -1 
586 7 313 887 77 185 -1 -1 -1 -1 
587 7 314 890 77 182 -1 -1 -1 -1 
588 7 316 893 75 179 -1 -1 -1 -1 
589 7 317 896 75 177 -1 -1 -1 -1 
590 7 318 899 74 174 -1 -1 -1 -1 
591 7 320 901 74 171 -1 -1 -1 -1 
592 7 321 903 73 169 -1 -1 -1 -1 
593 7 322 905 74 167 -1 -1 -1 -1 
594 7 324 908 73 163 -1 -1 -1 -1 
595 7 326 909 72 165 -1 -1 -1 -1 
596 7 327 911 74 162 -1 -1 -1 -1 
597 7 328 914 74 159 -1 -1 -1 -1 
598 7 330 917 73 155 -1 -1 -1 -1 
599 7 331 919 72 153 -1 -1 -1 -1 
600 7 331 919 70 156 -1 -1 -1 -1 
601 7 332 920 69 156 -1 -1 -1 -1 
602 7 333 922 68 155 -1 -1 -1 -1 
603 7 336 925 66 150 -1 -1 -1 -1 
604 7 338 927 65 147 -1 -1 -1 -1 
605 7 340 929 63 146 -1 -1 -1 -1 
606 7 338 931 64 144 -1 -1 -1 -1 
607 7 338 934 63 141 -1 -1 -1 -1 
608 7 342 940 58 134 -1 -1 -1 -1 
609 7 343 944 56 129 -1 -1 -1 -1 
1 8 498 134 66 163 -1 -1 -1 -1 
2 8 498 134 66 163 -1 -1 -1 -1 
3 8 498 135 65 161 -1 -1 -1 -1 
4 8 499 136 64 159 -1 -1 -1 -1 
5 8 498 137 65 158 -1 -1 -1 -1 
6 8 498 137 64 158 -1 -1 -1 -1 
7 8 497 139 65 157 -1 -1 -1 -1 
8 8 496 140 65 159 -1 -1 -1 -1 
9 8 495 141 66 161 -1 -1 -1 -1 
10 8 495 143 65 161 -1 -1 -1 -1 
11 8 495 144 65 162 -1 -1 -1 -1 
12 8 495 146 64 161 -1 -1 -1 -1 
13 8 494 145 64 162 -1 -1 -1 -1 
14 8 493 145 64 162 -1 -1 -1 -1 
15 8 492 145 65 162 -1 -1 -1 -1 
16 8 491 146 65 161 -1 -1 -1 -1 
17 8 491 145 65 163 -1 -1 -1 -1 
18 8 490 145 66 164 -1 -1 -1 -1 
19 8 489 145 67 165 -1 -1 -1 -1 
20 8 489 145 67 166 -1 -1 -1 -1 
21 8 489 145 67 166 -1 -1 -1 -1 
22 8 488 145 67 166 -1 -1 -1 -1 
23 8 487 145 66 165 -1 -1 -1 -1 
24 8 488 146 66 167 -1 -1 -1 -1 
25 8 487 147 68 168 -1 -1 -1 -1 
26 8 487 149 67 168 -1 -1 -1 -1 
27 8 486 151 66 165 -1 -1 -1 -1 
28 8 485 152 67 167 -1 -1 -1 -1 
29 8 485 155 68 169 -1 -1 -1 -1 
30 8 485 157 68 170 -1 -1 -1 -1 
31 8 485 158 67 169 -1 -1 -1 -1 
32 8 485 158 68 172 -1 -1 -1 -1 
33 8 485 158 68 169 -1 -1 -1 -1 
34 8 486 158 67 169 -1 -1 -1 -1 
35 8 485 158 69 174 -1 -1 -1 -1 
36 8 486 157 68 175 -1 -1 -1 -1 
37 8 487 158 69 174 -1 -1 -1 -1 
38 8 485 159 68 171 -1 -1 -1 -1 
39 8 486 160 68 168 -1 -1 -1 -1 
40 8 486 161 67 165 -1 -1 -1 -1 
41 8 486 163 66 162 -1 -1 -1 -1 
42 8 485 164 67 162 -1 -1 -1 -1 
43 8 485 166 67 164 -1 -1 -1 -1 
44 8 485 168 68 166 -1 -1 -1 -1 
45 8 482 172 69 166 -1 -1 -1 -1 
46 8 483 175 67 165 -1 -1 -1 -1 
47 8 484 177 66 164 -1 -1 -1 -1 
48 8 484 178 66 164 -1 -1 -1 -1 
49 8 484 178 65 165 -1 -1 -1 -1 
50 8 483 180 66 163 -1 -1 -1 -1 
51 8 483 180 66 165 -1 -1 -1 -1 
52 8 483 180 66 166 -1 -1 -1 -1 
53 8 483 179 66 167 -1 -1 -1 -1 
54 8 482 179 66 166 -1 -1 -1 -1 
55 8 481 179 66 165 -1 -1 -1 -1 
56 8 482 179 66 165 -1 -1 -1 -1 
57 8 484 180 65 164 -1 -1 -1 -1 
58 8 484 180 66 166 -1 -1 -1 -1 
59 8 485 180 63 164 -1 -1 -1 -1 
60 8 487 181 68 169 -1 -1 -1 -1 
1 9 703 0 59 148 -1 -1 -1 -1 
2 9 703 0 59 148 -1 -1 -1 -1 
3 9 703 0 59 149 -1 -1 -1 -1 
4 9 703 0 59 147 -1 -1 -1 -1 
5 9 703 0 59 147 -1 -1 -1 -1 
6 9 703 0 59 147 -1 -1 -1 -1 
7 9 704 0 58 146 -1 -1 -1 -1 
8 9 703 0 59 146 -1 -1 -1 -1 
9 9 703 0 59 145 -1 -1 -1 -1 
10 9 704 0 58 145 -1 -1 -1 -1 
11 9 704 0 58 145 -1 -1 -1 -1 
12 9 704 0 59 146 -1 -1 -1 -1 
13 9 703 0 60 145 -1 -1 -1 -1 
14 9 703 0 60 146 -1 -1 -1 -1 
15 9 703 0 59 146 -1 -1 -1 -1 
16 9 703 0 60 146 -1 -1 -1 -1 
17 9 703 0 59 147 -1 -1 -1 -1 
18 9 703 0 60 147 -1 -1 -1 -1 
19 9 703 0 61 147 -1 -1 -1 -1 
20 9 703 0 60 147 -1 -1 -1 -1 
21 9 704 0 60 147 -1 -1 -1 -1 
22 9 704 0 60 148 -1 -1 -1 -1 
23 9 704 0 60 148 -1 -1 -1 -1 
24 9 704 0 60 148 -1 -1 -1 -1 
25 9 703 0 60 147 -1 -1 -1 -1 
26 9 703 0 61 147 -1 -1 -1 -1 
27 9 703 0 60 147 -1 -1 -1 -1 
28 9 703 0 60 147 -1 -1 -1 -1 
29 9 703 0 61 147 -1 -1 -1 -1 
30 9 704 0 60 147 -1 -1 -1 -1 
31 9 704 0 60 147 -1 -1 -1 -1 
32 9 704 0 60 147 -1 -1 -1 -1 
33 9 704 0 60 147 -1 -1 -1 -1 
34 9 704 0 61 148 -1 -1 -1 -1 
35 9 704 0 61 147 -1 -1 -1 -1 
36 9 705 0 60 147 -1 -1 -1 -1 
37 9 706 0 60 146 -1 -1 -1 -1 
38 9 706 0 59 146 -1 -1 -1 -1 
39 9 705 0 59 146 -1 -1 -1 -1 
40 9 705 0 59 146 -1 -1 -1 -1 
41 9 705 0 59 147 -1 -1 -1 -1 
42 9 705 0 60 147 -1 -1 -1 -1 
43 9 705 0 60 147 -1 -1 -1 -1 
44 9 705 0 60 147 -1 -1 -1 -1 
45 9 705 0 60 147 -1 -1 -1 -1 
46 9 705 0 60 146 -1 -1 -1 -1 
47 9 705 0 60 146 -1 -1 -1 -1 
48 9 705 0 60 147 -1 -1 -1 -1 
49 9 704 0 60 147 -1 -1 -1 -1 
50 9 704 0 59 146 -1 -1 -1 -1 
51 9 704 0 58 146 -1 -1 -1 -1 
52 9 704 0 57 144 -1 -1 -1 -1 
53 9 704 0 56 143 -1 -1 -1 -1 
54 9 703 0 57 143 -1 -1 -1 -1 
55 9 704 0 57 143 -1 -1 -1 -1 
56 9 704 0 57 144 -1 -1 -1 -1 
57 9 704 0 57 144 -1 -1 -1 -1 
58 9 704 0 57 144 -1 -1 -1 -1 
59 9 704 0 57 143 -1 -1 -1 -1 
60 9 705 0 58 144 -1 -1 -1 -1 
61 9 705 0 58 146 -1 -1 -1 -1 
62 9 704 0 58 145 -1 -1 -1 -1 
63 9 704 0 59 146 -1 -1 -1 -1 
64 9 704 0 59 147 -1 -1 -1 -1 
65 9 704 0 58 146 -1 -1 -1 -1 
66 9 704 0 58 146 -1 -1 -1 -1 
67 9 704 0 58 145 -1 -1 -1 -1 
68 9 705 0 57 145 -1 -1 -1 -1 
69 9 704 0 58 145 -1 -1 -1 -1 
70 9 705 0 57 145 -1 -1 -1 -1 
71 9 704 0 58 145 -1 -1 -1 -1 
72 9 705 0 58 146 -1 -1 -1 -1 
73 9 705 0 58 147 -1 -1 -1 -1 
74 9 704 0 59 146 -1 -1 -1 -1 
75 9 705 0 58 146 -1 -1 -1 -1 
76 9 704 0 58 146 -1 -1 -1 -1 
77 9 704 0 58 146 -1 -1 -1 -1 
78 9 704 0 58 146 -1 -1 -1 -1 
79 9 704 0 58 146 -1 -1 -1 -1 
80 9 704 0 57 146 -1 -1 -1 -1 
81 9 704 0 58 147 -1 -1 -1 -1 
82 9 704 0 59 148 -1 -1 -1 -1 
83 9 704 0 58 147 -1 -1 -1 -1 
84 9 704 0 59 148 -1 -1 -1 -1 
85 9 704 0 59 147 -1 -1 -1 -1 
86 9 704 0 59 149 -1 -1 -1 -1 
87 9 703 0 59 148 -1 -1 -1 -1 
88 9 703 0 59 148 -1 -1 -1 -1 
89 9 703 0 59 147 -1 -1 -1 -1 
90 9 703 0 58 146 -1 -1 -1 -1 
91 9 703 0 58 146 -1 -1 -1 -1 
92 9 704 0 58 147 -1 -1 -1 -1 
93 9 704 0 58 147 -1 -1 -1 -1 
94 9 704 0 58 146 -1 -1 -1 -1 
95 9 704 0 58 147 -1 -1 -1 -1 
96 9 704 0 58 147 -1 -1 -1 -1 
97 9 704 0 58 147 -1 -1 -1 -1 
98 9 704 0 58 148 -1 -1 -1 -1 
99 9 703 0 59 147 -1 -1 -1 -1 
100 9 704 0 58 147 -1 -1 -1 -1 
101 9 704 0 58 147 -1 -1 -1 -1 
102 9 704 1 58 147 -1 -1 -1 -1 
103 9 703 0 59 148 -1 -1 -1 -1 
104 9 704 0 58 147 -1 -1 -1 -1 
105 9 703 1 58 146 -1 -1 -1 -1 
106 9 704 1 57 145 -1 -1 -1 -1 
107 9 704 1 57 145 -1 -1 -1 -1 
108 9 704 0 57 146 -1 -1 -1 -1 
109 9 704 1 58 145 -1 -1 -1 -1 
110 9 704 1 58 145 -1 -1 -1 -1 
111 9 704 1 58 145 -1 -1 -1 -1 
112 9 704 0 58 146 -1 -1 -1 -1 
113 9 704 0 58 146 -1 -1 -1 -1 
114 9 704 1 57 145 -1 -1 -1 -1 
115 9 703 1 58 146 -1 -1 -1 -1 
116 9 703 1 58 146 -1 -1 -1 -1 
117 9 703 1 58 146 -1 -1 -1 -1 
118 9 703 1 58 144 -1 -1 -1 -1 
119 9 703 1 58 144 -1 -1 -1 -1 
120 9 704 1 57 144 -1 -1 -1 -1 
121 9 704 1 56 144 -1 -1 -1 -1 
122 9 704 1 57 144 -1 -1 -1 -1 
123 9 704 0 57 145 -1 -1 -1 -1 
124 9 704 0 57 145 -1 -1 -1 -1 
125 9 704 1 57 144 -1 -1 -1 -1 
126 9 703 1 58 145 -1 -1 -1 -1 
127 9 703 1 58 146 -1 -1 -1 -1 
128 9 703 2 58 145 -1 -1 -1 -1 
129 9 703 1 58 145 -1 -1 -1 -1 
130 9 704 2 57 144 -1 -1 -1 -1 
131 9 704 2 57 144 -1 -1 -1 -1 
132 9 704 2 57 144 -1 -1 -1 -1 
133 9 703 1 57 144 -1 -1 -1 -1 
134 9 704 2 57 143 -1 -1 -1 -1 
135 9 704 1 57 144 -1 -1 -1 -1 
136 9 704 2 57 144 -1 -1 -1 -1 
137 9 703 2 57 144 -1 -1 -1 -1 
138 9 703 2 57 145 -1 -1 -1 -1 
139 9 703 2 58 144 -1 -1 -1 -1 
140 9 703 2 58 144 -1 -1 -1 -1 
141 9 704 2 57 144 -1 -1 -1 -1 
142 9 704 1 57 145 -1 -1 -1 -1 
143 9 704 1 57 145 -1 -1 -1 -1 
144 9 704 1 57 145 -1 -1 -1 -1 
145 9 704 1 58 144 -1 -1 -1 -1 
146 9 704 0 57 145 -1 -1 -1 -1 
147 9 704 0 57 145 -1 -1 -1 -1 
148 9 704 0 57 145 -1 -1 -1 -1 
149 9 704 0 58 146 -1 -1 -1 -1 
150 9 704 1 58 146 -1 -1 -1 -1 
151 9 704 0 59 148 -1 -1 -1 -1 
152 9 704 0 59 149 -1 -1 -1 -1 
153 9 704 0 59 148 -1 -1 -1 -1 
154 9 704 0 59 148 -1 -1 -1 -1 
155 9 704 0 59 147 -1 -1 -1 -1 
156 9 704 0 57 146 -1 -1 -1 -1 
157 9 704 0 58 148 -1 -1 -1 -1 
158 9 704 1 58 146 -1 -1 -1 -1 
159 9 704 2 57 144 -1 -1 -1 -1 
160 9 704 2 57 145 -1 -1 -1 -1 
161 9 704 1 58 147 -1 -1 -1 -1 
162 9 704 1 58 148 -1 -1 -1 -1 
163 9 704 0 58 149 -1 -1 -1 -1 
164 9 703 1 58 147 -1 -1 -1 -1 
165 9 704 2 57 146 -1 -1 -1 -1 
166 9 704 2 57 146 -1 -1 -1 -1 
167 9 703 2 58 145 -1 -1 -1 -1 
168 9 704 2 57 144 -1 -1 -1 -1 
169 9 704 2 57 144 -1 -1 -1 -1 
170 9 704 2 57 145 -1 -1 -1 -1 
171 9 704 2 57 144 -1 -1 -1 -1 
172 9 704 2 57 145 -1 -1 -1 -1 
173 9 704 2 57 145 -1 -1 -1 -1 
174 9 704 2 57 145 -1 -1 -1 -1 
175 9 704 2 57 145 -1 -1 -1 -1 
176 9 704 2 57 145 -1 -1 -1 -1 
177 9 704 2 57 146 -1 -1 -1 -1 
178 9 704 2 57 145 -1 -1 -1 -1 
179 9 704 2 57 145 -1 -1 -1 -1 
180 9 704 2 57 145 -1 -1 -1 -1 
181 9 704 2 57 145 -1 -1 -1 -1 
182 9 704 2 57 145 -1 -1 -1 -1 
183 9 704 2 57 144 -1 -1 -1 -1 
184 9 704 2 57 145 -1 -1 -1 -1 
185 9 704 1 57 146 -1 -1 -1 -1 
186 9 704 1 58 146 -1 -1 -1 -1 
187 9 704 1 57 146 -1 -1 -1 -1 
188 9 704 1 57 146 -1 -1 -1 -1 
189 9 704 1 58 146 -1 -1 -1 -1 
190 9 704 1 58 146 -1 -1 -1 -1 
191 9 705 0 58 148 -1 -1 -1 -1 
192 9 705 0 58 148 -1 -1 -1 -1 
193 9 705 0 58 148 -1 -1 -1 -1 
194 9 705 0 58 148 -1 -1 -1 -1 
195 9 704 0 58 147 -1 -1 -1 -1 
196 9 704 1 57 146 -1 -1 -1 -1 
197 9 704 1 57 146 -1 -1 -1 -1 
198 9 704 1 57 145 -1 -1 -1 -1 
199 9 704 1 57 146 -1 -1 -1 -1 
200 9 704 1 58 148 -1 -1 -1 -1 
201 9 704 0 59 149 -1 -1 -1 -1 
202 9 704 1 58 147 -1 -1 -1 -1 
203 9 704 0 59 149 -1 -1 -1 -1 
204 9 704 0 59 149 -1 -1 -1 -1 
205 9 705 0 58 148 -1 -1 -1 -1 
206 9 705 0 58 147 -1 -1 -1 -1 
207 9 705 0 58 148 -1 -1 -1 -1 
208 9 705 1 57 146 -1 -1 -1 -1 
209 9 705 1 57 146 -1 -1 -1 -1 
210 9 705 0 57 147 -1 -1 -1 -1 
211 9 705 0 58 148 -1 -1 -1 -1 
212 9 705 0 58 149 -1 -1 -1 -1 
213 9 705 0 58 148 -1 -1 -1 -1 
214 9 705 0 58 148 -1 -1 -1 -1 
215 9 705 0 57 148 -1 -1 -1 -1 
216 9 705 0 58 148 -1 -1 -1 -1 
217 9 705 0 58 147 -1 -1 -1 -1 
218 9 704 1 58 145 -1 -1 -1 -1 
219 9 704 1 58 145 -1 -1 -1 -1 
220 9 704 0 58 147 -1 -1 -1 -1 
221 9 704 0 59 148 -1 -1 -1 -1 
222 9 704 0 58 148 -1 -1 -1 -1 
223 9 704 0 58 147 -1 -1 -1 -1 
224 9 705 0 57 147 -1 -1 -1 -1 
225 9 705 1 57 146 -1 -1 -1 -1 
226 9 705 0 58 148 -1 -1 -1 -1 
227 9 705 0 57 147 -1 -1 -1 -1 
228 9 705 1 57 146 -1 -1 -1 -1 
229 9 705 1 57 145 -1 -1 -1 -1 
230 9 705 1 57 145 -1 -1 -1 -1 
231 9 705 1 57 145 -1 -1 -1 -1 
232 9 705 1 58 146 -1 -1 -1 -1 
233 9 705 0 58 148 -1 -1 -1 -1 
234 9 705 0 58 148 -1 -1 -1 -1 
235 9 705 1 57 146 -1 -1 -1 -1 
236 9 704 1 58 145 -1 -1 -1 -1 
237 9 704 0 58 147 -1 -1 -1 -1 
238 9 704 0 58 146 -1 -1 -1 -1 
239 9 704 1 58 146 -1 -1 -1 -1 
240 9 705 0 58 147 -1 -1 -1 -1 
241 9 705 0 58 147 -1 -1 -1 -1 
242 9 705 0 58 147 -1 -1 -1 -1 
243 9 705 0 59 148 -1 -1 -1 -1 
244 9 704 1 58 146 -1 -1 -1 -1 
245 9 704 1 57 146 -1 -1 -1 -1 
246 9 704 0 58 147 -1 -1 -1 -1 
247 9 704 0 58 147 -1 -1 -1 -1 
248 9 704 0 58 147 -1 -1 -1 -1 
249 9 704 0 58 148 -1 -1 -1 -1 
250 9 704 0 58 148 -1 -1 -1 -1 
251 9 704 0 58 148 -1 -1 -1 -1 
252 9 704 0 59 148 -1 -1 -1 -1 
253 9 704 0 58 148 -1 -1 -1 -1 
254 9 704 0 58 147 -1 -1 -1 -1 
255 9 704 1 58 146 -1 -1 -1 -1 
256 9 704 1 58 146 -1 -1 -1 -1 
257 9 704 0 58 146 -1 -1 -1 -1 
258 9 704 0 58 146 -1 -1 -1 -1 
259 9 704 0 57 145 -1 -1 -1 -1 
260 9 704 0 57 144 -1 -1 -1 -1 
261 9 704 0 57 143 -1 -1 -1 -1 
262 9 705 0 56 144 -1 -1 -1 -1 
263 9 705 0 56 143 -1 -1 -1 -1 
264 9 705 1 56 142 -1 -1 -1 -1 
265 9 705 1 56 143 -1 -1 -1 -1 
266 9 704 1 57 143 -1 -1 -1 -1 
267 9 704 0 57 145 -1 -1 -1 -1 
268 9 704 0 57 144 -1 -1 -1 -1 
269 9 704 1 57 144 -1 -1 -1 -1 
270 9 704 1 57 143 -1 -1 -1 -1 
271 9 704 0 57 143 -1 -1 -1 -1 
272 9 704 1 57 143 -1 -1 -1 -1 
273 9 704 1 56 143 -1 -1 -1 -1 
274 9 704 1 57 145 -1 -1 -1 -1 
275 9 704 1 57 143 -1 -1 -1 -1 
276 9 704 2 56 142 -1 -1 -1 -1 
277 9 704 2 56 142 -1 -1 -1 -1 
278 9 704 2 57 143 -1 -1 -1 -1 
279 9 704 2 57 142 -1 -1 -1 -1 
280 9 704 1 56 142 -1 -1 -1 -1 
281 9 704 2 56 141 -1 -1 -1 -1 
282 9 704 2 56 141 -1 -1 -1 -1 
283 9 704 3 56 140 -1 -1 -1 -1 
284 9 704 2 57 141 -1 -1 -1 -1 
285 9 704 3 57 140 -1 -1 -1 -1 
286 9 704 3 56 140 -1 -1 -1 -1 
287 9 704 2 56 141 -1 -1 -1 -1 
288 9 703 2 57 141 -1 -1 -1 -1 
289 9 703 2 57 140 -1 -1 -1 -1 
290 9 703 2 56 141 -1 -1 -1 -1 
291 9 703 2 56 140 -1 -1 -1 -1 
292 9 704 1 55 141 -1 -1 -1 -1 
293 9 704 1 55 141 -1 -1 -1 -1 
294 9 704 1 55 140 -1 -1 -1 -1 
295 9 704 1 56 140 -1 -1 -1 -1 
296 9 704 1 56 141 -1 -1 -1 -1 
297 9 705 1 55 141 -1 -1 -1 -1 
298 9 705 1 55 141 -1 -1 -1 -1 
299 9 705 1 55 140 -1 -1 -1 -1 
300 9 705 2 55 137 -1 -1 -1 -1 
301 9 706 2 54 139 -1 -1 -1 -1 
302 9 706 3 55 138 -1 -1 -1 -1 
303 9 706 2 55 139 -1 -1 -1 -1 
304 9 706 2 55 139 -1 -1 -1 -1 
305 9 706 3 55 139 -1 -1 -1 -1 
306 9 706 2 55 140 -1 -1 -1 -1 
307 9 706 2 56 142 -1 -1 -1 -1 
308 9 706 2 56 142 -1 -1 -1 -1 
309 9 706 2 56 142 -1 -1 -1 -1 
310 9 706 2 56 141 -1 -1 -1 -1 
311 9 706 2 57 142 -1 -1 -1 -1 
312 9 707 4 56 139 -1 -1 -1 -1 
313 9 707 4 55 139 -1 -1 -1 -1 
314 9 707 5 55 137 -1 -1 -1 -1 
315 9 707 4 54 137 -1 -1 -1 -1 
316 9 706 4 55 139 -1 -1 -1 -1 
317 9 705 3 56 141 -1 -1 -1 -1 
318 9 706 3 55 140 -1 -1 -1 -1 
319 9 706 3 54 137 -1 -1 -1 -1 
320 9 707 3 53 136 -1 -1 -1 -1 
321 9 706 3 54 137 -1 -1 -1 -1 
322 9 706 3 54 139 -1 -1 -1 -1 
323 9 705 3 54 137 -1 -1 -1 -1 
324 9 705 3 54 137 -1 -1 -1 -1 
325 9 704 3 55 138 -1 -1 -1 -1 
326 9 704 4 54 136 -1 -1 -1 -1 
327 9 703 3 56 138 -1 -1 -1 -1 
328 9 702 3 58 141 -1 -1 -1 -1 
329 9 703 3 55 137 -1 -1 -1 -1 
330 9 702 3 56 136 -1 -1 -1 -1 
331 9 702 4 54 132 -1 -1 -1 -1 
332 9 703 4 53 132 -1 -1 -1 -1 
333 9 703 4 53 131 -1 -1 -1 -1 
334 9 703 4 53 130 -1 -1 -1 -1 
335 9 704 4 53 129 -1 -1 -1 -1 
336 9 704 4 53 129 -1 -1 -1 -1 
337 9 704 4 54 131 -1 -1 -1 -1 
338 9 704 5 56 136 -1 -1 -1 -1 
339 9 704 6 55 136 -1 -1 -1 -1 
340 9 703 5 58 141 -1 -1 -1 -1 
341 9 703 4 57 139 -1 -1 -1 -1 
342 9 703 4 56 138 -1 -1 -1 -1 
343 9 703 3 57 140 -1 -1 -1 -1 
344 9 703 3 57 142 -1 -1 -1 -1 
345 9 703 3 58 144 -1 -1 -1 -1 
346 9 703 3 58 144 -1 -1 -1 -1 
347 9 703 3 60 146 -1 -1 -1 -1 
348 9 703 3 60 148 -1 -1 -1 -1 
349 9 703 3 60 147 -1 -1 -1 -1 
350 9 704 3 60 147 -1 -1 -1 -1 
351 9 704 3 59 146 -1 -1 -1 -1 
352 9 705 3 58 143 -1 -1 -1 -1 
353 9 705 3 58 143 -1 -1 -1 -1 
354 9 705 3 58 144 -1 -1 -1 -1 
355 9 705 3 58 142 -1 -1 -1 -1 
356 9 705 3 57 144 -1 -1 -1 -1 
357 9 704 4 58 145 -1 -1 -1 -1 
358 9 703 5 58 142 -1 -1 -1 -1 
359 9 702 6 57 141 -1 -1 -1 -1 
360 9 701 7 58 144 -1 -1 -1 -1 
361 9 700 7 58 144 -1 -1 -1 -1 
362 9 700 6 58 141 -1 -1 -1 -1 
363 9 700 6 55 134 -1 -1 -1 -1 
364 9 699 5 57 137 -1 -1 -1 -1 
365 9 699 4 58 139 -1 -1 -1 -1 
366 9 700 4 54 132 -1 -1 -1 -1 
367 9 700 4 52 128 -1 -1 -1 -1 
368 9 700 3 51 125 -1 -1 -1 -1 
369 9 700 3 50 124 -1 -1 -1 -1 
370 9 699 2 51 126 -1 -1 -1 -1 
371 9 699 2 51 127 -1 -1 -1 -1 
372 9 699 2 52 128 -1 -1 -1 -1 
373 9 698 2 53 131 -1 -1 -1 -1 
374 9 698 1 53 132 -1 -1 -1 -1 
375 9 697 0 54 133 -1 -1 -1 -1 
376 9 697 0 54 132 -1 -1 -1 -1 
377 9 697 0 53 131 -1 -1 -1 -1 
378 9 698 0 52 131 -1 -1 -1 -1 
379 9 698 0 52 130 -1 -1 -1 -1 
380 9 699 0 52 129 -1 -1 -1 -1 
381 9 699 0 52 128 -1 -1 -1 -1 
382 9 698 0 54 132 -1 -1 -1 -1 
383 9 699 0 55 134 -1 -1 -1 -1 
384 9 699 0 56 137 -1 -1 -1 -1 
385 9 698 0 60 144 -1 -1 -1 -1 
386 9 699 0 58 142 -1 -1 -1 -1 
387 9 700 0 58 139 -1 -1 -1 -1 
388 9 701 0 58 140 -1 -1 -1 -1 
389 9 701 0 59 144 -1 -1 -1 -1 
390 9 702 0 58 143 -1 -1 -1 -1 
391 9 703 0 57 141 -1 -1 -1 -1 
392 9 704 0 58 142 -1 -1 -1 -1 
393 9 705 0 59 142 -1 -1 -1 -1 
394 9 706 0 59 142 -1 -1 -1 -1 
395 9 708 0 58 140 -1 -1 -1 -1 
396 9 709 0 59 143 -1 -1 -1 -1 
397 9 711 0 57 138 -1 -1 -1 -1 
398 9 712 0 56 133 -1 -1 -1 -1 
399 9 713 0 54 130 -1 -1 -1 -1 
400 9 714 0 52 125 -1 -1 -1 -1 
401 9 715 0 51 122 -1 -1 -1 -1 
402 9 716 0 49 118 -1 -1 -1 -1 
403 9 716 0 50 117 -1 -1 -1 -1 
404 9 716 0 50 117 -1 -1 -1 -1 
405 9 716 0 50 116 -1 -1 -1 -1 
406 9 715 0 52 118 -1 -1 -1 -1 
407 9 716 0 51 116 -1 -1 -1 -1 
408 9 716 0 51 116 -1 -1 -1 -1 
409 9 716 0 51 115 -1 -1 -1 -1 
410 9 716 0 50 113 -1 -1 -1 -1 
411 9 717 0 49 111 -1 -1 -1 -1 
412 9 718 0 48 110 -1 -1 -1 -1 
413 9 719 0 47 108 -1 -1 -1 -1 
414 9 720 0 47 107 -1 -1 -1 -1 
1 10 1791 207 66 166 -1 -1 -1 -1 
2 10 1793 208 64 164 -1 -1 -1 -1 
3 10 1794 209 64 163 -1 -1 -1 -1 
4 10 1795 208 63 163 -1 -1 -1 -1 
5 10 1796 208 64 165 -1 -1 -1 -1 
6 10 1796 207 65 166 -1 -1 -1 -1 
7 10 1797 207 65 168 -1 -1 -1 -1 
8 10 1799 209 65 166 -1 -1 -1 -1 
9 10 1800 211 66 167 -1 -1 -1 -1 
10 10 1802 214 67 168 -1 -1 -1 -1 
11 10 1804 218 66 164 -1 -1 -1 -1 
12 10 1805 221 65 161 -1 -1 -1 -1 
13 10 1808 223 65 161 -1 -1 -1 -1 
14 10 1809 225 65 163 -1 -1 -1 -1 
15 10 1809 227 67 166 -1 -1 -1 -1 
16 10 1809 228 67 169 -1 -1 -1 -1 
17 10 1810 230 67 170 -1 -1 -1 -1 
18 10 1811 231 67 170 -1 -1 -1 -1 
19 10 1813 232 66 169 -1 -1 -1 -1 
20 10 1814 231 66 169 -1 -1 -1 -1 
21 10 1814 230 67 169 -1 -1 -1 -1 
22 10 1815 231 67 169 -1 -1 -1 -1 
23 10 1816 233 68 170 -1 -1 -1 -1 
24 10 1818 234 68 171 -1 -1 -1 -1 
25 10 1820 236 68 173 -1 -1 -1 -1 
26 10 1821 237 68 173 -1 -1 -1 -1 
27 10 1823 240 68 172 -1 -1 -1 -1 
28 10 1825 243 68 169 -1 -1 -1 -1 
29 10 1828 246 67 168 -1 -1 -1 -1 
30 10 1829 248 69 169 -1 -1 -1 -1 
31 10 1831 250 69 170 -1 -1 -1 -1 
32 10 1833 250 69 173 -1 -1 -1 -1 
33 10 1835 252 69 173 -1 -1 -1 -1 
34 10 1836 252 69 172 -1 -1 -1 -1 
35 10 1837 252 69 171 -1 -1 -1 -1 
36 10 1837 253 70 171 -1 -1 -1 -1 
37 10 1838 253 69 171 -1 -1 -1 -1 
38 10 1840 254 69 171 -1 -1 -1 -1 
39 10 1842 255 69 171 -1 -1 -1 -1 
40 10 1843 255 69 174 -1 -1 -1 -1 
41 10 1844 257 69 175 -1 -1 -1 -1 
42 10 1844 260 70 176 -1 -1 -1 -1 
43 10 1847 262 68 174 -1 -1 -1 -1 
44 10 1848 264 68 172 -1 -1 -1 -1 
45 10 1849 268 68 169 -1 -1 -1 -1 
46 10 1850 272 68 169 -1 -1 -1 -1 
47 10 1851 273 68 171 -1 -1 -1 -1 
48 10 1853 276 67 173 -1 -1 -1 -1 
49 10 1855 276 65 176 -1 -1 -1 -1 
50 10 1857 277 63 176 -1 -1 -1 -1 
51 10 1858 276 62 176 -1 -1 -1 -1 
52 10 1858 275 62 177 -1 -1 -1 -1 
53 10 1860 275 60 178 -1 -1 -1 -1 
54 10 1861 277 59 177 -1 -1 -1 -1 
55 10 1863 279 57 176 -1 -1 -1 -1 
56 10 1865 281 55 176 -1 -1 -1 -1 
57 10 1865 285 55 174 -1 -1 -1 -1 
58 10 1866 289 54 171 -1 -1 -1 -1 
59 10 1868 290 52 170 -1 -1 -1 -1 
60 10 1869 292 51 168 -1 -1 -1 -1 
61 10 1871 295 49 167 -1 -1 -1 -1 
62 10 1873 295 47 168 -1 -1 -1 -1 
63 10 1874 296 46 171 -1 -1 -1 -1 
64 10 1877 296 43 171 -1 -1 -1 -1 
65 10 1880 299 40 162 -1 -1 -1 -1 
1 11 1633 263 66 167 -1 -1 -1 -1 
2 11 1633 263 66 168 -1 -1 -1 -1 
3 11 1631 263 68 172 -1 -1 -1 -1 
4 11 1630 263 67 170 -1 -1 -1 -1 
5 11 1629 262 67 170 -1 -1 -1 -1 
6 11 1628 261 66 166 -1 -1 -1 -1 
7 11 1626 261 66 163 -1 -1 -1 -1 
8 11 1625 260 66 166 -1 -1 -1 -1 
9 11 1623 260 67 165 -1 -1 -1 -1 
10 11 1622 259 67 166 -1 -1 -1 -1 
11 11 1620 258 66 164 -1 -1 -1 -1 
12 11 1619 257 65 163 -1 -1 -1 -1 
13 11 1617 255 66 163 -1 -1 -1 -1 
14 11 1617 254 65 162 -1 -1 -1 -1 
15 11 1616 252 65 162 -1 -1 -1 -1 
16 11 1614 251 66 164 -1 -1 -1 -1 
17 11 1612 251 66 164 -1 -1 -1 -1 
18 11 1611 251 65 164 -1 -1 -1 -1 
19 11 1609 250 66 166 -1 -1 -1 -1 
20 11 1607 247 67 167 -1 -1 -1 -1 
21 11 1605 247 66 166 -1 -1 -1 -1 
22 11 1603 246 66 166 -1 -1 -1 -1 
23 11 1601 245 66 166 -1 -1 -1 -1 
24 11 1598 245 67 167 -1 -1 -1 -1 
25 11 1595 245 67 168 -1 -1 -1 -1 
26 11 1593 245 67 168 -1 -1 -1 -1 
27 11 1591 245 67 168 -1 -1 -1 -1 
28 11 1589 243 66 167 -1 -1 -1 -1 
29 11 1587 242 67 168 -1 -1 -1 -1 
30 11 1585 239 68 169 -1 -1 -1 -1 
31 11 1584 238 67 167 -1 -1 -1 -1 
32 11 1582 237 68 166 -1 -1 -1 -1 
33 11 1580 236 67 166 -1 -1 -1 -1 
34 11 1579 235 66 165 -1 -1 -1 -1 
35 11 1578 234 66 163 -1 -1 -1 -1 
36 11 1577 233 66 165 -1 -1 -1 -1 
37 11 1575 234 66 163 -1 -1 -1 -1 
38 11 1573 233 66 163 -1 -1 -1 -1 
39 11 1571 234 66 162 -1 -1 -1 -1 
40 11 1568 233 66 164 -1 -1 -1 -1 
41 11 1564 232 66 166 -1 -1 -1 -1 
42 11 1561 232 67 166 -1 -1 -1 -1 
43 11 1560 232 66 166 -1 -1 -1 -1 
44 11 1559 231 66 165 -1 -1 -1 -1 
45 11 1554 227 68 171 -1 -1 -1 -1 
1 12 219 402 75 183 -1 -1 -1 -1 
2 12 219 400 74 183 -1 -1 -1 -1 
3 12 218 400 74 181 -1 -1 -1 -1 
4 12 216 396 75 184 -1 -1 -1 -1 
5 12 215 399 73 180 -1 -1 -1 -1 
6 12 212 400 72 176 -1 -1 -1 -1 
7 12 211 400 72 174 -1 -1 -1 -1 
8 12 210 399 68 171 -1 -1 -1 -1 
9 12 211 390 71 179 -1 -1 -1 -1 
10 12 209 388 73 181 -1 -1 -1 -1 
11 12 208 385 74 184 -1 -1 -1 -1 
12 12 208 385 72 183 -1 -1 -1 -1 
13 12 206 386 72 182 -1 -1 -1 -1 
14 12 205 382 74 185 -1 -1 -1 -1 
15 12 203 383 74 185 -1 -1 -1 -1 
16 12 202 381 75 186 -1 -1 -1 -1 
17 12 200 381 75 185 -1 -1 -1 -1 
18 12 199 381 75 185 -1 -1 -1 -1 
19 12 198 379 75 186 -1 -1 -1 -1 
20 12 198 378 74 186 -1 -1 -1 -1 
21 12 197 377 74 187 -1 -1 -1 -1 
22 12 198 367 75 194 -1 -1 -1 -1 
23 12 198 364 76 196 -1 -1 -1 -1 
24 12 197 361 78 200 -1 -1 -1 -1 
25 12 197 356 79 202 -1 -1 -1 -1 
26 12 196 358 79 200 -1 -1 -1 -1 
27 12 194 359 79 197 -1 -1 -1 -1 
28 12 193 359 77 194 -1 -1 -1 -1 
29 12 191 362 76 190 -1 -1 -1 -1 
30 12 191 369 74 183 -1 -1 -1 -1 
31 12 190 372 72 180 -1 -1 -1 -1 
32 12 188 371 73 181 -1 -1 -1 -1 
33 12 185 372 73 179 -1 -1 -1 -1 
34 12 184 373 72 180 -1 -1 -1 -1 
35 12 183 372 72 180 -1 -1 -1 -1 
36 12 183 370 71 181 -1 -1 -1 -1 
37 12 180 370 71 179 -1 -1 -1 -1 
38 12 178 369 72 178 -1 -1 -1 -1 
39 12 177 365 71 181 -1 -1 -1 -1 
40 12 175 366 71 179 -1 -1 -1 -1 
41 12 173 368 71 177 -1 -1 -1 -1 
42 12 171 366 71 179 -1 -1 -1 -1 
43 12 168 363 73 180 -1 -1 -1 -1 
44 12 166 360 74 183 -1 -1 -1 -1 
45 12 164 359 74 182 -1 -1 -1 -1 
46 12 163 362 71 178 -1 -1 -1 -1 
47 12 160 350 76 191 -1 -1 -1 -1 
48 12 158 345 79 197 -1 -1 -1 -1 
49 12 156 348 78 193 -1 -1 -1 -1 
50 12 154 346 78 195 -1 -1 -1 -1 
51 12 152 342 80 198 -1 -1 -1 -1 
52 12 151 338 81 201 -1 -1 -1 -1 
53 12 150 338 80 201 -1 -1 -1 -1 
54 12 149 335 81 203 -1 -1 -1 -1 
55 12 148 335 81 203 -1 -1 -1 -1 
56 12 147 337 80 200 -1 -1 -1 -1 
57 12 147 343 77 193 -1 -1 -1 -1 
58 12 145 342 78 195 -1 -1 -1 -1 
59 12 140 338 79 200 -1 -1 -1 -1 
60 12 136 335 81 201 -1 -1 -1 -1 
61 12 132 333 81 202 -1 -1 -1 -1 
62 12 130 334 80 202 -1 -1 -1 -1 
63 12 130 334 80 202 -1 -1 -1 -1 
64 12 130 334 80 203 -1 -1 -1 -1 
65 12 130 335 82 201 -1 -1 -1 -1 
66 12 130 337 81 198 -1 -1 -1 -1 
67 12 129 337 80 197 -1 -1 -1 -1 
68 12 127 335 81 198 -1 -1 -1 -1 
69 12 126 335 81 198 -1 -1 -1 -1 
70 12 124 328 83 204 -1 -1 -1 -1 
71 12 122 333 82 200 -1 -1 -1 -1 
72 12 119 324 84 209 -1 -1 -1 -1 
73 12 119 302 74 183 -1 -1 -1 -1 
74 12 119 317 79 199 -1 -1 -1 -1 
75 12 120 325 78 198 -1 -1 -1 -1 
76 12 119 331 79 195 -1 -1 -1 -1 
77 12 118 339 77 190 -1 -1 -1 -1 
78 12 117 347 75 183 -1 -1 -1 -1 
79 12 116 340 76 189 -1 -1 -1 -1 
80 12 117 343 75 185 -1 -1 -1 -1 
81 12 116 338 76 188 -1 -1 -1 -1 
82 12 114 331 77 196 -1 -1 -1 -1 
83 12 115 346 73 180 -1 -1 -1 -1 
84 12 114 350 73 178 -1 -1 -1 -1 
85 12 112 347 76 182 -1 -1 -1 -1 
86 12 110 331 79 196 -1 -1 -1 -1 
87 12 109 331 79 197 -1 -1 -1 -1 
88 12 108 334 79 195 -1 -1 -1 -1 
89 12 108 340 76 188 -1 -1 -1 -1 
90 12 108 351 73 178 -1 -1 -1 -1 
91 12 108 363 68 167 -1 -1 -1 -1 
92 12 108 369 66 162 -1 -1 -1 -1 
93 12 108 375 62 156 -1 -1 -1 -1 
94 12 106 375 63 156 -1 -1 -1 -1 
95 12 106 373 64 157 -1 -1 -1 -1 
96 12 104 366 67 162 -1 -1 -1 -1 
97 12 105 365 66 161 -1 -1 -1 -1 
98 12 104 362 68 163 -1 -1 -1 -1 
99 12 104 363 67 163 -1 -1 -1 -1 
100 12 105 364 65 159 -1 -1 -1 -1 
101 12 106 363 66 161 -1 -1 -1 -1 
102 12 107 362 65 160 -1 -1 -1 -1 
103 12 108 364 62 156 -1 -1 -1 -1 
104 12 107 365 63 155 -1 -1 -1 -1 
105 12 105 370 63 153 -1 -1 -1 -1 
106 12 104 374 62 151 -1 -1 -1 -1 
107 12 104 375 62 150 -1 -1 -1 -1 
108 12 104 372 64 153 -1 -1 -1 -1 
109 12 104 371 65 154 -1 -1 -1 -1 
110 12 104 372 64 152 -1 -1 -1 -1 
111 12 101 367 67 158 -1 -1 -1 -1 
112 12 102 369 65 156 -1 -1 -1 -1 
113 12 103 368 65 157 -1 -1 -1 -1 
114 12 106 366 64 160 -1 -1 -1 -1 
115 12 106 365 65 160 -1 -1 -1 -1 
116 12 106 365 64 159 -1 -1 -1 -1 
117 12 105 374 62 151 -1 -1 -1 -1 
118 12 106 377 61 148 -1 -1 -1 -1 
119 12 104 374 64 151 -1 -1 -1 -1 
120 12 101 362 69 164 -1 -1 -1 -1 
121 12 101 345 73 180 -1 -1 -1 -1 
122 12 101 345 74 180 -1 -1 -1 -1 
123 12 101 350 73 176 -1 -1 -1 -1 
124 12 103 358 70 168 -1 -1 -1 -1 
125 12 105 361 68 166 -1 -1 -1 -1 
126 12 106 363 66 163 -1 -1 -1 -1 
127 12 104 371 66 155 -1 -1 -1 -1 
128 12 103 372 67 155 -1 -1 -1 -1 
129 12 102 346 73 180 -1 -1 -1 -1 
130 12 98 353 71 174 -1 -1 -1 -1 
131 12 97 328 77 198 -1 -1 -1 -1 
132 12 95 328 78 199 -1 -1 -1 -1 
133 12 96 333 77 194 -1 -1 -1 -1 
134 12 100 349 72 177 -1 -1 -1 -1 
135 12 103 358 69 169 -1 -1 -1 -1 
136 12 104 363 67 163 -1 -1 -1 -1 
137 12 104 368 67 158 -1 -1 -1 -1 
138 12 103 360 70 165 -1 -1 -1 -1 
139 12 102 355 72 170 -1 -1 -1 -1 
140 12 102 354 72 171 -1 -1 -1 -1 
141 12 103 367 66 159 -1 -1 -1 -1 
142 12 104 370 65 156 -1 -1 -1 -1 
143 12 102 352 72 174 -1 -1 -1 -1 
144 12 105 358 67 167 -1 -1 -1 -1 
145 12 105 361 67 164 -1 -1 -1 -1 
146 12 104 362 66 163 -1 -1 -1 -1 
147 12 102 361 67 163 -1 -1 -1 -1 
148 12 101 362 68 163 -1 -1 -1 -1 
149 12 102 341 73 184 -1 -1 -1 -1 
150 12 102 355 70 170 -1 -1 -1 -1 
151 12 100 337 75 187 -1 -1 -1 -1 
152 12 100 322 78 202 -1 -1 -1 -1 
153 12 100 328 77 196 -1 -1 -1 -1 
154 12 101 350 71 174 -1 -1 -1 -1 
155 12 102 359 68 165 -1 -1 -1 -1 
156 12 102 353 71 171 -1 -1 -1 -1 
157 12 103 356 70 169 -1 -1 -1 -1 
158 12 102 359 71 166 -1 -1 -1 -1 
159 12 102 360 70 166 -1 -1 -1 -1 
160 12 101 352 72 174 -1 -1 -1 -1 
161 12 100 349 73 177 -1 -1 -1 -1 
162 12 100 345 74 181 -1 -1 -1 -1 
163 12 103 360 69 166 -1 -1 -1 -1 
164 12 105 364 66 162 -1 -1 -1 -1 
165 12 104 365 68 161 -1 -1 -1 -1 
166 12 103 362 69 164 -1 -1 -1 -1 
167 12 105 362 68 164 -1 -1 -1 -1 
168 12 104 361 69 164 -1 -1 -1 -1 
169 12 105 363 67 162 -1 -1 -1 -1 
170 12 105 362 66 163 -1 -1 -1 -1 
171 12 105 361 67 165 -1 -1 -1 -1 
172 12 106 359 67 166 -1 -1 -1 -1 
173 12 105 356 69 169 -1 -1 -1 -1 
174 12 104 356 69 169 -1 -1 -1 -1 
175 12 104 357 69 168 -1 -1 -1 -1 
176 12 105 361 67 164 -1 -1 -1 -1 
177 12 105 364 66 161 -1 -1 -1 -1 
178 12 104 363 66 163 -1 -1 -1 -1 
179 12 104 362 67 163 -1 -1 -1 -1 
180 12 105 365 66 160 -1 -1 -1 -1 
181 12 104 365 66 161 -1 -1 -1 -1 
182 12 104 364 66 162 -1 -1 -1 -1 
183 12 104 368 65 158 -1 -1 -1 -1 
184 12 104 370 65 157 -1 -1 -1 -1 
185 12 103 365 67 160 -1 -1 -1 -1 
186 12 101 351 72 174 -1 -1 -1 -1 
187 12 101 352 72 173 -1 -1 -1 -1 
188 12 101 349 74 175 -1 -1 -1 -1 
189 12 102 360 69 164 -1 -1 -1 -1 
190 12 102 362 67 162 -1 -1 -1 -1 
191 12 103 361 67 164 -1 -1 -1 -1 
192 12 103 361 67 164 -1 -1 -1 -1 
193 12 102 360 68 166 -1 -1 -1 -1 
194 12 101 357 70 169 -1 -1 -1 -1 
195 12 102 357 69 168 -1 -1 -1 -1 
196 12 102 360 68 165 -1 -1 -1 -1 
197 12 103 361 68 163 -1 -1 -1 -1 
198 12 103 359 68 164 -1 -1 -1 -1 
199 12 102 358 68 166 -1 -1 -1 -1 
200 12 103 358 68 165 -1 -1 -1 -1 
201 12 104 356 69 166 -1 -1 -1 -1 
202 12 104 356 68 167 -1 -1 -1 -1 
203 12 104 356 67 167 -1 -1 -1 -1 
204 12 106 365 64 158 -1 -1 -1 -1 
205 12 107 368 62 152 -1 -1 -1 -1 
206 12 108 371 61 149 -1 -1 -1 -1 
207 12 108 371 61 149 -1 -1 -1 -1 
208 12 108 374 60 147 -1 -1 -1 -1 
209 12 108 375 59 146 -1 -1 -1 -1 
210 12 107 374 60 147 -1 -1 -1 -1 
211 12 105 372 61 150 -1 -1 -1 -1 
212 12 104 370 64 154 -1 -1 -1 -1 
213 12 106 372 62 152 -1 -1 -1 -1 
214 12 106 375 61 149 -1 -1 -1 -1 
215 12 105 375 61 149 -1 -1 -1 -1 
216 12 104 374 62 150 -1 -1 -1 -1 
217 12 103 368 64 155 -1 -1 -1 -1 
218 12 103 363 66 160 -1 -1 -1 -1 
219 12 104 362 66 161 -1 -1 -1 -1 
220 12 104 364 65 159 -1 -1 -1 -1 
221 12 105 367 64 157 -1 -1 -1 -1 
222 12 104 365 65 160 -1 -1 -1 -1 
223 12 105 365 64 160 -1 -1 -1 -1 
224 12 104 365 65 161 -1 -1 -1 -1 
225 12 103 363 66 163 -1 -1 -1 -1 
226 12 104 361 67 166 -1 -1 -1 -1 
227 12 104 360 67 167 -1 -1 -1 -1 
228 12 104 363 65 163 -1 -1 -1 -1 
229 12 102 364 66 161 -1 -1 -1 -1 
230 12 100 365 67 160 -1 -1 -1 -1 
231 12 98 363 69 162 -1 -1 -1 -1 
232 12 98 364 68 160 -1 -1 -1 -1 
233 12 98 359 69 165 -1 -1 -1 -1 
234 12 97 363 69 162 -1 -1 -1 -1 
235 12 96 359 70 166 -1 -1 -1 -1 
236 12 97 352 72 174 -1 -1 -1 -1 
237 12 97 355 71 171 -1 -1 -1 -1 
238 12 97 360 70 166 -1 -1 -1 -1 
239 12 99 364 68 162 -1 -1 -1 -1 
240 12 99 366 68 160 -1 -1 -1 -1 
241 12 101 370 65 157 -1 -1 -1 -1 
242 12 101 367 65 159 -1 -1 -1 -1 
243 12 99 366 67 160 -1 -1 -1 -1 
244 12 99 362 67 164 -1 -1 -1 -1 
245 12 98 361 68 165 -1 -1 -1 -1 
246 12 98 363 68 163 -1 -1 -1 -1 
247 12 99 362 67 164 -1 -1 -1 -1 
248 12 99 361 67 165 -1 -1 -1 -1 
249 12 98 363 68 163 -1 -1 -1 -1 
250 12 98 363 68 164 -1 -1 -1 -1 
251 12 98 365 69 162 -1 -1 -1 -1 
252 12 99 365 69 162 -1 -1 -1 -1 
253 12 100 364 68 164 -1 -1 -1 -1 
254 12 101 363 67 165 -1 -1 -1 -1 
255 12 101 362 69 167 -1 -1 -1 -1 
256 12 100 361 69 168 -1 -1 -1 -1 
257 12 98 362 69 167 -1 -1 -1 -1 
258 12 99 364 68 165 -1 -1 -1 -1 
259 12 100 366 67 163 -1 -1 -1 -1 
260 12 100 369 66 159 -1 -1 -1 -1 
261 12 100 370 66 159 -1 -1 -1 -1 
262 12 100 370 66 159 -1 -1 -1 -1 
263 12 100 368 66 161 -1 -1 -1 -1 
264 12 99 367 66 162 -1 -1 -1 -1 
265 12 99 366 67 164 -1 -1 -1 -1 
266 12 99 369 66 162 -1 -1 -1 -1 
267 12 97 364 69 166 -1 -1 -1 -1 
268 12 96 362 69 168 -1 -1 -1 -1 
269 12 96 362 69 167 -1 -1 -1 -1 
270 12 97 363 68 166 -1 -1 -1 -1 
271 12 97 365 67 164 -1 -1 -1 -1 
272 12 98 367 66 162 -1 -1 -1 -1 
273 12 97 366 67 164 -1 -1 -1 -1 
274 12 96 365 67 164 -1 -1 -1 -1 
275 12 97 366 67 163 -1 -1 -1 -1 
276 12 97 365 67 164 -1 -1 -1 -1 
277 12 99 366 67 163 -1 -1 -1 -1 
278 12 99 367 67 162 -1 -1 -1 -1 
279 12 98 366 67 163 -1 -1 -1 -1 
280 12 98 368 66 161 -1 -1 -1 -1 
281 12 98 369 67 160 -1 -1 -1 -1 
282 12 97 370 66 159 -1 -1 -1 -1 
283 12 97 368 67 161 -1 -1 -1 -1 
284 12 96 365 68 164 -1 -1 -1 -1 
285 12 95 364 70 166 -1 -1 -1 -1 
286 12 96 367 68 162 -1 -1 -1 -1 
287 12 96 368 68 161 -1 -1 -1 -1 
288 12 96 366 68 164 -1 -1 -1 -1 
289 12 97 367 68 163 -1 -1 -1 -1 
290 12 96 366 68 164 -1 -1 -1 -1 
291 12 95 366 68 163 -1 -1 -1 -1 
292 12 96 367 68 163 -1 -1 -1 -1 
293 12 97 369 66 161 -1 -1 -1 -1 
294 12 97 370 66 160 -1 -1 -1 -1 
295 12 97 372 64 158 -1 -1 -1 -1 
296 12 97 369 66 161 -1 -1 -1 -1 
297 12 96 368 67 162 -1 -1 -1 -1 
298 12 96 368 67 162 -1 -1 -1 -1 
299 12 96 370 66 160 -1 -1 -1 -1 
300 12 97 367 67 163 -1 -1 -1 -1 
301 12 96 369 67 161 -1 -1 -1 -1 
302 12 95 371 66 158 -1 -1 -1 -1 
303 12 97 368 67 161 -1 -1 -1 -1 
304 12 96 366 69 163 -1 -1 -1 -1 
305 12 94 366 68 163 -1 -1 -1 -1 
306 12 94 365 68 164 -1 -1 -1 -1 
307 12 94 364 68 165 -1 -1 -1 -1 
308 12 96 365 67 164 -1 -1 -1 -1 
309 12 96 364 68 165 -1 -1 -1 -1 
310 12 95 364 68 165 -1 -1 -1 -1 
311 12 96 366 67 163 -1 -1 -1 -1 
312 12 95 366 68 163 -1 -1 -1 -1 
313 12 95 366 67 163 -1 -1 -1 -1 
314 12 93 366 68 162 -1 -1 -1 -1 
315 12 93 368 66 160 -1 -1 -1 -1 
316 12 95 365 67 164 -1 -1 -1 -1 
317 12 96 364 69 166 -1 -1 -1 -1 
318 12 97 364 69 166 -1 -1 -1 -1 
319 12 96 363 71 167 -1 -1 -1 -1 
320 12 96 363 70 167 -1 -1 -1 -1 
321 12 95 364 69 165 -1 -1 -1 -1 
322 12 95 365 68 164 -1 -1 -1 -1 
323 12 94 365 69 163 -1 -1 -1 -1 
324 12 96 366 67 162 -1 -1 -1 -1 
325 12 96 365 67 163 -1 -1 -1 -1 
326 12 96 365 68 163 -1 -1 -1 -1 
327 12 96 365 67 163 -1 -1 -1 -1 
328 12 96 367 67 160 -1 -1 -1 -1 
329 12 94 366 68 161 -1 -1 -1 -1 
330 12 92 362 70 165 -1 -1 -1 -1 
331 12 92 362 70 166 -1 -1 -1 -1 
332 12 93 363 69 165 -1 -1 -1 -1 
333 12 93 363 70 165 -1 -1 -1 -1 
334 12 94 364 71 164 -1 -1 -1 -1 
335 12 94 359 73 169 -1 -1 -1 -1 
336 12 93 350 77 178 -1 -1 -1 -1 
337 12 93 349 77 180 -1 -1 -1 -1 
338 12 96 357 72 172 -1 -1 -1 -1 
339 12 96 359 71 170 -1 -1 -1 -1 
340 12 95 351 75 178 -1 -1 -1 -1 
341 12 94 346 77 183 -1 -1 -1 -1 
342 12 94 343 78 186 -1 -1 -1 -1 
343 12 94 338 79 191 -1 -1 -1 -1 
344 12 94 338 79 190 -1 -1 -1 -1 
345 12 94 341 78 187 -1 -1 -1 -1 
346 12 92 315 83 212 -1 -1 -1 -1 
347 12 92 303 85 222 -1 -1 -1 -1 
348 12 91 299 86 227 -1 -1 -1 -1 
349 12 91 297 88 229 -1 -1 -1 -1 
350 12 92 296 88 231 -1 -1 -1 -1 
351 12 91 297 87 229 -1 -1 -1 -1 
352 12 88 297 87 226 -1 -1 -1 -1 
353 12 80 297 89 225 -1 -1 -1 -1 
354 12 78 295 91 227 -1 -1 -1 -1 
355 12 73 292 94 230 -1 -1 -1 -1 
356 12 70 290 96 232 -1 -1 -1 -1 
357 12 71 292 95 230 -1 -1 -1 -1 
358 12 79 295 90 227 -1 -1 -1 -1 
1 13 795 149 65 163 -1 -1 -1 -1 
2 13 795 149 65 163 -1 -1 -1 -1 
3 13 795 149 64 163 -1 -1 -1 -1 
4 13 795 149 64 162 -1 -1 -1 -1 
5 13 795 149 64 162 -1 -1 -1 -1 
6 13 795 149 64 162 -1 -1 -1 -1 
7 13 795 150 64 162 -1 -1 -1 -1 
8 13 795 150 64 162 -1 -1 -1 -1 
9 13 794 150 65 162 -1 -1 -1 -1 
10 13 794 150 65 162 -1 -1 -1 -1 
11 13 794 150 64 162 -1 -1 -1 -1 
12 13 794 150 64 162 -1 -1 -1 -1 
13 13 794 150 65 162 -1 -1 -1 -1 
14 13 794 150 64 162 -1 -1 -1 -1 
15 13 793 150 65 162 -1 -1 -1 -1 
16 13 793 150 65 162 -1 -1 -1 -1 
17 13 792 150 65 163 -1 -1 -1 -1 
18 13 792 150 65 163 -1 -1 -1 -1 
19 13 792 150 66 163 -1 -1 -1 -1 
20 13 793 150 65 162 -1 -1 -1 -1 
21 13 793 150 65 162 -1 -1 -1 -1 
22 13 793 150 64 163 -1 -1 -1 -1 
23 13 793 150 65 163 -1 -1 -1 -1 
24 13 793 150 65 162 -1 -1 -1 -1 
25 13 792 150 65 163 -1 -1 -1 -1 
26 13 793 150 65 163 -1 -1 -1 -1 
27 13 793 150 65 163 -1 -1 -1 -1 
28 13 793 150 65 162 -1 -1 -1 -1 
29 13 793 151 65 162 -1 -1 -1 -1 
30 13 793 151 65 161 -1 -1 -1 -1 
31 13 793 151 64 161 -1 -1 -1 -1 
32 13 793 151 64 162 -1 -1 -1 -1 
33 13 793 151 64 162 -1 -1 -1 -1 
34 13 793 151 64 162 -1 -1 -1 -1 
35 13 792 150 66 163 -1 -1 -1 -1 
36 13 792 150 65 163 -1 -1 -1 -1 
37 13 793 150 65 163 -1 -1 -1 -1 
38 13 793 150 64 162 -1 -1 -1 -1 
39 13 793 151 64 161 -1 -1 -1 -1 
40 13 793 150 64 162 -1 -1 -1 -1 
41 13 793 150 64 162 -1 -1 -1 -1 
42 13 792 150 63 163 -1 -1 -1 -1 
43 13 792 150 64 162 -1 -1 -1 -1 
44 13 792 150 64 162 -1 -1 -1 -1 
45 13 792 150 64 162 -1 -1 -1 -1 
46 13 791 150 65 162 -1 -1 -1 -1 
47 13 791 150 64 162 -1 -1 -1 -1 
48 13 791 150 64 162 -1 -1 -1 -1 
49 13 791 150 64 162 -1 -1 -1 -1 
50 13 790 150 64 163 -1 -1 -1 -1 
51 13 790 149 64 163 -1 -1 -1 -1 
52 13 790 149 64 163 -1 -1 -1 -1 
53 13 790 149 64 164 -1 -1 -1 -1 
54 13 791 149 63 162 -1 -1 -1 -1 
55 13 790 149 64 163 -1 -1 -1 -1 
56 13 789 149 64 164 -1 -1 -1 -1 
57 13 789 149 64 165 -1 -1 -1 -1 
58 13 788 150 65 165 -1 -1 -1 -1 
59 13 789 150 64 164 -1 -1 -1 -1 
60 13 789 150 64 163 -1 -1 -1 -1 
61 13 788 151 65 163 -1 -1 -1 -1 
62 13 789 151 64 162 -1 -1 -1 -1 
63 13 789 151 65 162 -1 -1 -1 -1 
64 13 789 151 65 162 -1 -1 -1 -1 
65 13 788 151 65 161 -1 -1 -1 -1 
66 13 788 151 64 161 -1 -1 -1 -1 
67 13 787 150 63 160 -1 -1 -1 -1 
68 13 787 151 59 148 -1 -1 -1 -1 
69 13 786 150 61 154 -1 -1 -1 -1 
70 13 785 150 62 158 -1 -1 -1 -1 
71 13 785 150 62 151 -1 -1 -1 -1 
76 13 797 153 58 145 -1 -1 -1 -1 
77 13 796 151 60 147 -1 -1 -1 -1 
78 13 796 148 62 155 -1 -1 -1 -1 
79 13 795 149 63 154 -1 -1 -1 -1 
80 13 792 148 63 154 -1 -1 -1 -1 
81 13 791 149 62 153 -1 -1 -1 -1 
82 13 790 149 63 156 -1 -1 -1 -1 
83 13 790 149 63 159 -1 -1 -1 -1 
84 13 789 149 64 160 -1 -1 -1 -1 
85 13 789 149 64 161 -1 -1 -1 -1 
86 13 790 150 63 160 -1 -1 -1 -1 
87 13 790 150 63 160 -1 -1 -1 -1 
88 13 790 150 63 161 -1 -1 -1 -1 
89 13 790 150 64 162 -1 -1 -1 -1 
90 13 790 150 64 162 -1 -1 -1 -1 
91 13 790 151 64 162 -1 -1 -1 -1 
92 13 789 151 66 164 -1 -1 -1 -1 
93 13 789 151 66 165 -1 -1 -1 -1 
94 13 788 151 67 166 -1 -1 -1 -1 
95 13 787 150 69 171 -1 -1 -1 -1 
96 13 786 150 70 172 -1 -1 -1 -1 
97 13 787 150 68 170 -1 -1 -1 -1 
98 13 787 151 67 167 -1 -1 -1 -1 
99 13 786 151 67 167 -1 -1 -1 -1 
100 13 786 151 66 165 -1 -1 -1 -1 
101 13 786 152 64 162 -1 -1 -1 -1 
102 13 784 152 66 163 -1 -1 -1 -1 
103 13 784 152 65 161 -1 -1 -1 -1 
104 13 785 152 64 158 -1 -1 -1 -1 
105 13 784 152 64 161 -1 -1 -1 -1 
106 13 784 152 65 162 -1 -1 -1 -1 
107 13 784 152 66 167 -1 -1 -1 -1 
108 13 783 151 67 168 -1 -1 -1 -1 
109 13 784 151 66 166 -1 -1 -1 -1 
110 13 783 151 66 166 -1 -1 -1 -1 
111 13 783 151 66 166 -1 -1 -1 -1 
112 13 782 151 66 166 -1 -1 -1 -1 
113 13 782 151 66 168 -1 -1 -1 -1 
114 13 781 150 68 171 -1 -1 -1 -1 
115 13 781 151 67 170 -1 -1 -1 -1 
116 13 781 152 67 170 -1 -1 -1 -1 
117 13 781 151 68 172 -1 -1 -1 -1 
118 13 780 151 69 175 -1 -1 -1 -1 
119 13 780 151 70 177 -1 -1 -1 -1 
120 13 780 151 70 178 -1 -1 -1 -1 
121 13 779 151 71 181 -1 -1 -1 -1 
122 13 779 150 71 181 -1 -1 -1 -1 
123 13 784 150 70 176 -1 -1 -1 -1 
124 13 787 150 68 171 -1 -1 -1 -1 
125 13 788 150 68 169 -1 -1 -1 -1 
126 13 788 150 67 167 -1 -1 -1 -1 
127 13 788 150 65 166 -1 -1 -1 -1 
128 13 788 150 65 165 -1 -1 -1 -1 
129 13 787 150 65 165 -1 -1 -1 -1 
130 13 787 150 66 167 -1 -1 -1 -1 
131 13 787 150 66 165 -1 -1 -1 -1 
132 13 787 150 65 165 -1 -1 -1 -1 
133 13 787 149 65 164 -1 -1 -1 -1 
134 13 787 149 64 162 -1 -1 -1 -1 
135 13 788 149 64 161 -1 -1 -1 -1 
136 13 789 150 63 161 -1 -1 -1 -1 
137 13 786 150 66 166 -1 -1 -1 -1 
138 13 785 150 67 165 -1 -1 -1 -1 
139 13 783 150 70 170 -1 -1 -1 -1 
140 13 784 151 69 167 -1 -1 -1 -1 
141 13 785 151 67 164 -1 -1 -1 -1 
142 13 787 149 66 166 -1 -1 -1 -1 
143 13 788 149 65 165 -1 -1 -1 -1 
144 13 788 149 65 167 -1 -1 -1 -1 
145 13 789 149 64 166 -1 -1 -1 -1 
146 13 789 149 63 163 -1 -1 -1 -1 
147 13 788 150 64 164 -1 -1 -1 -1 
148 13 787 150 65 166 -1 -1 -1 -1 
149 13 788 150 65 165 -1 -1 -1 -1 
150 13 788 150 66 164 -1 -1 -1 -1 
151 13 788 150 65 162 -1 -1 -1 -1 
152 13 790 151 63 156 -1 -1 -1 -1 
153 13 790 151 62 154 -1 -1 -1 -1 
154 13 790 151 62 152 -1 -1 -1 -1 
155 13 791 151 61 152 -1 -1 -1 -1 
156 13 790 151 62 153 -1 -1 -1 -1 
157 13 791 151 60 154 -1 -1 -1 -1 
158 13 793 151 59 150 -1 -1 -1 -1 
159 13 793 151 59 149 -1 -1 -1 -1 
160 13 793 151 59 149 -1 -1 -1 -1 
161 13 793 151 59 148 -1 -1 -1 -1 
162 13 794 151 59 149 -1 -1 -1 -1 
163 13 793 151 59 150 -1 -1 -1 -1 
164 13 793 151 58 149 -1 -1 -1 -1 
165 13 793 151 58 148 -1 -1 -1 -1 
166 13 793 151 58 149 -1 -1 -1 -1 
167 13 793 151 58 150 -1 -1 -1 -1 
168 13 794 152 58 148 -1 -1 -1 -1 
169 13 794 151 58 150 -1 -1 -1 -1 
170 13 794 152 58 149 -1 -1 -1 -1 
171 13 794 152 59 150 -1 -1 -1 -1 
172 13 794 152 59 150 -1 -1 -1 -1 
173 13 794 152 61 154 -1 -1 -1 -1 
174 13 793 152 62 156 -1 -1 -1 -1 
175 13 793 152 62 157 -1 -1 -1 -1 
176 13 793 151 62 156 -1 -1 -1 -1 
177 13 793 151 62 156 -1 -1 -1 -1 
178 13 793 152 63 157 -1 -1 -1 -1 
179 13 793 152 64 159 -1 -1 -1 -1 
180 13 793 152 64 160 -1 -1 -1 -1 
181 13 793 152 65 162 -1 -1 -1 -1 
182 13 792 152 66 162 -1 -1 -1 -1 
183 13 793 152 65 162 -1 -1 -1 -1 
184 13 792 152 65 161 -1 -1 -1 -1 
185 13 792 152 65 162 -1 -1 -1 -1 
186 13 792 152 65 161 -1 -1 -1 -1 
187 13 793 152 64 161 -1 -1 -1 -1 
188 13 792 152 65 161 -1 -1 -1 -1 
189 13 793 152 64 161 -1 -1 -1 -1 
190 13 793 152 64 161 -1 -1 -1 -1 
191 13 793 152 64 161 -1 -1 -1 -1 
192 13 794 152 63 159 -1 -1 -1 -1 
193 13 794 152 64 159 -1 -1 -1 -1 
194 13 795 152 63 158 -1 -1 -1 -1 
195 13 794 151 65 162 -1 -1 -1 -1 
196 13 793 151 65 162 -1 -1 -1 -1 
197 13 793 152 65 163 -1 -1 -1 -1 
198 13 792 152 66 163 -1 -1 -1 -1 
199 13 792 152 66 163 -1 -1 -1 -1 
200 13 792 152 66 163 -1 -1 -1 -1 
201 13 792 152 66 163 -1 -1 -1 -1 
202 13 793 152 65 163 -1 -1 -1 -1 
203 13 793 152 66 163 -1 -1 -1 -1 
204 13 793 152 65 165 -1 -1 -1 -1 
205 13 793 152 64 164 -1 -1 -1 -1 
206 13 793 152 63 162 -1 -1 -1 -1 
207 13 793 153 63 161 -1 -1 -1 -1 
208 13 793 153 63 161 -1 -1 -1 -1 
209 13 792 153 63 161 -1 -1 -1 -1 
210 13 792 153 63 162 -1 -1 -1 -1 
211 13 791 153 64 164 -1 -1 -1 -1 
212 13 791 154 64 163 -1 -1 -1 -1 
213 13 791 154 64 163 -1 -1 -1 -1 
214 13 791 154 63 162 -1 -1 -1 -1 
215 13 790 154 63 161 -1 -1 -1 -1 
216 13 789 154 65 162 -1 -1 -1 -1 
217 13 790 154 64 163 -1 -1 -1 -1 
218 13 790 154 66 164 -1 -1 -1 -1 
219 13 790 154 67 164 -1 -1 -1 -1 
220 13 790 154 67 164 -1 -1 -1 -1 
221 13 789 154 68 166 -1 -1 -1 -1 
222 13 788 153 69 169 -1 -1 -1 -1 
223 13 788 154 69 168 -1 -1 -1 -1 
224 13 789 155 68 167 -1 -1 -1 -1 
225 13 790 157 66 162 -1 -1 -1 -1 
226 13 791 158 64 160 -1 -1 -1 -1 
227 13 791 158 64 160 -1 -1 -1 -1 
228 13 791 158 64 160 -1 -1 -1 -1 
229 13 792 158 64 160 -1 -1 -1 -1 
230 13 793 160 63 155 -1 -1 -1 -1 
231 13 795 161 62 152 -1 -1 -1 -1 
232 13 795 160 62 152 -1 -1 -1 -1 
233 13 795 160 62 153 -1 -1 -1 -1 
234 13 795 160 62 153 -1 -1 -1 -1 
235 13 795 160 62 152 -1 -1 -1 -1 
236 13 795 160 62 151 -1 -1 -1 -1 
237 13 795 161 61 150 -1 -1 -1 -1 
238 13 795 159 63 154 -1 -1 -1 -1 
239 13 794 157 64 157 -1 -1 -1 -1 
240 13 793 156 65 158 -1 -1 -1 -1 
241 13 793 155 65 159 -1 -1 -1 -1 
242 13 793 154 65 160 -1 -1 -1 -1 
243 13 793 154 64 159 -1 -1 -1 -1 
244 13 793 154 64 158 -1 -1 -1 -1 
245 13 792 154 65 158 -1 -1 -1 -1 
246 13 792 154 64 158 -1 -1 -1 -1 
247 13 792 154 64 157 -1 -1 -1 -1 
248 13 793 154 64 157 -1 -1 -1 -1 
249 13 792 154 65 157 -1 -1 -1 -1 
250 13 793 155 63 155 -1 -1 -1 -1 
251 13 793 155 62 154 -1 -1 -1 -1 
252 13 793 154 62 155 -1 -1 -1 -1 
253 13 792 154 63 155 -1 -1 -1 -1 
254 13 791 153 64 157 -1 -1 -1 -1 
255 13 790 152 65 159 -1 -1 -1 -1 
256 13 790 152 65 160 -1 -1 -1 -1 
257 13 790 152 65 161 -1 -1 -1 -1 
258 13 789 152 66 162 -1 -1 -1 -1 
259 13 790 153 65 160 -1 -1 -1 -1 
260 13 791 154 65 159 -1 -1 -1 -1 
261 13 791 154 64 158 -1 -1 -1 -1 
262 13 791 154 64 158 -1 -1 -1 -1 
263 13 791 155 64 157 -1 -1 -1 -1 
264 13 792 155 63 155 -1 -1 -1 -1 
265 13 792 155 64 156 -1 -1 -1 -1 
266 13 792 154 64 157 -1 -1 -1 -1 
267 13 792 154 64 157 -1 -1 -1 -1 
268 13 793 154 64 157 -1 -1 -1 -1 
269 13 794 153 63 158 -1 -1 -1 -1 
270 13 794 153 63 158 -1 -1 -1 -1 
271 13 794 153 63 158 -1 -1 -1 -1 
272 13 793 153 64 158 -1 -1 -1 -1 
273 13 794 153 63 158 -1 -1 -1 -1 
274 13 794 153 63 157 -1 -1 -1 -1 
275 13 794 154 63 156 -1 -1 -1 -1 
276 13 794 154 63 156 -1 -1 -1 -1 
277 13 794 155 63 155 -1 -1 -1 -1 
278 13 794 155 63 155 -1 -1 -1 -1 
279 13 795 155 63 156 -1 -1 -1 -1 
280 13 794 154 64 157 -1 -1 -1 -1 
281 13 794 154 63 157 -1 -1 -1 -1 
282 13 794 154 63 156 -1 -1 -1 -1 
283 13 793 154 63 156 -1 -1 -1 -1 
284 13 793 154 64 157 -1 -1 -1 -1 
285 13 793 153 63 158 -1 -1 -1 -1 
286 13 793 153 63 157 -1 -1 -1 -1 
287 13 793 153 63 157 -1 -1 -1 -1 
288 13 792 153 63 158 -1 -1 -1 -1 
289 13 792 153 63 158 -1 -1 -1 -1 
290 13 792 153 63 158 -1 -1 -1 -1 
291 13 792 153 64 158 -1 -1 -1 -1 
292 13 792 152 63 159 -1 -1 -1 -1 
293 13 791 152 64 159 -1 -1 -1 -1 
294 13 791 152 64 159 -1 -1 -1 -1 
295 13 791 152 64 159 -1 -1 -1 -1 
296 13 791 152 64 159 -1 -1 -1 -1 
297 13 791 153 64 158 -1 -1 -1 -1 
298 13 791 154 64 158 -1 -1 -1 -1 
299 13 791 154 63 158 -1 -1 -1 -1 
300 13 791 154 63 157 -1 -1 -1 -1 
301 13 790 154 64 158 -1 -1 -1 -1 
302 13 790 154 64 158 -1 -1 -1 -1 
303 13 790 155 64 157 -1 -1 -1 -1 
304 13 789 156 64 156 -1 -1 -1 -1 
305 13 790 157 63 155 -1 -1 -1 -1 
306 13 791 158 62 154 -1 -1 -1 -1 
307 13 792 160 62 152 -1 -1 -1 -1 
308 13 792 160 62 152 -1 -1 -1 -1 
309 13 792 157 63 156 -1 -1 -1 -1 
310 13 793 158 63 155 -1 -1 -1 -1 
311 13 793 157 65 156 -1 -1 -1 -1 
312 13 794 160 63 153 -1 -1 -1 -1 
313 13 794 160 63 154 -1 -1 -1 -1 
314 13 794 156 65 158 -1 -1 -1 -1 
315 13 794 155 65 159 -1 -1 -1 -1 
324 13 793 147 66 165 -1 -1 -1 -1 
325 13 794 153 64 159 -1 -1 -1 -1 
326 13 795 154 64 158 -1 -1 -1 -1 
327 13 795 154 63 158 -1 -1 -1 -1 
328 13 795 155 63 157 -1 -1 -1 -1 
329 13 794 153 64 158 -1 -1 -1 -1 
330 13 794 152 64 159 -1 -1 -1 -1 
331 13 793 151 65 161 -1 -1 -1 -1 
332 13 793 151 65 161 -1 -1 -1 -1 
333 13 793 151 64 161 -1 -1 -1 -1 
334 13 793 152 64 160 -1 -1 -1 -1 
335 13 793 152 64 159 -1 -1 -1 -1 
336 13 793 152 64 160 -1 -1 -1 -1 
337 13 794 153 63 159 -1 -1 -1 -1 
338 13 793 152 64 160 -1 -1 -1 -1 
339 13 793 152 64 160 -1 -1 -1 -1 
340 13 792 152 65 161 -1 -1 -1 -1 
341 13 792 152 65 161 -1 -1 -1 -1 
342 13 792 152 65 161 -1 -1 -1 -1 
343 13 792 151 65 161 -1 -1 -1 -1 
344 13 792 151 65 162 -1 -1 -1 -1 
345 13 792 152 65 160 -1 -1 -1 -1 
346 13 792 151 65 161 -1 -1 -1 -1 
347 13 792 152 65 160 -1 -1 -1 -1 
348 13 792 152 65 160 -1 -1 -1 -1 
349 13 792 151 65 161 -1 -1 -1 -1 
350 13 791 151 66 162 -1 -1 -1 -1 
351 13 791 151 66 161 -1 -1 -1 -1 
352 13 792 151 65 161 -1 -1 -1 -1 
353 13 791 151 66 162 -1 -1 -1 -1 
354 13 791 151 66 162 -1 -1 -1 -1 
355 13 791 151 65 162 -1 -1 -1 -1 
356 13 791 150 65 163 -1 -1 -1 -1 
357 13 791 150 65 163 -1 -1 -1 -1 
358 13 791 150 65 163 -1 -1 -1 -1 
359 13 791 150 65 163 -1 -1 -1 -1 
360 13 791 151 65 162 -1 -1 -1 -1 
361 13 790 151 65 162 -1 -1 -1 -1 
362 13 790 151 65 162 -1 -1 -1 -1 
363 13 790 151 65 162 -1 -1 -1 -1 
364 13 790 151 65 162 -1 -1 -1 -1 
365 13 790 152 64 161 -1 -1 -1 -1 
366 13 790 151 64 162 -1 -1 -1 -1 
367 13 789 152 65 161 -1 -1 -1 -1 
368 13 789 151 65 162 -1 -1 -1 -1 
369 13 789 151 65 162 -1 -1 -1 -1 
370 13 789 151 64 161 -1 -1 -1 -1 
371 13 789 151 65 162 -1 -1 -1 -1 
372 13 789 151 65 162 -1 -1 -1 -1 
373 13 789 151 65 162 -1 -1 -1 -1 
374 13 789 151 65 162 -1 -1 -1 -1 
375 13 789 150 65 163 -1 -1 -1 -1 
376 13 789 150 65 163 -1 -1 -1 -1 
377 13 789 151 65 163 -1 -1 -1 -1 
378 13 789 151 65 163 -1 -1 -1 -1 
379 13 789 150 65 163 -1 -1 -1 -1 
380 13 789 151 66 163 -1 -1 -1 -1 
381 13 790 151 64 162 -1 -1 -1 -1 
382 13 790 151 65 162 -1 -1 -1 -1 
383 13 790 151 65 162 -1 -1 -1 -1 
384 13 790 150 65 163 -1 -1 -1 -1 
385 13 790 150 65 163 -1 -1 -1 -1 
386 13 790 150 65 163 -1 -1 -1 -1 
387 13 790 150 65 164 -1 -1 -1 -1 
388 13 790 150 65 164 -1 -1 -1 -1 
389 13 790 150 65 163 -1 -1 -1 -1 
390 13 790 151 65 162 -1 -1 -1 -1 
391 13 791 151 64 162 -1 -1 -1 -1 
392 13 791 151 64 162 -1 -1 -1 -1 
393 13 791 151 64 162 -1 -1 -1 -1 
394 13 791 150 64 163 -1 -1 -1 -1 
395 13 791 151 64 162 -1 -1 -1 -1 
396 13 790 151 65 162 -1 -1 -1 -1 
397 13 790 150 65 164 -1 -1 -1 -1 
398 13 791 151 65 162 -1 -1 -1 -1 
399 13 791 151 64 162 -1 -1 -1 -1 
400 13 791 150 64 162 -1 -1 -1 -1 
401 13 791 150 64 163 -1 -1 -1 -1 
402 13 791 150 65 162 -1 -1 -1 -1 
403 13 791 150 65 163 -1 -1 -1 -1 
404 13 791 150 65 162 -1 -1 -1 -1 
405 13 791 150 65 163 -1 -1 -1 -1 
406 13 790 150 65 164 -1 -1 -1 -1 
407 13 790 150 65 165 -1 -1 -1 -1 
408 13 790 150 65 165 -1 -1 -1 -1 
409 13 791 150 65 163 -1 -1 -1 -1 
410 13 791 149 65 164 -1 -1 -1 -1 
411 13 790 150 65 164 -1 -1 -1 -1 
412 13 790 150 65 165 -1 -1 -1 -1 
413 13 790 150 65 165 -1 -1 -1 -1 
414 13 790 150 65 165 -1 -1 -1 -1 
415 13 790 149 65 165 -1 -1 -1 -1 
416 13 790 149 65 164 -1 -1 -1 -1 
417 13 789 150 65 164 -1 -1 -1 -1 
418 13 789 149 65 164 -1 -1 -1 -1 
419 13 789 149 65 164 -1 -1 -1 -1 
420 13 790 149 65 163 -1 -1 -1 -1 
421 13 790 149 65 163 -1 -1 -1 -1 
422 13 789 150 65 163 -1 -1 -1 -1 
423 13 790 150 64 162 -1 -1 -1 -1 
424 13 790 150 64 164 -1 -1 -1 -1 
425 13 790 150 64 162 -1 -1 -1 -1 
426 13 791 150 64 161 -1 -1 -1 -1 
427 13 791 150 64 161 -1 -1 -1 -1 
428 13 791 150 64 161 -1 -1 -1 -1 
429 13 791 150 64 161 -1 -1 -1 -1 
430 13 790 150 65 161 -1 -1 -1 -1 
431 13 790 150 64 162 -1 -1 -1 -1 
432 13 790 150 64 162 -1 -1 -1 -1 
433 13 790 150 64 162 -1 -1 -1 -1 
434 13 790 150 65 162 -1 -1 -1 -1 
435 13 790 150 65 162 -1 -1 -1 -1 
436 13 790 150 64 162 -1 -1 -1 -1 
437 13 790 150 64 161 -1 -1 -1 -1 
438 13 789 150 65 162 -1 -1 -1 -1 
439 13 790 150 64 161 -1 -1 -1 -1 
440 13 790 150 64 161 -1 -1 -1 -1 
441 13 790 150 64 160 -1 -1 -1 -1 
442 13 790 149 64 162 -1 -1 -1 -1 
443 13 790 149 64 162 -1 -1 -1 -1 
444 13 789 149 65 162 -1 -1 -1 -1 
445 13 789 149 65 162 -1 -1 -1 -1 
446 13 789 149 65 163 -1 -1 -1 -1 
447 13 789 149 65 163 -1 -1 -1 -1 
448 13 789 149 65 162 -1 -1 -1 -1 
449 13 789 149 65 162 -1 -1 -1 -1 
450 13 789 149 65 162 -1 -1 -1 -1 
451 13 789 149 65 162 -1 -1 -1 -1 
452 13 789 148 65 162 -1 -1 -1 -1 
453 13 789 148 65 162 -1 -1 -1 -1 
454 13 789 148 65 162 -1 -1 -1 -1 
455 13 790 147 65 163 -1 -1 -1 -1 
456 13 790 147 65 163 -1 -1 -1 -1 
457 13 790 146 65 165 -1 -1 -1 -1 
458 13 790 145 66 166 -1 -1 -1 -1 
459 13 790 145 66 166 -1 -1 -1 -1 
460 13 790 146 66 165 -1 -1 -1 -1 
461 13 790 145 66 166 -1 -1 -1 -1 
462 13 791 145 66 166 -1 -1 -1 -1 
463 13 791 145 66 166 -1 -1 -1 -1 
464 13 792 146 65 164 -1 -1 -1 -1 
465 13 792 146 66 164 -1 -1 -1 -1 
466 13 792 146 66 164 -1 -1 -1 -1 
467 13 792 144 66 166 -1 -1 -1 -1 
468 13 791 144 67 167 -1 -1 -1 -1 
469 13 792 143 67 168 -1 -1 -1 -1 
470 13 792 144 67 166 -1 -1 -1 -1 
471 13 793 143 67 167 -1 -1 -1 -1 
472 13 793 143 67 167 -1 -1 -1 -1 
473 13 792 143 68 167 -1 -1 -1 -1 
474 13 792 143 68 168 -1 -1 -1 -1 
475 13 792 143 68 168 -1 -1 -1 -1 
476 13 793 143 67 167 -1 -1 -1 -1 
477 13 793 143 67 167 -1 -1 -1 -1 
478 13 793 144 67 166 -1 -1 -1 -1 
479 13 793 144 67 166 -1 -1 -1 -1 
480 13 794 144 66 165 -1 -1 -1 -1 
481 13 795 144 66 166 -1 -1 -1 -1 
482 13 796 144 65 165 -1 -1 -1 -1 
483 13 796 144 66 165 -1 -1 -1 -1 
484 13 796 144 66 165 -1 -1 -1 -1 
485 13 796 144 66 166 -1 -1 -1 -1 
486 13 797 145 66 165 -1 -1 -1 -1 
487 13 797 144 66 166 -1 -1 -1 -1 
488 13 797 145 66 165 -1 -1 -1 -1 
489 13 798 145 66 165 -1 -1 -1 -1 
490 13 798 145 66 164 -1 -1 -1 -1 
491 13 798 146 65 162 -1 -1 -1 -1 
492 13 798 145 65 163 -1 -1 -1 -1 
493 13 797 145 66 163 -1 -1 -1 -1 
494 13 797 145 65 162 -1 -1 -1 -1 
495 13 797 145 65 162 -1 -1 -1 -1 
496 13 796 145 65 161 -1 -1 -1 -1 
497 13 795 144 65 163 -1 -1 -1 -1 
498 13 794 145 65 162 -1 -1 -1 -1 
499 13 793 143 66 164 -1 -1 -1 -1 
500 13 792 144 66 164 -1 -1 -1 -1 
501 13 792 144 65 163 -1 -1 -1 -1 
502 13 790 144 66 164 -1 -1 -1 -1 
503 13 789 144 66 164 -1 -1 -1 -1 
504 13 789 145 65 163 -1 -1 -1 -1 
505 13 788 145 64 163 -1 -1 -1 -1 
506 13 787 146 65 164 -1 -1 -1 -1 
507 13 785 145 66 165 -1 -1 -1 -1 
508 13 785 146 65 165 -1 -1 -1 -1 
509 13 784 145 66 167 -1 -1 -1 -1 
510 13 783 145 66 167 -1 -1 -1 -1 
511 13 782 144 67 168 -1 -1 -1 -1 
512 13 781 144 67 167 -1 -1 -1 -1 
513 13 781 144 66 167 -1 -1 -1 -1 
514 13 780 143 66 166 -1 -1 -1 -1 
515 13 780 144 65 165 -1 -1 -1 -1 
516 13 780 145 65 165 -1 -1 -1 -1 
517 13 780 145 66 164 -1 -1 -1 -1 
518 13 779 145 66 165 -1 -1 -1 -1 
519 13 779 146 65 162 -1 -1 -1 -1 
520 13 779 146 65 162 -1 -1 -1 -1 
521 13 779 147 65 162 -1 -1 -1 -1 
522 13 779 148 64 162 -1 -1 -1 -1 
523 13 777 148 65 164 -1 -1 -1 -1 
524 13 777 148 64 163 -1 -1 -1 -1 
525 13 776 148 64 163 -1 -1 -1 -1 
526 13 775 147 65 163 -1 -1 -1 -1 
527 13 773 146 65 164 -1 -1 -1 -1 
528 13 772 145 66 165 -1 -1 -1 -1 
529 13 772 144 66 166 -1 -1 -1 -1 
530 13 772 145 66 165 -1 -1 -1 -1 
531 13 771 146 67 164 -1 -1 -1 -1 
532 13 772 147 66 162 -1 -1 -1 -1 
533 13 772 146 66 163 -1 -1 -1 -1 
534 13 772 147 67 162 -1 -1 -1 -1 
535 13 773 147 66 163 -1 -1 -1 -1 
536 13 773 148 66 162 -1 -1 -1 -1 
537 13 773 148 66 163 -1 -1 -1 -1 
538 13 773 148 67 163 -1 -1 -1 -1 
539 13 769 108 81 201 -1 -1 -1 -1 
540 13 770 116 79 193 -1 -1 -1 -1 
541 13 769 97 85 212 -1 -1 -1 -1 
542 13 768 89 89 220 -1 -1 -1 -1 
543 13 768 84 90 224 -1 -1 -1 -1 
544 13 768 84 90 224 -1 -1 -1 -1 
545 13 769 82 91 225 -1 -1 -1 -1 
546 13 770 81 90 226 -1 -1 -1 -1 
547 13 772 89 86 219 -1 -1 -1 -1 
548 13 773 87 85 220 -1 -1 -1 -1 
549 13 774 85 87 222 -1 -1 -1 -1 
550 13 779 109 79 199 -1 -1 -1 -1 
551 13 783 136 70 174 -1 -1 -1 -1 
552 13 783 143 69 170 -1 -1 -1 -1 
553 13 785 146 67 166 -1 -1 -1 -1 
554 13 786 148 67 164 -1 -1 -1 -1 
555 13 787 148 67 163 -1 -1 -1 -1 
556 13 787 146 69 165 -1 -1 -1 -1 
557 13 787 146 69 164 -1 -1 -1 -1 
558 13 788 146 67 165 -1 -1 -1 -1 
559 13 788 147 67 163 -1 -1 -1 -1 
560 13 789 148 66 163 -1 -1 -1 -1 
561 13 790 146 68 164 -1 -1 -1 -1 
562 13 791 146 67 164 -1 -1 -1 -1 
563 13 793 146 66 164 -1 -1 -1 -1 
564 13 794 148 65 162 -1 -1 -1 -1 
565 13 795 151 64 159 -1 -1 -1 -1 
566 13 797 151 63 158 -1 -1 -1 -1 
567 13 798 152 62 157 -1 -1 -1 -1 
568 13 798 151 62 157 -1 -1 -1 -1 
569 13 798 151 63 157 -1 -1 -1 -1 
570 13 799 151 64 158 -1 -1 -1 -1 
571 13 800 152 63 157 -1 -1 -1 -1 
572 13 800 151 63 158 -1 -1 -1 -1 
573 13 801 151 63 158 -1 -1 -1 -1 
574 13 801 150 64 160 -1 -1 -1 -1 
575 13 801 150 63 160 -1 -1 -1 -1 
576 13 803 152 62 156 -1 -1 -1 -1 
577 13 805 151 61 157 -1 -1 -1 -1 
578 13 805 150 62 158 -1 -1 -1 -1 
579 13 806 150 62 158 -1 -1 -1 -1 
580 13 806 150 62 159 -1 -1 -1 -1 
581 13 805 149 63 159 -1 -1 -1 -1 
582 13 805 150 62 158 -1 -1 -1 -1 
583 13 806 149 63 160 -1 -1 -1 -1 
584 13 806 149 63 160 -1 -1 -1 -1 
585 13 806 149 63 159 -1 -1 -1 -1 
586 13 806 149 62 159 -1 -1 -1 -1 
587 13 806 150 61 157 -1 -1 -1 -1 
588 13 805 150 62 158 -1 -1 -1 -1 
589 13 805 149 62 158 -1 -1 -1 -1 
590 13 805 148 62 160 -1 -1 -1 -1 
591 13 805 147 62 161 -1 -1 -1 -1 
592 13 804 148 63 159 -1 -1 -1 -1 
593 13 803 148 63 160 -1 -1 -1 -1 
594 13 804 147 63 161 -1 -1 -1 -1 
595 13 804 146 63 162 -1 -1 -1 -1 
596 13 804 144 63 164 -1 -1 -1 -1 
597 13 804 144 63 164 -1 -1 -1 -1 
598 13 803 145 64 163 -1 -1 -1 -1 
599 13 802 145 64 163 -1 -1 -1 -1 
600 13 803 145 64 163 -1 -1 -1 -1 
601 13 804 145 63 163 -1 -1 -1 -1 
602 13 804 144 64 164 -1 -1 -1 -1 
603 13 803 143 64 164 -1 -1 -1 -1 
604 13 803 143 64 164 -1 -1 -1 -1 
605 13 804 144 65 164 -1 -1 -1 -1 
606 13 804 144 64 163 -1 -1 -1 -1 
607 13 805 145 64 163 -1 -1 -1 -1 
608 13 805 146 65 162 -1 -1 -1 -1 
609 13 805 146 65 162 -1 -1 -1 -1 
610 13 805 146 64 161 -1 -1 -1 -1 
611 13 805 145 64 162 -1 -1 -1 -1 
612 13 805 145 64 163 -1 -1 -1 -1 
613 13 805 145 64 163 -1 -1 -1 -1 
614 13 804 146 64 162 -1 -1 -1 -1 
615 13 804 146 64 161 -1 -1 -1 -1 
616 13 804 146 64 162 -1 -1 -1 -1 
617 13 804 146 64 162 -1 -1 -1 -1 
618 13 803 146 65 163 -1 -1 -1 -1 
619 13 804 146 64 162 -1 -1 -1 -1 
620 13 804 146 64 161 -1 -1 -1 -1 
621 13 804 146 64 162 -1 -1 -1 -1 
622 13 803 145 65 164 -1 -1 -1 -1 
623 13 804 146 64 162 -1 -1 -1 -1 
624 13 803 145 65 164 -1 -1 -1 -1 
625 13 802 144 66 166 -1 -1 -1 -1 
626 13 802 144 65 165 -1 -1 -1 -1 
627 13 802 144 65 164 -1 -1 -1 -1 
628 13 802 144 65 164 -1 -1 -1 -1 
629 13 801 143 66 165 -1 -1 -1 -1 
630 13 801 143 66 167 -1 -1 -1 -1 
631 13 801 143 66 166 -1 -1 -1 -1 
632 13 801 143 67 165 -1 -1 -1 -1 
633 13 802 143 66 165 -1 -1 -1 -1 
634 13 801 143 66 166 -1 -1 -1 -1 
635 13 801 143 66 166 -1 -1 -1 -1 
636 13 802 143 65 166 -1 -1 -1 -1 
637 13 801 143 66 167 -1 -1 -1 -1 
638 13 800 143 67 167 -1 -1 -1 -1 
639 13 800 144 67 166 -1 -1 -1 -1 
640 13 800 144 67 167 -1 -1 -1 -1 
641 13 800 144 67 166 -1 -1 -1 -1 
642 13 800 144 67 167 -1 -1 -1 -1 
643 13 800 145 67 167 -1 -1 -1 -1 
644 13 800 145 67 168 -1 -1 -1 -1 
645 13 800 144 67 168 -1 -1 -1 -1 
646 13 801 145 66 166 -1 -1 -1 -1 
647 13 801 144 66 167 -1 -1 -1 -1 
648 13 801 145 66 166 -1 -1 -1 -1 
649 13 801 145 66 166 -1 -1 -1 -1 
650 13 801 145 66 165 -1 -1 -1 -1 
651 13 801 145 66 164 -1 -1 -1 -1 
652 13 801 145 66 164 -1 -1 -1 -1 
653 13 801 145 66 165 -1 -1 -1 -1 
654 13 801 144 66 165 -1 -1 -1 -1 
655 13 800 144 67 166 -1 -1 -1 -1 
656 13 801 144 66 166 -1 -1 -1 -1 
657 13 801 144 66 167 -1 -1 -1 -1 
658 13 801 144 66 167 -1 -1 -1 -1 
659 13 801 144 66 167 -1 -1 -1 -1 
660 13 802 144 65 166 -1 -1 -1 -1 
661 13 802 144 65 165 -1 -1 -1 -1 
662 13 802 144 65 164 -1 -1 -1 -1 
663 13 803 144 65 164 -1 -1 -1 -1 
664 13 803 144 65 164 -1 -1 -1 -1 
665 13 803 144 64 164 -1 -1 -1 -1 
666 13 803 144 64 163 -1 -1 -1 -1 
667 13 803 144 64 164 -1 -1 -1 -1 
668 13 803 144 64 163 -1 -1 -1 -1 
669 13 803 144 65 163 -1 -1 -1 -1 
670 13 803 144 64 164 -1 -1 -1 -1 
671 13 802 143 65 166 -1 -1 -1 -1 
672 13 802 143 65 166 -1 -1 -1 -1 
673 13 801 143 66 167 -1 -1 -1 -1 
674 13 801 143 66 167 -1 -1 -1 -1 
675 13 801 143 66 168 -1 -1 -1 -1 
676 13 800 143 67 168 -1 -1 -1 -1 
677 13 800 143 67 168 -1 -1 -1 -1 
678 13 801 144 66 166 -1 -1 -1 -1 
679 13 801 144 66 166 -1 -1 -1 -1 
680 13 801 144 66 165 -1 -1 -1 -1 
681 13 802 144 65 163 -1 -1 -1 -1 
682 13 802 144 65 163 -1 -1 -1 -1 
683 13 803 144 64 162 -1 -1 -1 -1 
684 13 802 144 65 163 -1 -1 -1 -1 
685 13 802 144 65 162 -1 -1 -1 -1 
686 13 803 144 64 162 -1 -1 -1 -1 
687 13 803 143 64 162 -1 -1 -1 -1 
688 13 802 143 65 162 -1 -1 -1 -1 
689 13 802 142 64 163 -1 -1 -1 -1 
690 13 802 143 64 162 -1 -1 -1 -1 
691 13 802 143 64 161 -1 -1 -1 -1 
692 13 802 143 64 161 -1 -1 -1 -1 
693 13 802 143 63 161 -1 -1 -1 -1 
694 13 801 143 64 161 -1 -1 -1 -1 
695 13 800 144 64 160 -1 -1 -1 -1 
696 13 800 144 63 160 -1 -1 -1 -1 
697 13 797 144 65 160 -1 -1 -1 -1 
698 13 796 143 65 160 -1 -1 -1 -1 
699 13 795 142 66 162 -1 -1 -1 -1 
700 13 793 140 67 165 -1 -1 -1 -1 
701 13 792 140 67 165 -1 -1 -1 -1 
702 13 792 140 67 165 -1 -1 -1 -1 
703 13 792 140 66 164 -1 -1 -1 -1 
704 13 791 140 66 163 -1 -1 -1 -1 
705 13 790 140 66 164 -1 -1 -1 -1 
706 13 790 140 66 163 -1 -1 -1 -1 
707 13 790 140 65 163 -1 -1 -1 -1 
708 13 789 139 65 164 -1 -1 -1 -1 
709 13 788 140 66 163 -1 -1 -1 -1 
710 13 787 140 65 163 -1 -1 -1 -1 
711 13 787 140 65 163 -1 -1 -1 -1 
712 13 786 140 65 162 -1 -1 -1 -1 
713 13 786 140 64 162 -1 -1 -1 -1 
714 13 784 140 66 163 -1 -1 -1 -1 
715 13 784 140 65 165 -1 -1 -1 -1 
716 13 783 140 65 164 -1 -1 -1 -1 
717 13 783 141 64 162 -1 -1 -1 -1 
718 13 783 141 63 159 -1 -1 -1 -1 
719 13 782 141 64 159 -1 -1 -1 -1 
720 13 782 141 63 158 -1 -1 -1 -1 
721 13 781 141 64 160 -1 -1 -1 -1 
722 13 780 141 64 159 -1 -1 -1 -1 
723 13 780 141 64 159 -1 -1 -1 -1 
724 13 780 140 64 161 -1 -1 -1 -1 
725 13 780 141 65 161 -1 -1 -1 -1 
726 13 779 141 65 161 -1 -1 -1 -1 
727 13 779 140 65 162 -1 -1 -1 -1 
728 13 779 140 65 162 -1 -1 -1 -1 
729 13 779 139 65 163 -1 -1 -1 -1 
730 13 778 138 66 163 -1 -1 -1 -1 
731 13 778 140 64 161 -1 -1 -1 -1 
732 13 777 139 65 161 -1 -1 -1 -1 
733 13 777 139 64 161 -1 -1 -1 -1 
734 13 776 139 64 161 -1 -1 -1 -1 
735 13 775 139 65 161 -1 -1 -1 -1 
736 13 775 139 64 161 -1 -1 -1 -1 
737 13 775 139 64 161 -1 -1 -1 -1 
738 13 774 137 65 161 -1 -1 -1 -1 
739 13 774 137 65 160 -1 -1 -1 -1 
740 13 774 137 65 159 -1 -1 -1 -1 
741 13 775 137 64 158 -1 -1 -1 -1 
742 13 775 137 64 159 -1 -1 -1 -1 
743 13 776 138 64 159 -1 -1 -1 -1 
744 13 777 138 64 160 -1 -1 -1 -1 
745 13 777 138 65 161 -1 -1 -1 -1 
746 13 778 138 64 161 -1 -1 -1 -1 
747 13 778 139 64 160 -1 -1 -1 -1 
748 13 778 139 64 161 -1 -1 -1 -1 
749 13 778 138 65 162 -1 -1 -1 -1 
750 13 778 138 65 162 -1 -1 -1 -1 
751 13 778 138 65 161 -1 -1 -1 -1 
752 13 779 138 64 161 -1 -1 -1 -1 
753 13 778 138 65 161 -1 -1 -1 -1 
754 13 778 138 65 161 -1 -1 -1 -1 
755 13 778 138 65 161 -1 -1 -1 -1 
756 13 779 138 64 160 -1 -1 -1 -1 
757 13 779 138 64 160 -1 -1 -1 -1 
758 13 779 138 64 160 -1 -1 -1 -1 
759 13 779 138 64 159 -1 -1 -1 -1 
760 13 779 138 64 159 -1 -1 -1 -1 
761 13 779 137 64 161 -1 -1 -1 -1 
762 13 779 137 64 161 -1 -1 -1 -1 
763 13 779 137 64 161 -1 -1 -1 -1 
764 13 779 137 64 162 -1 -1 -1 -1 
765 13 779 137 64 162 -1 -1 -1 -1 
766 13 779 136 64 161 -1 -1 -1 -1 
767 13 779 137 63 160 -1 -1 -1 -1 
768 13 779 137 64 159 -1 -1 -1 -1 
769 13 779 136 64 160 -1 -1 -1 -1 
770 13 779 136 64 160 -1 -1 -1 -1 
771 13 779 136 64 159 -1 -1 -1 -1 
772 13 779 136 64 159 -1 -1 -1 -1 
773 13 780 136 64 159 -1 -1 -1 -1 
774 13 780 136 64 160 -1 -1 -1 -1 
775 13 780 137 64 158 -1 -1 -1 -1 
776 13 781 135 64 160 -1 -1 -1 -1 
777 13 780 135 64 159 -1 -1 -1 -1 
778 13 780 133 64 161 -1 -1 -1 -1 
779 13 779 130 65 164 -1 -1 -1 -1 
780 13 778 127 65 166 -1 -1 -1 -1 
781 13 777 127 66 165 -1 -1 -1 -1 
782 13 776 128 66 164 -1 -1 -1 -1 
783 13 776 127 65 165 -1 -1 -1 -1 
784 13 775 126 66 167 -1 -1 -1 -1 
785 13 774 122 67 170 -1 -1 -1 -1 
786 13 773 121 68 171 -1 -1 -1 -1 
787 13 773 122 68 169 -1 -1 -1 -1 
788 13 774 124 67 167 -1 -1 -1 -1 
789 13 775 124 66 167 -1 -1 -1 -1 
790 13 774 125 67 167 -1 -1 -1 -1 
791 13 774 126 66 167 -1 -1 -1 -1 
792 13 775 136 64 159 -1 -1 -1 -1 
793 13 775 139 63 157 -1 -1 -1 -1 
794 13 774 138 63 158 -1 -1 -1 -1 
795 13 774 137 64 159 -1 -1 -1 -1 
796 13 773 138 64 158 -1 -1 -1 -1 
797 13 772 137 65 158 -1 -1 -1 -1 
798 13 771 137 66 158 -1 -1 -1 -1 
799 13 772 137 64 156 -1 -1 -1 -1 
800 13 771 136 65 159 -1 -1 -1 -1 
801 13 771 137 64 158 -1 -1 -1 -1 
802 13 772 137 64 157 -1 -1 -1 -1 
803 13 771 136 65 158 -1 -1 -1 -1 
804 13 771 135 65 161 -1 -1 -1 -1 
805 13 771 136 66 162 -1 -1 -1 -1 
806 13 772 134 66 165 -1 -1 -1 -1 
807 13 774 134 66 164 -1 -1 -1 -1 
808 13 775 133 66 165 -1 -1 -1 -1 
809 13 777 135 65 162 -1 -1 -1 -1 
810 13 778 137 65 160 -1 -1 -1 -1 
811 13 780 138 64 160 -1 -1 -1 -1 
812 13 782 139 64 162 -1 -1 -1 -1 
813 13 783 140 65 162 -1 -1 -1 -1 
814 13 784 139 65 163 -1 -1 -1 -1 
815 13 785 140 64 162 -1 -1 -1 -1 
816 13 785 139 64 163 -1 -1 -1 -1 
817 13 786 139 64 163 -1 -1 -1 -1 
818 13 786 138 64 164 -1 -1 -1 -1 
819 13 786 138 64 164 -1 -1 -1 -1 
820 13 787 137 64 165 -1 -1 -1 -1 
821 13 789 137 63 164 -1 -1 -1 -1 
822 13 788 136 65 165 -1 -1 -1 -1 
823 13 789 137 65 163 -1 -1 -1 -1 
824 13 789 137 66 164 -1 -1 -1 -1 
825 13 790 136 66 165 -1 -1 -1 -1 
826 13 790 136 67 166 -1 -1 -1 -1 
827 13 791 135 68 167 -1 -1 -1 -1 
828 13 792 135 67 168 -1 -1 -1 -1 
829 13 793 135 67 168 -1 -1 -1 -1 
830 13 794 135 68 169 -1 -1 -1 -1 
831 13 797 137 67 167 -1 -1 -1 -1 
832 13 799 138 67 166 -1 -1 -1 -1 
833 13 800 139 67 165 -1 -1 -1 -1 
834 13 801 139 66 165 -1 -1 -1 -1 
835 13 802 139 66 164 -1 -1 -1 -1 
836 13 802 139 66 164 -1 -1 -1 -1 
837 13 803 140 65 163 -1 -1 -1 -1 
838 13 803 139 66 164 -1 -1 -1 -1 
839 13 803 140 66 163 -1 -1 -1 -1 
840 13 804 140 65 163 -1 -1 -1 -1 
841 13 805 140 64 162 -1 -1 -1 -1 
842 13 805 140 64 163 -1 -1 -1 -1 
843 13 805 140 65 163 -1 -1 -1 -1 
844 13 806 140 64 163 -1 -1 -1 -1 
845 13 806 140 65 163 -1 -1 -1 -1 
846 13 806 140 65 163 -1 -1 -1 -1 
847 13 807 140 64 163 -1 -1 -1 -1 
848 13 807 141 64 162 -1 -1 -1 -1 
849 13 807 141 64 162 -1 -1 -1 -1 
850 13 807 141 65 162 -1 -1 -1 -1 
851 13 808 141 64 162 -1 -1 -1 -1 
852 13 808 141 64 161 -1 -1 -1 -1 
853 13 808 141 64 161 -1 -1 -1 -1 
854 13 808 141 64 162 -1 -1 -1 -1 
855 13 807 141 64 162 -1 -1 -1 -1 
856 13 807 141 64 161 -1 -1 -1 -1 
857 13 807 141 64 161 -1 -1 -1 -1 
858 13 807 141 64 161 -1 -1 -1 -1 
859 13 807 141 63 160 -1 -1 -1 -1 
860 13 807 141 63 160 -1 -1 -1 -1 
861 13 807 141 63 160 -1 -1 -1 -1 
862 13 807 141 63 160 -1 -1 -1 -1 
863 13 807 141 63 160 -1 -1 -1 -1 
864 13 807 141 63 160 -1 -1 -1 -1 
865 13 807 141 63 160 -1 -1 -1 -1 
866 13 807 141 63 160 -1 -1 -1 -1 
867 13 806 141 64 160 -1 -1 -1 -1 
868 13 806 141 64 160 -1 -1 -1 -1 
869 13 805 140 65 161 -1 -1 -1 -1 
870 13 806 140 64 162 -1 -1 -1 -1 
871 13 806 140 64 162 -1 -1 -1 -1 
872 13 805 140 65 162 -1 -1 -1 -1 
873 13 806 140 64 162 -1 -1 -1 -1 
874 13 805 140 65 162 -1 -1 -1 -1 
875 13 805 140 65 162 -1 -1 -1 -1 
876 13 805 141 64 160 -1 -1 -1 -1 
877 13 805 140 64 161 -1 -1 -1 -1 
878 13 805 140 64 162 -1 -1 -1 -1 
879 13 804 140 65 162 -1 -1 -1 -1 
880 13 804 140 65 162 -1 -1 -1 -1 
881 13 804 140 65 162 -1 -1 -1 -1 
882 13 804 141 65 162 -1 -1 -1 -1 
883 13 804 141 65 161 -1 -1 -1 -1 
884 13 804 141 65 161 -1 -1 -1 -1 
885 13 804 141 65 161 -1 -1 -1 -1 
886 13 805 141 63 161 -1 -1 -1 -1 
887 13 805 142 63 160 -1 -1 -1 -1 
888 13 805 142 63 161 -1 -1 -1 -1 
889 13 805 142 63 160 -1 -1 -1 -1 
890 13 805 141 64 161 -1 -1 -1 -1 
891 13 805 141 63 161 -1 -1 -1 -1 
892 13 806 141 63 161 -1 -1 -1 -1 
893 13 805 141 64 161 -1 -1 -1 -1 
894 13 805 141 64 162 -1 -1 -1 -1 
895 13 805 140 64 163 -1 -1 -1 -1 
896 13 805 141 64 162 -1 -1 -1 -1 
897 13 805 141 64 162 -1 -1 -1 -1 
898 13 805 141 64 161 -1 -1 -1 -1 
899 13 805 140 64 162 -1 -1 -1 -1 
900 13 804 140 65 162 -1 -1 -1 -1 
901 13 804 140 65 162 -1 -1 -1 -1 
902 13 804 140 65 163 -1 -1 -1 -1 
903 13 804 140 65 162 -1 -1 -1 -1 
904 13 804 140 65 163 -1 -1 -1 -1 
905 13 804 140 65 162 -1 -1 -1 -1 
906 13 804 140 65 162 -1 -1 -1 -1 
907 13 804 141 64 161 -1 -1 -1 -1 
908 13 804 141 64 161 -1 -1 -1 -1 
909 13 804 141 64 160 -1 -1 -1 -1 
910 13 804 141 64 160 -1 -1 -1 -1 
911 13 804 141 64 161 -1 -1 -1 -1 
912 13 804 141 64 161 -1 -1 -1 -1 
913 13 805 141 63 160 -1 -1 -1 -1 
914 13 805 141 63 160 -1 -1 -1 -1 
915 13 805 141 63 160 -1 -1 -1 -1 
916 13 805 141 64 161 -1 -1 -1 -1 
917 13 805 141 63 161 -1 -1 -1 -1 
918 13 805 141 63 161 -1 -1 -1 -1 
919 13 805 141 63 161 -1 -1 -1 -1 
920 13 805 141 63 160 -1 -1 -1 -1 
921 13 805 141 63 160 -1 -1 -1 -1 
922 13 805 141 63 160 -1 -1 -1 -1 
923 13 805 141 63 161 -1 -1 -1 -1 
924 13 805 141 63 161 -1 -1 -1 -1 
925 13 805 141 63 161 -1 -1 -1 -1 
926 13 805 141 63 160 -1 -1 -1 -1 
927 13 805 141 63 161 -1 -1 -1 -1 
928 13 805 141 63 160 -1 -1 -1 -1 
929 13 805 141 63 160 -1 -1 -1 -1 
930 13 805 141 63 160 -1 -1 -1 -1 
931 13 805 142 63 160 -1 -1 -1 -1 
932 13 805 141 64 161 -1 -1 -1 -1 
933 13 806 141 62 160 -1 -1 -1 -1 
934 13 806 142 62 159 -1 -1 -1 -1 
935 13 806 141 62 160 -1 -1 -1 -1 
936 13 806 141 63 160 -1 -1 -1 -1 
937 13 806 141 63 160 -1 -1 -1 -1 
938 13 806 141 63 161 -1 -1 -1 -1 
939 13 806 141 63 161 -1 -1 -1 -1 
940 13 805 141 64 161 -1 -1 -1 -1 
941 13 805 141 64 161 -1 -1 -1 -1 
942 13 805 141 64 161 -1 -1 -1 -1 
943 13 805 141 63 160 -1 -1 -1 -1 
944 13 805 141 63 161 -1 -1 -1 -1 
945 13 805 141 64 162 -1 -1 -1 -1 
946 13 804 140 65 162 -1 -1 -1 -1 
947 13 805 140 63 162 -1 -1 -1 -1 
948 13 804 140 64 162 -1 -1 -1 -1 
949 13 804 140 64 162 -1 -1 -1 -1 
950 13 804 141 64 161 -1 -1 -1 -1 
951 13 804 141 64 161 -1 -1 -1 -1 
952 13 804 141 64 161 -1 -1 -1 -1 
953 13 804 141 64 160 -1 -1 -1 -1 
954 13 804 141 64 161 -1 -1 -1 -1 
955 13 804 141 64 161 -1 -1 -1 -1 
956 13 804 141 64 161 -1 -1 -1 -1 
957 13 804 141 64 161 -1 -1 -1 -1 
958 13 804 141 65 161 -1 -1 -1 -1 
959 13 804 141 64 160 -1 -1 -1 -1 
960 13 804 141 64 161 -1 -1 -1 -1 
961 13 804 141 65 161 -1 -1 -1 -1 
962 13 804 141 64 160 -1 -1 -1 -1 
963 13 804 141 65 161 -1 -1 -1 -1 
964 13 804 141 64 161 -1 -1 -1 -1 
965 13 804 141 64 161 -1 -1 -1 -1 
966 13 804 140 64 162 -1 -1 -1 -1 
967 13 803 140 65 163 -1 -1 -1 -1 
968 13 803 140 65 163 -1 -1 -1 -1 
969 13 804 140 64 162 -1 -1 -1 -1 
970 13 804 141 64 161 -1 -1 -1 -1 
971 13 804 141 64 161 -1 -1 -1 -1 
972 13 803 141 65 162 -1 -1 -1 -1 
973 13 803 140 65 163 -1 -1 -1 -1 
974 13 803 140 65 163 -1 -1 -1 -1 
975 13 803 140 65 162 -1 -1 -1 -1 
976 13 803 140 65 162 -1 -1 -1 -1 
977 13 803 141 65 161 -1 -1 -1 -1 
978 13 803 141 65 160 -1 -1 -1 -1 
979 13 803 141 65 160 -1 -1 -1 -1 
980 13 804 140 64 161 -1 -1 -1 -1 
981 13 804 140 64 161 -1 -1 -1 -1 
982 13 804 140 64 160 -1 -1 -1 -1 
983 13 804 140 64 160 -1 -1 -1 -1 
984 13 804 140 64 160 -1 -1 -1 -1 
985 13 804 141 64 159 -1 -1 -1 -1 
986 13 804 140 64 160 -1 -1 -1 -1 
987 13 804 141 64 160 -1 -1 -1 -1 
988 13 804 141 64 159 -1 -1 -1 -1 
989 13 804 141 64 159 -1 -1 -1 -1 
990 13 804 140 64 161 -1 -1 -1 -1 
991 13 804 140 65 160 -1 -1 -1 -1 
992 13 805 139 64 161 -1 -1 -1 -1 
993 13 805 140 64 160 -1 -1 -1 -1 
994 13 805 140 64 160 -1 -1 -1 -1 
995 13 805 140 64 160 -1 -1 -1 -1 
996 13 805 140 64 161 -1 -1 -1 -1 
997 13 805 140 64 161 -1 -1 -1 -1 
998 13 804 140 65 160 -1 -1 -1 -1 
999 13 805 140 63 160 -1 -1 -1 -1 
1000 13 804 140 64 160 -1 -1 -1 -1 
1001 13 805 140 63 159 -1 -1 -1 -1 
1002 13 804 140 64 160 -1 -1 -1 -1 
1003 13 804 140 64 160 -1 -1 -1 -1 
1004 13 804 140 64 160 -1 -1 -1 -1 
1005 13 804 140 64 160 -1 -1 -1 -1 
1006 13 804 140 64 161 -1 -1 -1 -1 
1007 13 804 140 64 161 -1 -1 -1 -1 
1008 13 803 140 65 162 -1 -1 -1 -1 
1009 13 803 140 65 162 -1 -1 -1 -1 
1010 13 803 140 64 161 -1 -1 -1 -1 
1011 13 803 140 64 160 -1 -1 -1 -1 
1012 13 803 140 64 160 -1 -1 -1 -1 
1013 13 803 140 64 160 -1 -1 -1 -1 
1014 13 803 140 64 160 -1 -1 -1 -1 
1015 13 803 140 64 160 -1 -1 -1 -1 
1016 13 803 140 64 161 -1 -1 -1 -1 
1017 13 803 141 64 160 -1 -1 -1 -1 
1018 13 803 141 64 160 -1 -1 -1 -1 
1019 13 803 141 64 161 -1 -1 -1 -1 
1020 13 803 141 64 162 -1 -1 -1 -1 
1021 13 802 141 65 161 -1 -1 -1 -1 
1022 13 802 141 65 161 -1 -1 -1 -1 
1023 13 802 141 65 161 -1 -1 -1 -1 
1024 13 802 141 65 161 -1 -1 -1 -1 
1025 13 802 141 65 162 -1 -1 -1 -1 
1026 13 802 141 65 163 -1 -1 -1 -1 
1027 13 802 141 65 163 -1 -1 -1 -1 
1028 13 802 141 65 163 -1 -1 -1 -1 
1029 13 803 141 64 162 -1 -1 -1 -1 
1030 13 803 142 64 162 -1 -1 -1 -1 
1031 13 803 142 64 162 -1 -1 -1 -1 
1032 13 803 142 64 162 -1 -1 -1 -1 
1033 13 803 142 64 161 -1 -1 -1 -1 
1034 13 803 142 64 161 -1 -1 -1 -1 
1035 13 803 142 64 162 -1 -1 -1 -1 
1036 13 803 142 64 163 -1 -1 -1 -1 
1037 13 803 143 64 163 -1 -1 -1 -1 
1038 13 803 142 64 164 -1 -1 -1 -1 
1039 13 803 142 64 164 -1 -1 -1 -1 
1040 13 803 142 64 163 -1 -1 -1 -1 
1041 13 803 142 64 163 -1 -1 -1 -1 
1042 13 803 142 64 162 -1 -1 -1 -1 
1043 13 803 142 64 162 -1 -1 -1 -1 
1044 13 802 142 65 161 -1 -1 -1 -1 
1045 13 802 142 65 161 -1 -1 -1 -1 
1046 13 803 142 64 161 -1 -1 -1 -1 
1047 13 803 142 65 161 -1 -1 -1 -1 
1048 13 803 142 64 161 -1 -1 -1 -1 
1049 13 803 141 65 162 -1 -1 -1 -1 
1050 13 803 141 65 162 -1 -1 -1 -1 
1 14 283 132 62 152 -1 -1 -1 -1 
2 14 283 132 61 151 -1 -1 -1 -1 
3 14 282 132 62 152 -1 -1 -1 -1 
4 14 282 132 62 152 -1 -1 -1 -1 
5 14 282 132 62 151 -1 -1 -1 -1 
6 14 282 132 61 150 -1 -1 -1 -1 
7 14 281 131 62 150 -1 -1 -1 -1 
8 14 281 131 61 150 -1 -1 -1 -1 
9 14 281 132 60 148 -1 -1 -1 -1 
10 14 280 132 61 148 -1 -1 -1 -1 
11 14 280 131 61 149 -1 -1 -1 -1 
12 14 279 130 62 151 -1 -1 -1 -1 
13 14 280 130 61 151 -1 -1 -1 -1 
14 14 279 129 62 152 -1 -1 -1 -1 
15 14 279 128 63 153 -1 -1 -1 -1 
16 14 279 128 62 154 -1 -1 -1 -1 
17 14 279 129 62 153 -1 -1 -1 -1 
18 14 279 129 62 152 -1 -1 -1 -1 
19 14 279 129 62 151 -1 -1 -1 -1 
20 14 279 130 61 151 -1 -1 -1 -1 
21 14 278 130 61 150 -1 -1 -1 -1 
22 14 277 129 62 151 -1 -1 -1 -1 
23 14 277 128 62 152 -1 -1 -1 -1 
24 14 277 129 61 151 -1 -1 -1 -1 
25 14 277 128 62 152 -1 -1 -1 -1 
26 14 276 127 62 153 -1 -1 -1 -1 
27 14 276 126 61 153 -1 -1 -1 -1 
28 14 276 127 61 152 -1 -1 -1 -1 
29 14 276 127 61 153 -1 -1 -1 -1 
30 14 276 127 61 153 -1 -1 -1 -1 
31 14 277 127 60 153 -1 -1 -1 -1 
32 14 277 127 60 153 -1 -1 -1 -1 
33 14 277 128 62 152 -1 -1 -1 -1 
34 14 277 128 61 151 -1 -1 -1 -1 
35 14 277 128 62 152 -1 -1 -1 -1 
36 14 277 129 62 150 -1 -1 -1 -1 
37 14 277 129 62 150 -1 -1 -1 -1 
38 14 277 129 62 150 -1 -1 -1 -1 
39 14 277 128 62 151 -1 -1 -1 -1 
40 14 277 129 62 150 -1 -1 -1 -1 
41 14 276 129 63 150 -1 -1 -1 -1 
42 14 276 129 63 150 -1 -1 -1 -1 
43 14 275 127 63 152 -1 -1 -1 -1 
44 14 274 126 64 153 -1 -1 -1 -1 
45 14 274 125 64 154 -1 -1 -1 -1 
46 14 273 123 65 156 -1 -1 -1 -1 
47 14 272 118 66 161 -1 -1 -1 -1 
48 14 272 117 67 162 -1 -1 -1 -1 
49 14 272 117 67 163 -1 -1 -1 -1 
50 14 272 116 67 164 -1 -1 -1 -1 
51 14 272 113 67 166 -1 -1 -1 -1 
52 14 272 114 66 165 -1 -1 -1 -1 
53 14 273 117 66 162 -1 -1 -1 -1 
54 14 273 118 66 161 -1 -1 -1 -1 
55 14 273 118 66 161 -1 -1 -1 -1 
56 14 274 118 65 161 -1 -1 -1 -1 
57 14 273 113 66 165 -1 -1 -1 -1 
58 14 273 110 67 169 -1 -1 -1 -1 
59 14 273 113 67 166 -1 -1 -1 -1 
60 14 273 113 67 166 -1 -1 -1 -1 
61 14 274 118 66 162 -1 -1 -1 -1 
62 14 275 120 65 160 -1 -1 -1 -1 
63 14 275 121 64 160 -1 -1 -1 -1 
64 14 275 124 64 157 -1 -1 -1 -1 
65 14 276 126 63 154 -1 -1 -1 -1 
66 14 276 128 63 151 -1 -1 -1 -1 
67 14 277 130 61 149 -1 -1 -1 -1 
68 14 277 131 62 149 -1 -1 -1 -1 
69 14 277 129 62 151 -1 -1 -1 -1 
70 14 277 128 63 153 -1 -1 -1 -1 
71 14 277 126 63 155 -1 -1 -1 -1 
72 14 279 128 63 155 -1 -1 -1 -1 
73 14 280 128 63 155 -1 -1 -1 -1 
74 14 280 127 63 156 -1 -1 -1 -1 
75 14 280 127 63 156 -1 -1 -1 -1 
76 14 280 125 64 159 -1 -1 -1 -1 
77 14 280 124 64 160 -1 -1 -1 -1 
78 14 280 125 65 159 -1 -1 -1 -1 
79 14 280 125 65 159 -1 -1 -1 -1 
80 14 280 125 65 158 -1 -1 -1 -1 
81 14 280 123 65 159 -1 -1 -1 -1 
82 14 281 125 64 158 -1 -1 -1 -1 
83 14 281 126 64 157 -1 -1 -1 -1 
84 14 282 128 63 155 -1 -1 -1 -1 
85 14 283 128 62 155 -1 -1 -1 -1 
86 14 283 129 62 153 -1 -1 -1 -1 
87 14 283 129 62 153 -1 -1 -1 -1 
88 14 284 129 62 153 -1 -1 -1 -1 
89 14 285 129 61 153 -1 -1 -1 -1 
90 14 285 130 61 152 -1 -1 -1 -1 
91 14 286 130 60 152 -1 -1 -1 -1 
92 14 286 131 60 151 -1 -1 -1 -1 
93 14 285 129 61 153 -1 -1 -1 -1 
94 14 284 129 62 153 -1 -1 -1 -1 
95 14 285 129 61 153 -1 -1 -1 -1 
96 14 286 130 60 152 -1 -1 -1 -1 
97 14 286 130 60 152 -1 -1 -1 -1 
98 14 287 130 60 152 -1 -1 -1 -1 
99 14 287 130 60 152 -1 -1 -1 -1 
100 14 286 130 61 152 -1 -1 -1 -1 
101 14 286 128 61 155 -1 -1 -1 -1 
102 14 285 125 63 158 -1 -1 -1 -1 
103 14 285 128 62 155 -1 -1 -1 -1 
104 14 286 129 61 154 -1 -1 -1 -1 
105 14 286 129 61 155 -1 -1 -1 -1 
106 14 286 129 61 154 -1 -1 -1 -1 
107 14 285 128 61 155 -1 -1 -1 -1 
108 14 285 129 61 153 -1 -1 -1 -1 
109 14 285 130 61 152 -1 -1 -1 -1 
110 14 285 131 60 151 -1 -1 -1 -1 
111 14 284 130 62 153 -1 -1 -1 -1 
112 14 284 131 61 152 -1 -1 -1 -1 
113 14 284 130 61 151 -1 -1 -1 -1 
114 14 282 127 62 153 -1 -1 -1 -1 
115 14 281 126 63 156 -1 -1 -1 -1 
116 14 279 121 64 158 -1 -1 -1 -1 
117 14 281 126 63 156 -1 -1 -1 -1 
118 14 282 128 62 155 -1 -1 -1 -1 
119 14 282 129 63 154 -1 -1 -1 -1 
120 14 282 127 61 154 -1 -1 -1 -1 
121 14 282 128 62 153 -1 -1 -1 -1 
122 14 283 130 61 151 -1 -1 -1 -1 
123 14 283 131 61 151 -1 -1 -1 -1 
124 14 284 132 60 150 -1 -1 -1 -1 
125 14 284 133 60 148 -1 -1 -1 -1 
126 14 284 132 59 149 -1 -1 -1 -1 
127 14 283 131 61 150 -1 -1 -1 -1 
128 14 282 129 61 152 -1 -1 -1 -1 
129 14 281 126 62 154 -1 -1 -1 -1 
130 14 281 127 62 155 -1 -1 -1 -1 
131 14 282 128 61 155 -1 -1 -1 -1 
132 14 281 127 63 156 -1 -1 -1 -1 
133 14 281 126 63 157 -1 -1 -1 -1 
134 14 280 125 63 158 -1 -1 -1 -1 
135 14 280 125 63 158 -1 -1 -1 -1 
136 14 281 125 63 158 -1 -1 -1 -1 
137 14 280 125 63 158 -1 -1 -1 -1 
138 14 280 123 64 160 -1 -1 -1 -1 
139 14 280 124 62 158 -1 -1 -1 -1 
140 14 280 125 62 157 -1 -1 -1 -1 
141 14 279 126 62 156 -1 -1 -1 -1 
142 14 279 124 62 158 -1 -1 -1 -1 
143 14 279 124 62 157 -1 -1 -1 -1 
144 14 279 124 62 158 -1 -1 -1 -1 
145 14 279 124 62 158 -1 -1 -1 -1 
146 14 280 125 62 157 -1 -1 -1 -1 
147 14 280 125 62 157 -1 -1 -1 -1 
148 14 280 126 62 156 -1 -1 -1 -1 
149 14 280 125 62 158 -1 -1 -1 -1 
150 14 280 125 63 159 -1 -1 -1 -1 
151 14 278 120 65 163 -1 -1 -1 -1 
152 14 277 115 66 168 -1 -1 -1 -1 
153 14 277 117 66 166 -1 -1 -1 -1 
154 14 278 121 65 162 -1 -1 -1 -1 
155 14 280 124 63 159 -1 -1 -1 -1 
156 14 280 124 64 160 -1 -1 -1 -1 
157 14 281 127 63 157 -1 -1 -1 -1 
158 14 280 125 64 159 -1 -1 -1 -1 
159 14 281 127 62 157 -1 -1 -1 -1 
160 14 281 128 62 156 -1 -1 -1 -1 
161 14 281 129 62 155 -1 -1 -1 -1 
162 14 281 129 62 155 -1 -1 -1 -1 
163 14 281 130 62 154 -1 -1 -1 -1 
164 14 282 131 61 154 -1 -1 -1 -1 
165 14 281 129 62 154 -1 -1 -1 -1 
166 14 282 130 61 153 -1 -1 -1 -1 
167 14 282 131 61 151 -1 -1 -1 -1 
168 14 283 131 60 151 -1 -1 -1 -1 
169 14 283 132 61 152 -1 -1 -1 -1 
170 14 284 132 60 153 -1 -1 -1 -1 
171 14 284 134 61 151 -1 -1 -1 -1 
172 14 284 133 60 153 -1 -1 -1 -1 
173 14 284 133 61 153 -1 -1 -1 -1 
174 14 284 134 61 151 -1 -1 -1 -1 
175 14 284 133 61 152 -1 -1 -1 -1 
176 14 283 134 61 151 -1 -1 -1 -1 
177 14 283 133 61 151 -1 -1 -1 -1 
178 14 283 134 62 151 -1 -1 -1 -1 
179 14 283 133 62 152 -1 -1 -1 -1 
180 14 284 133 61 153 -1 -1 -1 -1 
181 14 285 134 60 152 -1 -1 -1 -1 
182 14 285 134 61 152 -1 -1 -1 -1 
183 14 285 134 61 153 -1 -1 -1 -1 
184 14 285 134 60 153 -1 -1 -1 -1 
185 14 285 134 61 153 -1 -1 -1 -1 
186 14 285 133 61 154 -1 -1 -1 -1 
187 14 284 132 62 155 -1 -1 -1 -1 
188 14 284 133 61 154 -1 -1 -1 -1 
189 14 284 132 61 155 -1 -1 -1 -1 
190 14 284 132 61 154 -1 -1 -1 -1 
191 14 284 132 61 154 -1 -1 -1 -1 
192 14 283 131 62 156 -1 -1 -1 -1 
193 14 283 130 62 156 -1 -1 -1 -1 
194 14 282 130 63 156 -1 -1 -1 -1 
195 14 282 129 63 158 -1 -1 -1 -1 
196 14 282 128 62 157 -1 -1 -1 -1 
197 14 282 128 62 156 -1 -1 -1 -1 
198 14 282 127 62 156 -1 -1 -1 -1 
199 14 282 129 62 154 -1 -1 -1 -1 
200 14 283 130 61 154 -1 -1 -1 -1 
201 14 283 131 62 153 -1 -1 -1 -1 
202 14 284 131 61 153 -1 -1 -1 -1 
203 14 284 132 61 151 -1 -1 -1 -1 
204 14 284 131 61 153 -1 -1 -1 -1 
205 14 283 130 61 153 -1 -1 -1 -1 
206 14 282 128 61 155 -1 -1 -1 -1 
207 14 282 128 61 154 -1 -1 -1 -1 
208 14 282 129 61 154 -1 -1 -1 -1 
209 14 282 128 61 155 -1 -1 -1 -1 
210 14 281 126 62 157 -1 -1 -1 -1 
211 14 281 126 62 156 -1 -1 -1 -1 
212 14 281 127 62 156 -1 -1 -1 -1 
213 14 281 127 61 156 -1 -1 -1 -1 
214 14 280 127 62 156 -1 -1 -1 -1 
215 14 280 126 63 157 -1 -1 -1 -1 
216 14 279 124 64 159 -1 -1 -1 -1 
217 14 279 123 64 160 -1 -1 -1 -1 
218 14 280 121 64 162 -1 -1 -1 -1 
219 14 281 122 64 161 -1 -1 -1 -1 
220 14 280 122 64 161 -1 -1 -1 -1 
221 14 280 125 63 158 -1 -1 -1 -1 
222 14 281 125 63 159 -1 -1 -1 -1 
223 14 280 122 64 162 -1 -1 -1 -1 
224 14 280 123 64 161 -1 -1 -1 -1 
225 14 280 124 64 160 -1 -1 -1 -1 
226 14 281 127 62 157 -1 -1 -1 -1 
227 14 281 127 62 156 -1 -1 -1 -1 
228 14 280 127 63 156 -1 -1 -1 -1 
229 14 279 128 63 155 -1 -1 -1 -1 
230 14 280 128 62 155 -1 -1 -1 -1 
231 14 281 129 62 155 -1 -1 -1 -1 
232 14 280 129 63 155 -1 -1 -1 -1 
233 14 280 129 63 155 -1 -1 -1 -1 
234 14 281 130 62 155 -1 -1 -1 -1 
235 14 280 129 64 156 -1 -1 -1 -1 
236 14 280 128 64 156 -1 -1 -1 -1 
237 14 279 127 64 157 -1 -1 -1 -1 
238 14 280 128 64 157 -1 -1 -1 -1 
239 14 280 128 64 157 -1 -1 -1 -1 
240 14 280 128 63 156 -1 -1 -1 -1 
241 14 279 127 64 157 -1 -1 -1 -1 
242 14 279 127 64 157 -1 -1 -1 -1 
243 14 279 127 64 157 -1 -1 -1 -1 
244 14 279 128 64 155 -1 -1 -1 -1 
245 14 279 128 64 155 -1 -1 -1 -1 
246 14 278 127 64 157 -1 -1 -1 -1 
247 14 278 127 64 157 -1 -1 -1 -1 
248 14 278 127 64 158 -1 -1 -1 -1 
249 14 278 127 65 158 -1 -1 -1 -1 
250 14 277 127 64 158 -1 -1 -1 -1 
251 14 276 126 65 159 -1 -1 -1 -1 
252 14 276 124 66 161 -1 -1 -1 -1 
253 14 277 125 64 161 -1 -1 -1 -1 
254 14 277 125 65 161 -1 -1 -1 -1 
255 14 277 126 65 160 -1 -1 -1 -1 
256 14 277 126 64 161 -1 -1 -1 -1 
257 14 278 127 64 159 -1 -1 -1 -1 
258 14 278 127 64 160 -1 -1 -1 -1 
259 14 278 128 64 159 -1 -1 -1 -1 
260 14 278 128 65 160 -1 -1 -1 -1 
261 14 278 128 66 160 -1 -1 -1 -1 
262 14 279 129 65 159 -1 -1 -1 -1 
263 14 280 129 65 159 -1 -1 -1 -1 
264 14 280 129 65 159 -1 -1 -1 -1 
265 14 280 129 65 159 -1 -1 -1 -1 
266 14 281 130 63 157 -1 -1 -1 -1 
267 14 281 129 63 158 -1 -1 -1 -1 
268 14 281 130 63 157 -1 -1 -1 -1 
269 14 282 131 62 156 -1 -1 -1 -1 
270 14 282 132 62 155 -1 -1 -1 -1 
271 14 283 133 61 154 -1 -1 -1 -1 
272 14 283 134 61 153 -1 -1 -1 -1 
273 14 283 133 62 154 -1 -1 -1 -1 
274 14 283 133 61 154 -1 -1 -1 -1 
275 14 283 133 61 154 -1 -1 -1 -1 
276 14 283 133 62 155 -1 -1 -1 -1 
277 14 282 133 63 154 -1 -1 -1 -1 
278 14 282 133 63 155 -1 -1 -1 -1 
279 14 282 134 62 155 -1 -1 -1 -1 
280 14 281 135 62 154 -1 -1 -1 -1 
281 14 281 134 63 155 -1 -1 -1 -1 
282 14 282 134 62 154 -1 -1 -1 -1 
283 14 282 135 62 153 -1 -1 -1 -1 
284 14 282 134 62 156 -1 -1 -1 -1 
285 14 280 134 64 157 -1 -1 -1 -1 
286 14 280 133 65 158 -1 -1 -1 -1 
287 14 280 132 65 159 -1 -1 -1 -1 
288 14 279 131 66 159 -1 -1 -1 -1 
289 14 279 131 65 159 -1 -1 -1 -1 
290 14 278 131 65 159 -1 -1 -1 -1 
291 14 278 132 64 159 -1 -1 -1 -1 
292 14 277 132 65 159 -1 -1 -1 -1 
293 14 277 133 64 158 -1 -1 -1 -1 
294 14 277 134 64 158 -1 -1 -1 -1 
295 14 276 134 65 157 -1 -1 -1 -1 
296 14 276 133 64 158 -1 -1 -1 -1 
297 14 275 133 65 158 -1 -1 -1 -1 
298 14 275 134 65 157 -1 -1 -1 -1 
299 14 275 133 65 158 -1 -1 -1 -1 
300 14 275 132 65 159 -1 -1 -1 -1 
301 14 275 132 66 158 -1 -1 -1 -1 
302 14 275 131 66 159 -1 -1 -1 -1 
303 14 273 133 65 159 -1 -1 -1 -1 
304 14 273 134 64 159 -1 -1 -1 -1 
305 14 272 134 65 160 -1 -1 -1 -1 
306 14 272 133 65 161 -1 -1 -1 -1 
307 14 272 132 65 162 -1 -1 -1 -1 
308 14 271 131 66 163 -1 -1 -1 -1 
309 14 271 130 67 165 -1 -1 -1 -1 
310 14 271 131 66 163 -1 -1 -1 -1 
311 14 271 130 66 164 -1 -1 -1 -1 
312 14 271 129 67 165 -1 -1 -1 -1 
313 14 271 128 67 165 -1 -1 -1 -1 
314 14 271 130 67 163 -1 -1 -1 -1 
315 14 271 120 69 171 -1 -1 -1 -1 
316 14 272 116 70 174 -1 -1 -1 -1 
317 14 272 115 70 176 -1 -1 -1 -1 
318 14 271 115 71 176 -1 -1 -1 -1 
319 14 271 116 71 176 -1 -1 -1 -1 
320 14 271 122 69 171 -1 -1 -1 -1 
321 14 270 126 69 168 -1 -1 -1 -1 
322 14 271 123 69 171 -1 -1 -1 -1 
323 14 272 120 69 174 -1 -1 -1 -1 
324 14 273 126 67 167 -1 -1 -1 -1 
325 14 272 127 67 166 -1 -1 -1 -1 
326 14 274 131 65 163 -1 -1 -1 -1 
327 14 276 136 63 157 -1 -1 -1 -1 
328 14 276 135 63 158 -1 -1 -1 -1 
329 14 274 125 67 167 -1 -1 -1 -1 
330 14 273 117 69 174 -1 -1 -1 -1 
331 14 274 125 67 167 -1 -1 -1 -1 
332 14 275 129 65 163 -1 -1 -1 -1 
333 14 276 132 64 159 -1 -1 -1 -1 
334 14 277 134 63 157 -1 -1 -1 -1 
335 14 277 134 64 158 -1 -1 -1 -1 
336 14 278 134 64 159 -1 -1 -1 -1 
337 14 278 134 64 158 -1 -1 -1 -1 
338 14 278 134 64 158 -1 -1 -1 -1 
339 14 278 135 64 157 -1 -1 -1 -1 
340 14 279 135 63 157 -1 -1 -1 -1 
341 14 278 135 64 157 -1 -1 -1 -1 
342 14 278 135 64 157 -1 -1 -1 -1 
343 14 279 135 63 157 -1 -1 -1 -1 
344 14 279 137 64 155 -1 -1 -1 -1 
345 14 279 137 64 155 -1 -1 -1 -1 
346 14 279 137 64 155 -1 -1 -1 -1 
347 14 280 138 63 154 -1 -1 -1 -1 
348 14 280 136 63 156 -1 -1 -1 -1 
349 14 279 134 65 158 -1 -1 -1 -1 
350 14 279 134 65 158 -1 -1 -1 -1 
351 14 279 133 65 158 -1 -1 -1 -1 
352 14 279 134 65 157 -1 -1 -1 -1 
353 14 280 134 63 157 -1 -1 -1 -1 
354 14 280 134 63 156 -1 -1 -1 -1 
355 14 279 130 65 160 -1 -1 -1 -1 
356 14 278 129 67 161 -1 -1 -1 -1 
357 14 279 132 65 158 -1 -1 -1 -1 
358 14 281 134 63 155 -1 -1 -1 -1 
359 14 281 136 63 153 -1 -1 -1 -1 
360 14 281 135 63 154 -1 -1 -1 -1 
361 14 281 133 63 156 -1 -1 -1 -1 
362 14 282 131 63 156 -1 -1 -1 -1 
363 14 282 131 63 155 -1 -1 -1 -1 
364 14 282 131 63 154 -1 -1 -1 -1 
365 14 282 131 62 153 -1 -1 -1 -1 
366 14 281 131 62 154 -1 -1 -1 -1 
367 14 279 130 63 156 -1 -1 -1 -1 
368 14 279 132 63 153 -1 -1 -1 -1 
369 14 280 132 63 152 -1 -1 -1 -1 
370 14 280 133 64 151 -1 -1 -1 -1 
371 14 279 131 63 155 -1 -1 -1 -1 
372 14 279 131 62 156 -1 -1 -1 -1 
373 14 280 130 62 157 -1 -1 -1 -1 
374 14 279 129 63 158 -1 -1 -1 -1 
375 14 277 124 65 163 -1 -1 -1 -1 
376 14 276 118 66 167 -1 -1 -1 -1 
377 14 274 114 68 170 -1 -1 -1 -1 
378 14 274 111 69 173 -1 -1 -1 -1 
379 14 270 107 72 178 -1 -1 -1 -1 
380 14 269 105 73 180 -1 -1 -1 -1 
381 14 270 106 72 179 -1 -1 -1 -1 
382 14 269 108 72 177 -1 -1 -1 -1 
383 14 270 108 72 177 -1 -1 -1 -1 
384 14 269 109 72 175 -1 -1 -1 -1 
385 14 269 113 71 171 -1 -1 -1 -1 
386 14 270 116 70 168 -1 -1 -1 -1 
387 14 270 118 69 166 -1 -1 -1 -1 
388 14 270 118 69 166 -1 -1 -1 -1 
389 14 272 121 67 163 -1 -1 -1 -1 
390 14 271 120 68 164 -1 -1 -1 -1 
391 14 272 118 68 165 -1 -1 -1 -1 
392 14 273 120 68 164 -1 -1 -1 -1 
393 14 277 119 68 164 -1 -1 -1 -1 
394 14 279 120 67 163 -1 -1 -1 -1 
395 14 280 121 67 162 -1 -1 -1 -1 
396 14 280 121 67 161 -1 -1 -1 -1 
397 14 280 123 65 161 -1 -1 -1 -1 
398 14 280 124 65 160 -1 -1 -1 -1 
399 14 280 124 65 160 -1 -1 -1 -1 
400 14 280 123 65 161 -1 -1 -1 -1 
401 14 280 122 66 162 -1 -1 -1 -1 
402 14 280 122 66 161 -1 -1 -1 -1 
403 14 279 120 67 163 -1 -1 -1 -1 
404 14 279 120 67 162 -1 -1 -1 -1 
405 14 278 117 67 164 -1 -1 -1 -1 
406 14 278 121 67 162 -1 -1 -1 -1 
407 14 279 123 66 161 -1 -1 -1 -1 
408 14 279 126 66 159 -1 -1 -1 -1 
409 14 279 126 66 159 -1 -1 -1 -1 
410 14 279 123 66 162 -1 -1 -1 -1 
411 14 280 124 65 162 -1 -1 -1 -1 
412 14 280 124 66 162 -1 -1 -1 -1 
413 14 279 126 65 159 -1 -1 -1 -1 
414 14 279 126 65 159 -1 -1 -1 -1 
415 14 279 124 65 161 -1 -1 -1 -1 
416 14 279 125 64 159 -1 -1 -1 -1 
417 14 280 126 63 158 -1 -1 -1 -1 
418 14 279 126 63 157 -1 -1 -1 -1 
419 14 279 126 63 158 -1 -1 -1 -1 
420 14 279 126 62 157 -1 -1 -1 -1 
421 14 279 127 62 156 -1 -1 -1 -1 
422 14 279 128 62 155 -1 -1 -1 -1 
423 14 279 127 62 156 -1 -1 -1 -1 
424 14 279 128 63 155 -1 -1 -1 -1 
425 14 280 128 63 155 -1 -1 -1 -1 
426 14 281 128 62 155 -1 -1 -1 -1 
427 14 280 128 63 155 -1 -1 -1 -1 
428 14 281 128 62 155 -1 -1 -1 -1 
429 14 281 127 63 156 -1 -1 -1 -1 
430 14 281 127 63 156 -1 -1 -1 -1 
431 14 279 122 67 160 -1 -1 -1 -1 
432 14 279 126 65 157 -1 -1 -1 -1 
433 14 279 127 64 157 -1 -1 -1 -1 
434 14 279 128 63 156 -1 -1 -1 -1 
435 14 277 126 65 158 -1 -1 -1 -1 
436 14 274 119 69 166 -1 -1 -1 -1 
437 14 273 116 70 169 -1 -1 -1 -1 
438 14 276 124 66 160 -1 -1 -1 -1 
439 14 277 126 64 158 -1 -1 -1 -1 
440 14 278 128 63 156 -1 -1 -1 -1 
441 14 279 127 62 157 -1 -1 -1 -1 
442 14 278 127 64 158 -1 -1 -1 -1 
443 14 277 127 66 159 -1 -1 -1 -1 
444 14 277 127 66 159 -1 -1 -1 -1 
445 14 278 126 65 161 -1 -1 -1 -1 
446 14 279 126 64 160 -1 -1 -1 -1 
447 14 278 128 65 159 -1 -1 -1 -1 
448 14 279 128 65 158 -1 -1 -1 -1 
449 14 279 128 65 158 -1 -1 -1 -1 
450 14 279 128 65 158 -1 -1 -1 -1 
451 14 279 128 65 158 -1 -1 -1 -1 
452 14 279 128 65 158 -1 -1 -1 -1 
453 14 280 129 64 156 -1 -1 -1 -1 
454 14 280 129 64 156 -1 -1 -1 -1 
455 14 281 129 64 156 -1 -1 -1 -1 
456 14 281 129 65 156 -1 -1 -1 -1 
457 14 280 128 66 156 -1 -1 -1 -1 
458 14 280 127 65 157 -1 -1 -1 -1 
459 14 281 128 65 156 -1 -1 -1 -1 
460 14 282 127 65 157 -1 -1 -1 -1 
461 14 282 127 65 158 -1 -1 -1 -1 
462 14 282 126 65 159 -1 -1 -1 -1 
463 14 283 126 65 158 -1 -1 -1 -1 
464 14 282 126 65 157 -1 -1 -1 -1 
465 14 283 127 65 156 -1 -1 -1 -1 
466 14 283 127 65 157 -1 -1 -1 -1 
467 14 282 126 65 158 -1 -1 -1 -1 
468 14 283 125 65 158 -1 -1 -1 -1 
469 14 288 127 62 153 -1 -1 -1 -1 
470 14 288 127 62 153 -1 -1 -1 -1 
471 14 289 128 61 150 -1 -1 -1 -1 
472 14 285 129 64 155 -1 -1 -1 -1 
482 14 276 125 72 172 -1 -1 -1 -1 
483 14 278 126 69 164 -1 -1 -1 -1 
484 14 279 124 69 165 -1 -1 -1 -1 
485 14 279 125 69 162 -1 -1 -1 -1 
486 14 280 126 71 170 -1 -1 -1 -1 
487 14 281 142 77 189 -1 -1 -1 -1 
491 14 288 152 75 188 -1 -1 -1 -1 
492 14 292 163 71 178 -1 -1 -1 -1 
493 14 293 163 71 177 -1 -1 -1 -1 
494 14 298 177 65 166 -1 -1 -1 -1 
495 14 301 183 62 160 -1 -1 -1 -1 
496 14 301 179 64 163 -1 -1 -1 -1 
497 14 299 169 67 172 -1 -1 -1 -1 
498 14 301 175 65 166 -1 -1 -1 -1 
499 14 304 183 61 157 -1 -1 -1 -1 
500 14 304 183 65 156 -1 -1 -1 -1 
501 14 305 181 65 158 -1 -1 -1 -1 
502 14 307 185 64 151 -1 -1 -1 -1 
503 14 310 180 65 153 -1 -1 -1 -1 
504 14 313 179 63 151 -1 -1 -1 -1 
505 14 314 174 64 154 -1 -1 -1 -1 
506 14 315 170 64 157 -1 -1 -1 -1 
507 14 316 167 65 160 -1 -1 -1 -1 
508 14 319 165 64 162 -1 -1 -1 -1 
509 14 321 165 64 163 -1 -1 -1 -1 
510 14 322 168 64 160 -1 -1 -1 -1 
511 14 324 170 63 158 -1 -1 -1 -1 
512 14 325 172 62 156 -1 -1 -1 -1 
513 14 327 177 60 151 -1 -1 -1 -1 
514 14 328 177 60 151 -1 -1 -1 -1 
515 14 330 178 60 148 -1 -1 -1 -1 
516 14 331 178 61 147 -1 -1 -1 -1 
517 14 332 178 61 146 -1 -1 -1 -1 
518 14 334 165 67 156 -1 -1 -1 -1 
519 14 338 163 68 157 -1 -1 -1 -1 
520 14 343 169 63 148 -1 -1 -1 -1 
521 14 346 169 63 146 -1 -1 -1 -1 
522 14 349 175 61 140 -1 -1 -1 -1 
523 14 351 175 60 140 -1 -1 -1 -1 
524 14 348 160 65 154 -1 -1 -1 -1 
525 14 348 159 66 156 -1 -1 -1 -1 
526 14 350 166 63 150 -1 -1 -1 -1 
527 14 351 159 63 156 -1 -1 -1 -1 
528 14 351 154 67 163 -1 -1 -1 -1 
529 14 354 160 64 156 -1 -1 -1 -1 
530 14 355 157 65 156 -1 -1 -1 -1 
560 14 417 148 56 136 -1 -1 -1 -1 
561 14 419 143 59 136 -1 -1 -1 -1 
562 14 422 142 57 137 -1 -1 -1 -1 
566 14 430 124 61 150 -1 -1 -1 -1 
567 14 433 124 59 150 -1 -1 -1 -1 
568 14 426 90 69 178 -1 -1 -1 -1 
569 14 435 110 64 162 -1 -1 -1 -1 
570 14 439 122 61 152 -1 -1 -1 -1 
571 14 441 125 60 150 -1 -1 -1 -1 
572 14 443 127 59 148 -1 -1 -1 -1 
573 14 442 123 59 152 -1 -1 -1 -1 
574 14 443 120 60 154 -1 -1 -1 -1 
575 14 443 124 58 150 -1 -1 -1 -1 
576 14 443 125 58 148 -1 -1 -1 -1 
577 14 445 122 57 149 -1 -1 -1 -1 
578 14 446 121 59 147 -1 -1 -1 -1 
579 14 449 123 56 141 -1 -1 -1 -1 
580 14 451 110 61 150 -1 -1 -1 -1 
581 14 452 118 59 143 -1 -1 -1 -1 
582 14 453 121 57 139 -1 -1 -1 -1 
583 14 454 120 58 140 -1 -1 -1 -1 
584 14 455 122 58 139 -1 -1 -1 -1 
585 14 455 120 58 142 -1 -1 -1 -1 
586 14 456 119 58 143 -1 -1 -1 -1 
587 14 457 119 58 143 -1 -1 -1 -1 
588 14 460 122 56 139 -1 -1 -1 -1 
589 14 462 122 56 138 -1 -1 -1 -1 
590 14 463 122 57 138 -1 -1 -1 -1 
591 14 465 120 57 138 -1 -1 -1 -1 
592 14 467 118 56 139 -1 -1 -1 -1 
593 14 469 117 56 135 -1 -1 -1 -1 
594 14 471 115 55 134 -1 -1 -1 -1 
595 14 471 102 60 145 -1 -1 -1 -1 
610 14 477 45 69 182 -1 -1 -1 -1 
611 14 481 42 61 158 -1 -1 -1 -1 
1 15 458 83 65 160 -1 -1 -1 -1 
2 15 460 69 66 169 -1 -1 -1 -1 
3 15 475 46 59 146 -1 -1 -1 -1 
4 15 480 39 56 135 -1 -1 -1 -1 
5 15 482 37 54 134 -1 -1 -1 -1 
6 15 483 36 54 134 -1 -1 -1 -1 
7 15 484 37 53 133 -1 -1 -1 -1 
8 15 484 37 54 138 -1 -1 -1 -1 
9 15 481 37 57 148 -1 -1 -1 -1 
10 15 479 38 60 152 -1 -1 -1 -1 
11 15 478 38 60 157 -1 -1 -1 -1 
12 15 477 38 61 159 -1 -1 -1 -1 
13 15 476 38 62 162 -1 -1 -1 -1 
14 15 476 39 62 161 -1 -1 -1 -1 
15 15 475 39 63 164 -1 -1 -1 -1 
16 15 477 38 61 154 -1 -1 -1 -1 
17 15 478 38 59 146 -1 -1 -1 -1 
18 15 480 37 57 143 -1 -1 -1 -1 
19 15 479 37 57 143 -1 -1 -1 -1 
20 15 479 37 58 146 -1 -1 -1 -1 
21 15 477 37 60 152 -1 -1 -1 -1 
22 15 475 37 62 159 -1 -1 -1 -1 
23 15 460 53 61 155 -1 -1 -1 -1 
24 15 454 59 61 154 -1 -1 -1 -1 
25 15 451 60 61 152 -1 -1 -1 -1 
26 15 450 61 61 150 -1 -1 -1 -1 
27 15 449 61 60 149 -1 -1 -1 -1 
28 15 448 61 60 148 -1 -1 -1 -1 
29 15 447 62 60 151 -1 -1 -1 -1 
30 15 446 62 61 153 -1 -1 -1 -1 
31 15 445 60 62 156 -1 -1 -1 -1 
32 15 444 58 63 159 -1 -1 -1 -1 
33 15 443 57 65 160 -1 -1 -1 -1 
34 15 442 56 65 161 -1 -1 -1 -1 
35 15 441 54 66 162 -1 -1 -1 -1 
36 15 441 53 65 160 -1 -1 -1 -1 
37 15 439 51 63 160 -1 -1 -1 -1 
38 15 436 49 63 160 -1 -1 -1 -1 
39 15 436 49 62 155 -1 -1 -1 -1 
40 15 435 49 61 152 -1 -1 -1 -1 
41 15 433 49 62 151 -1 -1 -1 -1 
42 15 434 48 61 151 -1 -1 -1 -1 
43 15 433 47 63 154 -1 -1 -1 -1 
44 15 432 47 63 155 -1 -1 -1 -1 
45 15 433 47 62 154 -1 -1 -1 -1 
46 15 434 46 61 150 -1 -1 -1 -1 
47 15 434 45 61 149 -1 -1 -1 -1 
48 15 434 44 62 148 -1 -1 -1 -1 
49 15 434 44 62 153 -1 -1 -1 -1 
50 15 432 43 65 158 -1 -1 -1 -1 
51 15 431 40 64 159 -1 -1 -1 -1 
52 15 430 38 65 162 -1 -1 -1 -1 
53 15 430 37 64 161 -1 -1 -1 -1 
54 15 429 36 64 160 -1 -1 -1 -1 
55 15 430 35 61 153 -1 -1 -1 -1 
56 15 430 35 60 152 -1 -1 -1 -1 
57 15 430 34 59 150 -1 -1 -1 -1 
58 15 430 33 60 152 -1 -1 -1 -1 
59 15 430 32 63 155 -1 -1 -1 -1 
60 15 431 33 62 154 -1 -1 -1 -1 
61 15 431 32 61 153 -1 -1 -1 -1 
62 15 430 32 61 156 -1 -1 -1 -1 
63 15 429 32 62 158 -1 -1 -1 -1 
64 15 429 32 62 159 -1 -1 -1 -1 
65 15 429 32 62 156 -1 -1 -1 -1 
66 15 429 31 62 158 -1 -1 -1 -1 
67 15 428 30 64 159 -1 -1 -1 -1 
68 15 428 28 64 161 -1 -1 -1 -1 
69 15 428 28 63 159 -1 -1 -1 -1 
70 15 427 26 64 162 -1 -1 -1 -1 
71 15 426 25 64 162 -1 -1 -1 -1 
72 15 426 24 64 162 -1 -1 -1 -1 
73 15 427 23 63 159 -1 -1 -1 -1 
74 15 427 24 61 151 -1 -1 -1 -1 
75 15 428 24 60 147 -1 -1 -1 -1 
76 15 429 23 58 145 -1 -1 -1 -1 
77 15 428 23 58 144 -1 -1 -1 -1 
78 15 429 22 57 143 -1 -1 -1 -1 
79 15 429 22 58 144 -1 -1 -1 -1 
80 15 429 22 58 145 -1 -1 -1 -1 
81 15 429 21 59 145 -1 -1 -1 -1 
82 15 429 20 59 147 -1 -1 -1 -1 
83 15 429 19 60 148 -1 -1 -1 -1 
84 15 429 18 60 149 -1 -1 -1 -1 
85 15 430 17 59 147 -1 -1 -1 -1 
86 15 430 15 59 148 -1 -1 -1 -1 
87 15 431 13 59 149 -1 -1 -1 -1 
88 15 431 12 60 149 -1 -1 -1 -1 
89 15 431 12 59 147 -1 -1 -1 -1 
90 15 432 11 59 147 -1 -1 -1 -1 
91 15 432 10 59 147 -1 -1 -1 -1 
92 15 433 10 58 148 -1 -1 -1 -1 
93 15 433 10 59 148 -1 -1 -1 -1 
94 15 433 10 59 148 -1 -1 -1 -1 
95 15 433 9 59 150 -1 -1 -1 -1 
96 15 433 9 59 148 -1 -1 -1 -1 
97 15 433 10 59 147 -1 -1 -1 -1 
98 15 433 9 59 148 -1 -1 -1 -1 
99 15 433 8 58 147 -1 -1 -1 -1 
100 15 433 6 58 148 -1 -1 -1 -1 
101 15 433 5 58 146 -1 -1 -1 -1 
102 15 433 4 57 144 -1 -1 -1 -1 
103 15 433 3 57 143 -1 -1 -1 -1 
104 15 433 1 57 144 -1 -1 -1 -1 
105 15 433 1 57 144 -1 -1 -1 -1 
106 15 434 0 57 145 -1 -1 -1 -1 
107 15 434 0 57 145 -1 -1 -1 -1 
108 15 435 0 57 144 -1 -1 -1 -1 
109 15 436 0 57 144 -1 -1 -1 -1 
110 15 435 0 57 144 -1 -1 -1 -1 
111 15 435 0 57 144 -1 -1 -1 -1 
112 15 435 0 57 143 -1 -1 -1 -1 
113 15 436 0 56 143 -1 -1 -1 -1 
114 15 436 0 57 142 -1 -1 -1 -1 
115 15 437 0 57 142 -1 -1 -1 -1 
116 15 438 0 57 141 -1 -1 -1 -1 
117 15 439 0 57 140 -1 -1 -1 -1 
118 15 440 0 56 138 -1 -1 -1 -1 
119 15 442 0 56 137 -1 -1 -1 -1 
120 15 444 0 56 136 -1 -1 -1 -1 
121 15 445 0 56 135 -1 -1 -1 -1 
122 15 446 0 55 134 -1 -1 -1 -1 
123 15 446 0 55 133 -1 -1 -1 -1 
124 15 446 0 55 133 -1 -1 -1 -1 
125 15 446 0 55 132 -1 -1 -1 -1 
126 15 447 0 54 132 -1 -1 -1 -1 
127 15 446 0 54 131 -1 -1 -1 -1 
128 15 446 0 54 130 -1 -1 -1 -1 
129 15 447 0 53 130 -1 -1 -1 -1 
130 15 448 0 53 129 -1 -1 -1 -1 
131 15 448 0 52 126 -1 -1 -1 -1 
132 15 447 0 54 127 -1 -1 -1 -1 
133 15 448 0 53 125 -1 -1 -1 -1 
134 15 449 0 51 121 -1 -1 -1 -1 
135 15 449 0 51 119 -1 -1 -1 -1 
136 15 449 0 50 118 -1 -1 -1 -1 
137 15 448 0 51 118 -1 -1 -1 -1 
138 15 448 0 50 118 -1 -1 -1 -1 
139 15 448 0 50 117 -1 -1 -1 -1 
1 16 350 110 63 159 -1 -1 -1 -1 
2 16 351 112 62 157 -1 -1 -1 -1 
3 16 350 111 63 158 -1 -1 -1 -1 
4 16 350 111 63 158 -1 -1 -1 -1 
5 16 351 111 62 158 -1 -1 -1 -1 
6 16 351 111 62 158 -1 -1 -1 -1 
7 16 350 112 62 157 -1 -1 -1 -1 
8 16 350 111 63 157 -1 -1 -1 -1 
9 16 350 113 62 156 -1 -1 -1 -1 
10 16 350 112 62 157 -1 -1 -1 -1 
11 16 349 111 63 158 -1 -1 -1 -1 
12 16 349 110 63 159 -1 -1 -1 -1 
13 16 349 109 64 160 -1 -1 -1 -1 
14 16 348 110 64 159 -1 -1 -1 -1 
15 16 348 109 64 160 -1 -1 -1 -1 
16 16 348 108 64 161 -1 -1 -1 -1 
17 16 349 108 64 161 -1 -1 -1 -1 
18 16 349 107 65 162 -1 -1 -1 -1 
19 16 349 107 64 161 -1 -1 -1 -1 
20 16 349 106 65 163 -1 -1 -1 -1 
21 16 349 105 66 164 -1 -1 -1 -1 
22 16 349 106 65 164 -1 -1 -1 -1 
23 16 349 106 65 165 -1 -1 -1 -1 
24 16 349 106 66 165 -1 -1 -1 -1 
25 16 349 105 66 166 -1 -1 -1 -1 
26 16 348 104 66 167 -1 -1 -1 -1 
27 16 348 105 66 165 -1 -1 -1 -1 
28 16 347 105 66 165 -1 -1 -1 -1 
29 16 347 106 65 165 -1 -1 -1 -1 
30 16 346 107 66 164 -1 -1 -1 -1 
31 16 347 108 65 164 -1 -1 -1 -1 
32 16 346 107 66 165 -1 -1 -1 -1 
33 16 346 107 66 165 -1 -1 -1 -1 
34 16 346 106 66 165 -1 -1 -1 -1 
35 16 346 106 67 166 -1 -1 -1 -1 
36 16 347 106 66 165 -1 -1 -1 -1 
37 16 346 105 66 166 -1 -1 -1 -1 
38 16 347 106 66 165 -1 -1 -1 -1 
39 16 347 106 66 164 -1 -1 -1 -1 
40 16 347 107 66 163 -1 -1 -1 -1 
41 16 347 107 65 163 -1 -1 -1 -1 
42 16 347 106 65 165 -1 -1 -1 -1 
43 16 347 106 65 163 -1 -1 -1 -1 
44 16 346 106 66 165 -1 -1 -1 -1 
45 16 346 105 66 166 -1 -1 -1 -1 
46 16 346 106 66 166 -1 -1 -1 -1 
47 16 345 106 66 166 -1 -1 -1 -1 
48 16 345 106 66 165 -1 -1 -1 -1 
49 16 344 106 66 165 -1 -1 -1 -1 
50 16 344 106 67 164 -1 -1 -1 -1 
51 16 343 105 67 166 -1 -1 -1 -1 
52 16 343 105 66 165 -1 -1 -1 -1 
53 16 343 104 66 166 -1 -1 -1 -1 
54 16 343 103 66 167 -1 -1 -1 -1 
55 16 343 105 66 165 -1 -1 -1 -1 
56 16 344 106 65 164 -1 -1 -1 -1 
57 16 343 106 66 164 -1 -1 -1 -1 
58 16 343 106 66 165 -1 -1 -1 -1 
59 16 344 106 66 164 -1 -1 -1 -1 
60 16 344 106 66 164 -1 -1 -1 -1 
61 16 344 106 66 164 -1 -1 -1 -1 
62 16 345 107 65 163 -1 -1 -1 -1 
63 16 345 107 65 162 -1 -1 -1 -1 
64 16 346 108 64 161 -1 -1 -1 -1 
65 16 346 106 65 163 -1 -1 -1 -1 
66 16 346 107 65 162 -1 -1 -1 -1 
67 16 347 108 64 161 -1 -1 -1 -1 
68 16 347 108 64 161 -1 -1 -1 -1 
69 16 348 109 64 160 -1 -1 -1 -1 
70 16 348 109 64 160 -1 -1 -1 -1 
71 16 347 109 64 160 -1 -1 -1 -1 
72 16 347 109 64 160 -1 -1 -1 -1 
73 16 347 110 64 159 -1 -1 -1 -1 
74 16 347 110 64 159 -1 -1 -1 -1 
75 16 347 110 64 159 -1 -1 -1 -1 
76 16 347 109 64 161 -1 -1 -1 -1 
77 16 347 109 65 161 -1 -1 -1 -1 
78 16 348 110 64 160 -1 -1 -1 -1 
79 16 348 109 64 161 -1 -1 -1 -1 
80 16 348 109 64 161 -1 -1 -1 -1 
81 16 347 109 65 161 -1 -1 -1 -1 
82 16 348 110 63 160 -1 -1 -1 -1 
83 16 348 109 64 160 -1 -1 -1 -1 
84 16 348 108 64 161 -1 -1 -1 -1 
85 16 348 108 64 162 -1 -1 -1 -1 
86 16 348 108 65 161 -1 -1 -1 -1 
87 16 348 108 65 162 -1 -1 -1 -1 
88 16 348 108 65 161 -1 -1 -1 -1 
89 16 348 108 65 161 -1 -1 -1 -1 
90 16 348 109 65 160 -1 -1 -1 -1 
91 16 348 109 65 159 -1 -1 -1 -1 
92 16 348 109 65 159 -1 -1 -1 -1 
93 16 348 109 65 159 -1 -1 -1 -1 
94 16 348 109 64 160 -1 -1 -1 -1 
95 16 348 108 64 162 -1 -1 -1 -1 
96 16 348 108 64 162 -1 -1 -1 -1 
97 16 348 108 64 162 -1 -1 -1 -1 
98 16 348 108 63 162 -1 -1 -1 -1 
99 16 348 109 64 161 -1 -1 -1 -1 
100 16 347 108 65 163 -1 -1 -1 -1 
101 16 348 108 65 163 -1 -1 -1 -1 
102 16 348 108 65 163 -1 -1 -1 -1 
103 16 347 108 65 163 -1 -1 -1 -1 
104 16 347 107 65 164 -1 -1 -1 -1 
105 16 347 107 65 164 -1 -1 -1 -1 
106 16 348 108 64 163 -1 -1 -1 -1 
107 16 347 106 65 165 -1 -1 -1 -1 
108 16 347 105 65 167 -1 -1 -1 -1 
109 16 347 105 65 166 -1 -1 -1 -1 
110 16 347 105 65 166 -1 -1 -1 -1 
111 16 347 105 65 166 -1 -1 -1 -1 
112 16 347 106 65 165 -1 -1 -1 -1 
113 16 347 106 65 165 -1 -1 -1 -1 
114 16 347 106 65 165 -1 -1 -1 -1 
115 16 347 107 65 164 -1 -1 -1 -1 
116 16 347 107 65 164 -1 -1 -1 -1 
117 16 347 107 65 165 -1 -1 -1 -1 
118 16 347 107 64 164 -1 -1 -1 -1 
119 16 347 107 64 164 -1 -1 -1 -1 
120 16 347 107 64 164 -1 -1 -1 -1 
121 16 347 107 64 164 -1 -1 -1 -1 
122 16 347 106 64 165 -1 -1 -1 -1 
123 16 346 106 65 165 -1 -1 -1 -1 
124 16 346 106 64 164 -1 -1 -1 -1 
125 16 346 107 64 164 -1 -1 -1 -1 
126 16 345 108 64 162 -1 -1 -1 -1 
127 16 345 108 64 163 -1 -1 -1 -1 
128 16 345 109 64 161 -1 -1 -1 -1 
129 16 345 108 64 162 -1 -1 -1 -1 
130 16 345 108 64 162 -1 -1 -1 -1 
131 16 345 108 64 162 -1 -1 -1 -1 
132 16 344 107 65 163 -1 -1 -1 -1 
133 16 344 106 65 164 -1 -1 -1 -1 
134 16 344 106 65 163 -1 -1 -1 -1 
135 16 344 106 65 163 -1 -1 -1 -1 
136 16 344 106 65 164 -1 -1 -1 -1 
137 16 344 107 65 163 -1 -1 -1 -1 
138 16 345 107 64 162 -1 -1 -1 -1 
139 16 344 106 65 164 -1 -1 -1 -1 
140 16 344 106 65 164 -1 -1 -1 -1 
141 16 343 106 66 165 -1 -1 -1 -1 
142 16 343 107 66 164 -1 -1 -1 -1 
143 16 342 106 67 165 -1 -1 -1 -1 
144 16 343 107 66 164 -1 -1 -1 -1 
145 16 344 107 65 163 -1 -1 -1 -1 
146 16 344 108 65 162 -1 -1 -1 -1 
147 16 344 109 65 161 -1 -1 -1 -1 
148 16 346 110 64 159 -1 -1 -1 -1 
149 16 347 111 63 158 -1 -1 -1 -1 
150 16 346 110 64 160 -1 -1 -1 -1 
151 16 344 106 66 164 -1 -1 -1 -1 
152 16 342 103 68 166 -1 -1 -1 -1 
153 16 342 103 67 166 -1 -1 -1 -1 
154 16 342 104 67 166 -1 -1 -1 -1 
155 16 342 104 67 166 -1 -1 -1 -1 
156 16 343 104 67 166 -1 -1 -1 -1 
157 16 345 107 66 163 -1 -1 -1 -1 
158 16 345 106 66 164 -1 -1 -1 -1 
159 16 344 107 66 163 -1 -1 -1 -1 
160 16 344 108 66 163 -1 -1 -1 -1 
161 16 344 108 66 163 -1 -1 -1 -1 
162 16 344 108 66 162 -1 -1 -1 -1 
163 16 345 108 64 161 -1 -1 -1 -1 
164 16 346 110 64 159 -1 -1 -1 -1 
165 16 347 110 64 159 -1 -1 -1 -1 
166 16 347 110 64 159 -1 -1 -1 -1 
167 16 347 110 65 159 -1 -1 -1 -1 
168 16 348 110 64 159 -1 -1 -1 -1 
169 16 348 109 65 160 -1 -1 -1 -1 
170 16 348 110 65 160 -1 -1 -1 -1 
171 16 348 110 65 160 -1 -1 -1 -1 
172 16 348 110 65 160 -1 -1 -1 -1 
173 16 348 109 65 161 -1 -1 -1 -1 
174 16 349 109 65 161 -1 -1 -1 -1 
175 16 349 109 65 160 -1 -1 -1 -1 
176 16 349 109 65 161 -1 -1 -1 -1 
177 16 349 109 65 161 -1 -1 -1 -1 
178 16 349 109 64 161 -1 -1 -1 -1 
179 16 349 109 65 161 -1 -1 -1 -1 
180 16 349 109 64 161 -1 -1 -1 -1 
181 16 349 109 64 161 -1 -1 -1 -1 
182 16 349 109 65 161 -1 -1 -1 -1 
183 16 348 108 65 162 -1 -1 -1 -1 
184 16 348 108 65 162 -1 -1 -1 -1 
185 16 348 108 65 161 -1 -1 -1 -1 
186 16 348 108 65 161 -1 -1 -1 -1 
187 16 348 108 64 161 -1 -1 -1 -1 
188 16 348 108 64 160 -1 -1 -1 -1 
189 16 349 109 64 160 -1 -1 -1 -1 
190 16 349 108 64 160 -1 -1 -1 -1 
191 16 348 108 65 161 -1 -1 -1 -1 
192 16 348 108 65 160 -1 -1 -1 -1 
193 16 348 108 65 160 -1 -1 -1 -1 
194 16 348 108 65 161 -1 -1 -1 -1 
195 16 348 109 65 160 -1 -1 -1 -1 
196 16 348 108 65 161 -1 -1 -1 -1 
197 16 348 108 65 161 -1 -1 -1 -1 
198 16 348 108 65 161 -1 -1 -1 -1 
199 16 348 108 65 161 -1 -1 -1 -1 
200 16 348 108 65 161 -1 -1 -1 -1 
201 16 348 108 64 161 -1 -1 -1 -1 
202 16 348 107 64 162 -1 -1 -1 -1 
203 16 347 108 65 162 -1 -1 -1 -1 
204 16 347 108 65 162 -1 -1 -1 -1 
205 16 347 108 64 162 -1 -1 -1 -1 
206 16 347 108 64 162 -1 -1 -1 -1 
207 16 346 109 65 161 -1 -1 -1 -1 
208 16 346 109 64 161 -1 -1 -1 -1 
209 16 346 109 65 161 -1 -1 -1 -1 
210 16 346 109 64 161 -1 -1 -1 -1 
211 16 347 109 64 161 -1 -1 -1 -1 
212 16 347 109 64 161 -1 -1 -1 -1 
213 16 348 109 64 161 -1 -1 -1 -1 
214 16 348 109 64 161 -1 -1 -1 -1 
215 16 348 109 64 161 -1 -1 -1 -1 
216 16 348 109 64 162 -1 -1 -1 -1 
217 16 347 109 64 162 -1 -1 -1 -1 
218 16 346 108 65 163 -1 -1 -1 -1 
219 16 345 107 66 164 -1 -1 -1 -1 
220 16 347 109 64 162 -1 -1 -1 -1 
221 16 348 111 63 161 -1 -1 -1 -1 
222 16 349 112 62 160 -1 -1 -1 -1 
223 16 349 112 62 159 -1 -1 -1 -1 
224 16 348 110 63 161 -1 -1 -1 -1 
225 16 348 110 64 161 -1 -1 -1 -1 
226 16 348 109 64 162 -1 -1 -1 -1 
227 16 348 109 63 162 -1 -1 -1 -1 
228 16 347 109 64 162 -1 -1 -1 -1 
229 16 347 109 64 163 -1 -1 -1 -1 
230 16 345 108 65 163 -1 -1 -1 -1 
231 16 346 109 64 162 -1 -1 -1 -1 
232 16 346 109 64 162 -1 -1 -1 -1 
233 16 346 110 64 161 -1 -1 -1 -1 
234 16 346 110 64 161 -1 -1 -1 -1 
235 16 346 110 64 161 -1 -1 -1 -1 
236 16 347 109 65 162 -1 -1 -1 -1 
237 16 347 109 65 161 -1 -1 -1 -1 
238 16 349 109 64 161 -1 -1 -1 -1 
239 16 349 110 64 159 -1 -1 -1 -1 
240 16 348 111 64 159 -1 -1 -1 -1 
241 16 348 112 63 158 -1 -1 -1 -1 
242 16 348 111 64 159 -1 -1 -1 -1 
243 16 349 111 65 159 -1 -1 -1 -1 
244 16 348 111 65 160 -1 -1 -1 -1 
245 16 350 113 64 157 -1 -1 -1 -1 
246 16 351 114 63 155 -1 -1 -1 -1 
247 16 350 113 64 156 -1 -1 -1 -1 
248 16 350 113 64 157 -1 -1 -1 -1 
249 16 349 112 66 159 -1 -1 -1 -1 
250 16 344 108 67 164 -1 -1 -1 -1 
251 16 343 108 67 164 -1 -1 -1 -1 
252 16 343 109 68 165 -1 -1 -1 -1 
253 16 344 111 67 165 -1 -1 -1 -1 
254 16 345 112 67 164 -1 -1 -1 -1 
255 16 346 112 66 163 -1 -1 -1 -1 
256 16 346 112 65 162 -1 -1 -1 -1 
257 16 346 113 65 162 -1 -1 -1 -1 
258 16 346 114 65 161 -1 -1 -1 -1 
259 16 345 115 65 161 -1 -1 -1 -1 
260 16 344 115 65 161 -1 -1 -1 -1 
261 16 343 115 66 161 -1 -1 -1 -1 
262 16 343 115 66 160 -1 -1 -1 -1 
263 16 343 116 65 160 -1 -1 -1 -1 
264 16 343 117 65 159 -1 -1 -1 -1 
265 16 345 118 64 158 -1 -1 -1 -1 
266 16 345 117 64 160 -1 -1 -1 -1 
267 16 345 116 65 161 -1 -1 -1 -1 
268 16 345 116 65 162 -1 -1 -1 -1 
269 16 345 116 65 161 -1 -1 -1 -1 
270 16 345 117 65 160 -1 -1 -1 -1 
271 16 345 117 64 160 -1 -1 -1 -1 
272 16 345 117 64 160 -1 -1 -1 -1 
273 16 344 117 64 160 -1 -1 -1 -1 
274 16 344 118 64 159 -1 -1 -1 -1 
275 16 345 118 63 159 -1 -1 -1 -1 
276 16 344 118 64 159 -1 -1 -1 -1 
277 16 344 119 64 158 -1 -1 -1 -1 
278 16 344 120 63 157 -1 -1 -1 -1 
279 16 344 121 63 155 -1 -1 -1 -1 
280 16 344 121 62 155 -1 -1 -1 -1 
281 16 344 121 62 155 -1 -1 -1 -1 
282 16 344 122 62 154 -1 -1 -1 -1 
283 16 344 122 61 153 -1 -1 -1 -1 
284 16 343 122 62 153 -1 -1 -1 -1 
285 16 343 121 62 154 -1 -1 -1 -1 
286 16 343 122 61 153 -1 -1 -1 -1 
287 16 343 121 61 154 -1 -1 -1 -1 
288 16 342 119 62 156 -1 -1 -1 -1 
289 16 342 119 63 156 -1 -1 -1 -1 
290 16 342 120 64 154 -1 -1 -1 -1 
291 16 342 120 62 154 -1 -1 -1 -1 
292 16 343 120 62 154 -1 -1 -1 -1 
293 16 343 120 63 154 -1 -1 -1 -1 
294 16 343 120 63 154 -1 -1 -1 -1 
295 16 344 120 63 155 -1 -1 -1 -1 
296 16 344 119 64 156 -1 -1 -1 -1 
297 16 344 119 64 157 -1 -1 -1 -1 
298 16 344 119 64 158 -1 -1 -1 -1 
299 16 345 119 63 158 -1 -1 -1 -1 
300 16 345 119 64 158 -1 -1 -1 -1 
301 16 345 119 64 159 -1 -1 -1 -1 
302 16 345 118 64 159 -1 -1 -1 -1 
303 16 345 117 64 161 -1 -1 -1 -1 
304 16 345 117 65 160 -1 -1 -1 -1 
305 16 346 117 64 160 -1 -1 -1 -1 
306 16 346 115 65 161 -1 -1 -1 -1 
307 16 347 115 64 161 -1 -1 -1 -1 
308 16 348 115 64 162 -1 -1 -1 -1 
309 16 348 115 65 162 -1 -1 -1 -1 
310 16 349 114 65 161 -1 -1 -1 -1 
311 16 349 113 65 161 -1 -1 -1 -1 
312 16 350 114 65 160 -1 -1 -1 -1 
313 16 350 113 64 161 -1 -1 -1 -1 
314 16 350 113 65 161 -1 -1 -1 -1 
315 16 350 113 64 161 -1 -1 -1 -1 
316 16 350 113 65 162 -1 -1 -1 -1 
317 16 351 112 65 162 -1 -1 -1 -1 
318 16 351 111 65 163 -1 -1 -1 -1 
319 16 351 110 65 164 -1 -1 -1 -1 
320 16 352 111 65 163 -1 -1 -1 -1 
321 16 353 112 65 162 -1 -1 -1 -1 
322 16 352 110 65 163 -1 -1 -1 -1 
323 16 352 110 66 164 -1 -1 -1 -1 
324 16 353 110 65 163 -1 -1 -1 -1 
325 16 353 109 65 164 -1 -1 -1 -1 
326 16 353 108 66 164 -1 -1 -1 -1 
327 16 354 106 65 165 -1 -1 -1 -1 
328 16 354 106 65 164 -1 -1 -1 -1 
329 16 353 104 66 165 -1 -1 -1 -1 
330 16 353 103 66 166 -1 -1 -1 -1 
331 16 353 103 66 167 -1 -1 -1 -1 
332 16 352 103 67 167 -1 -1 -1 -1 
333 16 352 103 67 167 -1 -1 -1 -1 
334 16 352 103 67 167 -1 -1 -1 -1 
335 16 353 103 66 167 -1 -1 -1 -1 
336 16 353 102 67 169 -1 -1 -1 -1 
337 16 352 102 68 169 -1 -1 -1 -1 
338 16 352 101 68 170 -1 -1 -1 -1 
339 16 352 102 68 170 -1 -1 -1 -1 
340 16 352 102 68 171 -1 -1 -1 -1 
341 16 352 103 69 171 -1 -1 -1 -1 
342 16 352 103 69 172 -1 -1 -1 -1 
343 16 353 103 69 172 -1 -1 -1 -1 
344 16 354 103 68 172 -1 -1 -1 -1 
345 16 354 104 68 171 -1 -1 -1 -1 
346 16 355 105 67 171 -1 -1 -1 -1 
347 16 355 105 68 174 -1 -1 -1 -1 
348 16 355 106 68 173 -1 -1 -1 -1 
349 16 355 106 69 174 -1 -1 -1 -1 
350 16 355 108 69 172 -1 -1 -1 -1 
351 16 356 112 67 166 -1 -1 -1 -1 
352 16 357 113 65 164 -1 -1 -1 -1 
353 16 357 113 65 164 -1 -1 -1 -1 
354 16 356 113 66 164 -1 -1 -1 -1 
355 16 356 112 66 165 -1 -1 -1 -1 
356 16 357 112 65 165 -1 -1 -1 -1 
357 16 357 112 65 165 -1 -1 -1 -1 
358 16 357 113 64 163 -1 -1 -1 -1 
359 16 357 114 64 162 -1 -1 -1 -1 
360 16 357 115 64 162 -1 -1 -1 -1 
361 16 356 113 65 164 -1 -1 -1 -1 
362 16 355 112 65 164 -1 -1 -1 -1 
363 16 354 112 66 164 -1 -1 -1 -1 
364 16 354 112 65 165 -1 -1 -1 -1 
365 16 353 111 66 165 -1 -1 -1 -1 
366 16 354 111 65 165 -1 -1 -1 -1 
367 16 354 112 65 164 -1 -1 -1 -1 
368 16 354 113 65 163 -1 -1 -1 -1 
369 16 352 111 66 165 -1 -1 -1 -1 
370 16 350 109 67 167 -1 -1 -1 -1 
371 16 350 108 68 168 -1 -1 -1 -1 
372 16 350 108 68 168 -1 -1 -1 -1 
373 16 351 110 66 166 -1 -1 -1 -1 
374 16 351 111 66 165 -1 -1 -1 -1 
375 16 352 111 66 165 -1 -1 -1 -1 
376 16 350 108 68 168 -1 -1 -1 -1 
377 16 350 107 68 169 -1 -1 -1 -1 
378 16 349 104 69 172 -1 -1 -1 -1 
379 16 347 101 70 175 -1 -1 -1 -1 
380 16 347 100 71 176 -1 -1 -1 -1 
381 16 347 100 70 176 -1 -1 -1 -1 
382 16 347 101 70 174 -1 -1 -1 -1 
383 16 349 103 69 172 -1 -1 -1 -1 
384 16 350 105 68 170 -1 -1 -1 -1 
385 16 348 105 69 170 -1 -1 -1 -1 
386 16 349 106 68 169 -1 -1 -1 -1 
387 16 349 106 68 169 -1 -1 -1 -1 
388 16 349 107 68 169 -1 -1 -1 -1 
389 16 348 107 68 169 -1 -1 -1 -1 
390 16 347 107 68 169 -1 -1 -1 -1 
391 16 347 106 68 170 -1 -1 -1 -1 
392 16 347 107 68 169 -1 -1 -1 -1 
393 16 348 109 67 167 -1 -1 -1 -1 
394 16 349 110 66 166 -1 -1 -1 -1 
395 16 349 110 66 166 -1 -1 -1 -1 
396 16 348 110 67 165 -1 -1 -1 -1 
397 16 348 110 66 165 -1 -1 -1 -1 
398 16 348 110 67 165 -1 -1 -1 -1 
399 16 347 109 68 167 -1 -1 -1 -1 
400 16 347 107 68 168 -1 -1 -1 -1 
401 16 348 108 68 168 -1 -1 -1 -1 
402 16 349 108 68 167 -1 -1 -1 -1 
403 16 348 107 68 169 -1 -1 -1 -1 
404 16 348 107 68 169 -1 -1 -1 -1 
405 16 347 105 69 170 -1 -1 -1 -1 
406 16 347 106 69 170 -1 -1 -1 -1 
407 16 347 106 69 170 -1 -1 -1 -1 
408 16 349 107 68 169 -1 -1 -1 -1 
409 16 349 109 68 167 -1 -1 -1 -1 
410 16 350 110 68 166 -1 -1 -1 -1 
411 16 350 109 67 167 -1 -1 -1 -1 
412 16 351 112 66 164 -1 -1 -1 -1 
413 16 351 114 67 162 -1 -1 -1 -1 
414 16 352 113 66 163 -1 -1 -1 -1 
415 16 351 113 67 163 -1 -1 -1 -1 
416 16 352 113 66 162 -1 -1 -1 -1 
417 16 353 113 66 162 -1 -1 -1 -1 
418 16 353 114 65 161 -1 -1 -1 -1 
419 16 353 115 65 161 -1 -1 -1 -1 
420 16 353 114 65 161 -1 -1 -1 -1 
421 16 354 115 64 159 -1 -1 -1 -1 
422 16 354 115 64 159 -1 -1 -1 -1 
423 16 354 115 64 159 -1 -1 -1 -1 
424 16 354 114 64 160 -1 -1 -1 -1 
425 16 353 113 64 161 -1 -1 -1 -1 
426 16 353 112 64 162 -1 -1 -1 -1 
427 16 353 112 65 161 -1 -1 -1 -1 
428 16 352 110 65 163 -1 -1 -1 -1 
429 16 353 111 64 162 -1 -1 -1 -1 
430 16 352 110 65 163 -1 -1 -1 -1 
431 16 350 107 66 166 -1 -1 -1 -1 
432 16 349 106 67 167 -1 -1 -1 -1 
433 16 350 105 66 168 -1 -1 -1 -1 
434 16 350 106 66 167 -1 -1 -1 -1 
435 16 349 104 66 169 -1 -1 -1 -1 
436 16 348 102 68 171 -1 -1 -1 -1 
437 16 348 101 68 172 -1 -1 -1 -1 
438 16 349 103 68 170 -1 -1 -1 -1 
439 16 350 104 67 169 -1 -1 -1 -1 
440 16 351 108 67 166 -1 -1 -1 -1 
441 16 351 109 67 164 -1 -1 -1 -1 
442 16 353 111 65 162 -1 -1 -1 -1 
443 16 353 112 65 161 -1 -1 -1 -1 
444 16 353 113 64 160 -1 -1 -1 -1 
445 16 353 113 64 160 -1 -1 -1 -1 
446 16 353 112 64 161 -1 -1 -1 -1 
447 16 353 113 64 160 -1 -1 -1 -1 
448 16 354 112 63 160 -1 -1 -1 -1 
449 16 352 111 65 161 -1 -1 -1 -1 
450 16 353 112 64 160 -1 -1 -1 -1 
451 16 353 113 64 159 -1 -1 -1 -1 
452 16 355 115 62 157 -1 -1 -1 -1 
453 16 355 114 63 158 -1 -1 -1 -1 
454 16 355 112 63 160 -1 -1 -1 -1 
455 16 355 114 63 158 -1 -1 -1 -1 
456 16 355 113 63 160 -1 -1 -1 -1 
457 16 356 115 62 158 -1 -1 -1 -1 
458 16 356 113 63 159 -1 -1 -1 -1 
459 16 356 116 62 157 -1 -1 -1 -1 
460 16 356 114 62 159 -1 -1 -1 -1 
461 16 355 112 63 160 -1 -1 -1 -1 
462 16 356 112 62 160 -1 -1 -1 -1 
463 16 355 112 63 160 -1 -1 -1 -1 
464 16 356 113 62 159 -1 -1 -1 -1 
465 16 356 113 62 159 -1 -1 -1 -1 
466 16 356 114 62 159 -1 -1 -1 -1 
467 16 355 112 64 160 -1 -1 -1 -1 
468 16 355 111 64 161 -1 -1 -1 -1 
469 16 356 113 64 160 -1 -1 -1 -1 
470 16 356 113 64 160 -1 -1 -1 -1 
471 16 356 113 65 160 -1 -1 -1 -1 
472 16 355 109 66 163 -1 -1 -1 -1 
473 16 354 106 67 165 -1 -1 -1 -1 
474 16 354 106 67 164 -1 -1 -1 -1 
475 16 355 110 65 161 -1 -1 -1 -1 
476 16 355 106 66 164 -1 -1 -1 -1 
477 16 355 106 66 164 -1 -1 -1 -1 
478 16 355 104 66 166 -1 -1 -1 -1 
479 16 355 105 66 166 -1 -1 -1 -1 
480 16 355 107 65 164 -1 -1 -1 -1 
481 16 354 101 67 170 -1 -1 -1 -1 
482 16 354 100 68 170 -1 -1 -1 -1 
483 16 354 98 68 172 -1 -1 -1 -1 
484 16 353 96 70 175 -1 -1 -1 -1 
485 16 354 97 69 174 -1 -1 -1 -1 
486 16 354 96 70 176 -1 -1 -1 -1 
487 16 354 96 70 176 -1 -1 -1 -1 
488 16 354 95 71 177 -1 -1 -1 -1 
489 16 354 97 70 175 -1 -1 -1 -1 
490 16 354 100 69 173 -1 -1 -1 -1 
491 16 354 102 69 171 -1 -1 -1 -1 
492 16 354 101 69 172 -1 -1 -1 -1 
493 16 354 98 70 174 -1 -1 -1 -1 
494 16 354 96 71 175 -1 -1 -1 -1 
495 16 354 97 71 174 -1 -1 -1 -1 
496 16 354 96 71 174 -1 -1 -1 -1 
497 16 354 95 71 175 -1 -1 -1 -1 
498 16 354 95 70 175 -1 -1 -1 -1 
499 16 354 95 70 175 -1 -1 -1 -1 
500 16 354 95 70 175 -1 -1 -1 -1 
501 16 354 95 70 175 -1 -1 -1 -1 
502 16 354 97 70 174 -1 -1 -1 -1 
503 16 354 95 70 175 -1 -1 -1 -1 
504 16 354 96 69 174 -1 -1 -1 -1 
505 16 354 96 69 174 -1 -1 -1 -1 
506 16 354 95 70 175 -1 -1 -1 -1 
507 16 354 95 71 175 -1 -1 -1 -1 
508 16 355 100 69 173 -1 -1 -1 -1 
509 16 355 101 68 173 -1 -1 -1 -1 
510 16 354 101 68 174 -1 -1 -1 -1 
511 16 354 102 68 173 -1 -1 -1 -1 
512 16 353 102 68 172 -1 -1 -1 -1 
513 16 351 99 69 172 -1 -1 -1 -1 
514 16 351 97 68 171 -1 -1 -1 -1 
515 16 350 94 69 171 -1 -1 -1 -1 
516 16 347 92 70 174 -1 -1 -1 -1 
517 16 343 96 73 184 -1 -1 -1 -1 
518 16 340 98 78 196 -1 -1 -1 -1 
519 16 338 103 81 205 -1 -1 -1 -1 
520 16 338 115 78 198 -1 -1 -1 -1 
521 16 337 106 81 206 -1 -1 -1 -1 
522 16 338 105 81 209 -1 -1 -1 -1 
523 16 338 100 82 215 -1 -1 -1 -1 
524 16 340 97 80 214 -1 -1 -1 -1 
525 16 342 99 77 213 -1 -1 -1 -1 
526 16 343 112 76 204 -1 -1 -1 -1 
527 16 342 103 81 214 -1 -1 -1 -1 
528 16 343 98 80 215 -1 -1 -1 -1 
529 16 346 103 75 209 -1 -1 -1 -1 
530 16 346 99 75 204 -1 -1 -1 -1 
531 16 346 98 75 202 -1 -1 -1 -1 
532 16 348 95 67 177 -1 -1 -1 -1 
533 16 349 97 65 167 -1 -1 -1 -1 
534 16 349 101 64 165 -1 -1 -1 -1 
535 16 349 104 63 162 -1 -1 -1 -1 
536 16 348 103 65 165 -1 -1 -1 -1 
537 16 347 100 67 171 -1 -1 -1 -1 
538 16 347 99 69 173 -1 -1 -1 -1 
539 16 347 98 70 176 -1 -1 -1 -1 
540 16 347 97 71 178 -1 -1 -1 -1 
541 16 347 96 71 179 -1 -1 -1 -1 
542 16 346 96 72 179 -1 -1 -1 -1 
543 16 347 96 71 179 -1 -1 -1 -1 
544 16 348 98 70 178 -1 -1 -1 -1 
545 16 350 101 69 175 -1 -1 -1 -1 
546 16 350 97 71 179 -1 -1 -1 -1 
547 16 350 92 73 181 -1 -1 -1 -1 
548 16 352 97 72 179 -1 -1 -1 -1 
549 16 353 93 67 165 -1 -1 -1 -1 
550 16 355 93 63 158 -1 -1 -1 -1 
551 16 357 97 60 150 -1 -1 -1 -1 
552 16 358 98 60 148 -1 -1 -1 -1 
553 16 357 98 60 148 -1 -1 -1 -1 
554 16 356 95 61 152 -1 -1 -1 -1 
555 16 356 96 61 152 -1 -1 -1 -1 
556 16 356 99 60 148 -1 -1 -1 -1 
557 16 358 102 59 146 -1 -1 -1 -1 
558 16 358 106 58 143 -1 -1 -1 -1 
559 16 358 106 58 142 -1 -1 -1 -1 
560 16 357 102 58 147 -1 -1 -1 -1 
561 16 355 99 61 150 -1 -1 -1 -1 
562 16 356 97 61 152 -1 -1 -1 -1 
563 16 355 97 61 153 -1 -1 -1 -1 
564 16 355 99 60 152 -1 -1 -1 -1 
565 16 355 101 60 151 -1 -1 -1 -1 
566 16 355 101 61 152 -1 -1 -1 -1 
567 16 355 101 60 151 -1 -1 -1 -1 
568 16 354 99 62 155 -1 -1 -1 -1 
569 16 353 97 63 157 -1 -1 -1 -1 
570 16 353 97 63 158 -1 -1 -1 -1 
571 16 352 95 64 161 -1 -1 -1 -1 
572 16 352 94 65 164 -1 -1 -1 -1 
573 16 352 93 64 163 -1 -1 -1 -1 
574 16 352 92 66 164 -1 -1 -1 -1 
575 16 352 93 65 165 -1 -1 -1 -1 
576 16 351 97 65 163 -1 -1 -1 -1 
577 16 350 97 65 164 -1 -1 -1 -1 
578 16 349 96 65 164 -1 -1 -1 -1 
579 16 347 94 65 161 -1 -1 -1 -1 
580 16 346 93 65 161 -1 -1 -1 -1 
581 16 347 93 66 167 -1 -1 -1 -1 
582 16 347 92 66 166 -1 -1 -1 -1 
583 16 345 91 67 166 -1 -1 -1 -1 
584 16 345 90 66 164 -1 -1 -1 -1 
585 16 345 90 66 164 -1 -1 -1 -1 
586 16 345 90 66 163 -1 -1 -1 -1 
587 16 347 93 65 161 -1 -1 -1 -1 
588 16 348 93 64 160 -1 -1 -1 -1 
589 16 348 95 64 160 -1 -1 -1 -1 
590 16 353 108 61 153 -1 -1 -1 -1 
591 16 355 114 60 150 -1 -1 -1 -1 
592 16 354 115 61 152 -1 -1 -1 -1 
593 16 352 110 63 158 -1 -1 -1 -1 
594 16 351 106 64 165 -1 -1 -1 -1 
595 16 350 105 65 167 -1 -1 -1 -1 
596 16 350 105 65 168 -1 -1 -1 -1 
597 16 350 106 65 169 -1 -1 -1 -1 
598 16 351 108 64 167 -1 -1 -1 -1 
599 16 351 112 66 167 -1 -1 -1 -1 
600 16 351 111 65 163 -1 -1 -1 -1 
601 16 353 115 65 160 -1 -1 -1 -1 
602 16 354 114 65 162 -1 -1 -1 -1 
603 16 354 115 66 163 -1 -1 -1 -1 
604 16 353 115 67 165 -1 -1 -1 -1 
605 16 354 117 66 164 -1 -1 -1 -1 
606 16 353 116 66 165 -1 -1 -1 -1 
607 16 352 114 67 166 -1 -1 -1 -1 
608 16 351 112 67 167 -1 -1 -1 -1 
609 16 351 111 66 164 -1 -1 -1 -1 
610 16 351 109 66 167 -1 -1 -1 -1 
611 16 351 110 67 168 -1 -1 -1 -1 
612 16 351 112 66 166 -1 -1 -1 -1 
613 16 353 114 64 163 -1 -1 -1 -1 
614 16 352 115 65 162 -1 -1 -1 -1 
615 16 354 115 63 160 -1 -1 -1 -1 
616 16 353 114 64 161 -1 -1 -1 -1 
617 16 353 115 64 159 -1 -1 -1 -1 
618 16 354 113 63 162 -1 -1 -1 -1 
619 16 354 113 63 162 -1 -1 -1 -1 
620 16 353 111 65 164 -1 -1 -1 -1 
621 16 354 111 64 163 -1 -1 -1 -1 
622 16 355 112 63 161 -1 -1 -1 -1 
623 16 355 111 63 162 -1 -1 -1 -1 
624 16 355 111 63 162 -1 -1 -1 -1 
625 16 354 112 64 161 -1 -1 -1 -1 
626 16 355 110 62 163 -1 -1 -1 -1 
627 16 353 109 65 164 -1 -1 -1 -1 
628 16 354 109 64 164 -1 -1 -1 -1 
629 16 354 109 63 164 -1 -1 -1 -1 
630 16 353 109 64 163 -1 -1 -1 -1 
631 16 352 107 64 166 -1 -1 -1 -1 
632 16 350 106 66 167 -1 -1 -1 -1 
633 16 349 104 67 170 -1 -1 -1 -1 
634 16 348 102 68 173 -1 -1 -1 -1 
635 16 345 99 70 174 -1 -1 -1 -1 
636 16 346 100 69 173 -1 -1 -1 -1 
637 16 348 101 69 173 -1 -1 -1 -1 
638 16 348 100 68 174 -1 -1 -1 -1 
639 16 345 96 70 177 -1 -1 -1 -1 
640 16 343 94 72 179 -1 -1 -1 -1 
641 16 343 93 72 181 -1 -1 -1 -1 
642 16 343 93 72 181 -1 -1 -1 -1 
643 16 345 96 71 178 -1 -1 -1 -1 
644 16 346 95 71 179 -1 -1 -1 -1 
645 16 347 95 70 178 -1 -1 -1 -1 
646 16 346 95 71 179 -1 -1 -1 -1 
647 16 348 96 70 178 -1 -1 -1 -1 
648 16 348 96 70 176 -1 -1 -1 -1 
649 16 349 97 69 174 -1 -1 -1 -1 
650 16 348 98 69 174 -1 -1 -1 -1 
651 16 348 100 69 173 -1 -1 -1 -1 
652 16 348 100 68 173 -1 -1 -1 -1 
653 16 348 101 68 173 -1 -1 -1 -1 
654 16 348 102 68 172 -1 -1 -1 -1 
655 16 348 102 68 171 -1 -1 -1 -1 
656 16 349 104 67 170 -1 -1 -1 -1 
657 16 350 105 66 168 -1 -1 -1 -1 
658 16 351 109 65 164 -1 -1 -1 -1 
659 16 352 112 64 161 -1 -1 -1 -1 
660 16 352 110 64 163 -1 -1 -1 -1 
661 16 352 112 64 160 -1 -1 -1 -1 
662 16 353 114 62 158 -1 -1 -1 -1 
663 16 353 116 62 156 -1 -1 -1 -1 
664 16 352 115 63 157 -1 -1 -1 -1 
665 16 352 114 63 158 -1 -1 -1 -1 
666 16 352 114 63 158 -1 -1 -1 -1 
667 16 352 114 63 158 -1 -1 -1 -1 
668 16 353 115 62 157 -1 -1 -1 -1 
669 16 353 115 62 158 -1 -1 -1 -1 
670 16 354 116 61 157 -1 -1 -1 -1 
671 16 354 115 62 158 -1 -1 -1 -1 
672 16 353 113 63 159 -1 -1 -1 -1 
673 16 353 112 63 160 -1 -1 -1 -1 
674 16 352 110 64 162 -1 -1 -1 -1 
675 16 352 110 65 163 -1 -1 -1 -1 
676 16 352 110 64 162 -1 -1 -1 -1 
677 16 351 109 65 164 -1 -1 -1 -1 
678 16 352 110 64 163 -1 -1 -1 -1 
679 16 351 111 65 162 -1 -1 -1 -1 
680 16 352 112 64 161 -1 -1 -1 -1 
681 16 352 113 63 160 -1 -1 -1 -1 
682 16 353 115 62 158 -1 -1 -1 -1 
683 16 353 116 62 157 -1 -1 -1 -1 
684 16 352 117 63 156 -1 -1 -1 -1 
685 16 353 117 61 156 -1 -1 -1 -1 
686 16 353 118 62 156 -1 -1 -1 -1 
687 16 354 121 61 151 -1 -1 -1 -1 
688 16 354 121 60 151 -1 -1 -1 -1 
689 16 352 116 61 156 -1 -1 -1 -1 
690 16 353 118 61 154 -1 -1 -1 -1 
691 16 353 118 62 154 -1 -1 -1 -1 
692 16 353 117 61 155 -1 -1 -1 -1 
693 16 352 115 62 157 -1 -1 -1 -1 
694 16 353 115 62 156 -1 -1 -1 -1 
695 16 353 112 62 158 -1 -1 -1 -1 
696 16 353 112 62 158 -1 -1 -1 -1 
697 16 353 114 62 156 -1 -1 -1 -1 
698 16 354 115 61 155 -1 -1 -1 -1 
699 16 355 118 60 152 -1 -1 -1 -1 
700 16 356 119 59 151 -1 -1 -1 -1 
701 16 352 113 62 158 -1 -1 -1 -1 
702 16 354 116 61 155 -1 -1 -1 -1 
703 16 351 111 62 158 -1 -1 -1 -1 
704 16 354 114 61 156 -1 -1 -1 -1 
705 16 355 114 62 156 -1 -1 -1 -1 
706 16 355 114 62 156 -1 -1 -1 -1 
707 16 355 114 62 157 -1 -1 -1 -1 
708 16 355 114 62 157 -1 -1 -1 -1 
709 16 354 115 62 156 -1 -1 -1 -1 
710 16 355 115 62 156 -1 -1 -1 -1 
711 16 356 115 61 155 -1 -1 -1 -1 
712 16 356 114 62 156 -1 -1 -1 -1 
713 16 356 114 62 155 -1 -1 -1 -1 
714 16 356 113 62 156 -1 -1 -1 -1 
715 16 356 113 62 156 -1 -1 -1 -1 
716 16 355 113 62 156 -1 -1 -1 -1 
717 16 355 110 63 159 -1 -1 -1 -1 
718 16 353 106 64 163 -1 -1 -1 -1 
719 16 352 107 65 162 -1 -1 -1 -1 
720 16 352 107 65 162 -1 -1 -1 -1 
721 16 354 111 65 159 -1 -1 -1 -1 
722 16 354 110 65 161 -1 -1 -1 -1 
723 16 354 111 66 160 -1 -1 -1 -1 
724 16 354 111 65 160 -1 -1 -1 -1 
725 16 346 102 69 166 -1 -1 -1 -1 
726 16 351 105 66 163 -1 -1 -1 -1 
727 16 352 103 64 164 -1 -1 -1 -1 
728 16 354 107 63 161 -1 -1 -1 -1 
729 16 353 108 64 161 -1 -1 -1 -1 
730 16 348 102 64 165 -1 -1 -1 -1 
731 16 351 107 64 162 -1 -1 -1 -1 
732 16 352 110 63 161 -1 -1 -1 -1 
733 16 352 114 63 158 -1 -1 -1 -1 
734 16 356 117 59 155 -1 -1 -1 -1 
735 16 354 114 61 157 -1 -1 -1 -1 
736 16 355 116 60 157 -1 -1 -1 -1 
737 16 354 114 61 157 -1 -1 -1 -1 
738 16 352 111 62 160 -1 -1 -1 -1 
739 16 351 110 63 161 -1 -1 -1 -1 
740 16 352 110 62 160 -1 -1 -1 -1 
741 16 353 116 61 156 -1 -1 -1 -1 
742 16 353 118 60 154 -1 -1 -1 -1 
743 16 354 119 60 152 -1 -1 -1 -1 
744 16 355 120 58 149 -1 -1 -1 -1 
745 16 356 120 57 149 -1 -1 -1 -1 
746 16 356 121 57 148 -1 -1 -1 -1 
747 16 356 123 58 145 -1 -1 -1 -1 
748 16 354 122 61 149 -1 -1 -1 -1 
749 16 354 120 62 154 -1 -1 -1 -1 
750 16 354 118 62 158 -1 -1 -1 -1 
751 16 353 117 63 161 -1 -1 -1 -1 
752 16 355 114 64 164 -1 -1 -1 -1 
753 16 355 116 63 161 -1 -1 -1 -1 
754 16 354 116 64 162 -1 -1 -1 -1 
755 16 354 115 64 161 -1 -1 -1 -1 
756 16 355 112 63 162 -1 -1 -1 -1 
757 16 354 112 63 161 -1 -1 -1 -1 
758 16 353 111 63 161 -1 -1 -1 -1 
759 16 351 109 63 162 -1 -1 -1 -1 
760 16 348 107 65 163 -1 -1 -1 -1 
761 16 347 107 64 164 -1 -1 -1 -1 
762 16 345 106 64 165 -1 -1 -1 -1 
763 16 347 109 64 165 -1 -1 -1 -1 
764 16 345 106 66 167 -1 -1 -1 -1 
765 16 344 105 66 164 -1 -1 -1 -1 
766 16 343 105 68 169 -1 -1 -1 -1 
767 16 344 107 67 169 -1 -1 -1 -1 
768 16 342 106 68 172 -1 -1 -1 -1 
769 16 343 108 69 173 -1 -1 -1 -1 
770 16 343 110 70 174 -1 -1 -1 -1 
771 16 344 109 67 169 -1 -1 -1 -1 
772 16 346 110 65 168 -1 -1 -1 -1 
773 16 346 110 65 164 -1 -1 -1 -1 
774 16 346 109 65 165 -1 -1 -1 -1 
775 16 346 110 65 166 -1 -1 -1 -1 
776 16 346 110 65 165 -1 -1 -1 -1 
777 16 348 111 64 164 -1 -1 -1 -1 
778 16 349 111 63 163 -1 -1 -1 -1 
779 16 348 111 65 167 -1 -1 -1 -1 
780 16 349 111 66 168 -1 -1 -1 -1 
781 16 351 112 65 165 -1 -1 -1 -1 
782 16 352 112 64 162 -1 -1 -1 -1 
783 16 352 112 63 160 -1 -1 -1 -1 
784 16 352 113 64 159 -1 -1 -1 -1 
785 16 352 113 64 160 -1 -1 -1 -1 
786 16 352 113 64 160 -1 -1 -1 -1 
787 16 352 113 65 160 -1 -1 -1 -1 
788 16 352 113 65 158 -1 -1 -1 -1 
789 16 353 113 64 158 -1 -1 -1 -1 
790 16 353 112 64 159 -1 -1 -1 -1 
791 16 353 112 64 159 -1 -1 -1 -1 
792 16 353 112 65 159 -1 -1 -1 -1 
793 16 353 112 65 159 -1 -1 -1 -1 
794 16 353 112 65 160 -1 -1 -1 -1 
795 16 353 112 65 160 -1 -1 -1 -1 
796 16 354 113 64 159 -1 -1 -1 -1 
797 16 354 113 64 158 -1 -1 -1 -1 
798 16 354 112 64 159 -1 -1 -1 -1 
799 16 355 112 63 157 -1 -1 -1 -1 
800 16 355 112 62 155 -1 -1 -1 -1 
801 16 356 111 61 155 -1 -1 -1 -1 
802 16 357 111 61 152 -1 -1 -1 -1 
803 16 357 110 61 152 -1 -1 -1 -1 
804 16 357 110 61 153 -1 -1 -1 -1 
805 16 357 111 61 151 -1 -1 -1 -1 
806 16 358 111 60 150 -1 -1 -1 -1 
807 16 358 111 60 148 -1 -1 -1 -1 
808 16 358 111 59 147 -1 -1 -1 -1 
809 16 358 111 60 148 -1 -1 -1 -1 
810 16 358 110 60 149 -1 -1 -1 -1 
811 16 358 110 60 149 -1 -1 -1 -1 
812 16 358 110 60 149 -1 -1 -1 -1 
813 16 358 111 60 149 -1 -1 -1 -1 
814 16 358 110 60 150 -1 -1 -1 -1 
815 16 358 110 60 150 -1 -1 -1 -1 
816 16 358 110 60 151 -1 -1 -1 -1 
817 16 358 110 60 151 -1 -1 -1 -1 
818 16 358 111 60 152 -1 -1 -1 -1 
819 16 358 111 61 153 -1 -1 -1 -1 
820 16 358 111 61 153 -1 -1 -1 -1 
821 16 358 111 60 151 -1 -1 -1 -1 
822 16 358 111 60 150 -1 -1 -1 -1 
823 16 358 111 60 150 -1 -1 -1 -1 
824 16 358 111 60 152 -1 -1 -1 -1 
825 16 357 111 61 154 -1 -1 -1 -1 
826 16 357 112 61 155 -1 -1 -1 -1 
827 16 357 112 61 155 -1 -1 -1 -1 
828 16 357 112 60 152 -1 -1 -1 -1 
829 16 356 111 61 153 -1 -1 -1 -1 
830 16 357 111 61 158 -1 -1 -1 -1 
831 16 356 111 62 159 -1 -1 -1 -1 
832 16 357 112 60 154 -1 -1 -1 -1 
833 16 357 111 60 154 -1 -1 -1 -1 
834 16 358 111 59 150 -1 -1 -1 -1 
835 16 357 110 60 152 -1 -1 -1 -1 
836 16 358 110 59 152 -1 -1 -1 -1 
837 16 358 111 59 150 -1 -1 -1 -1 
838 16 358 111 59 151 -1 -1 -1 -1 
839 16 357 111 60 152 -1 -1 -1 -1 
864 16 362 58 58 145 -1 -1 -1 -1 
865 16 363 57 57 145 -1 -1 -1 -1 
866 16 364 57 56 144 -1 -1 -1 -1 
867 16 365 55 59 147 -1 -1 -1 -1 
868 16 366 55 59 148 -1 -1 -1 -1 
869 16 366 56 60 149 -1 -1 -1 -1 
870 16 368 56 61 151 -1 -1 -1 -1 
871 16 370 56 61 153 -1 -1 -1 -1 
872 16 371 55 64 161 -1 -1 -1 -1 
873 16 372 55 64 162 -1 -1 -1 -1 
874 16 373 57 64 161 -1 -1 -1 -1 
875 16 374 58 64 161 -1 -1 -1 -1 
876 16 375 59 64 162 -1 -1 -1 -1 
877 16 375 60 65 164 -1 -1 -1 -1 
878 16 378 59 63 160 -1 -1 -1 -1 
879 16 381 59 62 158 -1 -1 -1 -1 
880 16 385 59 58 147 -1 -1 -1 -1 
881 16 388 60 58 151 -1 -1 -1 -1 
882 16 390 59 58 145 -1 -1 -1 -1 
883 16 392 60 58 140 -1 -1 -1 -1 
884 16 394 61 57 138 -1 -1 -1 -1 
885 16 396 61 56 136 -1 -1 -1 -1 
886 16 398 62 54 134 -1 -1 -1 -1 
887 16 401 63 54 134 -1 -1 -1 -1 
888 16 405 63 55 135 -1 -1 -1 -1 
889 16 405 64 56 136 -1 -1 -1 -1 
890 16 406 63 57 140 -1 -1 -1 -1 
891 16 407 63 58 143 -1 -1 -1 -1 
892 16 408 63 58 143 -1 -1 -1 -1 
893 16 410 63 57 142 -1 -1 -1 -1 
894 16 412 63 57 142 -1 -1 -1 -1 
895 16 413 62 59 148 -1 -1 -1 -1 
896 16 411 62 61 151 -1 -1 -1 -1 
897 16 411 63 62 154 -1 -1 -1 -1 
898 16 410 62 64 158 -1 -1 -1 -1 
899 16 411 62 63 157 -1 -1 -1 -1 
900 16 412 62 62 156 -1 -1 -1 -1 
901 16 413 63 60 150 -1 -1 -1 -1 
902 16 414 63 59 150 -1 -1 -1 -1 
903 16 414 65 59 149 -1 -1 -1 -1 
904 16 415 65 59 151 -1 -1 -1 -1 
905 16 414 65 61 154 -1 -1 -1 -1 
906 16 415 64 61 157 -1 -1 -1 -1 
907 16 415 63 62 159 -1 -1 -1 -1 
908 16 415 63 62 159 -1 -1 -1 -1 
909 16 413 64 64 163 -1 -1 -1 -1 
910 16 413 64 66 166 -1 -1 -1 -1 
911 16 414 65 66 166 -1 -1 -1 -1 
912 16 415 64 65 164 -1 -1 -1 -1 
913 16 416 65 63 161 -1 -1 -1 -1 
914 16 416 65 64 162 -1 -1 -1 -1 
915 16 416 66 64 163 -1 -1 -1 -1 
916 16 418 65 63 162 -1 -1 -1 -1 
917 16 419 68 63 162 -1 -1 -1 -1 
918 16 419 68 64 162 -1 -1 -1 -1 
919 16 420 68 63 161 -1 -1 -1 -1 
920 16 421 68 63 161 -1 -1 -1 -1 
921 16 420 68 65 162 -1 -1 -1 -1 
922 16 420 69 65 162 -1 -1 -1 -1 
923 16 420 69 64 160 -1 -1 -1 -1 
924 16 420 69 64 159 -1 -1 -1 -1 
925 16 421 70 64 158 -1 -1 -1 -1 
926 16 420 69 64 161 -1 -1 -1 -1 
927 16 421 70 63 159 -1 -1 -1 -1 
928 16 422 70 63 158 -1 -1 -1 -1 
929 16 421 68 63 159 -1 -1 -1 -1 
930 16 421 68 63 158 -1 -1 -1 -1 
931 16 423 69 62 156 -1 -1 -1 -1 
932 16 424 69 62 155 -1 -1 -1 -1 
933 16 425 69 62 155 -1 -1 -1 -1 
934 16 426 68 63 157 -1 -1 -1 -1 
935 16 427 68 63 158 -1 -1 -1 -1 
936 16 428 70 64 158 -1 -1 -1 -1 
937 16 430 71 63 158 -1 -1 -1 -1 
938 16 430 71 64 159 -1 -1 -1 -1 
939 16 431 71 64 160 -1 -1 -1 -1 
940 16 431 70 65 162 -1 -1 -1 -1 
941 16 430 70 66 164 -1 -1 -1 -1 
942 16 430 71 66 166 -1 -1 -1 -1 
943 16 430 71 66 165 -1 -1 -1 -1 
944 16 431 72 65 165 -1 -1 -1 -1 
945 16 431 73 65 164 -1 -1 -1 -1 
946 16 433 74 64 163 -1 -1 -1 -1 
947 16 433 74 65 165 -1 -1 -1 -1 
948 16 433 72 65 164 -1 -1 -1 -1 
949 16 434 73 64 161 -1 -1 -1 -1 
950 16 435 73 63 159 -1 -1 -1 -1 
951 16 436 75 62 156 -1 -1 -1 -1 
952 16 436 77 63 154 -1 -1 -1 -1 
953 16 437 77 63 153 -1 -1 -1 -1 
954 16 440 78 61 150 -1 -1 -1 -1 
955 16 440 78 61 151 -1 -1 -1 -1 
956 16 442 79 59 152 -1 -1 -1 -1 
957 16 443 79 58 153 -1 -1 -1 -1 
958 16 444 78 58 153 -1 -1 -1 -1 
959 16 445 77 59 154 -1 -1 -1 -1 
960 16 446 77 59 154 -1 -1 -1 -1 
961 16 445 72 62 158 -1 -1 -1 -1 
962 16 446 70 63 160 -1 -1 -1 -1 
963 16 445 68 64 162 -1 -1 -1 -1 
964 16 446 68 64 163 -1 -1 -1 -1 
965 16 447 68 65 163 -1 -1 -1 -1 
966 16 447 67 65 164 -1 -1 -1 -1 
967 16 447 67 65 165 -1 -1 -1 -1 
968 16 447 66 65 165 -1 -1 -1 -1 
969 16 449 67 66 164 -1 -1 -1 -1 
970 16 451 68 65 162 -1 -1 -1 -1 
971 16 450 69 65 161 -1 -1 -1 -1 
972 16 451 70 64 160 -1 -1 -1 -1 
973 16 451 72 64 158 -1 -1 -1 -1 
974 16 451 72 64 158 -1 -1 -1 -1 
975 16 451 72 64 159 -1 -1 -1 -1 
976 16 452 72 63 158 -1 -1 -1 -1 
977 16 452 73 63 157 -1 -1 -1 -1 
978 16 452 73 63 157 -1 -1 -1 -1 
979 16 451 76 62 154 -1 -1 -1 -1 
980 16 452 76 60 153 -1 -1 -1 -1 
981 16 452 76 61 153 -1 -1 -1 -1 
982 16 453 74 60 155 -1 -1 -1 -1 
983 16 452 73 61 156 -1 -1 -1 -1 
984 16 451 73 61 156 -1 -1 -1 -1 
985 16 450 73 61 155 -1 -1 -1 -1 
986 16 449 73 62 155 -1 -1 -1 -1 
987 16 448 72 63 155 -1 -1 -1 -1 
988 16 448 74 62 153 -1 -1 -1 -1 
989 16 448 73 61 154 -1 -1 -1 -1 
990 16 447 73 62 155 -1 -1 -1 -1 
991 16 447 75 61 153 -1 -1 -1 -1 
992 16 445 76 61 152 -1 -1 -1 -1 
993 16 444 75 61 153 -1 -1 -1 -1 
994 16 443 76 61 154 -1 -1 -1 -1 
995 16 443 75 61 154 -1 -1 -1 -1 
996 16 442 74 61 155 -1 -1 -1 -1 
997 16 440 75 61 154 -1 -1 -1 -1 
998 16 440 77 60 152 -1 -1 -1 -1 
999 16 440 78 59 151 -1 -1 -1 -1 
1000 16 440 78 59 151 -1 -1 -1 -1 
1001 16 439 79 59 150 -1 -1 -1 -1 
1002 16 439 78 59 150 -1 -1 -1 -1 
1003 16 438 78 59 149 -1 -1 -1 -1 
1004 16 437 77 61 152 -1 -1 -1 -1 
1005 16 436 75 63 156 -1 -1 -1 -1 
1006 16 435 73 64 159 -1 -1 -1 -1 
1007 16 434 73 65 161 -1 -1 -1 -1 
1008 16 434 74 64 158 -1 -1 -1 -1 
1009 16 434 74 63 157 -1 -1 -1 -1 
1010 16 434 72 64 163 -1 -1 -1 -1 
1011 16 432 71 64 165 -1 -1 -1 -1 
1012 16 433 72 61 153 -1 -1 -1 -1 
1013 16 434 72 57 142 -1 -1 -1 -1 
1014 16 435 73 56 139 -1 -1 -1 -1 
1015 16 436 74 52 130 -1 -1 -1 -1 
1016 16 436 73 52 131 -1 -1 -1 -1 
1017 16 435 74 53 132 -1 -1 -1 -1 
1018 16 435 76 52 129 -1 -1 -1 -1 
1019 16 435 76 52 130 -1 -1 -1 -1 
1020 16 433 75 55 140 -1 -1 -1 -1 
1021 16 431 74 58 151 -1 -1 -1 -1 
1022 16 430 73 58 148 -1 -1 -1 -1 
1023 16 431 75 58 147 -1 -1 -1 -1 
1024 16 433 75 54 140 -1 -1 -1 -1 
1025 16 433 75 53 134 -1 -1 -1 -1 
1026 16 433 75 52 133 -1 -1 -1 -1 
1027 16 432 74 53 136 -1 -1 -1 -1 
1028 16 433 74 52 137 -1 -1 -1 -1 
1029 16 432 73 54 142 -1 -1 -1 -1 
1030 16 432 74 54 140 -1 -1 -1 -1 
1031 16 432 74 54 140 -1 -1 -1 -1 
1032 16 432 75 54 145 -1 -1 -1 -1 
1033 16 432 75 55 146 -1 -1 -1 -1 
1034 16 431 76 58 157 -1 -1 -1 -1 
1035 16 430 76 60 161 -1 -1 -1 -1 
1036 16 431 76 59 155 -1 -1 -1 -1 
1037 16 431 76 59 155 -1 -1 -1 -1 
1038 16 432 75 62 163 -1 -1 -1 -1 
1039 16 433 75 61 157 -1 -1 -1 -1 
1040 16 433 74 62 159 -1 -1 -1 -1 
1041 16 433 74 59 151 -1 -1 -1 -1 
1042 16 433 74 56 138 -1 -1 -1 -1 
1043 16 435 75 51 127 -1 -1 -1 -1 
1044 16 434 76 50 124 -1 -1 -1 -1 
1045 16 435 77 51 127 -1 -1 -1 -1 
1046 16 434 74 55 140 -1 -1 -1 -1 
1047 16 434 75 55 141 -1 -1 -1 -1 
1048 16 432 75 55 140 -1 -1 -1 -1 
1049 16 431 76 56 139 -1 -1 -1 -1 
1050 16 432 74 56 142 -1 -1 -1 -1 
1 17 247 367 83 207 -1 -1 -1 -1 
2 17 247 368 82 205 -1 -1 -1 -1 
3 17 245 366 82 202 -1 -1 -1 -1 
4 17 244 367 80 199 -1 -1 -1 -1 
5 17 242 366 79 198 -1 -1 -1 -1 
6 17 240 365 80 197 -1 -1 -1 -1 
7 17 240 362 78 193 -1 -1 -1 -1 
8 17 238 361 78 193 -1 -1 -1 -1 
9 17 239 361 77 190 -1 -1 -1 -1 
10 17 240 361 74 185 -1 -1 -1 -1 
11 17 239 361 74 186 -1 -1 -1 -1 
12 17 234 363 76 186 -1 -1 -1 -1 
13 17 230 360 78 192 -1 -1 -1 -1 
14 17 222 359 81 198 -1 -1 -1 -1 
15 17 220 356 81 201 -1 -1 -1 -1 
16 17 225 359 79 198 -1 -1 -1 -1 
17 17 225 358 80 200 -1 -1 -1 -1 
18 17 227 360 79 199 -1 -1 -1 -1 
19 17 220 356 80 201 -1 -1 -1 -1 
20 17 217 354 81 201 -1 -1 -1 -1 
21 17 217 354 80 200 -1 -1 -1 -1 
22 17 219 356 77 198 -1 -1 -1 -1 
23 17 219 357 77 196 -1 -1 -1 -1 
1 18 1446 250 61 153 -1 -1 -1 -1 
2 18 1445 249 62 155 -1 -1 -1 -1 
3 18 1443 248 62 156 -1 -1 -1 -1 
4 18 1442 248 62 155 -1 -1 -1 -1 
5 18 1441 248 62 155 -1 -1 -1 -1 
6 18 1440 247 62 154 -1 -1 -1 -1 
7 18 1438 245 63 155 -1 -1 -1 -1 
8 18 1436 245 62 154 -1 -1 -1 -1 
9 18 1434 242 62 156 -1 -1 -1 -1 
10 18 1431 241 63 158 -1 -1 -1 -1 
11 18 1430 240 62 157 -1 -1 -1 -1 
12 18 1429 240 61 152 -1 -1 -1 -1 
13 18 1427 238 61 153 -1 -1 -1 -1 
14 18 1425 238 61 152 -1 -1 -1 -1 
15 18 1424 239 60 149 -1 -1 -1 -1 
16 18 1424 240 59 146 -1 -1 -1 -1 
17 18 1422 238 59 150 -1 -1 -1 -1 
18 18 1421 240 58 145 -1 -1 -1 -1 
19 18 1418 237 60 148 -1 -1 -1 -1 
20 18 1416 236 61 153 -1 -1 -1 -1 
21 18 1416 235 61 154 -1 -1 -1 -1 
22 18 1413 234 63 159 -1 -1 -1 -1 
23 18 1410 233 65 165 -1 -1 -1 -1 
24 18 1407 231 68 170 -1 -1 -1 -1 
25 18 1405 231 69 171 -1 -1 -1 -1 
26 18 1405 230 67 167 -1 -1 -1 -1 
27 18 1404 229 68 167 -1 -1 -1 -1 
28 18 1402 229 67 167 -1 -1 -1 -1 
29 18 1397 226 70 173 -1 -1 -1 -1 
30 18 1395 226 71 175 -1 -1 -1 -1 
31 18 1395 223 69 176 -1 -1 -1 -1 
32 18 1393 223 69 175 -1 -1 -1 -1 
33 18 1393 226 68 170 -1 -1 -1 -1 
34 18 1390 223 70 175 -1 -1 -1 -1 
35 18 1387 222 72 181 -1 -1 -1 -1 
36 18 1385 223 71 174 -1 -1 -1 -1 
37 18 1383 223 70 176 -1 -1 -1 -1 
38 18 1382 224 69 171 -1 -1 -1 -1 
39 18 1384 223 63 157 -1 -1 -1 -1 
40 18 1379 222 68 170 -1 -1 -1 -1 
41 18 1375 220 70 178 -1 -1 -1 -1 
42 18 1372 218 71 178 -1 -1 -1 -1 
43 18 1369 217 71 183 -1 -1 -1 -1 
44 18 1367 215 74 189 -1 -1 -1 -1 
45 18 1365 217 75 190 -1 -1 -1 -1 
46 18 1365 216 76 195 -1 -1 -1 -1 
47 18 1363 215 77 196 -1 -1 -1 -1 
48 18 1362 216 77 196 -1 -1 -1 -1 
49 18 1362 216 76 196 -1 -1 -1 -1 
50 18 1361 216 76 197 -1 -1 -1 -1 
51 18 1360 215 76 196 -1 -1 -1 -1 
52 18 1360 214 76 198 -1 -1 -1 -1 
53 18 1361 212 73 186 -1 -1 -1 -1 
1 19 214 126 62 150 -1 -1 -1 -1 
2 19 215 127 60 149 -1 -1 -1 -1 
3 19 214 127 61 149 -1 -1 -1 -1 
4 19 215 129 59 146 -1 -1 -1 -1 
5 19 215 131 58 145 -1 -1 -1 -1 
6 19 215 130 58 147 -1 -1 -1 -1 
7 19 214 130 59 146 -1 -1 -1 -1 
8 19 215 130 58 147 -1 -1 -1 -1 
9 19 215 131 57 145 -1 -1 -1 -1 
10 19 214 132 58 143 -1 -1 -1 -1 
11 19 214 132 58 143 -1 -1 -1 -1 
12 19 213 130 59 145 -1 -1 -1 -1 
13 19 212 121 62 155 -1 -1 -1 -1 
14 19 211 116 63 160 -1 -1 -1 -1 
15 19 211 110 65 164 -1 -1 -1 -1 
16 19 211 109 66 166 -1 -1 -1 -1 
17 19 210 110 65 165 -1 -1 -1 -1 
18 19 210 108 66 167 -1 -1 -1 -1 
19 19 210 109 65 166 -1 -1 -1 -1 
20 19 210 111 64 164 -1 -1 -1 -1 
21 19 210 120 62 156 -1 -1 -1 -1 
22 19 211 122 60 154 -1 -1 -1 -1 
23 19 211 125 60 150 -1 -1 -1 -1 
24 19 211 129 59 147 -1 -1 -1 -1 
25 19 210 130 59 146 -1 -1 -1 -1 
26 19 209 130 59 147 -1 -1 -1 -1 
27 19 209 130 58 147 -1 -1 -1 -1 
28 19 208 129 59 148 -1 -1 -1 -1 
29 19 206 126 60 151 -1 -1 -1 -1 
30 19 205 118 61 159 -1 -1 -1 -1 
31 19 204 121 61 155 -1 -1 -1 -1 
32 19 204 122 60 154 -1 -1 -1 -1 
33 19 204 118 62 157 -1 -1 -1 -1 
34 19 204 120 62 156 -1 -1 -1 -1 
35 19 205 122 60 154 -1 -1 -1 -1 
36 19 204 115 62 160 -1 -1 -1 -1 
37 19 205 118 61 157 -1 -1 -1 -1 
38 19 204 114 62 161 -1 -1 -1 -1 
39 19 204 117 62 158 -1 -1 -1 -1 
40 19 205 119 62 156 -1 -1 -1 -1 
41 19 204 113 63 161 -1 -1 -1 -1 
42 19 204 113 63 161 -1 -1 -1 -1 
43 19 204 113 63 161 -1 -1 -1 -1 
44 19 205 112 63 162 -1 -1 -1 -1 
45 19 205 113 63 161 -1 -1 -1 -1 
46 19 205 115 63 159 -1 -1 -1 -1 
47 19 205 112 64 162 -1 -1 -1 -1 
48 19 205 112 64 161 -1 -1 -1 -1 
49 19 204 114 64 159 -1 -1 -1 -1 
50 19 205 115 63 159 -1 -1 -1 -1 
51 19 205 115 62 159 -1 -1 -1 -1 
52 19 206 121 60 153 -1 -1 -1 -1 
53 19 206 125 59 149 -1 -1 -1 -1 
54 19 206 126 59 149 -1 -1 -1 -1 
55 19 204 127 58 146 -1 -1 -1 -1 
56 19 207 129 57 146 -1 -1 -1 -1 
57 19 206 129 58 146 -1 -1 -1 -1 
58 19 207 130 57 146 -1 -1 -1 -1 
59 19 207 131 57 145 -1 -1 -1 -1 
60 19 208 132 57 145 -1 -1 -1 -1 
61 19 207 134 56 142 -1 -1 -1 -1 
62 19 206 134 56 141 -1 -1 -1 -1 
63 19 206 134 56 141 -1 -1 -1 -1 
64 19 206 134 56 142 -1 -1 -1 -1 
65 19 206 134 56 141 -1 -1 -1 -1 
66 19 205 130 58 144 -1 -1 -1 -1 
67 19 205 128 59 145 -1 -1 -1 -1 
68 19 204 126 60 148 -1 -1 -1 -1 
69 19 204 122 61 152 -1 -1 -1 -1 
70 19 204 122 61 152 -1 -1 -1 -1 
71 19 204 122 62 153 -1 -1 -1 -1 
72 19 205 121 61 154 -1 -1 -1 -1 
73 19 204 121 62 155 -1 -1 -1 -1 
74 19 205 121 62 155 -1 -1 -1 -1 
75 19 205 123 62 153 -1 -1 -1 -1 
76 19 205 121 62 155 -1 -1 -1 -1 
77 19 206 124 61 153 -1 -1 -1 -1 
78 19 206 125 60 151 -1 -1 -1 -1 
79 19 206 125 60 151 -1 -1 -1 -1 
80 19 206 124 60 152 -1 -1 -1 -1 
81 19 206 125 60 152 -1 -1 -1 -1 
82 19 207 128 60 150 -1 -1 -1 -1 
83 19 208 130 60 148 -1 -1 -1 -1 
84 19 208 131 59 148 -1 -1 -1 -1 
85 19 207 130 60 150 -1 -1 -1 -1 
86 19 208 133 59 148 -1 -1 -1 -1 
87 19 207 132 59 149 -1 -1 -1 -1 
88 19 208 134 58 147 -1 -1 -1 -1 
89 19 207 132 59 148 -1 -1 -1 -1 
90 19 207 131 59 148 -1 -1 -1 -1 
91 19 207 131 58 147 -1 -1 -1 -1 
92 19 207 132 58 146 -1 -1 -1 -1 
93 19 207 132 58 146 -1 -1 -1 -1 
94 19 206 132 59 147 -1 -1 -1 -1 
95 19 206 133 59 146 -1 -1 -1 -1 
96 19 207 134 58 144 -1 -1 -1 -1 
97 19 207 134 58 144 -1 -1 -1 -1 
98 19 206 132 58 145 -1 -1 -1 -1 
99 19 205 130 59 148 -1 -1 -1 -1 
100 19 206 130 58 148 -1 -1 -1 -1 
101 19 206 131 58 147 -1 -1 -1 -1 
102 19 206 130 58 148 -1 -1 -1 -1 
103 19 206 131 58 147 -1 -1 -1 -1 
104 19 205 130 59 149 -1 -1 -1 -1 
105 19 205 129 59 150 -1 -1 -1 -1 
106 19 205 128 59 150 -1 -1 -1 -1 
107 19 204 124 60 154 -1 -1 -1 -1 
108 19 204 122 61 155 -1 -1 -1 -1 
109 19 204 120 61 156 -1 -1 -1 -1 
110 19 204 118 62 158 -1 -1 -1 -1 
111 19 203 117 63 158 -1 -1 -1 -1 
112 19 203 117 63 159 -1 -1 -1 -1 
113 19 203 116 63 159 -1 -1 -1 -1 
114 19 203 114 63 160 -1 -1 -1 -1 
115 19 203 115 63 158 -1 -1 -1 -1 
116 19 204 115 61 158 -1 -1 -1 -1 
117 19 204 115 61 157 -1 -1 -1 -1 
118 19 204 116 61 156 -1 -1 -1 -1 
119 19 204 116 61 156 -1 -1 -1 -1 
120 19 205 117 60 155 -1 -1 -1 -1 
121 19 206 120 60 153 -1 -1 -1 -1 
122 19 207 121 59 152 -1 -1 -1 -1 
123 19 208 123 58 150 -1 -1 -1 -1 
124 19 207 124 61 152 -1 -1 -1 -1 
125 19 208 124 61 152 -1 -1 -1 -1 
126 19 208 123 62 154 -1 -1 -1 -1 
127 19 209 122 61 153 -1 -1 -1 -1 
128 19 210 122 60 152 -1 -1 -1 -1 
129 19 211 122 60 152 -1 -1 -1 -1 
130 19 212 125 59 148 -1 -1 -1 -1 
131 19 213 126 58 146 -1 -1 -1 -1 
132 19 213 126 58 146 -1 -1 -1 -1 
133 19 213 127 58 145 -1 -1 -1 -1 
134 19 214 127 57 145 -1 -1 -1 -1 
135 19 215 129 57 144 -1 -1 -1 -1 
136 19 216 132 56 141 -1 -1 -1 -1 
137 19 217 132 56 141 -1 -1 -1 -1 
138 19 217 132 56 140 -1 -1 -1 -1 
139 19 217 132 56 140 -1 -1 -1 -1 
140 19 217 132 56 140 -1 -1 -1 -1 
141 19 217 132 56 140 -1 -1 -1 -1 
142 19 217 132 56 140 -1 -1 -1 -1 
143 19 217 133 55 138 -1 -1 -1 -1 
144 19 217 133 56 139 -1 -1 -1 -1 
145 19 217 134 55 138 -1 -1 -1 -1 
146 19 217 135 55 136 -1 -1 -1 -1 
147 19 217 135 54 136 -1 -1 -1 -1 
148 19 215 132 56 139 -1 -1 -1 -1 
149 19 214 130 57 142 -1 -1 -1 -1 
150 19 213 127 58 145 -1 -1 -1 -1 
151 19 212 124 59 148 -1 -1 -1 -1 
152 19 212 123 59 149 -1 -1 -1 -1 
153 19 212 124 59 148 -1 -1 -1 -1 
154 19 212 125 58 147 -1 -1 -1 -1 
155 19 211 122 60 150 -1 -1 -1 -1 
156 19 210 121 60 151 -1 -1 -1 -1 
157 19 209 124 61 150 -1 -1 -1 -1 
158 19 210 125 59 148 -1 -1 -1 -1 
159 19 209 125 59 149 -1 -1 -1 -1 
160 19 209 125 59 149 -1 -1 -1 -1 
161 19 208 125 60 148 -1 -1 -1 -1 
162 19 207 126 60 147 -1 -1 -1 -1 
163 19 207 127 60 146 -1 -1 -1 -1 
164 19 208 128 59 145 -1 -1 -1 -1 
165 19 207 126 60 147 -1 -1 -1 -1 
166 19 207 125 60 147 -1 -1 -1 -1 
167 19 207 125 60 147 -1 -1 -1 -1 
168 19 206 125 61 149 -1 -1 -1 -1 
169 19 206 125 61 150 -1 -1 -1 -1 
170 19 206 125 61 150 -1 -1 -1 -1 
171 19 205 126 61 149 -1 -1 -1 -1 
172 19 205 126 61 149 -1 -1 -1 -1 
173 19 205 126 61 148 -1 -1 -1 -1 
174 19 206 126 60 147 -1 -1 -1 -1 
175 19 206 126 60 146 -1 -1 -1 -1 
176 19 206 127 60 146 -1 -1 -1 -1 
177 19 206 128 60 145 -1 -1 -1 -1 
178 19 206 128 60 145 -1 -1 -1 -1 
179 19 206 128 59 145 -1 -1 -1 -1 
180 19 205 126 61 147 -1 -1 -1 -1 
181 19 206 129 60 145 -1 -1 -1 -1 
182 19 206 129 60 145 -1 -1 -1 -1 
183 19 206 130 59 144 -1 -1 -1 -1 
184 19 206 129 60 145 -1 -1 -1 -1 
185 19 206 130 60 143 -1 -1 -1 -1 
186 19 206 130 59 142 -1 -1 -1 -1 
187 19 206 129 59 143 -1 -1 -1 -1 
188 19 206 129 59 143 -1 -1 -1 -1 
189 19 206 127 59 145 -1 -1 -1 -1 
190 19 206 127 59 145 -1 -1 -1 -1 
191 19 207 127 59 147 -1 -1 -1 -1 
192 19 207 127 59 147 -1 -1 -1 -1 
193 19 206 127 60 147 -1 -1 -1 -1 
194 19 206 126 60 148 -1 -1 -1 -1 
195 19 206 126 60 149 -1 -1 -1 -1 
196 19 206 127 59 147 -1 -1 -1 -1 
197 19 205 126 60 147 -1 -1 -1 -1 
198 19 204 125 60 148 -1 -1 -1 -1 
199 19 205 126 59 146 -1 -1 -1 -1 
200 19 205 126 59 146 -1 -1 -1 -1 
201 19 203 122 60 150 -1 -1 -1 -1 
202 19 203 121 60 150 -1 -1 -1 -1 
203 19 202 120 61 152 -1 -1 -1 -1 
204 19 203 121 60 151 -1 -1 -1 -1 
205 19 204 124 60 148 -1 -1 -1 -1 
206 19 203 121 60 151 -1 -1 -1 -1 
207 19 204 123 61 149 -1 -1 -1 -1 
208 19 205 129 58 143 -1 -1 -1 -1 
209 19 205 132 57 139 -1 -1 -1 -1 
210 19 205 128 59 144 -1 -1 -1 -1 
211 19 205 125 60 147 -1 -1 -1 -1 
212 19 206 128 59 145 -1 -1 -1 -1 
213 19 206 128 59 144 -1 -1 -1 -1 
214 19 207 129 59 144 -1 -1 -1 -1 
215 19 207 129 59 144 -1 -1 -1 -1 
216 19 207 128 59 146 -1 -1 -1 -1 
217 19 206 126 60 147 -1 -1 -1 -1 
218 19 206 126 59 147 -1 -1 -1 -1 
219 19 205 125 60 148 -1 -1 -1 -1 
220 19 205 127 60 147 -1 -1 -1 -1 
221 19 205 128 59 145 -1 -1 -1 -1 
222 19 205 129 59 144 -1 -1 -1 -1 
223 19 206 130 58 143 -1 -1 -1 -1 
224 19 206 129 59 145 -1 -1 -1 -1 
225 19 205 128 60 146 -1 -1 -1 -1 
226 19 206 129 59 145 -1 -1 -1 -1 
227 19 206 129 59 145 -1 -1 -1 -1 
228 19 206 129 59 146 -1 -1 -1 -1 
229 19 206 129 59 145 -1 -1 -1 -1 
230 19 206 129 59 146 -1 -1 -1 -1 
231 19 206 129 59 145 -1 -1 -1 -1 
232 19 207 131 58 143 -1 -1 -1 -1 
233 19 207 132 58 142 -1 -1 -1 -1 
234 19 207 130 58 143 -1 -1 -1 -1 
235 19 207 131 58 143 -1 -1 -1 -1 
236 19 207 128 58 145 -1 -1 -1 -1 
237 19 207 129 58 144 -1 -1 -1 -1 
238 19 207 128 59 146 -1 -1 -1 -1 
239 19 207 129 58 144 -1 -1 -1 -1 
240 19 207 131 58 141 -1 -1 -1 -1 
241 19 208 133 57 139 -1 -1 -1 -1 
242 19 208 133 58 139 -1 -1 -1 -1 
243 19 209 133 57 139 -1 -1 -1 -1 
244 19 210 134 56 138 -1 -1 -1 -1 
245 19 210 133 57 140 -1 -1 -1 -1 
246 19 211 134 57 140 -1 -1 -1 -1 
247 19 210 133 58 142 -1 -1 -1 -1 
248 19 212 136 55 138 -1 -1 -1 -1 
249 19 213 136 54 138 -1 -1 -1 -1 
250 19 213 136 54 138 -1 -1 -1 -1 
251 19 212 136 55 138 -1 -1 -1 -1 
252 19 212 137 55 138 -1 -1 -1 -1 
253 19 211 137 55 138 -1 -1 -1 -1 
254 19 211 135 55 140 -1 -1 -1 -1 
255 19 210 134 56 140 -1 -1 -1 -1 
256 19 210 133 55 141 -1 -1 -1 -1 
257 19 227 112 64 159 -1 -1 -1 -1 
258 19 232 104 68 167 -1 -1 -1 -1 
259 19 235 102 68 169 -1 -1 -1 -1 
260 19 236 101 70 171 -1 -1 -1 -1 
261 19 238 100 69 171 -1 -1 -1 -1 
262 19 238 100 69 168 -1 -1 -1 -1 
263 19 239 100 68 168 -1 -1 -1 -1 
264 19 241 100 67 167 -1 -1 -1 -1 
265 19 222 119 60 150 -1 -1 -1 -1 
266 19 215 126 58 145 -1 -1 -1 -1 
267 19 213 128 57 144 -1 -1 -1 -1 
268 19 212 130 57 143 -1 -1 -1 -1 
269 19 212 131 56 142 -1 -1 -1 -1 
270 19 213 133 55 140 -1 -1 -1 -1 
271 19 214 136 55 136 -1 -1 -1 -1 
272 19 215 138 54 133 -1 -1 -1 -1 
273 19 216 138 53 133 -1 -1 -1 -1 
274 19 216 138 53 133 -1 -1 -1 -1 
275 19 216 139 53 132 -1 -1 -1 -1 
276 19 216 139 53 132 -1 -1 -1 -1 
277 19 217 139 53 132 -1 -1 -1 -1 
278 19 217 139 53 133 -1 -1 -1 -1 
279 19 217 140 54 132 -1 -1 -1 -1 
280 19 218 139 54 135 -1 -1 -1 -1 
281 19 218 138 55 136 -1 -1 -1 -1 
282 19 218 138 54 136 -1 -1 -1 -1 
283 19 218 138 55 136 -1 -1 -1 -1 
284 19 217 137 55 137 -1 -1 -1 -1 
285 19 217 134 56 141 -1 -1 -1 -1 
286 19 217 136 55 138 -1 -1 -1 -1 
287 19 217 137 55 138 -1 -1 -1 -1 
288 19 216 136 56 138 -1 -1 -1 -1 
289 19 216 136 56 139 -1 -1 -1 -1 
290 19 215 135 57 140 -1 -1 -1 -1 
291 19 216 136 56 140 -1 -1 -1 -1 
292 19 216 137 56 139 -1 -1 -1 -1 
293 19 215 137 56 139 -1 -1 -1 -1 
294 19 234 117 60 148 -1 -1 -1 -1 
295 19 242 110 60 148 -1 -1 -1 -1 
296 19 245 107 61 151 -1 -1 -1 -1 
297 19 246 105 61 148 -1 -1 -1 -1 
298 19 246 105 60 146 -1 -1 -1 -1 
299 19 246 105 60 145 -1 -1 -1 -1 
300 19 245 106 61 145 -1 -1 -1 -1 
301 19 244 105 62 153 -1 -1 -1 -1 
302 19 241 106 64 159 -1 -1 -1 -1 
303 19 236 105 68 168 -1 -1 -1 -1 
304 19 234 105 69 171 -1 -1 -1 -1 
305 19 233 106 68 170 -1 -1 -1 -1 
306 19 233 108 69 171 -1 -1 -1 -1 
307 19 232 109 69 170 -1 -1 -1 -1 
308 19 231 110 70 170 -1 -1 -1 -1 
309 19 229 109 69 171 -1 -1 -1 -1 
310 19 228 108 68 172 -1 -1 -1 -1 
311 19 226 107 68 174 -1 -1 -1 -1 
312 19 226 107 68 175 -1 -1 -1 -1 
313 19 228 110 66 170 -1 -1 -1 -1 
314 19 218 120 63 162 -1 -1 -1 -1 
315 19 214 122 63 161 -1 -1 -1 -1 
316 19 213 120 64 164 -1 -1 -1 -1 
317 19 212 119 64 165 -1 -1 -1 -1 
318 19 213 113 68 171 -1 -1 -1 -1 
319 19 214 112 67 171 -1 -1 -1 -1 
320 19 211 112 66 166 -1 -1 -1 -1 
321 19 209 114 66 163 -1 -1 -1 -1 
322 19 209 118 64 163 -1 -1 -1 -1 
323 19 212 112 68 170 -1 -1 -1 -1 
324 19 210 118 66 165 -1 -1 -1 -1 
325 19 211 115 66 167 -1 -1 -1 -1 
326 19 210 122 64 162 -1 -1 -1 -1 
327 19 211 124 63 159 -1 -1 -1 -1 
328 19 215 113 66 165 -1 -1 -1 -1 
329 19 213 113 65 166 -1 -1 -1 -1 
330 19 213 113 65 167 -1 -1 -1 -1 
331 19 212 112 66 168 -1 -1 -1 -1 
332 19 211 111 67 169 -1 -1 -1 -1 
333 19 211 110 67 170 -1 -1 -1 -1 
334 19 210 111 67 168 -1 -1 -1 -1 
335 19 210 111 67 168 -1 -1 -1 -1 
336 19 210 111 67 168 -1 -1 -1 -1 
337 19 209 112 67 167 -1 -1 -1 -1 
338 19 210 111 66 167 -1 -1 -1 -1 
339 19 209 111 68 169 -1 -1 -1 -1 
340 19 210 112 67 169 -1 -1 -1 -1 
341 19 209 114 67 169 -1 -1 -1 -1 
342 19 209 113 68 170 -1 -1 -1 -1 
343 19 208 113 68 169 -1 -1 -1 -1 
344 19 205 118 67 167 -1 -1 -1 -1 
345 19 206 116 67 169 -1 -1 -1 -1 
346 19 206 116 68 169 -1 -1 -1 -1 
347 19 205 119 67 168 -1 -1 -1 -1 
348 19 206 117 68 170 -1 -1 -1 -1 
349 19 206 116 69 172 -1 -1 -1 -1 
350 19 206 118 67 170 -1 -1 -1 -1 
351 19 205 120 67 168 -1 -1 -1 -1 
352 19 205 121 66 166 -1 -1 -1 -1 
353 19 205 120 66 168 -1 -1 -1 -1 
354 19 207 117 67 169 -1 -1 -1 -1 
355 19 206 118 67 168 -1 -1 -1 -1 
356 19 207 115 67 170 -1 -1 -1 -1 
357 19 206 119 66 166 -1 -1 -1 -1 
358 19 206 121 65 165 -1 -1 -1 -1 
359 19 206 124 65 162 -1 -1 -1 -1 
360 19 206 125 64 161 -1 -1 -1 -1 
361 19 207 124 64 162 -1 -1 -1 -1 
362 19 207 125 64 162 -1 -1 -1 -1 
363 19 207 127 64 161 -1 -1 -1 -1 
364 19 207 127 64 160 -1 -1 -1 -1 
365 19 209 124 64 163 -1 -1 -1 -1 
366 19 210 126 64 162 -1 -1 -1 -1 
367 19 210 128 62 160 -1 -1 -1 -1 
368 19 211 129 62 158 -1 -1 -1 -1 
369 19 212 128 62 158 -1 -1 -1 -1 
370 19 212 129 61 156 -1 -1 -1 -1 
371 19 211 132 60 154 -1 -1 -1 -1 
372 19 211 132 60 154 -1 -1 -1 -1 
373 19 211 132 60 154 -1 -1 -1 -1 
374 19 211 132 60 153 -1 -1 -1 -1 
375 19 211 132 60 154 -1 -1 -1 -1 
376 19 212 131 62 155 -1 -1 -1 -1 
377 19 213 132 62 155 -1 -1 -1 -1 
378 19 213 133 61 154 -1 -1 -1 -1 
379 19 213 132 62 155 -1 -1 -1 -1 
380 19 214 133 61 153 -1 -1 -1 -1 
381 19 214 135 60 150 -1 -1 -1 -1 
382 19 214 136 60 150 -1 -1 -1 -1 
383 19 214 137 60 148 -1 -1 -1 -1 
384 19 215 136 59 148 -1 -1 -1 -1 
385 19 215 135 60 150 -1 -1 -1 -1 
386 19 214 135 60 150 -1 -1 -1 -1 
387 19 214 136 60 149 -1 -1 -1 -1 
388 19 215 138 59 148 -1 -1 -1 -1 
389 19 215 139 59 147 -1 -1 -1 -1 
390 19 216 139 58 148 -1 -1 -1 -1 
391 19 216 137 59 149 -1 -1 -1 -1 
392 19 217 135 59 150 -1 -1 -1 -1 
393 19 217 135 60 151 -1 -1 -1 -1 
394 19 217 136 59 149 -1 -1 -1 -1 
395 19 218 139 57 145 -1 -1 -1 -1 
396 19 217 139 58 145 -1 -1 -1 -1 
397 19 217 140 58 145 -1 -1 -1 -1 
398 19 217 139 59 147 -1 -1 -1 -1 
399 19 217 139 59 149 -1 -1 -1 -1 
400 19 216 139 60 152 -1 -1 -1 -1 
401 19 216 140 61 152 -1 -1 -1 -1 
402 19 217 139 61 152 -1 -1 -1 -1 
403 19 217 138 61 152 -1 -1 -1 -1 
404 19 216 137 62 156 -1 -1 -1 -1 
405 19 218 136 62 154 -1 -1 -1 -1 
406 19 218 135 62 154 -1 -1 -1 -1 
407 19 216 134 63 154 -1 -1 -1 -1 
408 19 215 133 63 158 -1 -1 -1 -1 
409 19 216 132 63 156 -1 -1 -1 -1 
410 19 214 131 64 159 -1 -1 -1 -1 
411 19 213 130 64 161 -1 -1 -1 -1 
412 19 213 129 64 163 -1 -1 -1 -1 
413 19 214 131 64 159 -1 -1 -1 -1 
414 19 214 131 64 158 -1 -1 -1 -1 
415 19 214 132 64 156 -1 -1 -1 -1 
416 19 216 133 63 154 -1 -1 -1 -1 
417 19 216 132 63 155 -1 -1 -1 -1 
418 19 215 131 64 156 -1 -1 -1 -1 
419 19 216 131 63 155 -1 -1 -1 -1 
420 19 217 131 62 153 -1 -1 -1 -1 
421 19 218 129 63 154 -1 -1 -1 -1 
435 19 223 108 64 165 -1 -1 -1 -1 
436 19 222 106 66 166 -1 -1 -1 -1 
437 19 222 107 65 165 -1 -1 -1 -1 
438 19 222 112 64 162 -1 -1 -1 -1 
439 19 222 111 64 161 -1 -1 -1 -1 
440 19 222 110 64 162 -1 -1 -1 -1 
441 19 222 110 65 163 -1 -1 -1 -1 
442 19 223 107 65 166 -1 -1 -1 -1 
443 19 222 107 66 166 -1 -1 -1 -1 
444 19 222 106 65 166 -1 -1 -1 -1 
1 20 872 121 64 162 -1 -1 -1 -1 
2 20 873 122 63 163 -1 -1 -1 -1 
3 20 873 124 64 162 -1 -1 -1 -1 
4 20 873 126 66 164 -1 -1 -1 -1 
5 20 874 128 66 164 -1 -1 -1 -1 
6 20 874 129 66 163 -1 -1 -1 -1 
7 20 874 130 66 163 -1 -1 -1 -1 
8 20 876 129 65 163 -1 -1 -1 -1 
9 20 877 129 64 162 -1 -1 -1 -1 
10 20 877 132 66 161 -1 -1 -1 -1 
11 20 878 131 63 159 -1 -1 -1 -1 
12 20 878 131 63 160 -1 -1 -1 -1 
13 20 877 135 65 159 -1 -1 -1 -1 
14 20 877 136 66 159 -1 -1 -1 -1 
15 20 878 135 66 162 -1 -1 -1 -1 
16 20 878 134 66 165 -1 -1 -1 -1 
17 20 877 135 66 165 -1 -1 -1 -1 
18 20 876 136 66 164 -1 -1 -1 -1 
19 20 875 138 66 163 -1 -1 -1 -1 
20 20 875 139 65 162 -1 -1 -1 -1 
21 20 874 140 65 161 -1 -1 -1 -1 
22 20 873 142 64 160 -1 -1 -1 -1 
23 20 872 142 65 162 -1 -1 -1 -1 
24 20 871 142 66 163 -1 -1 -1 -1 
25 20 870 143 66 163 -1 -1 -1 -1 
26 20 869 143 66 164 -1 -1 -1 -1 
27 20 867 143 67 164 -1 -1 -1 -1 
28 20 866 143 67 166 -1 -1 -1 -1 
29 20 865 143 67 166 -1 -1 -1 -1 
30 20 865 142 67 167 -1 -1 -1 -1 
31 20 865 142 66 166 -1 -1 -1 -1 
32 20 864 142 66 166 -1 -1 -1 -1 
33 20 863 142 66 166 -1 -1 -1 -1 
34 20 863 143 66 166 -1 -1 -1 -1 
35 20 863 145 66 165 -1 -1 -1 -1 
36 20 863 146 66 166 -1 -1 -1 -1 
37 20 861 146 67 170 -1 -1 -1 -1 
38 20 861 148 66 169 -1 -1 -1 -1 
39 20 860 150 66 167 -1 -1 -1 -1 
40 20 860 151 65 165 -1 -1 -1 -1 
41 20 859 152 66 164 -1 -1 -1 -1 
42 20 858 152 67 167 -1 -1 -1 -1 
43 20 858 153 66 167 -1 -1 -1 -1 
44 20 858 154 67 167 -1 -1 -1 -1 
45 20 857 154 67 167 -1 -1 -1 -1 
46 20 857 153 67 169 -1 -1 -1 -1 
47 20 858 154 66 168 -1 -1 -1 -1 
48 20 857 155 67 166 -1 -1 -1 -1 
49 20 855 154 68 169 -1 -1 -1 -1 
50 20 854 154 67 168 -1 -1 -1 -1 
51 20 853 154 67 169 -1 -1 -1 -1 
52 20 852 154 66 167 -1 -1 -1 -1 
53 20 849 154 67 169 -1 -1 -1 -1 
54 20 847 155 68 169 -1 -1 -1 -1 
55 20 848 156 65 164 -1 -1 -1 -1 
56 20 850 156 65 163 -1 -1 -1 -1 
57 20 852 157 65 163 -1 -1 -1 -1 
58 20 852 159 66 168 -1 -1 -1 -1 
59 20 850 160 68 172 -1 -1 -1 -1 
60 20 849 162 67 168 -1 -1 -1 -1 
61 20 849 163 64 161 -1 -1 -1 -1 
62 20 845 165 66 172 -1 -1 -1 -1 
63 20 846 164 66 165 -1 -1 -1 -1 
64 20 846 165 64 159 -1 -1 -1 -1 
65 20 844 166 64 158 -1 -1 -1 -1 
66 20 843 167 63 157 -1 -1 -1 -1 
67 20 843 168 63 157 -1 -1 -1 -1 
68 20 842 168 63 159 -1 -1 -1 -1 
69 20 840 168 65 163 -1 -1 -1 -1 
70 20 838 167 66 165 -1 -1 -1 -1 
71 20 836 167 66 166 -1 -1 -1 -1 
72 20 836 168 66 166 -1 -1 -1 -1 
73 20 837 168 65 165 -1 -1 -1 -1 
74 20 837 169 66 168 -1 -1 -1 -1 
75 20 836 169 68 171 -1 -1 -1 -1 
76 20 836 171 68 170 -1 -1 -1 -1 
77 20 835 173 67 170 -1 -1 -1 -1 
78 20 836 175 66 168 -1 -1 -1 -1 
79 20 835 177 67 167 -1 -1 -1 -1 
80 20 834 178 68 168 -1 -1 -1 -1 
81 20 834 180 67 168 -1 -1 -1 -1 
82 20 833 180 68 170 -1 -1 -1 -1 
83 20 832 181 70 171 -1 -1 -1 -1 
84 20 833 182 69 171 -1 -1 -1 -1 
85 20 833 182 69 171 -1 -1 -1 -1 
86 20 833 182 70 172 -1 -1 -1 -1 
87 20 832 183 70 170 -1 -1 -1 -1 
88 20 833 183 69 170 -1 -1 -1 -1 
89 20 831 183 69 169 -1 -1 -1 -1 
90 20 830 183 68 170 -1 -1 -1 -1 
91 20 829 184 68 170 -1 -1 -1 -1 
92 20 826 185 69 172 -1 -1 -1 -1 
93 20 825 187 68 170 -1 -1 -1 -1 
94 20 823 190 67 169 -1 -1 -1 -1 
95 20 822 192 67 167 -1 -1 -1 -1 
96 20 822 193 66 166 -1 -1 -1 -1 
97 20 819 195 69 167 -1 -1 -1 -1 
98 20 816 196 70 167 -1 -1 -1 -1 
99 20 813 196 71 170 -1 -1 -1 -1 
100 20 813 197 68 168 -1 -1 -1 -1 
101 20 811 200 67 164 -1 -1 -1 -1 
102 20 809 201 67 163 -1 -1 -1 -1 
103 20 809 201 67 163 -1 -1 -1 -1 
104 20 808 202 66 161 -1 -1 -1 -1 
105 20 807 202 67 162 -1 -1 -1 -1 
106 20 808 203 66 160 -1 -1 -1 -1 
107 20 805 203 66 163 -1 -1 -1 -1 
108 20 803 202 67 167 -1 -1 -1 -1 
109 20 802 204 66 166 -1 -1 -1 -1 
110 20 801 206 67 166 -1 -1 -1 -1 
111 20 800 208 67 168 -1 -1 -1 -1 
112 20 799 209 68 169 -1 -1 -1 -1 
113 20 798 210 67 169 -1 -1 -1 -1 
114 20 798 212 66 167 -1 -1 -1 -1 
115 20 798 215 66 165 -1 -1 -1 -1 
116 20 796 216 67 165 -1 -1 -1 -1 
117 20 795 218 66 165 -1 -1 -1 -1 
118 20 793 219 65 164 -1 -1 -1 -1 
119 20 791 218 66 166 -1 -1 -1 -1 
120 20 790 218 65 166 -1 -1 -1 -1 
121 20 789 218 66 167 -1 -1 -1 -1 
122 20 789 218 66 167 -1 -1 -1 -1 
123 20 788 218 67 169 -1 -1 -1 -1 
124 20 787 219 67 169 -1 -1 -1 -1 
125 20 786 221 66 168 -1 -1 -1 -1 
126 20 784 222 67 168 -1 -1 -1 -1 
127 20 782 224 68 169 -1 -1 -1 -1 
128 20 780 227 67 168 -1 -1 -1 -1 
129 20 778 227 67 169 -1 -1 -1 -1 
130 20 778 230 66 166 -1 -1 -1 -1 
131 20 777 233 66 166 -1 -1 -1 -1 
132 20 775 234 66 166 -1 -1 -1 -1 
133 20 775 235 66 166 -1 -1 -1 -1 
134 20 775 236 65 165 -1 -1 -1 -1 
135 20 773 237 66 164 -1 -1 -1 -1 
136 20 771 238 66 165 -1 -1 -1 -1 
137 20 770 239 66 165 -1 -1 -1 -1 
138 20 769 239 66 165 -1 -1 -1 -1 
139 20 768 238 66 166 -1 -1 -1 -1 
140 20 767 239 66 165 -1 -1 -1 -1 
141 20 767 239 65 165 -1 -1 -1 -1 
142 20 766 240 66 165 -1 -1 -1 -1 
143 20 765 240 66 165 -1 -1 -1 -1 
144 20 764 241 67 166 -1 -1 -1 -1 
145 20 763 242 67 167 -1 -1 -1 -1 
146 20 762 244 67 168 -1 -1 -1 -1 
147 20 761 245 67 166 -1 -1 -1 -1 
148 20 761 247 65 161 -1 -1 -1 -1 
149 20 760 249 66 166 -1 -1 -1 -1 
150 20 760 251 68 169 -1 -1 -1 -1 
151 20 761 252 68 170 -1 -1 -1 -1 
152 20 761 253 69 169 -1 -1 -1 -1 
153 20 761 254 68 167 -1 -1 -1 -1 
154 20 762 255 67 166 -1 -1 -1 -1 
155 20 760 255 67 166 -1 -1 -1 -1 
156 20 759 255 69 168 -1 -1 -1 -1 
157 20 759 256 68 168 -1 -1 -1 -1 
158 20 759 256 68 170 -1 -1 -1 -1 
159 20 757 256 70 172 -1 -1 -1 -1 
160 20 755 254 71 177 -1 -1 -1 -1 
161 20 753 255 72 178 -1 -1 -1 -1 
162 20 754 256 71 179 -1 -1 -1 -1 
163 20 753 258 71 178 -1 -1 -1 -1 
164 20 751 260 71 177 -1 -1 -1 -1 
165 20 749 261 72 177 -1 -1 -1 -1 
166 20 749 263 71 176 -1 -1 -1 -1 
167 20 748 265 72 174 -1 -1 -1 -1 
168 20 748 265 71 176 -1 -1 -1 -1 
169 20 747 264 72 178 -1 -1 -1 -1 
170 20 747 264 71 178 -1 -1 -1 -1 
171 20 747 264 71 179 -1 -1 -1 -1 
172 20 747 265 70 177 -1 -1 -1 -1 
173 20 746 265 70 178 -1 -1 -1 -1 
174 20 745 266 70 178 -1 -1 -1 -1 
175 20 745 267 70 178 -1 -1 -1 -1 
176 20 744 268 71 179 -1 -1 -1 -1 
177 20 744 269 71 180 -1 -1 -1 -1 
178 20 744 270 72 180 -1 -1 -1 -1 
179 20 745 273 72 179 -1 -1 -1 -1 
180 20 746 274 72 180 -1 -1 -1 -1 
181 20 746 276 72 178 -1 -1 -1 -1 
182 20 746 278 72 176 -1 -1 -1 -1 
183 20 746 279 72 177 -1 -1 -1 -1 
184 20 747 280 72 178 -1 -1 -1 -1 
185 20 748 282 72 177 -1 -1 -1 -1 
186 20 750 283 71 176 -1 -1 -1 -1 
187 20 750 283 72 177 -1 -1 -1 -1 
188 20 750 284 72 177 -1 -1 -1 -1 
189 20 750 284 72 178 -1 -1 -1 -1 
190 20 750 284 72 179 -1 -1 -1 -1 
191 20 750 285 73 180 -1 -1 -1 -1 
192 20 749 286 74 181 -1 -1 -1 -1 
193 20 749 286 74 182 -1 -1 -1 -1 
194 20 750 287 73 183 -1 -1 -1 -1 
195 20 751 288 73 184 -1 -1 -1 -1 
196 20 752 289 72 185 -1 -1 -1 -1 
197 20 749 290 74 186 -1 -1 -1 -1 
198 20 749 291 75 188 -1 -1 -1 -1 
199 20 750 293 75 187 -1 -1 -1 -1 
200 20 751 295 74 187 -1 -1 -1 -1 
201 20 751 296 75 187 -1 -1 -1 -1 
202 20 751 297 75 188 -1 -1 -1 -1 
203 20 751 297 76 188 -1 -1 -1 -1 
204 20 751 298 75 187 -1 -1 -1 -1 
205 20 752 299 74 186 -1 -1 -1 -1 
206 20 752 300 74 184 -1 -1 -1 -1 
207 20 753 302 72 181 -1 -1 -1 -1 
208 20 753 302 72 180 -1 -1 -1 -1 
209 20 754 303 73 182 -1 -1 -1 -1 
210 20 756 305 73 181 -1 -1 -1 -1 
211 20 757 307 73 181 -1 -1 -1 -1 
212 20 758 309 71 179 -1 -1 -1 -1 
213 20 759 311 70 176 -1 -1 -1 -1 
214 20 760 313 70 175 -1 -1 -1 -1 
215 20 762 315 70 173 -1 -1 -1 -1 
216 20 763 315 70 173 -1 -1 -1 -1 
217 20 765 317 68 172 -1 -1 -1 -1 
218 20 766 318 69 170 -1 -1 -1 -1 
219 20 767 318 69 172 -1 -1 -1 -1 
220 20 769 321 67 168 -1 -1 -1 -1 
221 20 768 320 69 171 -1 -1 -1 -1 
222 20 769 323 69 171 -1 -1 -1 -1 
223 20 771 324 70 173 -1 -1 -1 -1 
224 20 772 324 70 176 -1 -1 -1 -1 
225 20 773 324 72 178 -1 -1 -1 -1 
226 20 774 324 72 180 -1 -1 -1 -1 
227 20 774 324 74 182 -1 -1 -1 -1 
228 20 774 324 74 184 -1 -1 -1 -1 
229 20 774 326 74 186 -1 -1 -1 -1 
230 20 775 329 75 184 -1 -1 -1 -1 
231 20 776 330 74 184 -1 -1 -1 -1 
232 20 778 334 72 181 -1 -1 -1 -1 
233 20 778 336 72 180 -1 -1 -1 -1 
234 20 778 337 72 182 -1 -1 -1 -1 
235 20 778 340 73 181 -1 -1 -1 -1 
236 20 779 342 72 180 -1 -1 -1 -1 
237 20 779 342 73 181 -1 -1 -1 -1 
238 20 780 343 73 180 -1 -1 -1 -1 
239 20 781 344 72 180 -1 -1 -1 -1 
240 20 781 344 72 181 -1 -1 -1 -1 
241 20 783 344 71 180 -1 -1 -1 -1 
242 20 783 346 71 178 -1 -1 -1 -1 
243 20 784 346 71 178 -1 -1 -1 -1 
244 20 785 346 70 177 -1 -1 -1 -1 
245 20 786 346 71 178 -1 -1 -1 -1 
246 20 787 345 72 180 -1 -1 -1 -1 
247 20 788 348 72 180 -1 -1 -1 -1 
248 20 790 351 72 179 -1 -1 -1 -1 
249 20 792 351 72 179 -1 -1 -1 -1 
250 20 792 352 72 179 -1 -1 -1 -1 
251 20 793 352 71 180 -1 -1 -1 -1 
252 20 794 353 72 181 -1 -1 -1 -1 
253 20 795 354 72 180 -1 -1 -1 -1 
254 20 797 354 72 180 -1 -1 -1 -1 
255 20 797 354 73 182 -1 -1 -1 -1 
256 20 797 354 74 184 -1 -1 -1 -1 
257 20 797 356 74 183 -1 -1 -1 -1 
258 20 798 358 74 182 -1 -1 -1 -1 
259 20 800 359 72 181 -1 -1 -1 -1 
260 20 800 360 73 181 -1 -1 -1 -1 
261 20 801 362 73 180 -1 -1 -1 -1 
262 20 802 363 73 181 -1 -1 -1 -1 
263 20 803 364 72 182 -1 -1 -1 -1 
264 20 803 366 73 182 -1 -1 -1 -1 
265 20 802 365 76 186 -1 -1 -1 -1 
266 20 803 365 76 192 -1 -1 -1 -1 
267 20 803 366 77 192 -1 -1 -1 -1 
268 20 803 370 76 190 -1 -1 -1 -1 
269 20 804 373 75 188 -1 -1 -1 -1 
270 20 804 374 74 187 -1 -1 -1 -1 
271 20 804 376 74 187 -1 -1 -1 -1 
272 20 805 376 73 186 -1 -1 -1 -1 
273 20 805 377 73 187 -1 -1 -1 -1 
274 20 806 377 73 187 -1 -1 -1 -1 
275 20 806 378 73 187 -1 -1 -1 -1 
276 20 805 380 74 185 -1 -1 -1 -1 
277 20 805 381 75 185 -1 -1 -1 -1 
278 20 806 381 76 186 -1 -1 -1 -1 
279 20 807 382 75 185 -1 -1 -1 -1 
280 20 807 383 75 184 -1 -1 -1 -1 
281 20 809 385 74 183 -1 -1 -1 -1 
282 20 810 385 74 184 -1 -1 -1 -1 
283 20 810 387 75 186 -1 -1 -1 -1 
284 20 812 390 76 187 -1 -1 -1 -1 
285 20 814 392 76 186 -1 -1 -1 -1 
286 20 816 395 74 184 -1 -1 -1 -1 
287 20 817 398 74 182 -1 -1 -1 -1 
288 20 818 400 74 181 -1 -1 -1 -1 
289 20 819 400 73 182 -1 -1 -1 -1 
290 20 820 399 74 184 -1 -1 -1 -1 
291 20 820 400 72 180 -1 -1 -1 -1 
292 20 821 400 73 182 -1 -1 -1 -1 
293 20 822 400 74 185 -1 -1 -1 -1 
294 20 823 401 74 185 -1 -1 -1 -1 
295 20 824 400 74 190 -1 -1 -1 -1 
296 20 824 398 75 192 -1 -1 -1 -1 
297 20 824 400 75 190 -1 -1 -1 -1 
298 20 824 402 75 188 -1 -1 -1 -1 
299 20 827 406 73 185 -1 -1 -1 -1 
300 20 827 411 72 183 -1 -1 -1 -1 
301 20 827 406 75 190 -1 -1 -1 -1 
302 20 827 405 78 195 -1 -1 -1 -1 
303 20 827 406 77 197 -1 -1 -1 -1 
304 20 827 407 78 196 -1 -1 -1 -1 
305 20 827 408 78 196 -1 -1 -1 -1 
306 20 827 408 79 200 -1 -1 -1 -1 
307 20 826 411 79 199 -1 -1 -1 -1 
308 20 826 414 78 197 -1 -1 -1 -1 
309 20 826 418 78 196 -1 -1 -1 -1 
310 20 828 423 76 190 -1 -1 -1 -1 
311 20 831 424 74 187 -1 -1 -1 -1 
312 20 832 425 74 186 -1 -1 -1 -1 
313 20 831 428 73 181 -1 -1 -1 -1 
314 20 831 432 71 178 -1 -1 -1 -1 
315 20 831 432 72 179 -1 -1 -1 -1 
316 20 831 433 72 181 -1 -1 -1 -1 
317 20 830 435 73 181 -1 -1 -1 -1 
318 20 832 435 74 185 -1 -1 -1 -1 
319 20 834 436 75 186 -1 -1 -1 -1 
320 20 834 436 76 188 -1 -1 -1 -1 
321 20 837 439 75 184 -1 -1 -1 -1 
322 20 839 441 73 181 -1 -1 -1 -1 
323 20 839 442 74 182 -1 -1 -1 -1 
324 20 839 444 73 180 -1 -1 -1 -1 
325 20 840 445 71 177 -1 -1 -1 -1 
326 20 841 444 71 179 -1 -1 -1 -1 
327 20 841 445 73 181 -1 -1 -1 -1 
328 20 845 444 74 187 -1 -1 -1 -1 
329 20 846 445 75 188 -1 -1 -1 -1 
330 20 846 445 75 189 -1 -1 -1 -1 
331 20 845 445 76 191 -1 -1 -1 -1 
332 20 845 446 77 192 -1 -1 -1 -1 
333 20 845 446 78 194 -1 -1 -1 -1 
334 20 846 445 79 198 -1 -1 -1 -1 
335 20 845 448 79 197 -1 -1 -1 -1 
336 20 845 448 79 197 -1 -1 -1 -1 
337 20 845 448 79 199 -1 -1 -1 -1 
338 20 846 450 78 196 -1 -1 -1 -1 
339 20 846 451 78 194 -1 -1 -1 -1 
340 20 845 452 79 199 -1 -1 -1 -1 
341 20 844 453 80 202 -1 -1 -1 -1 
342 20 843 455 80 201 -1 -1 -1 -1 
343 20 842 455 78 196 -1 -1 -1 -1 
344 20 842 456 78 194 -1 -1 -1 -1 
345 20 842 457 76 191 -1 -1 -1 -1 
346 20 842 457 77 193 -1 -1 -1 -1 
347 20 842 457 78 195 -1 -1 -1 -1 
348 20 842 456 78 196 -1 -1 -1 -1 
349 20 842 457 79 198 -1 -1 -1 -1 
350 20 842 457 79 201 -1 -1 -1 -1 
351 20 842 458 80 202 -1 -1 -1 -1 
352 20 842 460 80 203 -1 -1 -1 -1 
353 20 841 461 82 205 -1 -1 -1 -1 
354 20 841 463 81 205 -1 -1 -1 -1 
355 20 840 464 82 205 -1 -1 -1 -1 
356 20 841 465 82 204 -1 -1 -1 -1 
357 20 842 469 81 201 -1 -1 -1 -1 
358 20 842 470 81 202 -1 -1 -1 -1 
359 20 843 473 80 200 -1 -1 -1 -1 
360 20 844 476 79 198 -1 -1 -1 -1 
361 20 845 478 79 198 -1 -1 -1 -1 
362 20 844 479 79 198 -1 -1 -1 -1 
363 20 845 480 80 199 -1 -1 -1 -1 
364 20 846 481 80 201 -1 -1 -1 -1 
365 20 846 482 81 202 -1 -1 -1 -1 
366 20 846 482 81 203 -1 -1 -1 -1 
367 20 845 481 81 205 -1 -1 -1 -1 
368 20 844 481 82 206 -1 -1 -1 -1 
369 20 844 481 82 208 -1 -1 -1 -1 
370 20 844 482 83 208 -1 -1 -1 -1 
371 20 844 483 83 210 -1 -1 -1 -1 
372 20 845 485 82 210 -1 -1 -1 -1 
373 20 845 487 82 209 -1 -1 -1 -1 
374 20 845 489 82 207 -1 -1 -1 -1 
375 20 843 490 84 208 -1 -1 -1 -1 
376 20 844 492 82 208 -1 -1 -1 -1 
377 20 844 493 82 208 -1 -1 -1 -1 
378 20 844 494 82 209 -1 -1 -1 -1 
379 20 843 495 83 211 -1 -1 -1 -1 
380 20 841 496 84 211 -1 -1 -1 -1 
381 20 841 497 83 210 -1 -1 -1 -1 
382 20 841 498 82 209 -1 -1 -1 -1 
383 20 840 499 82 209 -1 -1 -1 -1 
384 20 841 500 80 205 -1 -1 -1 -1 
385 20 841 500 81 207 -1 -1 -1 -1 
386 20 842 501 81 207 -1 -1 -1 -1 
387 20 843 502 82 208 -1 -1 -1 -1 
388 20 843 503 82 209 -1 -1 -1 -1 
389 20 843 504 83 210 -1 -1 -1 -1 
390 20 843 506 85 210 -1 -1 -1 -1 
391 20 844 508 84 210 -1 -1 -1 -1 
392 20 844 510 85 210 -1 -1 -1 -1 
393 20 846 513 83 208 -1 -1 -1 -1 
394 20 848 515 83 208 -1 -1 -1 -1 
395 20 849 518 82 206 -1 -1 -1 -1 
396 20 849 520 83 206 -1 -1 -1 -1 
397 20 849 521 82 205 -1 -1 -1 -1 
398 20 849 522 82 206 -1 -1 -1 -1 
399 20 850 523 83 207 -1 -1 -1 -1 
400 20 851 525 82 206 -1 -1 -1 -1 
401 20 851 526 83 206 -1 -1 -1 -1 
402 20 851 526 85 208 -1 -1 -1 -1 
403 20 852 527 82 206 -1 -1 -1 -1 
404 20 851 527 81 202 -1 -1 -1 -1 
405 20 851 527 82 206 -1 -1 -1 -1 
406 20 851 528 83 210 -1 -1 -1 -1 
407 20 851 529 86 214 -1 -1 -1 -1 
408 20 851 531 88 218 -1 -1 -1 -1 
409 20 852 533 88 217 -1 -1 -1 -1 
410 20 853 535 88 218 -1 -1 -1 -1 
411 20 853 537 89 218 -1 -1 -1 -1 
412 20 854 538 89 219 -1 -1 -1 -1 
413 20 854 540 90 220 -1 -1 -1 -1 
414 20 854 542 90 221 -1 -1 -1 -1 
415 20 856 543 89 221 -1 -1 -1 -1 
416 20 857 544 89 220 -1 -1 -1 -1 
417 20 856 546 89 219 -1 -1 -1 -1 
418 20 857 548 88 217 -1 -1 -1 -1 
419 20 857 549 88 215 -1 -1 -1 -1 
420 20 858 549 87 216 -1 -1 -1 -1 
421 20 858 550 87 215 -1 -1 -1 -1 
422 20 858 551 87 215 -1 -1 -1 -1 
423 20 857 553 87 214 -1 -1 -1 -1 
424 20 858 554 87 215 -1 -1 -1 -1 
425 20 859 556 87 215 -1 -1 -1 -1 
426 20 860 557 87 216 -1 -1 -1 -1 
427 20 862 559 86 214 -1 -1 -1 -1 
428 20 864 562 85 210 -1 -1 -1 -1 
429 20 866 566 84 208 -1 -1 -1 -1 
430 20 867 568 84 208 -1 -1 -1 -1 
431 20 868 568 84 211 -1 -1 -1 -1 
432 20 869 570 83 209 -1 -1 -1 -1 
433 20 871 571 85 212 -1 -1 -1 -1 
434 20 871 572 87 214 -1 -1 -1 -1 
435 20 871 573 87 216 -1 -1 -1 -1 
436 20 871 574 87 217 -1 -1 -1 -1 
437 20 872 575 87 216 -1 -1 -1 -1 
438 20 872 577 87 215 -1 -1 -1 -1 
439 20 872 577 87 216 -1 -1 -1 -1 
440 20 873 577 88 217 -1 -1 -1 -1 
441 20 874 578 90 222 -1 -1 -1 -1 
442 20 875 579 91 224 -1 -1 -1 -1 
443 20 877 581 90 224 -1 -1 -1 -1 
444 20 878 583 90 223 -1 -1 -1 -1 
445 20 879 586 91 223 -1 -1 -1 -1 
446 20 880 588 90 222 -1 -1 -1 -1 
447 20 880 591 89 220 -1 -1 -1 -1 
448 20 879 593 90 224 -1 -1 -1 -1 
449 20 878 595 91 226 -1 -1 -1 -1 
450 20 879 597 91 226 -1 -1 -1 -1 
451 20 880 599 90 224 -1 -1 -1 -1 
452 20 881 601 90 223 -1 -1 -1 -1 
453 20 883 603 89 220 -1 -1 -1 -1 
454 20 884 604 88 219 -1 -1 -1 -1 
455 20 884 605 89 217 -1 -1 -1 -1 
456 20 885 605 89 218 -1 -1 -1 -1 
457 20 886 605 89 218 -1 -1 -1 -1 
458 20 887 606 89 218 -1 -1 -1 -1 
459 20 889 608 89 219 -1 -1 -1 -1 
460 20 890 609 89 222 -1 -1 -1 -1 
461 20 891 611 90 223 -1 -1 -1 -1 
462 20 893 613 90 223 -1 -1 -1 -1 
463 20 896 616 89 220 -1 -1 -1 -1 
464 20 896 618 90 221 -1 -1 -1 -1 
465 20 897 621 88 218 -1 -1 -1 -1 
466 20 898 623 88 218 -1 -1 -1 -1 
467 20 899 624 91 224 -1 -1 -1 -1 
468 20 901 625 91 226 -1 -1 -1 -1 
469 20 902 625 92 227 -1 -1 -1 -1 
470 20 904 626 91 226 -1 -1 -1 -1 
471 20 905 627 91 224 -1 -1 -1 -1 
472 20 906 628 90 222 -1 -1 -1 -1 
473 20 907 629 89 221 -1 -1 -1 -1 
474 20 907 630 90 222 -1 -1 -1 -1 
475 20 907 631 91 224 -1 -1 -1 -1 
476 20 907 634 91 227 -1 -1 -1 -1 
477 20 906 637 93 229 -1 -1 -1 -1 
478 20 907 639 92 227 -1 -1 -1 -1 
479 20 908 641 92 227 -1 -1 -1 -1 
480 20 908 644 91 225 -1 -1 -1 -1 
481 20 907 646 92 227 -1 -1 -1 -1 
482 20 908 649 92 230 -1 -1 -1 -1 
483 20 907 652 94 232 -1 -1 -1 -1 
484 20 907 653 94 234 -1 -1 -1 -1 
485 20 907 654 94 235 -1 -1 -1 -1 
486 20 907 655 95 234 -1 -1 -1 -1 
487 20 908 656 94 232 -1 -1 -1 -1 
488 20 909 657 94 231 -1 -1 -1 -1 
489 20 910 659 93 228 -1 -1 -1 -1 
490 20 911 661 92 226 -1 -1 -1 -1 
491 20 913 661 91 227 -1 -1 -1 -1 
492 20 914 661 92 229 -1 -1 -1 -1 
493 20 915 663 92 229 -1 -1 -1 -1 
494 20 916 665 92 229 -1 -1 -1 -1 
495 20 917 667 92 230 -1 -1 -1 -1 
496 20 918 670 92 228 -1 -1 -1 -1 
497 20 919 673 92 226 -1 -1 -1 -1 
498 20 921 675 91 227 -1 -1 -1 -1 
499 20 922 679 91 224 -1 -1 -1 -1 
500 20 924 682 90 225 -1 -1 -1 -1 
501 20 925 684 91 229 -1 -1 -1 -1 
502 20 927 686 92 231 -1 -1 -1 -1 
503 20 929 688 92 230 -1 -1 -1 -1 
504 20 930 690 90 226 -1 -1 -1 -1 
505 20 931 691 89 224 -1 -1 -1 -1 
506 20 930 691 91 225 -1 -1 -1 -1 
507 20 931 691 90 225 -1 -1 -1 -1 
508 20 930 692 92 225 -1 -1 -1 -1 
509 20 931 694 91 226 -1 -1 -1 -1 
510 20 932 696 91 227 -1 -1 -1 -1 
511 20 932 698 93 230 -1 -1 -1 -1 
512 20 933 700 94 234 -1 -1 -1 -1 
513 20 933 702 95 235 -1 -1 -1 -1 
514 20 934 705 94 234 -1 -1 -1 -1 
515 20 936 708 93 233 -1 -1 -1 -1 
516 20 937 711 91 230 -1 -1 -1 -1 
517 20 937 713 91 229 -1 -1 -1 -1 
518 20 937 713 93 236 -1 -1 -1 -1 
519 20 938 715 94 237 -1 -1 -1 -1 
520 20 939 717 94 237 -1 -1 -1 -1 
521 20 941 719 96 237 -1 -1 -1 -1 
522 20 943 721 96 236 -1 -1 -1 -1 
523 20 944 721 96 236 -1 -1 -1 -1 
524 20 946 723 95 234 -1 -1 -1 -1 
525 20 949 724 93 232 -1 -1 -1 -1 
526 20 951 726 92 229 -1 -1 -1 -1 
527 20 952 727 92 230 -1 -1 -1 -1 
528 20 952 728 94 233 -1 -1 -1 -1 
529 20 954 730 94 233 -1 -1 -1 -1 
530 20 958 733 93 231 -1 -1 -1 -1 
531 20 960 735 93 230 -1 -1 -1 -1 
532 20 964 738 91 227 -1 -1 -1 -1 
533 20 965 742 90 224 -1 -1 -1 -1 
534 20 967 745 89 220 -1 -1 -1 -1 
535 20 967 746 89 219 -1 -1 -1 -1 
536 20 969 748 89 220 -1 -1 -1 -1 
537 20 973 750 88 218 -1 -1 -1 -1 
538 20 974 751 90 222 -1 -1 -1 -1 
539 20 976 752 89 222 -1 -1 -1 -1 
540 20 978 751 89 222 -1 -1 -1 -1 
541 20 981 753 88 221 -1 -1 -1 -1 
542 20 983 754 90 226 -1 -1 -1 -1 
543 20 986 757 89 225 -1 -1 -1 -1 
544 20 986 759 91 225 -1 -1 -1 -1 
545 20 988 762 90 224 -1 -1 -1 -1 
546 20 989 764 91 227 -1 -1 -1 -1 
547 20 991 765 89 219 -1 -1 -1 -1 
548 20 992 768 88 215 -1 -1 -1 -1 
549 20 994 770 88 214 -1 -1 -1 -1 
550 20 996 774 87 212 -1 -1 -1 -1 
551 20 998 776 87 213 -1 -1 -1 -1 
552 20 1001 778 85 211 -1 -1 -1 -1 
553 20 1002 781 86 209 -1 -1 -1 -1 
554 20 1004 782 85 210 -1 -1 -1 -1 
555 20 1005 783 86 211 -1 -1 -1 -1 
556 20 1007 785 88 214 -1 -1 -1 -1 
557 20 1009 787 88 214 -1 -1 -1 -1 
558 20 1010 787 89 219 -1 -1 -1 -1 
559 20 1008 789 94 226 -1 -1 -1 -1 
560 20 1011 790 93 227 -1 -1 -1 -1 
561 20 1012 790 93 232 -1 -1 -1 -1 
562 20 1013 792 94 234 -1 -1 -1 -1 
563 20 1016 794 99 248 -1 -1 -1 -1 
564 20 1016 797 103 258 -1 -1 -1 -1 
565 20 1018 799 104 261 -1 -1 -1 -1 
566 20 1021 803 103 257 -1 -1 -1 -1 
567 20 1025 807 101 250 -1 -1 -1 -1 
568 20 1029 810 101 248 -1 -1 -1 -1 
569 20 1030 812 102 251 -1 -1 -1 -1 
570 20 1033 813 102 251 -1 -1 -1 -1 
571 20 1035 815 102 251 -1 -1 -1 -1 
572 20 1038 817 101 250 -1 -1 -1 -1 
573 20 1039 819 102 249 -1 -1 -1 -1 
574 20 1041 819 100 249 -1 -1 -1 -1 
575 20 1042 820 99 248 -1 -1 -1 -1 
576 20 1043 821 99 246 -1 -1 -1 -1 
577 20 1044 824 99 243 -1 -1 -1 -1 
578 20 1046 826 98 242 -1 -1 -1 -1 
579 20 1048 829 97 240 -1 -1 -1 -1 
580 20 1049 831 97 238 -1 -1 -1 -1 
581 20 1050 833 96 236 -1 -1 -1 -1 
582 20 1053 836 95 234 -1 -1 -1 -1 
583 20 1053 839 96 232 -1 -1 -1 -1 
584 20 1054 842 95 229 -1 -1 -1 -1 
585 20 1056 844 95 226 -1 -1 -1 -1 
586 20 1058 846 95 226 -1 -1 -1 -1 
587 20 1060 849 93 224 -1 -1 -1 -1 
588 20 1061 851 92 222 -1 -1 -1 -1 
589 20 1061 852 92 221 -1 -1 -1 -1 
590 20 1062 853 91 220 -1 -1 -1 -1 
591 20 1064 854 90 218 -1 -1 -1 -1 
592 20 1066 855 89 216 -1 -1 -1 -1 
593 20 1068 856 89 216 -1 -1 -1 -1 
594 20 1071 858 87 213 -1 -1 -1 -1 
595 20 1073 860 86 213 -1 -1 -1 -1 
596 20 1075 862 85 210 -1 -1 -1 -1 
597 20 1075 864 87 208 -1 -1 -1 -1 
598 20 1077 867 86 205 -1 -1 -1 -1 
599 20 1079 869 87 203 -1 -1 -1 -1 
600 20 1082 872 85 200 -1 -1 -1 -1 
601 20 1084 876 84 196 -1 -1 -1 -1 
602 20 1087 878 83 195 -1 -1 -1 -1 
603 20 1088 882 84 191 -1 -1 -1 -1 
604 20 1090 884 83 189 -1 -1 -1 -1 
605 20 1093 884 82 189 -1 -1 -1 -1 
606 20 1099 886 79 187 -1 -1 -1 -1 
607 20 1103 888 79 185 -1 -1 -1 -1 
608 20 1106 889 78 183 -1 -1 -1 -1 
609 20 1109 890 78 183 -1 -1 -1 -1 
610 20 1110 891 80 184 -1 -1 -1 -1 
611 20 1111 892 80 184 -1 -1 -1 -1 
612 20 1114 894 76 182 -1 -1 -1 -1 
613 20 1115 897 74 179 -1 -1 -1 -1 
614 20 1121 900 74 177 -1 -1 -1 -1 
615 20 1117 903 75 175 -1 -1 -1 -1 
616 20 1117 904 75 174 -1 -1 -1 -1 
617 20 1115 907 76 171 -1 -1 -1 -1 
618 20 1116 909 77 168 -1 -1 -1 -1 
619 20 1117 911 74 165 -1 -1 -1 -1 
620 20 1117 913 74 162 -1 -1 -1 -1 
621 20 1117 915 74 158 -1 -1 -1 -1 
622 20 1117 917 73 155 -1 -1 -1 -1 
623 20 1117 920 73 152 -1 -1 -1 -1 
624 20 1118 922 73 151 -1 -1 -1 -1 
625 20 1120 923 72 151 -1 -1 -1 -1 
626 20 1121 925 72 150 -1 -1 -1 -1 
627 20 1123 925 71 151 -1 -1 -1 -1 
628 20 1126 926 70 150 -1 -1 -1 -1 
629 20 1127 927 69 150 -1 -1 -1 -1 
630 20 1129 928 68 149 -1 -1 -1 -1 
631 20 1130 929 67 147 -1 -1 -1 -1 
632 20 1130 931 66 145 -1 -1 -1 -1 
633 20 1130 934 67 142 -1 -1 -1 -1 
634 20 1131 936 67 139 -1 -1 -1 -1 
635 20 1131 940 69 136 -1 -1 -1 -1 
636 20 1133 943 68 134 -1 -1 -1 -1 
637 20 1135 946 67 130 -1 -1 -1 -1 
638 20 1137 949 66 126 -1 -1 -1 -1 
639 20 1138 951 66 124 -1 -1 -1 -1 
640 20 1138 952 66 122 -1 -1 -1 -1 
641 20 1139 955 65 119 -1 -1 -1 -1 
642 20 1139 957 62 119 -1 -1 -1 -1 
643 20 1141 958 61 117 -1 -1 -1 -1 
644 20 1143 961 59 113 -1 -1 -1 -1 
645 20 1142 962 58 114 -1 -1 -1 -1 
646 20 1143 963 57 112 -1 -1 -1 -1 
1 21 407 99 60 149 -1 -1 -1 -1 
2 21 407 97 60 150 -1 -1 -1 -1 
3 21 406 90 62 155 -1 -1 -1 -1 
4 21 407 92 60 152 -1 -1 -1 -1 
5 21 407 91 60 152 -1 -1 -1 -1 
6 21 409 97 59 147 -1 -1 -1 -1 
7 21 411 99 57 145 -1 -1 -1 -1 
8 21 411 101 58 144 -1 -1 -1 -1 
9 21 412 102 57 143 -1 -1 -1 -1 
10 21 412 102 58 144 -1 -1 -1 -1 
11 21 412 101 59 146 -1 -1 -1 -1 
12 21 412 101 59 146 -1 -1 -1 -1 
13 21 412 101 59 146 -1 -1 -1 -1 
14 21 412 101 58 145 -1 -1 -1 -1 
15 21 412 99 58 146 -1 -1 -1 -1 
16 21 410 93 60 151 -1 -1 -1 -1 
17 21 408 89 61 153 -1 -1 -1 -1 
18 21 408 88 60 151 -1 -1 -1 -1 
19 21 409 87 58 148 -1 -1 -1 -1 
20 21 408 86 58 146 -1 -1 -1 -1 
21 21 409 87 56 144 -1 -1 -1 -1 
22 21 409 86 56 143 -1 -1 -1 -1 
23 21 409 84 56 143 -1 -1 -1 -1 
24 21 407 80 58 146 -1 -1 -1 -1 
25 21 406 79 58 147 -1 -1 -1 -1 
26 21 406 78 58 148 -1 -1 -1 -1 
27 21 404 78 59 149 -1 -1 -1 -1 
28 21 405 81 57 146 -1 -1 -1 -1 
29 21 404 79 59 148 -1 -1 -1 -1 
30 21 404 78 59 149 -1 -1 -1 -1 
31 21 404 79 58 148 -1 -1 -1 -1 
32 21 404 78 59 148 -1 -1 -1 -1 
33 21 403 74 61 151 -1 -1 -1 -1 
34 21 404 75 60 150 -1 -1 -1 -1 
35 21 403 68 62 155 -1 -1 -1 -1 
36 21 402 64 62 151 -1 -1 -1 -1 
37 21 402 61 62 149 -1 -1 -1 -1 
38 21 403 54 62 154 -1 -1 -1 -1 
39 21 404 53 61 157 -1 -1 -1 -1 
40 21 397 71 57 144 -1 -1 -1 -1 
41 21 394 76 57 144 -1 -1 -1 -1 
42 21 397 81 55 142 -1 -1 -1 -1 
43 21 397 85 56 139 -1 -1 -1 -1 
44 21 398 92 58 139 -1 -1 -1 -1 
45 21 400 89 56 137 -1 -1 -1 -1 
46 21 407 94 52 127 -1 -1 -1 -1 
47 21 411 97 49 121 -1 -1 -1 -1 
48 21 415 99 46 117 -1 -1 -1 -1 
49 21 417 99 48 122 -1 -1 -1 -1 
50 21 418 99 54 132 -1 -1 -1 -1 
51 21 420 96 56 140 -1 -1 -1 -1 
52 21 422 92 58 145 -1 -1 -1 -1 
53 21 426 92 59 146 -1 -1 -1 -1 
54 21 431 97 57 142 -1 -1 -1 -1 
55 21 436 100 55 138 -1 -1 -1 -1 
56 21 438 102 55 133 -1 -1 -1 -1 
57 21 442 103 54 134 -1 -1 -1 -1 
58 21 443 104 55 133 -1 -1 -1 -1 
62 21 453 106 54 134 -1 -1 -1 -1 
63 21 455 104 54 135 -1 -1 -1 -1 
64 21 458 104 55 135 -1 -1 -1 -1 
65 21 460 105 55 134 -1 -1 -1 -1 
66 21 462 107 54 133 -1 -1 -1 -1 
67 21 462 105 58 140 -1 -1 -1 -1 
68 21 463 103 58 145 -1 -1 -1 -1 
69 21 463 104 60 148 -1 -1 -1 -1 
70 21 464 103 61 153 -1 -1 -1 -1 
71 21 465 105 63 161 -1 -1 -1 -1 
72 21 467 109 64 166 -1 -1 -1 -1 
73 21 470 116 61 158 -1 -1 -1 -1 
74 21 471 118 60 153 -1 -1 -1 -1 
75 21 471 120 61 157 -1 -1 -1 -1 
76 21 472 121 62 156 -1 -1 -1 -1 
77 21 473 120 65 167 -1 -1 -1 -1 
78 21 473 120 67 170 -1 -1 -1 -1 
79 21 474 122 66 166 -1 -1 -1 -1 
80 21 475 123 62 157 -1 -1 -1 -1 
81 21 475 123 64 163 -1 -1 -1 -1 
82 21 474 123 65 166 -1 -1 -1 -1 
83 21 473 124 66 168 -1 -1 -1 -1 
84 21 474 123 65 166 -1 -1 -1 -1 
85 21 474 123 65 162 -1 -1 -1 -1 
86 21 475 124 64 159 -1 -1 -1 -1 
87 21 475 126 65 163 -1 -1 -1 -1 
88 21 475 127 65 166 -1 -1 -1 -1 
89 21 475 129 65 164 -1 -1 -1 -1 
90 21 476 131 63 160 -1 -1 -1 -1 
91 21 477 132 64 161 -1 -1 -1 -1 
92 21 477 132 64 165 -1 -1 -1 -1 
93 21 478 132 65 164 -1 -1 -1 -1 
94 21 478 132 66 165 -1 -1 -1 -1 
95 21 478 133 66 167 -1 -1 -1 -1 
96 21 478 134 66 164 -1 -1 -1 -1 
97 21 479 134 65 164 -1 -1 -1 -1 
98 21 479 135 65 162 -1 -1 -1 -1 
99 21 478 137 66 163 -1 -1 -1 -1 
100 21 479 142 64 160 -1 -1 -1 -1 
101 21 479 144 64 159 -1 -1 -1 -1 
102 21 478 146 65 160 -1 -1 -1 -1 
103 21 477 147 65 161 -1 -1 -1 -1 
104 21 476 149 64 160 -1 -1 -1 -1 
105 21 476 150 64 162 -1 -1 -1 -1 
106 21 475 151 64 162 -1 -1 -1 -1 
107 21 474 151 64 160 -1 -1 -1 -1 
108 21 474 152 64 159 -1 -1 -1 -1 
109 21 474 152 62 155 -1 -1 -1 -1 
110 21 474 152 61 151 -1 -1 -1 -1 
111 21 474 152 61 152 -1 -1 -1 -1 
112 21 474 153 61 152 -1 -1 -1 -1 
113 21 475 154 61 152 -1 -1 -1 -1 
114 21 475 154 62 154 -1 -1 -1 -1 
115 21 476 156 62 153 -1 -1 -1 -1 
116 21 477 158 61 152 -1 -1 -1 -1 
117 21 478 160 60 150 -1 -1 -1 -1 
118 21 478 162 60 149 -1 -1 -1 -1 
119 21 478 165 60 148 -1 -1 -1 -1 
120 21 479 167 59 146 -1 -1 -1 -1 
121 21 479 169 59 147 -1 -1 -1 -1 
122 21 479 169 59 147 -1 -1 -1 -1 
123 21 477 170 61 148 -1 -1 -1 -1 
124 21 478 169 60 149 -1 -1 -1 -1 
125 21 478 169 59 148 -1 -1 -1 -1 
126 21 477 169 61 151 -1 -1 -1 -1 
127 21 477 170 61 152 -1 -1 -1 -1 
128 21 477 172 61 152 -1 -1 -1 -1 
129 21 476 175 61 151 -1 -1 -1 -1 
130 21 475 176 62 153 -1 -1 -1 -1 
131 21 477 178 60 150 -1 -1 -1 -1 
132 21 476 178 61 153 -1 -1 -1 -1 
133 21 477 179 61 153 -1 -1 -1 -1 
134 21 477 180 61 152 -1 -1 -1 -1 
135 21 477 181 60 151 -1 -1 -1 -1 
136 21 476 181 62 152 -1 -1 -1 -1 
137 21 477 181 61 152 -1 -1 -1 -1 
138 21 476 180 62 155 -1 -1 -1 -1 
139 21 476 180 62 156 -1 -1 -1 -1 
140 21 477 181 61 155 -1 -1 -1 -1 
141 21 478 183 61 153 -1 -1 -1 -1 
142 21 480 186 59 151 -1 -1 -1 -1 
143 21 480 187 61 154 -1 -1 -1 -1 
144 21 480 186 62 157 -1 -1 -1 -1 
145 21 480 188 62 156 -1 -1 -1 -1 
146 21 483 191 58 151 -1 -1 -1 -1 
147 21 481 191 61 155 -1 -1 -1 -1 
148 21 483 195 59 151 -1 -1 -1 -1 
149 21 484 195 61 154 -1 -1 -1 -1 
150 21 485 198 62 154 -1 -1 -1 -1 
151 21 488 199 61 153 -1 -1 -1 -1 
152 21 489 199 61 154 -1 -1 -1 -1 
153 21 490 200 61 154 -1 -1 -1 -1 
154 21 490 201 63 155 -1 -1 -1 -1 
155 21 491 202 62 155 -1 -1 -1 -1 
156 21 491 202 64 157 -1 -1 -1 -1 
157 21 490 203 65 159 -1 -1 -1 -1 
158 21 491 202 66 161 -1 -1 -1 -1 
159 21 492 204 65 160 -1 -1 -1 -1 
160 21 492 204 66 160 -1 -1 -1 -1 
161 21 493 205 66 160 -1 -1 -1 -1 
162 21 493 209 65 157 -1 -1 -1 -1 
163 21 494 212 65 157 -1 -1 -1 -1 
164 21 495 213 65 157 -1 -1 -1 -1 
165 21 495 214 65 156 -1 -1 -1 -1 
166 21 495 214 66 158 -1 -1 -1 -1 
167 21 494 215 66 159 -1 -1 -1 -1 
168 21 495 215 66 160 -1 -1 -1 -1 
169 21 496 215 65 160 -1 -1 -1 -1 
170 21 496 217 65 159 -1 -1 -1 -1 
171 21 498 218 64 157 -1 -1 -1 -1 
172 21 499 220 63 156 -1 -1 -1 -1 
173 21 500 221 63 156 -1 -1 -1 -1 
174 21 502 223 63 158 -1 -1 -1 -1 
175 21 503 224 62 157 -1 -1 -1 -1 
176 21 503 226 63 158 -1 -1 -1 -1 
177 21 504 226 63 159 -1 -1 -1 -1 
178 21 507 226 65 164 -1 -1 -1 -1 
179 21 508 227 65 161 -1 -1 -1 -1 
180 21 510 228 62 157 -1 -1 -1 -1 
181 21 511 229 61 156 -1 -1 -1 -1 
182 21 512 230 61 155 -1 -1 -1 -1 
183 21 513 231 62 154 -1 -1 -1 -1 
184 21 515 231 62 155 -1 -1 -1 -1 
185 21 515 231 64 158 -1 -1 -1 -1 
203 21 549 250 60 153 -1 -1 -1 -1 
204 21 551 251 61 157 -1 -1 -1 -1 
205 21 551 252 64 161 -1 -1 -1 -1 
206 21 552 255 64 162 -1 -1 -1 -1 
207 21 552 256 66 165 -1 -1 -1 -1 
208 21 554 259 66 163 -1 -1 -1 -1 
209 21 557 262 66 163 -1 -1 -1 -1 
210 21 559 263 67 163 -1 -1 -1 -1 
211 21 561 264 67 165 -1 -1 -1 -1 
212 21 562 264 67 165 -1 -1 -1 -1 
213 21 564 264 67 167 -1 -1 -1 -1 
214 21 565 264 67 163 -1 -1 -1 -1 
215 21 567 266 65 162 -1 -1 -1 -1 
216 21 569 267 64 161 -1 -1 -1 -1 
217 21 570 270 64 160 -1 -1 -1 -1 
218 21 572 273 64 166 -1 -1 -1 -1 
219 21 573 274 63 160 -1 -1 -1 -1 
220 21 574 272 62 158 -1 -1 -1 -1 
221 21 574 273 62 156 -1 -1 -1 -1 
222 21 575 273 62 156 -1 -1 -1 -1 
223 21 580 277 58 152 -1 -1 -1 -1 
1 22 1408 200 61 151 -1 -1 -1 -1 
2 22 1407 198 60 150 -1 -1 -1 -1 
3 22 1406 196 60 151 -1 -1 -1 -1 
4 22 1403 196 62 156 -1 -1 -1 -1 
5 22 1401 195 64 160 -1 -1 -1 -1 
6 22 1399 194 66 168 -1 -1 -1 -1 
7 22 1397 193 66 164 -1 -1 -1 -1 
8 22 1397 193 66 168 -1 -1 -1 -1 
9 22 1395 192 67 166 -1 -1 -1 -1 
10 22 1394 190 68 169 -1 -1 -1 -1 
11 22 1392 189 69 170 -1 -1 -1 -1 
12 22 1390 188 70 173 -1 -1 -1 -1 
13 22 1389 189 71 175 -1 -1 -1 -1 
14 22 1388 189 70 175 -1 -1 -1 -1 
15 22 1387 190 69 170 -1 -1 -1 -1 
16 22 1385 189 67 168 -1 -1 -1 -1 
17 22 1382 189 69 170 -1 -1 -1 -1 
18 22 1382 190 67 167 -1 -1 -1 -1 
19 22 1379 191 69 171 -1 -1 -1 -1 
20 22 1379 189 73 183 -1 -1 -1 -1 
21 22 1376 190 71 174 -1 -1 -1 -1 
22 22 1374 190 69 168 -1 -1 -1 -1 
23 22 1373 190 69 167 -1 -1 -1 -1 
24 22 1371 190 69 169 -1 -1 -1 -1 
25 22 1369 189 71 173 -1 -1 -1 -1 
26 22 1367 189 70 169 -1 -1 -1 -1 
27 22 1366 189 69 168 -1 -1 -1 -1 
28 22 1365 190 68 165 -1 -1 -1 -1 
29 22 1363 192 64 161 -1 -1 -1 -1 
30 22 1360 192 63 157 -1 -1 -1 -1 
31 22 1358 192 63 156 -1 -1 -1 -1 
32 22 1358 191 64 160 -1 -1 -1 -1 
33 22 1357 190 65 162 -1 -1 -1 -1 
34 22 1354 189 67 166 -1 -1 -1 -1 
35 22 1348 189 67 165 -1 -1 -1 -1 
36 22 1344 188 67 166 -1 -1 -1 -1 
37 22 1343 185 67 168 -1 -1 -1 -1 
38 22 1341 186 67 165 -1 -1 -1 -1 
39 22 1340 186 64 159 -1 -1 -1 -1 
40 22 1338 186 65 162 -1 -1 -1 -1 
41 22 1335 185 67 166 -1 -1 -1 -1 
42 22 1332 185 69 170 -1 -1 -1 -1 
60 22 1289 183 57 142 -1 -1 -1 -1 
61 22 1291 182 55 139 -1 -1 -1 -1 
62 22 1293 182 54 136 -1 -1 -1 -1 
63 22 1288 181 55 136 -1 -1 -1 -1 
64 22 1282 180 56 139 -1 -1 -1 -1 
65 22 1279 179 58 143 -1 -1 -1 -1 
66 22 1277 177 60 148 -1 -1 -1 -1 
67 22 1275 176 61 149 -1 -1 -1 -1 
68 22 1275 174 61 149 -1 -1 -1 -1 
69 22 1272 176 60 146 -1 -1 -1 -1 
70 22 1268 176 59 146 -1 -1 -1 -1 
71 22 1265 178 57 142 -1 -1 -1 -1 
72 22 1261 176 60 149 -1 -1 -1 -1 
73 22 1259 175 59 147 -1 -1 -1 -1 
74 22 1256 173 59 146 -1 -1 -1 -1 
75 22 1253 174 57 143 -1 -1 -1 -1 
76 22 1249 174 57 142 -1 -1 -1 -1 
77 22 1245 171 59 146 -1 -1 -1 -1 
78 22 1243 169 60 149 -1 -1 -1 -1 
79 22 1242 169 60 150 -1 -1 -1 -1 
80 22 1239 168 60 152 -1 -1 -1 -1 
81 22 1237 168 60 150 -1 -1 -1 -1 
82 22 1232 167 61 153 -1 -1 -1 -1 
83 22 1225 165 64 158 -1 -1 -1 -1 
84 22 1221 162 66 161 -1 -1 -1 -1 
85 22 1219 160 66 163 -1 -1 -1 -1 
86 22 1218 159 66 163 -1 -1 -1 -1 
87 22 1216 158 66 162 -1 -1 -1 -1 
88 22 1215 156 65 163 -1 -1 -1 -1 
89 22 1212 155 65 165 -1 -1 -1 -1 
90 22 1209 155 67 167 -1 -1 -1 -1 
91 22 1206 155 67 168 -1 -1 -1 -1 
92 22 1200 155 68 168 -1 -1 -1 -1 
93 22 1196 154 68 170 -1 -1 -1 -1 
94 22 1194 154 67 167 -1 -1 -1 -1 
95 22 1192 154 67 166 -1 -1 -1 -1 
96 22 1190 155 66 163 -1 -1 -1 -1 
97 22 1187 156 66 161 -1 -1 -1 -1 
98 22 1185 157 64 159 -1 -1 -1 -1 
99 22 1183 158 63 157 -1 -1 -1 -1 
100 22 1180 157 64 158 -1 -1 -1 -1 
101 22 1175 157 63 157 -1 -1 -1 -1 
102 22 1172 155 63 159 -1 -1 -1 -1 
103 22 1168 154 65 160 -1 -1 -1 -1 
104 22 1165 155 64 159 -1 -1 -1 -1 
105 22 1162 155 64 159 -1 -1 -1 -1 
106 22 1159 154 64 159 -1 -1 -1 -1 
107 22 1155 153 64 159 -1 -1 -1 -1 
108 22 1153 153 63 157 -1 -1 -1 -1 
109 22 1151 152 63 158 -1 -1 -1 -1 
110 22 1148 151 62 159 -1 -1 -1 -1 
111 22 1144 151 63 160 -1 -1 -1 -1 
112 22 1141 152 63 158 -1 -1 -1 -1 
113 22 1139 152 62 157 -1 -1 -1 -1 
114 22 1135 152 62 155 -1 -1 -1 -1 
115 22 1132 151 62 157 -1 -1 -1 -1 
116 22 1129 150 63 159 -1 -1 -1 -1 
117 22 1126 149 63 160 -1 -1 -1 -1 
118 22 1123 149 63 160 -1 -1 -1 -1 
119 22 1119 150 63 159 -1 -1 -1 -1 
120 22 1116 150 62 157 -1 -1 -1 -1 
121 22 1114 149 61 155 -1 -1 -1 -1 
122 22 1109 148 63 156 -1 -1 -1 -1 
123 22 1106 146 63 157 -1 -1 -1 -1 
124 22 1103 144 62 158 -1 -1 -1 -1 
125 22 1100 143 63 159 -1 -1 -1 -1 
126 22 1097 143 63 159 -1 -1 -1 -1 
127 22 1094 142 64 160 -1 -1 -1 -1 
128 22 1092 142 64 160 -1 -1 -1 -1 
129 22 1089 142 64 159 -1 -1 -1 -1 
130 22 1085 142 64 160 -1 -1 -1 -1 
131 22 1081 142 64 159 -1 -1 -1 -1 
132 22 1079 141 63 159 -1 -1 -1 -1 
133 22 1075 140 64 161 -1 -1 -1 -1 
134 22 1072 140 64 160 -1 -1 -1 -1 
135 22 1070 141 62 158 -1 -1 -1 -1 
136 22 1067 141 63 157 -1 -1 -1 -1 
137 22 1065 141 62 157 -1 -1 -1 -1 
138 22 1061 142 61 155 -1 -1 -1 -1 
139 22 1058 141 62 156 -1 -1 -1 -1 
140 22 1054 141 62 157 -1 -1 -1 -1 
141 22 1052 140 62 157 -1 -1 -1 -1 
142 22 1049 139 63 158 -1 -1 -1 -1 
143 22 1046 139 63 157 -1 -1 -1 -1 
144 22 1042 138 63 158 -1 -1 -1 -1 
145 22 1038 138 63 157 -1 -1 -1 -1 
146 22 1035 136 62 158 -1 -1 -1 -1 
147 22 1032 135 62 158 -1 -1 -1 -1 
148 22 1030 134 62 158 -1 -1 -1 -1 
149 22 1027 133 62 156 -1 -1 -1 -1 
150 22 1023 133 63 158 -1 -1 -1 -1 
151 22 1020 133 63 159 -1 -1 -1 -1 
152 22 1017 133 63 160 -1 -1 -1 -1 
153 22 1013 134 63 157 -1 -1 -1 -1 
154 22 1011 133 60 156 -1 -1 -1 -1 
155 22 1007 132 61 157 -1 -1 -1 -1 
156 22 1005 132 61 156 -1 -1 -1 -1 
157 22 1002 132 62 156 -1 -1 -1 -1 
158 22 999 133 63 156 -1 -1 -1 -1 
159 22 996 133 63 156 -1 -1 -1 -1 
160 22 994 133 62 155 -1 -1 -1 -1 
161 22 990 134 62 154 -1 -1 -1 -1 
162 22 987 132 60 154 -1 -1 -1 -1 
163 22 985 132 60 153 -1 -1 -1 -1 
164 22 983 130 60 154 -1 -1 -1 -1 
165 22 981 130 60 153 -1 -1 -1 -1 
166 22 979 129 59 153 -1 -1 -1 -1 
167 22 976 128 60 154 -1 -1 -1 -1 
168 22 973 127 60 155 -1 -1 -1 -1 
169 22 967 125 62 155 -1 -1 -1 -1 
170 22 963 125 61 155 -1 -1 -1 -1 
171 22 960 125 62 157 -1 -1 -1 -1 
172 22 958 125 61 156 -1 -1 -1 -1 
173 22 954 125 62 155 -1 -1 -1 -1 
174 22 952 125 61 156 -1 -1 -1 -1 
175 22 951 126 60 154 -1 -1 -1 -1 
176 22 949 127 60 153 -1 -1 -1 -1 
177 22 947 127 59 151 -1 -1 -1 -1 
178 22 942 127 59 151 -1 -1 -1 -1 
179 22 938 127 60 154 -1 -1 -1 -1 
180 22 935 126 61 155 -1 -1 -1 -1 
181 22 932 125 62 157 -1 -1 -1 -1 
182 22 930 126 62 155 -1 -1 -1 -1 
183 22 927 125 63 155 -1 -1 -1 -1 
184 22 924 125 61 152 -1 -1 -1 -1 
185 22 919 124 61 153 -1 -1 -1 -1 
186 22 917 123 60 152 -1 -1 -1 -1 
187 22 915 122 59 151 -1 -1 -1 -1 
188 22 914 120 59 153 -1 -1 -1 -1 
189 22 910 119 59 152 -1 -1 -1 -1 
190 22 907 119 59 148 -1 -1 -1 -1 
191 22 904 119 58 148 -1 -1 -1 -1 
192 22 903 120 58 148 -1 -1 -1 -1 
193 22 901 120 58 150 -1 -1 -1 -1 
194 22 897 120 58 146 -1 -1 -1 -1 
195 22 894 120 59 149 -1 -1 -1 -1 
196 22 892 121 59 150 -1 -1 -1 -1 
197 22 891 121 59 145 -1 -1 -1 -1 
202 22 867 118 61 153 -1 -1 -1 -1 
203 22 863 116 62 155 -1 -1 -1 -1 
204 22 861 115 62 157 -1 -1 -1 -1 
205 22 860 113 62 157 -1 -1 -1 -1 
206 22 857 112 64 157 -1 -1 -1 -1 
207 22 855 111 64 158 -1 -1 -1 -1 
208 22 853 112 64 157 -1 -1 -1 -1 
209 22 852 111 63 157 -1 -1 -1 -1 
210 22 851 111 63 158 -1 -1 -1 -1 
211 22 849 111 62 159 -1 -1 -1 -1 
212 22 846 111 61 156 -1 -1 -1 -1 
213 22 843 111 60 154 -1 -1 -1 -1 
214 22 841 111 61 154 -1 -1 -1 -1 
215 22 838 111 61 153 -1 -1 -1 -1 
216 22 834 111 62 154 -1 -1 -1 -1 
217 22 834 113 62 152 -1 -1 -1 -1 
218 22 833 114 62 151 -1 -1 -1 -1 
219 22 831 114 63 151 -1 -1 -1 -1 
220 22 825 113 63 154 -1 -1 -1 -1 
221 22 822 112 62 154 -1 -1 -1 -1 
222 22 819 111 61 154 -1 -1 -1 -1 
223 22 818 111 60 152 -1 -1 -1 -1 
224 22 815 111 59 150 -1 -1 -1 -1 
225 22 811 112 59 146 -1 -1 -1 -1 
226 22 809 112 58 142 -1 -1 -1 -1 
227 22 808 111 58 143 -1 -1 -1 -1 
228 22 807 111 57 143 -1 -1 -1 -1 
229 22 804 110 57 143 -1 -1 -1 -1 
230 22 799 108 59 145 -1 -1 -1 -1 
231 22 794 107 59 148 -1 -1 -1 -1 
232 22 790 107 60 149 -1 -1 -1 -1 
233 22 787 106 61 152 -1 -1 -1 -1 
234 22 786 107 62 154 -1 -1 -1 -1 
235 22 784 107 62 156 -1 -1 -1 -1 
236 22 780 108 62 154 -1 -1 -1 -1 
237 22 777 108 61 151 -1 -1 -1 -1 
238 22 775 107 60 150 -1 -1 -1 -1 
239 22 772 106 59 150 -1 -1 -1 -1 
240 22 769 105 59 151 -1 -1 -1 -1 
241 22 766 104 60 154 -1 -1 -1 -1 
242 22 764 104 61 154 -1 -1 -1 -1 
243 22 763 103 61 155 -1 -1 -1 -1 
244 22 762 103 61 155 -1 -1 -1 -1 
245 22 761 103 62 156 -1 -1 -1 -1 
246 22 760 103 62 155 -1 -1 -1 -1 
247 22 760 103 62 155 -1 -1 -1 -1 
248 22 760 103 61 154 -1 -1 -1 -1 
249 22 759 103 61 153 -1 -1 -1 -1 
250 22 758 103 61 154 -1 -1 -1 -1 
251 22 757 104 62 154 -1 -1 -1 -1 
252 22 757 104 62 154 -1 -1 -1 -1 
253 22 756 104 62 154 -1 -1 -1 -1 
254 22 754 103 63 156 -1 -1 -1 -1 
255 22 753 101 63 159 -1 -1 -1 -1 
256 22 752 101 63 159 -1 -1 -1 -1 
257 22 751 102 62 157 -1 -1 -1 -1 
258 22 751 103 61 156 -1 -1 -1 -1 
259 22 750 101 63 158 -1 -1 -1 -1 
260 22 749 101 63 157 -1 -1 -1 -1 
261 22 749 101 62 157 -1 -1 -1 -1 
262 22 748 102 62 156 -1 -1 -1 -1 
263 22 746 100 62 157 -1 -1 -1 -1 
264 22 745 100 63 157 -1 -1 -1 -1 
265 22 745 100 63 157 -1 -1 -1 -1 
266 22 745 100 62 158 -1 -1 -1 -1 
267 22 744 100 64 159 -1 -1 -1 -1 
268 22 744 100 63 159 -1 -1 -1 -1 
269 22 744 101 63 158 -1 -1 -1 -1 
270 22 744 101 63 158 -1 -1 -1 -1 
271 22 743 101 63 157 -1 -1 -1 -1 
272 22 744 102 62 156 -1 -1 -1 -1 
273 22 743 102 62 156 -1 -1 -1 -1 
274 22 743 102 62 156 -1 -1 -1 -1 
275 22 743 102 62 155 -1 -1 -1 -1 
276 22 743 102 61 154 -1 -1 -1 -1 
277 22 743 103 61 153 -1 -1 -1 -1 
278 22 743 104 61 151 -1 -1 -1 -1 
279 22 743 104 61 151 -1 -1 -1 -1 
280 22 743 104 61 152 -1 -1 -1 -1 
281 22 743 104 60 152 -1 -1 -1 -1 
282 22 742 105 61 152 -1 -1 -1 -1 
283 22 742 105 61 152 -1 -1 -1 -1 
284 22 742 106 60 151 -1 -1 -1 -1 
285 22 741 106 61 151 -1 -1 -1 -1 
286 22 741 106 61 152 -1 -1 -1 -1 
287 22 741 107 61 151 -1 -1 -1 -1 
288 22 739 107 61 151 -1 -1 -1 -1 
289 22 739 108 61 151 -1 -1 -1 -1 
290 22 737 108 61 152 -1 -1 -1 -1 
291 22 736 108 62 152 -1 -1 -1 -1 
292 22 735 109 61 151 -1 -1 -1 -1 
293 22 734 109 61 152 -1 -1 -1 -1 
294 22 733 110 61 153 -1 -1 -1 -1 
295 22 733 111 61 153 -1 -1 -1 -1 
296 22 732 111 61 154 -1 -1 -1 -1 
297 22 731 112 61 152 -1 -1 -1 -1 
298 22 732 113 59 148 -1 -1 -1 -1 
299 22 731 113 59 147 -1 -1 -1 -1 
300 22 731 113 58 145 -1 -1 -1 -1 
301 22 732 114 58 146 -1 -1 -1 -1 
302 22 732 113 58 146 -1 -1 -1 -1 
303 22 730 111 59 148 -1 -1 -1 -1 
304 22 729 111 59 147 -1 -1 -1 -1 
305 22 728 110 60 147 -1 -1 -1 -1 
306 22 727 110 61 148 -1 -1 -1 -1 
307 22 727 108 61 151 -1 -1 -1 -1 
308 22 726 107 62 153 -1 -1 -1 -1 
309 22 726 106 62 154 -1 -1 -1 -1 
310 22 725 107 62 153 -1 -1 -1 -1 
311 22 724 107 63 154 -1 -1 -1 -1 
312 22 724 107 63 154 -1 -1 -1 -1 
313 22 722 105 64 155 -1 -1 -1 -1 
314 22 722 105 63 153 -1 -1 -1 -1 
315 22 722 107 63 155 -1 -1 -1 -1 
316 22 722 105 64 158 -1 -1 -1 -1 
317 22 722 104 64 157 -1 -1 -1 -1 
318 22 722 104 64 157 -1 -1 -1 -1 
319 22 720 104 64 157 -1 -1 -1 -1 
320 22 722 104 63 157 -1 -1 -1 -1 
321 22 722 104 62 155 -1 -1 -1 -1 
322 22 722 104 62 153 -1 -1 -1 -1 
323 22 722 104 62 154 -1 -1 -1 -1 
324 22 721 104 61 151 -1 -1 -1 -1 
325 22 720 103 61 151 -1 -1 -1 -1 
326 22 718 105 60 150 -1 -1 -1 -1 
327 22 720 107 59 146 -1 -1 -1 -1 
328 22 720 108 59 145 -1 -1 -1 -1 
329 22 719 109 59 144 -1 -1 -1 -1 
330 22 718 107 59 145 -1 -1 -1 -1 
331 22 720 109 58 142 -1 -1 -1 -1 
332 22 719 108 58 143 -1 -1 -1 -1 
333 22 719 108 58 142 -1 -1 -1 -1 
334 22 718 107 58 143 -1 -1 -1 -1 
335 22 717 107 58 143 -1 -1 -1 -1 
336 22 717 108 58 142 -1 -1 -1 -1 
337 22 718 110 57 140 -1 -1 -1 -1 
338 22 717 111 57 140 -1 -1 -1 -1 
339 22 717 110 56 140 -1 -1 -1 -1 
340 22 715 110 57 141 -1 -1 -1 -1 
341 22 713 107 57 145 -1 -1 -1 -1 
342 22 713 106 58 145 -1 -1 -1 -1 
343 22 714 106 58 144 -1 -1 -1 -1 
344 22 716 107 56 141 -1 -1 -1 -1 
345 22 716 107 56 140 -1 -1 -1 -1 
346 22 715 108 56 139 -1 -1 -1 -1 
347 22 713 108 56 139 -1 -1 -1 -1 
348 22 712 109 56 139 -1 -1 -1 -1 
349 22 712 109 56 139 -1 -1 -1 -1 
350 22 713 110 55 137 -1 -1 -1 -1 
351 22 713 110 55 138 -1 -1 -1 -1 
352 22 713 109 55 140 -1 -1 -1 -1 
1 23 901 129 61 154 -1 -1 -1 -1 
2 23 902 128 61 154 -1 -1 -1 -1 
3 23 903 131 60 150 -1 -1 -1 -1 
4 23 904 132 60 149 -1 -1 -1 -1 
5 23 904 132 60 148 -1 -1 -1 -1 
6 23 905 133 59 148 -1 -1 -1 -1 
7 23 906 135 58 147 -1 -1 -1 -1 
8 23 906 140 59 146 -1 -1 -1 -1 
9 23 905 140 58 146 -1 -1 -1 -1 
10 23 905 141 59 147 -1 -1 -1 -1 
11 23 907 145 58 146 -1 -1 -1 -1 
12 23 907 147 59 145 -1 -1 -1 -1 
13 23 908 149 59 143 -1 -1 -1 -1 
14 23 908 149 58 143 -1 -1 -1 -1 
15 23 907 147 58 145 -1 -1 -1 -1 
16 23 906 146 59 146 -1 -1 -1 -1 
17 23 905 146 59 146 -1 -1 -1 -1 
18 23 905 145 59 147 -1 -1 -1 -1 
19 23 905 145 60 148 -1 -1 -1 -1 
20 23 904 145 60 149 -1 -1 -1 -1 
21 23 904 146 60 149 -1 -1 -1 -1 
22 23 904 146 60 151 -1 -1 -1 -1 
23 23 903 148 61 150 -1 -1 -1 -1 
24 23 903 148 61 151 -1 -1 -1 -1 
25 23 904 149 60 151 -1 -1 -1 -1 
26 23 905 150 59 150 -1 -1 -1 -1 
27 23 906 151 59 149 -1 -1 -1 -1 
28 23 906 153 59 148 -1 -1 -1 -1 
29 23 906 155 59 148 -1 -1 -1 -1 
30 23 905 155 59 150 -1 -1 -1 -1 
31 23 905 155 59 150 -1 -1 -1 -1 
32 23 905 155 59 150 -1 -1 -1 -1 
33 23 905 155 58 150 -1 -1 -1 -1 
34 23 905 156 59 148 -1 -1 -1 -1 
35 23 905 158 60 146 -1 -1 -1 -1 
36 23 905 159 60 146 -1 -1 -1 -1 
37 23 903 158 62 152 -1 -1 -1 -1 
38 23 902 158 61 153 -1 -1 -1 -1 
39 23 901 158 62 153 -1 -1 -1 -1 
40 23 901 160 62 156 -1 -1 -1 -1 
41 23 901 161 60 152 -1 -1 -1 -1 
42 23 899 162 60 154 -1 -1 -1 -1 
43 23 898 163 59 154 -1 -1 -1 -1 
44 23 898 164 58 153 -1 -1 -1 -1 
56 23 888 177 65 170 -1 -1 -1 -1 
57 23 884 177 69 178 -1 -1 -1 -1 
58 23 883 176 70 180 -1 -1 -1 -1 
59 23 882 178 70 178 -1 -1 -1 -1 
60 23 882 179 68 175 -1 -1 -1 -1 
61 23 885 180 63 162 -1 -1 -1 -1 
62 23 887 181 60 153 -1 -1 -1 -1 
63 23 887 181 60 152 -1 -1 -1 -1 
64 23 887 181 61 154 -1 -1 -1 -1 
65 23 887 182 60 152 -1 -1 -1 -1 
66 23 887 183 61 151 -1 -1 -1 -1 
67 23 887 183 60 151 -1 -1 -1 -1 
68 23 886 185 62 153 -1 -1 -1 -1 
69 23 886 186 61 153 -1 -1 -1 -1 
70 23 885 186 62 153 -1 -1 -1 -1 
71 23 884 187 63 154 -1 -1 -1 -1 
72 23 885 188 62 155 -1 -1 -1 -1 
73 23 885 191 61 154 -1 -1 -1 -1 
74 23 884 192 62 154 -1 -1 -1 -1 
75 23 884 192 62 155 -1 -1 -1 -1 
76 23 883 194 61 154 -1 -1 -1 -1 
77 23 881 195 62 153 -1 -1 -1 -1 
78 23 878 193 62 155 -1 -1 -1 -1 
79 23 875 191 62 156 -1 -1 -1 -1 
80 23 874 193 61 153 -1 -1 -1 -1 
81 23 872 195 60 151 -1 -1 -1 -1 
82 23 870 196 60 151 -1 -1 -1 -1 
83 23 871 198 59 150 -1 -1 -1 -1 
84 23 868 197 60 152 -1 -1 -1 -1 
85 23 867 199 60 151 -1 -1 -1 -1 
86 23 866 199 61 153 -1 -1 -1 -1 
87 23 866 202 60 151 -1 -1 -1 -1 
88 23 864 202 60 150 -1 -1 -1 -1 
89 23 865 205 59 146 -1 -1 -1 -1 
90 23 863 204 60 148 -1 -1 -1 -1 
91 23 860 204 61 149 -1 -1 -1 -1 
92 23 858 201 62 153 -1 -1 -1 -1 
93 23 858 202 62 154 -1 -1 -1 -1 
94 23 858 204 61 152 -1 -1 -1 -1 
95 23 857 205 60 151 -1 -1 -1 -1 
96 23 857 207 60 150 -1 -1 -1 -1 
97 23 856 207 61 151 -1 -1 -1 -1 
98 23 856 210 59 148 -1 -1 -1 -1 
99 23 855 213 60 147 -1 -1 -1 -1 
100 23 854 216 59 146 -1 -1 -1 -1 
101 23 853 220 59 145 -1 -1 -1 -1 
102 23 853 220 58 146 -1 -1 -1 -1 
103 23 852 222 58 145 -1 -1 -1 -1 
104 23 852 224 57 144 -1 -1 -1 -1 
105 23 851 225 57 143 -1 -1 -1 -1 
106 23 848 226 57 141 -1 -1 -1 -1 
107 23 846 227 57 140 -1 -1 -1 -1 
108 23 845 228 56 139 -1 -1 -1 -1 
109 23 842 227 57 141 -1 -1 -1 -1 
110 23 840 227 58 143 -1 -1 -1 -1 
111 23 837 226 59 145 -1 -1 -1 -1 
112 23 836 227 59 146 -1 -1 -1 -1 
113 23 835 227 58 147 -1 -1 -1 -1 
114 23 833 228 59 146 -1 -1 -1 -1 
115 23 831 228 59 150 -1 -1 -1 -1 
116 23 829 229 61 152 -1 -1 -1 -1 
117 23 830 231 59 150 -1 -1 -1 -1 
118 23 829 232 59 150 -1 -1 -1 -1 
119 23 828 233 59 151 -1 -1 -1 -1 
120 23 828 234 59 149 -1 -1 -1 -1 
121 23 828 237 59 148 -1 -1 -1 -1 
122 23 828 237 59 148 -1 -1 -1 -1 
123 23 828 237 60 150 -1 -1 -1 -1 
124 23 829 239 59 148 -1 -1 -1 -1 
125 23 829 240 58 147 -1 -1 -1 -1 
126 23 827 239 59 149 -1 -1 -1 -1 
127 23 824 239 60 150 -1 -1 -1 -1 
128 23 820 240 61 151 -1 -1 -1 -1 
129 23 818 242 61 153 -1 -1 -1 -1 
130 23 816 242 62 154 -1 -1 -1 -1 
131 23 814 243 63 155 -1 -1 -1 -1 
132 23 813 243 63 157 -1 -1 -1 -1 
133 23 813 244 62 157 -1 -1 -1 -1 
134 23 813 246 62 157 -1 -1 -1 -1 
135 23 812 246 62 157 -1 -1 -1 -1 
136 23 811 246 62 156 -1 -1 -1 -1 
137 23 809 246 63 157 -1 -1 -1 -1 
138 23 808 246 61 154 -1 -1 -1 -1 
139 23 806 246 63 156 -1 -1 -1 -1 
140 23 805 247 62 155 -1 -1 -1 -1 
141 23 805 248 62 155 -1 -1 -1 -1 
142 23 803 248 63 160 -1 -1 -1 -1 
143 23 802 249 62 157 -1 -1 -1 -1 
144 23 801 251 64 160 -1 -1 -1 -1 
145 23 800 253 65 162 -1 -1 -1 -1 
146 23 800 256 65 161 -1 -1 -1 -1 
147 23 798 257 66 162 -1 -1 -1 -1 
148 23 797 259 65 162 -1 -1 -1 -1 
149 23 796 260 66 165 -1 -1 -1 -1 
150 23 795 261 67 165 -1 -1 -1 -1 
151 23 796 263 67 164 -1 -1 -1 -1 
152 23 797 265 65 160 -1 -1 -1 -1 
153 23 796 265 66 162 -1 -1 -1 -1 
154 23 798 266 64 158 -1 -1 -1 -1 
155 23 799 269 62 154 -1 -1 -1 -1 
156 23 801 271 60 151 -1 -1 -1 -1 
157 23 801 271 60 150 -1 -1 -1 -1 
158 23 801 271 60 153 -1 -1 -1 -1 
159 23 799 273 61 154 -1 -1 -1 -1 
160 23 799 276 61 151 -1 -1 -1 -1 
161 23 798 275 61 156 -1 -1 -1 -1 
162 23 795 275 64 159 -1 -1 -1 -1 
163 23 793 276 65 162 -1 -1 -1 -1 
164 23 793 278 65 163 -1 -1 -1 -1 
165 23 794 282 63 161 -1 -1 -1 -1 
166 23 793 284 64 158 -1 -1 -1 -1 
167 23 792 283 64 158 -1 -1 -1 -1 
168 23 791 283 64 156 -1 -1 -1 -1 
169 23 791 283 63 156 -1 -1 -1 -1 
170 23 790 283 63 156 -1 -1 -1 -1 
171 23 789 283 64 156 -1 -1 -1 -1 
172 23 789 284 63 156 -1 -1 -1 -1 
173 23 789 284 63 158 -1 -1 -1 -1 
174 23 788 286 64 158 -1 -1 -1 -1 
175 23 788 286 65 160 -1 -1 -1 -1 
176 23 789 286 65 165 -1 -1 -1 -1 
177 23 787 288 67 166 -1 -1 -1 -1 
178 23 788 289 67 167 -1 -1 -1 -1 
179 23 788 291 66 165 -1 -1 -1 -1 
180 23 789 293 64 164 -1 -1 -1 -1 
181 23 790 295 64 164 -1 -1 -1 -1 
182 23 791 297 63 162 -1 -1 -1 -1 
183 23 790 299 65 163 -1 -1 -1 -1 
184 23 791 299 65 164 -1 -1 -1 -1 
185 23 791 299 65 165 -1 -1 -1 -1 
186 23 792 299 64 164 -1 -1 -1 -1 
187 23 793 298 64 164 -1 -1 -1 -1 
188 23 794 299 64 164 -1 -1 -1 -1 
189 23 796 300 63 161 -1 -1 -1 -1 
190 23 796 300 64 160 -1 -1 -1 -1 
191 23 796 302 65 162 -1 -1 -1 -1 
192 23 796 303 65 163 -1 -1 -1 -1 
193 23 797 304 65 162 -1 -1 -1 -1 
194 23 798 306 64 160 -1 -1 -1 -1 
195 23 798 308 65 162 -1 -1 -1 -1 
196 23 799 309 65 164 -1 -1 -1 -1 
197 23 799 310 65 163 -1 -1 -1 -1 
198 23 800 311 64 160 -1 -1 -1 -1 
199 23 801 313 64 159 -1 -1 -1 -1 
200 23 801 314 64 158 -1 -1 -1 -1 
201 23 802 313 64 160 -1 -1 -1 -1 
202 23 801 314 65 161 -1 -1 -1 -1 
203 23 800 314 66 166 -1 -1 -1 -1 
204 23 801 315 65 163 -1 -1 -1 -1 
205 23 802 315 64 162 -1 -1 -1 -1 
206 23 803 317 63 160 -1 -1 -1 -1 
207 23 803 317 63 160 -1 -1 -1 -1 
208 23 803 318 64 163 -1 -1 -1 -1 
209 23 804 318 66 168 -1 -1 -1 -1 
210 23 806 320 66 167 -1 -1 -1 -1 
211 23 807 322 68 169 -1 -1 -1 -1 
212 23 807 324 68 169 -1 -1 -1 -1 
213 23 807 325 69 170 -1 -1 -1 -1 
214 23 808 326 68 170 -1 -1 -1 -1 
215 23 809 328 66 167 -1 -1 -1 -1 
216 23 808 329 68 169 -1 -1 -1 -1 
217 23 809 329 68 168 -1 -1 -1 -1 
218 23 809 329 69 170 -1 -1 -1 -1 
219 23 811 330 69 172 -1 -1 -1 -1 
220 23 811 328 70 175 -1 -1 -1 -1 
221 23 814 329 68 173 -1 -1 -1 -1 
222 23 818 329 67 169 -1 -1 -1 -1 
223 23 820 329 67 167 -1 -1 -1 -1 
224 23 822 332 67 165 -1 -1 -1 -1 
225 23 824 335 65 162 -1 -1 -1 -1 
226 23 825 334 66 164 -1 -1 -1 -1 
227 23 827 335 66 165 -1 -1 -1 -1 
228 23 826 335 68 169 -1 -1 -1 -1 
229 23 827 337 67 166 -1 -1 -1 -1 
230 23 828 338 67 167 -1 -1 -1 -1 
231 23 830 340 68 167 -1 -1 -1 -1 
232 23 833 342 65 163 -1 -1 -1 -1 
233 23 834 343 65 165 -1 -1 -1 -1 
234 23 835 345 66 166 -1 -1 -1 -1 
235 23 836 346 66 167 -1 -1 -1 -1 
236 23 838 347 66 165 -1 -1 -1 -1 
237 23 839 347 65 164 -1 -1 -1 -1 
238 23 840 348 65 163 -1 -1 -1 -1 
239 23 841 347 66 165 -1 -1 -1 -1 
240 23 843 349 66 164 -1 -1 -1 -1 
241 23 844 349 66 164 -1 -1 -1 -1 
242 23 846 348 66 164 -1 -1 -1 -1 
243 23 848 348 67 167 -1 -1 -1 -1 
244 23 849 350 67 167 -1 -1 -1 -1 
245 23 849 350 68 170 -1 -1 -1 -1 
246 23 850 352 69 171 -1 -1 -1 -1 
247 23 851 352 70 172 -1 -1 -1 -1 
248 23 852 354 69 171 -1 -1 -1 -1 
249 23 852 356 69 169 -1 -1 -1 -1 
250 23 853 357 68 167 -1 -1 -1 -1 
251 23 854 359 67 166 -1 -1 -1 -1 
252 23 856 359 67 168 -1 -1 -1 -1 
253 23 856 360 68 171 -1 -1 -1 -1 
254 23 857 360 69 174 -1 -1 -1 -1 
255 23 858 360 70 177 -1 -1 -1 -1 
256 23 859 361 71 176 -1 -1 -1 -1 
257 23 860 362 71 176 -1 -1 -1 -1 
258 23 861 363 71 176 -1 -1 -1 -1 
259 23 863 364 70 175 -1 -1 -1 -1 
260 23 864 366 69 173 -1 -1 -1 -1 
261 23 864 368 69 172 -1 -1 -1 -1 
262 23 864 368 70 172 -1 -1 -1 -1 
263 23 865 370 70 173 -1 -1 -1 -1 
264 23 867 374 69 172 -1 -1 -1 -1 
265 23 867 373 71 178 -1 -1 -1 -1 
266 23 868 375 71 179 -1 -1 -1 -1 
267 23 868 377 72 179 -1 -1 -1 -1 
268 23 868 378 73 180 -1 -1 -1 -1 
269 23 868 378 72 181 -1 -1 -1 -1 
270 23 869 380 71 177 -1 -1 -1 -1 
271 23 870 382 70 175 -1 -1 -1 -1 
272 23 871 385 69 174 -1 -1 -1 -1 
273 23 871 386 70 173 -1 -1 -1 -1 
274 23 872 387 69 173 -1 -1 -1 -1 
275 23 872 386 70 174 -1 -1 -1 -1 
276 23 874 387 69 173 -1 -1 -1 -1 
277 23 874 387 70 172 -1 -1 -1 -1 
278 23 875 388 70 173 -1 -1 -1 -1 
279 23 876 389 70 174 -1 -1 -1 -1 
280 23 878 392 69 171 -1 -1 -1 -1 
281 23 879 393 68 171 -1 -1 -1 -1 
282 23 878 395 69 170 -1 -1 -1 -1 
283 23 878 395 69 174 -1 -1 -1 -1 
284 23 879 396 69 173 -1 -1 -1 -1 
285 23 879 398 72 180 -1 -1 -1 -1 
286 23 880 400 72 180 -1 -1 -1 -1 
287 23 881 400 72 180 -1 -1 -1 -1 
288 23 881 401 72 180 -1 -1 -1 -1 
289 23 882 403 70 178 -1 -1 -1 -1 
290 23 882 404 71 178 -1 -1 -1 -1 
291 23 882 406 70 175 -1 -1 -1 -1 
292 23 883 408 69 173 -1 -1 -1 -1 
293 23 883 408 70 174 -1 -1 -1 -1 
294 23 884 410 70 174 -1 -1 -1 -1 
295 23 885 412 70 172 -1 -1 -1 -1 
296 23 886 414 69 173 -1 -1 -1 -1 
297 23 885 416 70 175 -1 -1 -1 -1 
298 23 884 419 71 175 -1 -1 -1 -1 
299 23 885 423 69 174 -1 -1 -1 -1 
300 23 885 424 69 174 -1 -1 -1 -1 
301 23 885 424 69 174 -1 -1 -1 -1 
302 23 883 424 71 177 -1 -1 -1 -1 
303 23 882 424 72 178 -1 -1 -1 -1 
304 23 882 424 72 178 -1 -1 -1 -1 
305 23 882 425 71 177 -1 -1 -1 -1 
306 23 882 426 70 176 -1 -1 -1 -1 
307 23 882 428 70 174 -1 -1 -1 -1 
308 23 883 430 69 172 -1 -1 -1 -1 
309 23 883 431 70 173 -1 -1 -1 -1 
310 23 883 433 69 173 -1 -1 -1 -1 
311 23 884 434 69 173 -1 -1 -1 -1 
312 23 884 435 68 174 -1 -1 -1 -1 
313 23 883 435 69 174 -1 -1 -1 -1 
314 23 884 435 68 175 -1 -1 -1 -1 
315 23 885 436 70 175 -1 -1 -1 -1 
316 23 885 437 71 174 -1 -1 -1 -1 
317 23 885 438 71 174 -1 -1 -1 -1 
318 23 885 439 70 174 -1 -1 -1 -1 
319 23 885 444 71 176 -1 -1 -1 -1 
320 23 885 446 71 178 -1 -1 -1 -1 
321 23 886 447 71 178 -1 -1 -1 -1 
322 23 887 446 71 180 -1 -1 -1 -1 
323 23 888 446 71 180 -1 -1 -1 -1 
324 23 889 447 70 178 -1 -1 -1 -1 
325 23 888 447 71 179 -1 -1 -1 -1 
326 23 889 449 71 179 -1 -1 -1 -1 
327 23 889 448 73 182 -1 -1 -1 -1 
328 23 889 448 73 181 -1 -1 -1 -1 
329 23 891 449 72 179 -1 -1 -1 -1 
330 23 893 450 71 178 -1 -1 -1 -1 
331 23 893 451 71 177 -1 -1 -1 -1 
332 23 894 453 70 174 -1 -1 -1 -1 
333 23 894 454 71 174 -1 -1 -1 -1 
334 23 893 455 72 174 -1 -1 -1 -1 
335 23 893 456 72 176 -1 -1 -1 -1 
336 23 893 460 72 178 -1 -1 -1 -1 
337 23 892 462 72 178 -1 -1 -1 -1 
338 23 893 464 71 177 -1 -1 -1 -1 
339 23 893 465 71 179 -1 -1 -1 -1 
340 23 892 466 73 179 -1 -1 -1 -1 
341 23 893 467 72 179 -1 -1 -1 -1 
342 23 892 467 74 182 -1 -1 -1 -1 
343 23 891 468 74 181 -1 -1 -1 -1 
344 23 892 468 73 179 -1 -1 -1 -1 
345 23 894 469 71 177 -1 -1 -1 -1 
346 23 893 469 73 179 -1 -1 -1 -1 
347 23 893 469 74 181 -1 -1 -1 -1 
348 23 894 470 74 183 -1 -1 -1 -1 
349 23 894 470 76 184 -1 -1 -1 -1 
350 23 895 472 75 183 -1 -1 -1 -1 
351 23 895 472 75 185 -1 -1 -1 -1 
352 23 897 475 74 184 -1 -1 -1 -1 
353 23 896 478 74 182 -1 -1 -1 -1 
354 23 896 480 73 182 -1 -1 -1 -1 
355 23 897 482 72 181 -1 -1 -1 -1 
356 23 896 482 74 188 -1 -1 -1 -1 
357 23 896 483 76 189 -1 -1 -1 -1 
358 23 898 484 75 187 -1 -1 -1 -1 
359 23 899 484 75 189 -1 -1 -1 -1 
360 23 900 486 76 191 -1 -1 -1 -1 
361 23 900 488 76 190 -1 -1 -1 -1 
362 23 900 489 75 187 -1 -1 -1 -1 
363 23 901 490 75 187 -1 -1 -1 -1 
364 23 902 490 75 188 -1 -1 -1 -1 
365 23 903 491 75 187 -1 -1 -1 -1 
366 23 904 492 75 187 -1 -1 -1 -1 
367 23 904 492 76 189 -1 -1 -1 -1 
368 23 904 494 76 188 -1 -1 -1 -1 
369 23 904 495 75 187 -1 -1 -1 -1 
370 23 905 496 75 186 -1 -1 -1 -1 
371 23 905 499 74 184 -1 -1 -1 -1 
372 23 904 501 75 187 -1 -1 -1 -1 
373 23 904 503 74 187 -1 -1 -1 -1 
374 23 903 505 76 188 -1 -1 -1 -1 
375 23 905 507 75 189 -1 -1 -1 -1 
376 23 905 509 77 190 -1 -1 -1 -1 
377 23 905 510 77 192 -1 -1 -1 -1 
378 23 905 511 77 192 -1 -1 -1 -1 
379 23 905 512 77 192 -1 -1 -1 -1 
380 23 905 512 77 193 -1 -1 -1 -1 
381 23 906 514 77 191 -1 -1 -1 -1 
382 23 907 514 77 191 -1 -1 -1 -1 
383 23 908 515 76 190 -1 -1 -1 -1 
384 23 909 517 76 189 -1 -1 -1 -1 
385 23 910 518 76 188 -1 -1 -1 -1 
386 23 911 519 75 188 -1 -1 -1 -1 
387 23 912 520 75 188 -1 -1 -1 -1 
388 23 913 521 75 188 -1 -1 -1 -1 
389 23 914 523 75 187 -1 -1 -1 -1 
390 23 914 526 75 185 -1 -1 -1 -1 
391 23 915 528 76 187 -1 -1 -1 -1 
392 23 915 529 77 191 -1 -1 -1 -1 
393 23 915 530 78 193 -1 -1 -1 -1 
394 23 916 531 78 193 -1 -1 -1 -1 
395 23 918 531 77 193 -1 -1 -1 -1 
396 23 918 532 77 192 -1 -1 -1 -1 
397 23 919 533 77 192 -1 -1 -1 -1 
398 23 919 533 78 193 -1 -1 -1 -1 
399 23 921 534 78 194 -1 -1 -1 -1 
400 23 922 536 78 194 -1 -1 -1 -1 
401 23 921 537 79 195 -1 -1 -1 -1 
402 23 921 538 79 196 -1 -1 -1 -1 
403 23 921 540 80 196 -1 -1 -1 -1 
404 23 922 542 79 198 -1 -1 -1 -1 
405 23 922 544 79 198 -1 -1 -1 -1 
406 23 922 546 80 200 -1 -1 -1 -1 
407 23 923 548 80 203 -1 -1 -1 -1 
408 23 923 550 81 202 -1 -1 -1 -1 
409 23 924 551 81 202 -1 -1 -1 -1 
410 23 925 552 81 202 -1 -1 -1 -1 
411 23 926 554 80 200 -1 -1 -1 -1 
412 23 926 555 80 199 -1 -1 -1 -1 
413 23 927 556 80 198 -1 -1 -1 -1 
414 23 928 557 79 197 -1 -1 -1 -1 
415 23 930 559 78 195 -1 -1 -1 -1 
416 23 932 561 77 194 -1 -1 -1 -1 
417 23 933 564 77 191 -1 -1 -1 -1 
418 23 935 567 77 190 -1 -1 -1 -1 
419 23 937 569 77 191 -1 -1 -1 -1 
420 23 939 570 77 193 -1 -1 -1 -1 
421 23 940 573 77 190 -1 -1 -1 -1 
422 23 942 575 76 189 -1 -1 -1 -1 
423 23 942 577 75 185 -1 -1 -1 -1 
424 23 943 579 75 185 -1 -1 -1 -1 
425 23 944 580 76 187 -1 -1 -1 -1 
426 23 945 580 77 191 -1 -1 -1 -1 
427 23 946 581 78 194 -1 -1 -1 -1 
428 23 948 582 77 193 -1 -1 -1 -1 
429 23 949 583 77 192 -1 -1 -1 -1 
430 23 950 584 77 192 -1 -1 -1 -1 
431 23 951 585 77 193 -1 -1 -1 -1 
432 23 951 587 77 193 -1 -1 -1 -1 
433 23 952 588 77 194 -1 -1 -1 -1 
434 23 953 589 77 194 -1 -1 -1 -1 
435 23 951 591 79 198 -1 -1 -1 -1 
436 23 951 592 81 203 -1 -1 -1 -1 
437 23 952 594 81 203 -1 -1 -1 -1 
438 23 953 598 81 202 -1 -1 -1 -1 
439 23 954 599 82 202 -1 -1 -1 -1 
440 23 955 600 82 204 -1 -1 -1 -1 
441 23 955 602 82 204 -1 -1 -1 -1 
442 23 955 603 82 204 -1 -1 -1 -1 
443 23 955 605 83 204 -1 -1 -1 -1 
444 23 957 607 82 202 -1 -1 -1 -1 
445 23 958 608 81 202 -1 -1 -1 -1 
446 23 959 609 81 201 -1 -1 -1 -1 
447 23 961 610 80 199 -1 -1 -1 -1 
448 23 961 611 80 198 -1 -1 -1 -1 
449 23 962 612 80 198 -1 -1 -1 -1 
450 23 963 612 80 200 -1 -1 -1 -1 
451 23 964 614 80 201 -1 -1 -1 -1 
452 23 966 616 81 202 -1 -1 -1 -1 
453 23 967 620 82 202 -1 -1 -1 -1 
454 23 969 624 81 200 -1 -1 -1 -1 
455 23 970 625 80 200 -1 -1 -1 -1 
456 23 970 626 80 202 -1 -1 -1 -1 
457 23 971 626 81 204 -1 -1 -1 -1 
458 23 971 626 82 205 -1 -1 -1 -1 
459 23 973 628 81 204 -1 -1 -1 -1 
460 23 974 630 83 204 -1 -1 -1 -1 
461 23 975 631 83 203 -1 -1 -1 -1 
462 23 975 632 82 202 -1 -1 -1 -1 
463 23 976 634 81 199 -1 -1 -1 -1 
464 23 976 634 82 202 -1 -1 -1 -1 
465 23 976 636 82 203 -1 -1 -1 -1 
466 23 977 638 82 203 -1 -1 -1 -1 
467 23 977 639 84 205 -1 -1 -1 -1 
468 23 978 641 83 203 -1 -1 -1 -1 
469 23 978 644 83 203 -1 -1 -1 -1 
470 23 980 647 80 196 -1 -1 -1 -1 
471 23 981 650 79 194 -1 -1 -1 -1 
472 23 982 652 79 195 -1 -1 -1 -1 
473 23 983 653 78 194 -1 -1 -1 -1 
474 23 982 655 80 197 -1 -1 -1 -1 
475 23 982 658 82 201 -1 -1 -1 -1 
476 23 982 661 82 201 -1 -1 -1 -1 
477 23 983 662 83 203 -1 -1 -1 -1 
478 23 984 661 82 202 -1 -1 -1 -1 
479 23 985 661 83 203 -1 -1 -1 -1 
480 23 986 662 83 204 -1 -1 -1 -1 
481 23 988 663 83 204 -1 -1 -1 -1 
482 23 989 665 83 206 -1 -1 -1 -1 
483 23 990 668 84 207 -1 -1 -1 -1 
484 23 991 670 84 208 -1 -1 -1 -1 
485 23 992 671 85 210 -1 -1 -1 -1 
486 23 994 672 85 210 -1 -1 -1 -1 
487 23 998 675 82 206 -1 -1 -1 -1 
488 23 999 677 83 208 -1 -1 -1 -1 
489 23 1000 679 84 208 -1 -1 -1 -1 
490 23 1001 681 83 205 -1 -1 -1 -1 
491 23 1003 683 82 202 -1 -1 -1 -1 
492 23 1004 684 83 202 -1 -1 -1 -1 
493 23 1006 684 82 203 -1 -1 -1 -1 
494 23 1007 686 82 202 -1 -1 -1 -1 
495 23 1007 686 83 208 -1 -1 -1 -1 
496 23 1006 687 85 210 -1 -1 -1 -1 
497 23 1007 689 86 211 -1 -1 -1 -1 
498 23 1008 690 86 212 -1 -1 -1 -1 
499 23 1009 692 85 211 -1 -1 -1 -1 
500 23 1011 695 84 208 -1 -1 -1 -1 
501 23 1012 696 83 206 -1 -1 -1 -1 
502 23 1013 699 82 203 -1 -1 -1 -1 
503 23 1016 702 79 195 -1 -1 -1 -1 
504 23 1016 706 78 194 -1 -1 -1 -1 
505 23 1015 709 78 194 -1 -1 -1 -1 
506 23 1015 711 79 195 -1 -1 -1 -1 
507 23 1016 711 81 198 -1 -1 -1 -1 
508 23 1018 711 80 198 -1 -1 -1 -1 
509 23 1019 713 81 202 -1 -1 -1 -1 
510 23 1018 714 84 206 -1 -1 -1 -1 
511 23 1021 716 82 206 -1 -1 -1 -1 
512 23 1021 718 83 206 -1 -1 -1 -1 
513 23 1022 720 84 208 -1 -1 -1 -1 
514 23 1023 720 86 213 -1 -1 -1 -1 
515 23 1024 723 86 212 -1 -1 -1 -1 
516 23 1024 724 88 217 -1 -1 -1 -1 
517 23 1025 727 89 218 -1 -1 -1 -1 
518 23 1027 730 88 217 -1 -1 -1 -1 
519 23 1028 732 89 220 -1 -1 -1 -1 
520 23 1029 734 89 217 -1 -1 -1 -1 
521 23 1030 736 88 216 -1 -1 -1 -1 
522 23 1031 739 87 214 -1 -1 -1 -1 
523 23 1033 741 86 209 -1 -1 -1 -1 
524 23 1035 742 84 205 -1 -1 -1 -1 
525 23 1038 744 82 199 -1 -1 -1 -1 
526 23 1041 746 79 189 -1 -1 -1 -1 
527 23 1042 748 77 186 -1 -1 -1 -1 
528 23 1044 748 77 190 -1 -1 -1 -1 
529 23 1044 749 81 198 -1 -1 -1 -1 
530 23 1045 751 81 199 -1 -1 -1 -1 
531 23 1046 753 80 197 -1 -1 -1 -1 
532 23 1048 757 79 193 -1 -1 -1 -1 
533 23 1048 759 78 194 -1 -1 -1 -1 
534 23 1050 762 78 195 -1 -1 -1 -1 
535 23 1049 763 81 205 -1 -1 -1 -1 
536 23 1048 766 83 208 -1 -1 -1 -1 
537 23 1050 768 82 207 -1 -1 -1 -1 
538 23 1051 770 83 208 -1 -1 -1 -1 
539 23 1053 772 84 210 -1 -1 -1 -1 
540 23 1054 773 85 210 -1 -1 -1 -1 
541 23 1057 773 83 207 -1 -1 -1 -1 
542 23 1059 774 84 212 -1 -1 -1 -1 
543 23 1059 776 86 214 -1 -1 -1 -1 
544 23 1059 776 87 217 -1 -1 -1 -1 
545 23 1061 778 87 215 -1 -1 -1 -1 
546 23 1063 780 87 212 -1 -1 -1 -1 
547 23 1066 783 85 211 -1 -1 -1 -1 
548 23 1068 783 87 215 -1 -1 -1 -1 
549 23 1070 786 88 218 -1 -1 -1 -1 
550 23 1072 788 89 221 -1 -1 -1 -1 
551 23 1073 792 89 221 -1 -1 -1 -1 
552 23 1076 796 87 216 -1 -1 -1 -1 
553 23 1078 800 86 212 -1 -1 -1 -1 
554 23 1081 802 86 216 -1 -1 -1 -1 
555 23 1083 802 87 219 -1 -1 -1 -1 
556 23 1085 802 89 223 -1 -1 -1 -1 
557 23 1087 802 89 224 -1 -1 -1 -1 
558 23 1089 804 88 221 -1 -1 -1 -1 
559 23 1090 805 88 219 -1 -1 -1 -1 
560 23 1092 807 87 217 -1 -1 -1 -1 
561 23 1094 808 86 215 -1 -1 -1 -1 
562 23 1096 809 87 218 -1 -1 -1 -1 
563 23 1097 810 89 222 -1 -1 -1 -1 
564 23 1097 813 92 226 -1 -1 -1 -1 
565 23 1099 815 91 225 -1 -1 -1 -1 
566 23 1101 819 91 227 -1 -1 -1 -1 
567 23 1102 822 91 224 -1 -1 -1 -1 
568 23 1105 825 89 221 -1 -1 -1 -1 
569 23 1104 827 90 222 -1 -1 -1 -1 
570 23 1107 829 87 216 -1 -1 -1 -1 
571 23 1109 830 85 212 -1 -1 -1 -1 
572 23 1110 831 88 219 -1 -1 -1 -1 
573 23 1112 832 89 224 -1 -1 -1 -1 
574 23 1112 833 91 228 -1 -1 -1 -1 
575 23 1115 834 91 229 -1 -1 -1 -1 
576 23 1116 838 91 226 -1 -1 -1 -1 
577 23 1118 840 91 225 -1 -1 -1 -1 
578 23 1120 842 91 224 -1 -1 -1 -1 
579 23 1123 843 91 224 -1 -1 -1 -1 
580 23 1125 845 92 224 -1 -1 -1 -1 
581 23 1127 847 92 223 -1 -1 -1 -1 
582 23 1130 849 91 221 -1 -1 -1 -1 
583 23 1133 850 91 221 -1 -1 -1 -1 
584 23 1136 853 91 218 -1 -1 -1 -1 
585 23 1138 855 90 216 -1 -1 -1 -1 
586 23 1140 857 91 216 -1 -1 -1 -1 
587 23 1143 860 88 212 -1 -1 -1 -1 
588 23 1146 862 87 209 -1 -1 -1 -1 
589 23 1147 864 86 206 -1 -1 -1 -1 
590 23 1150 865 85 205 -1 -1 -1 -1 
591 23 1152 866 85 206 -1 -1 -1 -1 
592 23 1155 869 84 203 -1 -1 -1 -1 
593 23 1157 871 84 201 -1 -1 -1 -1 
594 23 1160 873 82 199 -1 -1 -1 -1 
595 23 1163 873 80 199 -1 -1 -1 -1 
596 23 1165 875 79 197 -1 -1 -1 -1 
597 23 1165 878 80 195 -1 -1 -1 -1 
598 23 1167 880 80 193 -1 -1 -1 -1 
599 23 1169 882 79 191 -1 -1 -1 -1 
600 23 1170 885 79 189 -1 -1 -1 -1 
601 23 1170 888 78 187 -1 -1 -1 -1 
602 23 1171 890 77 186 -1 -1 -1 -1 
603 23 1172 893 75 183 -1 -1 -1 -1 
604 23 1171 896 76 179 -1 -1 -1 -1 
605 23 1173 899 74 175 -1 -1 -1 -1 
606 23 1175 900 73 173 -1 -1 -1 -1 
607 23 1176 900 72 171 -1 -1 -1 -1 
608 23 1178 900 71 170 -1 -1 -1 -1 
609 23 1178 900 71 170 -1 -1 -1 -1 
610 23 1178 901 72 171 -1 -1 -1 -1 
611 23 1179 902 71 170 -1 -1 -1 -1 
612 23 1181 903 71 170 -1 -1 -1 -1 
613 23 1183 904 70 169 -1 -1 -1 -1 
614 23 1184 907 70 166 -1 -1 -1 -1 
615 23 1186 910 69 163 -1 -1 -1 -1 
616 23 1188 913 67 159 -1 -1 -1 -1 
617 23 1188 916 66 158 -1 -1 -1 -1 
618 23 1189 917 64 155 -1 -1 -1 -1 
619 23 1191 920 63 152 -1 -1 -1 -1 
620 23 1192 922 63 150 -1 -1 -1 -1 
621 23 1192 923 64 148 -1 -1 -1 -1 
622 23 1192 924 64 147 -1 -1 -1 -1 
623 23 1194 926 61 143 -1 -1 -1 -1 
624 23 1197 927 60 142 -1 -1 -1 -1 
625 23 1200 930 57 138 -1 -1 -1 -1 
626 23 1200 931 59 138 -1 -1 -1 -1 
627 23 1198 933 60 137 -1 -1 -1 -1 
628 23 1198 934 59 136 -1 -1 -1 -1 
629 23 1200 936 56 134 -1 -1 -1 -1 
630 23 1202 938 55 133 -1 -1 -1 -1 
631 23 1201 941 55 131 -1 -1 -1 -1 
632 23 1199 944 54 128 -1 -1 -1 -1 
633 23 1200 947 54 125 -1 -1 -1 -1 
634 23 1200 950 54 122 -1 -1 -1 -1 
635 23 1199 954 55 119 -1 -1 -1 -1 
636 23 1198 956 56 117 -1 -1 -1 -1 
637 23 1196 957 58 118 -1 -1 -1 -1 
638 23 1196 961 56 114 -1 -1 -1 -1 
639 23 1196 962 54 112 -1 -1 -1 -1 
640 23 1195 965 53 109 -1 -1 -1 -1 
641 23 1196 966 51 109 -1 -1 -1 -1 
642 23 1198 968 48 107 -1 -1 -1 -1 
643 23 1200 969 46 105 -1 -1 -1 -1 
644 23 1200 970 45 104 -1 -1 -1 -1 
645 23 1201 972 45 103 -1 -1 -1 -1 
1 24 1480 70 55 140 -1 -1 -1 -1 
2 24 1481 70 54 139 -1 -1 -1 -1 
3 24 1481 70 54 139 -1 -1 -1 -1 
4 24 1481 70 54 138 -1 -1 -1 -1 
5 24 1481 70 54 138 -1 -1 -1 -1 
6 24 1481 70 54 138 -1 -1 -1 -1 
7 24 1481 70 54 138 -1 -1 -1 -1 
8 24 1480 70 55 138 -1 -1 -1 -1 
9 24 1480 70 54 138 -1 -1 -1 -1 
10 24 1480 70 55 138 -1 -1 -1 -1 
11 24 1480 70 55 139 -1 -1 -1 -1 
12 24 1480 70 55 139 -1 -1 -1 -1 
13 24 1480 70 55 139 -1 -1 -1 -1 
14 24 1480 70 55 140 -1 -1 -1 -1 
15 24 1480 70 55 139 -1 -1 -1 -1 
16 24 1480 71 55 138 -1 -1 -1 -1 
17 24 1480 70 54 139 -1 -1 -1 -1 
18 24 1480 70 54 140 -1 -1 -1 -1 
19 24 1480 70 55 140 -1 -1 -1 -1 
20 24 1480 70 56 141 -1 -1 -1 -1 
21 24 1480 69 56 142 -1 -1 -1 -1 
22 24 1480 69 56 140 -1 -1 -1 -1 
23 24 1480 70 55 139 -1 -1 -1 -1 
24 24 1480 70 55 140 -1 -1 -1 -1 
25 24 1480 69 56 141 -1 -1 -1 -1 
26 24 1480 70 56 140 -1 -1 -1 -1 
27 24 1480 70 56 140 -1 -1 -1 -1 
28 24 1480 70 55 140 -1 -1 -1 -1 
29 24 1480 70 55 139 -1 -1 -1 -1 
30 24 1480 70 55 139 -1 -1 -1 -1 
31 24 1480 70 55 138 -1 -1 -1 -1 
32 24 1480 70 55 138 -1 -1 -1 -1 
33 24 1481 70 55 139 -1 -1 -1 -1 
34 24 1480 70 56 139 -1 -1 -1 -1 
35 24 1481 70 55 140 -1 -1 -1 -1 
36 24 1481 69 55 140 -1 -1 -1 -1 
37 24 1480 69 56 141 -1 -1 -1 -1 
38 24 1480 69 56 141 -1 -1 -1 -1 
39 24 1480 70 56 140 -1 -1 -1 -1 
40 24 1480 69 56 140 -1 -1 -1 -1 
41 24 1480 69 56 141 -1 -1 -1 -1 
42 24 1480 69 57 143 -1 -1 -1 -1 
43 24 1480 69 58 144 -1 -1 -1 -1 
44 24 1480 69 59 145 -1 -1 -1 -1 
45 24 1480 69 58 145 -1 -1 -1 -1 
46 24 1481 69 59 148 -1 -1 -1 -1 
47 24 1480 69 60 150 -1 -1 -1 -1 
48 24 1480 68 60 150 -1 -1 -1 -1 
49 24 1480 69 60 149 -1 -1 -1 -1 
50 24 1480 69 60 149 -1 -1 -1 -1 
51 24 1480 69 59 148 -1 -1 -1 -1 
52 24 1480 69 60 149 -1 -1 -1 -1 
53 24 1480 68 59 150 -1 -1 -1 -1 
54 24 1480 68 60 151 -1 -1 -1 -1 
55 24 1480 68 60 153 -1 -1 -1 -1 
56 24 1479 68 61 152 -1 -1 -1 -1 
57 24 1479 68 62 155 -1 -1 -1 -1 
58 24 1479 68 62 156 -1 -1 -1 -1 
59 24 1479 68 62 158 -1 -1 -1 -1 
60 24 1479 68 61 155 -1 -1 -1 -1 
61 24 1479 69 60 152 -1 -1 -1 -1 
62 24 1479 68 61 154 -1 -1 -1 -1 
63 24 1479 68 62 154 -1 -1 -1 -1 
64 24 1479 68 62 153 -1 -1 -1 -1 
65 24 1480 69 61 151 -1 -1 -1 -1 
66 24 1480 68 62 153 -1 -1 -1 -1 
67 24 1480 68 62 151 -1 -1 -1 -1 
68 24 1481 67 61 152 -1 -1 -1 -1 
69 24 1481 67 60 151 -1 -1 -1 -1 
70 24 1481 67 60 151 -1 -1 -1 -1 
71 24 1480 67 60 152 -1 -1 -1 -1 
72 24 1480 67 61 155 -1 -1 -1 -1 
73 24 1480 67 62 154 -1 -1 -1 -1 
74 24 1480 67 62 156 -1 -1 -1 -1 
75 24 1480 68 61 153 -1 -1 -1 -1 
76 24 1480 68 61 154 -1 -1 -1 -1 
77 24 1479 68 62 154 -1 -1 -1 -1 
78 24 1479 68 62 154 -1 -1 -1 -1 
79 24 1479 68 61 155 -1 -1 -1 -1 
80 24 1479 68 61 154 -1 -1 -1 -1 
81 24 1479 68 61 154 -1 -1 -1 -1 
82 24 1479 68 61 153 -1 -1 -1 -1 
83 24 1479 68 62 154 -1 -1 -1 -1 
84 24 1478 68 63 155 -1 -1 -1 -1 
85 24 1478 68 63 156 -1 -1 -1 -1 
86 24 1478 68 63 155 -1 -1 -1 -1 
87 24 1478 69 62 154 -1 -1 -1 -1 
88 24 1478 69 63 157 -1 -1 -1 -1 
89 24 1479 69 61 155 -1 -1 -1 -1 
90 24 1478 68 63 158 -1 -1 -1 -1 
91 24 1478 68 64 159 -1 -1 -1 -1 
92 24 1479 68 62 156 -1 -1 -1 -1 
93 24 1479 68 62 157 -1 -1 -1 -1 
94 24 1478 68 63 157 -1 -1 -1 -1 
95 24 1478 68 63 157 -1 -1 -1 -1 
96 24 1478 68 63 156 -1 -1 -1 -1 
97 24 1479 68 61 151 -1 -1 -1 -1 
98 24 1480 69 60 151 -1 -1 -1 -1 
99 24 1480 69 61 151 -1 -1 -1 -1 
100 24 1481 70 60 149 -1 -1 -1 -1 
112 24 1481 69 57 143 -1 -1 -1 -1 
113 24 1480 69 58 143 -1 -1 -1 -1 
114 24 1481 69 57 143 -1 -1 -1 -1 
115 24 1480 69 57 143 -1 -1 -1 -1 
116 24 1480 70 57 142 -1 -1 -1 -1 
117 24 1480 69 57 143 -1 -1 -1 -1 
118 24 1480 69 58 145 -1 -1 -1 -1 
119 24 1481 69 57 143 -1 -1 -1 -1 
120 24 1481 70 56 141 -1 -1 -1 -1 
121 24 1481 69 56 142 -1 -1 -1 -1 
122 24 1480 69 57 142 -1 -1 -1 -1 
123 24 1480 69 57 143 -1 -1 -1 -1 
124 24 1480 69 57 144 -1 -1 -1 -1 
125 24 1480 69 57 143 -1 -1 -1 -1 
126 24 1480 70 56 142 -1 -1 -1 -1 
127 24 1480 70 56 142 -1 -1 -1 -1 
128 24 1480 70 56 142 -1 -1 -1 -1 
129 24 1480 70 56 142 -1 -1 -1 -1 
130 24 1480 70 57 143 -1 -1 -1 -1 
131 24 1480 71 56 141 -1 -1 -1 -1 
132 24 1480 71 56 140 -1 -1 -1 -1 
133 24 1480 71 56 141 -1 -1 -1 -1 
134 24 1480 70 56 142 -1 -1 -1 -1 
135 24 1480 68 57 145 -1 -1 -1 -1 
136 24 1479 67 58 145 -1 -1 -1 -1 
137 24 1480 67 58 146 -1 -1 -1 -1 
138 24 1480 66 58 147 -1 -1 -1 -1 
139 24 1480 66 58 147 -1 -1 -1 -1 
140 24 1480 66 59 146 -1 -1 -1 -1 
141 24 1480 67 58 145 -1 -1 -1 -1 
142 24 1480 68 58 145 -1 -1 -1 -1 
143 24 1480 68 58 144 -1 -1 -1 -1 
144 24 1480 69 58 143 -1 -1 -1 -1 
145 24 1480 69 57 143 -1 -1 -1 -1 
146 24 1480 69 58 143 -1 -1 -1 -1 
147 24 1480 68 58 144 -1 -1 -1 -1 
148 24 1480 68 57 144 -1 -1 -1 -1 
149 24 1480 69 57 143 -1 -1 -1 -1 
150 24 1481 69 56 143 -1 -1 -1 -1 
151 24 1480 68 57 143 -1 -1 -1 -1 
152 24 1480 69 57 142 -1 -1 -1 -1 
153 24 1481 69 56 141 -1 -1 -1 -1 
154 24 1481 69 56 141 -1 -1 -1 -1 
155 24 1480 68 57 143 -1 -1 -1 -1 
156 24 1481 69 56 142 -1 -1 -1 -1 
157 24 1480 70 57 142 -1 -1 -1 -1 
158 24 1481 70 55 141 -1 -1 -1 -1 
159 24 1481 70 56 142 -1 -1 -1 -1 
160 24 1481 71 56 141 -1 -1 -1 -1 
161 24 1481 70 56 143 -1 -1 -1 -1 
162 24 1480 71 57 142 -1 -1 -1 -1 
163 24 1481 71 56 142 -1 -1 -1 -1 
164 24 1481 70 56 143 -1 -1 -1 -1 
165 24 1480 70 58 144 -1 -1 -1 -1 
191 24 1481 71 56 141 -1 -1 -1 -1 
192 24 1481 71 56 141 -1 -1 -1 -1 
193 24 1481 71 56 141 -1 -1 -1 -1 
194 24 1481 71 57 142 -1 -1 -1 -1 
195 24 1481 70 57 143 -1 -1 -1 -1 
196 24 1481 70 57 143 -1 -1 -1 -1 
197 24 1481 70 58 144 -1 -1 -1 -1 
198 24 1482 70 56 143 -1 -1 -1 -1 
199 24 1481 70 57 143 -1 -1 -1 -1 
200 24 1482 70 57 143 -1 -1 -1 -1 
201 24 1482 70 57 143 -1 -1 -1 -1 
202 24 1482 70 57 144 -1 -1 -1 -1 
203 24 1482 70 57 143 -1 -1 -1 -1 
204 24 1482 70 57 143 -1 -1 -1 -1 
205 24 1482 70 57 143 -1 -1 -1 -1 
206 24 1483 71 56 142 -1 -1 -1 -1 
207 24 1483 71 56 142 -1 -1 -1 -1 
208 24 1483 71 56 142 -1 -1 -1 -1 
209 24 1483 71 57 142 -1 -1 -1 -1 
210 24 1484 71 56 141 -1 -1 -1 -1 
211 24 1484 70 56 141 -1 -1 -1 -1 
212 24 1485 70 56 140 -1 -1 -1 -1 
213 24 1486 70 56 140 -1 -1 -1 -1 
214 24 1487 70 55 140 -1 -1 -1 -1 
215 24 1487 70 56 139 -1 -1 -1 -1 
233 24 1485 67 56 140 -1 -1 -1 -1 
234 24 1484 66 56 142 -1 -1 -1 -1 
235 24 1484 66 56 142 -1 -1 -1 -1 
236 24 1483 65 57 143 -1 -1 -1 -1 
237 24 1482 64 58 144 -1 -1 -1 -1 
238 24 1482 63 58 145 -1 -1 -1 -1 
239 24 1481 62 58 146 -1 -1 -1 -1 
240 24 1481 61 58 145 -1 -1 -1 -1 
241 24 1480 60 58 144 -1 -1 -1 -1 
242 24 1479 59 58 144 -1 -1 -1 -1 
243 24 1479 58 57 144 -1 -1 -1 -1 
244 24 1478 58 57 143 -1 -1 -1 -1 
245 24 1478 58 56 142 -1 -1 -1 -1 
246 24 1478 57 56 142 -1 -1 -1 -1 
247 24 1478 58 55 140 -1 -1 -1 -1 
248 24 1477 58 56 141 -1 -1 -1 -1 
249 24 1476 58 56 141 -1 -1 -1 -1 
250 24 1476 58 56 143 -1 -1 -1 -1 
251 24 1476 58 55 141 -1 -1 -1 -1 
252 24 1476 58 55 140 -1 -1 -1 -1 
253 24 1476 57 55 140 -1 -1 -1 -1 
254 24 1476 57 57 143 -1 -1 -1 -1 
255 24 1476 56 56 143 -1 -1 -1 -1 
256 24 1475 55 58 146 -1 -1 -1 -1 
257 24 1474 54 59 147 -1 -1 -1 -1 
258 24 1472 52 61 151 -1 -1 -1 -1 
259 24 1472 50 60 149 -1 -1 -1 -1 
260 24 1472 50 59 146 -1 -1 -1 -1 
261 24 1472 49 58 143 -1 -1 -1 -1 
262 24 1472 47 58 142 -1 -1 -1 -1 
263 24 1472 47 57 140 -1 -1 -1 -1 
264 24 1472 47 57 139 -1 -1 -1 -1 
265 24 1472 47 57 139 -1 -1 -1 -1 
266 24 1471 46 59 143 -1 -1 -1 -1 
267 24 1471 45 59 144 -1 -1 -1 -1 
268 24 1471 46 58 142 -1 -1 -1 -1 
269 24 1472 46 55 140 -1 -1 -1 -1 
270 24 1472 46 54 138 -1 -1 -1 -1 
271 24 1471 46 54 138 -1 -1 -1 -1 
272 24 1471 44 52 137 -1 -1 -1 -1 
273 24 1470 43 53 138 -1 -1 -1 -1 
274 24 1468 42 56 139 -1 -1 -1 -1 
275 24 1466 40 57 142 -1 -1 -1 -1 
276 24 1466 38 55 140 -1 -1 -1 -1 
277 24 1467 36 53 138 -1 -1 -1 -1 
278 24 1467 34 53 139 -1 -1 -1 -1 
279 24 1466 33 54 139 -1 -1 -1 -1 
280 24 1466 33 54 138 -1 -1 -1 -1 
281 24 1466 33 54 139 -1 -1 -1 -1 
282 24 1466 34 55 141 -1 -1 -1 -1 
283 24 1465 33 55 141 -1 -1 -1 -1 
284 24 1464 33 57 143 -1 -1 -1 -1 
285 24 1463 32 57 143 -1 -1 -1 -1 
286 24 1462 32 58 143 -1 -1 -1 -1 
287 24 1461 31 58 146 -1 -1 -1 -1 
288 24 1460 28 59 147 -1 -1 -1 -1 
289 24 1459 28 60 147 -1 -1 -1 -1 
290 24 1459 27 59 145 -1 -1 -1 -1 
291 24 1460 27 57 139 -1 -1 -1 -1 
292 24 1459 25 56 138 -1 -1 -1 -1 
293 24 1459 24 55 136 -1 -1 -1 -1 
294 24 1458 23 55 136 -1 -1 -1 -1 
295 24 1459 24 54 134 -1 -1 -1 -1 
296 24 1459 23 54 135 -1 -1 -1 -1 
297 24 1459 23 54 136 -1 -1 -1 -1 
298 24 1458 22 54 136 -1 -1 -1 -1 
299 24 1458 23 54 134 -1 -1 -1 -1 
300 24 1458 23 52 132 -1 -1 -1 -1 
301 24 1457 21 52 132 -1 -1 -1 -1 
302 24 1456 20 53 132 -1 -1 -1 -1 
303 24 1454 20 52 130 -1 -1 -1 -1 
304 24 1454 19 52 130 -1 -1 -1 -1 
305 24 1453 16 52 133 -1 -1 -1 -1 
306 24 1452 14 53 135 -1 -1 -1 -1 
307 24 1452 13 53 135 -1 -1 -1 -1 
308 24 1452 12 53 135 -1 -1 -1 -1 
309 24 1451 11 53 136 -1 -1 -1 -1 
310 24 1451 11 54 136 -1 -1 -1 -1 
311 24 1451 11 54 136 -1 -1 -1 -1 
312 24 1451 10 54 137 -1 -1 -1 -1 
313 24 1451 11 53 134 -1 -1 -1 -1 
314 24 1450 11 54 134 -1 -1 -1 -1 
315 24 1450 11 54 133 -1 -1 -1 -1 
316 24 1450 11 54 132 -1 -1 -1 -1 
317 24 1450 9 54 134 -1 -1 -1 -1 
318 24 1450 7 53 133 -1 -1 -1 -1 
319 24 1450 6 53 131 -1 -1 -1 -1 
320 24 1450 4 53 131 -1 -1 -1 -1 
321 24 1449 2 53 132 -1 -1 -1 -1 
322 24 1449 1 53 131 -1 -1 -1 -1 
323 24 1448 0 54 131 -1 -1 -1 -1 
324 24 1448 0 54 131 -1 -1 -1 -1 
325 24 1448 0 53 131 -1 -1 -1 -1 
326 24 1448 0 53 130 -1 -1 -1 -1 
327 24 1447 0 54 130 -1 -1 -1 -1 
328 24 1448 0 52 129 -1 -1 -1 -1 
329 24 1448 0 51 129 -1 -1 -1 -1 
330 24 1447 0 52 128 -1 -1 -1 -1 
331 24 1447 0 51 127 -1 -1 -1 -1 
332 24 1446 0 51 127 -1 -1 -1 -1 
333 24 1445 0 50 124 -1 -1 -1 -1 
334 24 1444 0 50 122 -1 -1 -1 -1 
335 24 1444 0 50 122 -1 -1 -1 -1 
336 24 1444 0 50 120 -1 -1 -1 -1 
337 24 1444 0 50 119 -1 -1 -1 -1 
338 24 1443 0 50 118 -1 -1 -1 -1 
339 24 1443 0 50 118 -1 -1 -1 -1 
340 24 1442 0 50 119 -1 -1 -1 -1 
341 24 1441 0 51 119 -1 -1 -1 -1 
342 24 1441 0 51 119 -1 -1 -1 -1 
343 24 1441 0 50 118 -1 -1 -1 -1 
344 24 1440 0 51 116 -1 -1 -1 -1 
345 24 1441 0 50 115 -1 -1 -1 -1 
346 24 1440 0 50 114 -1 -1 -1 -1 
347 24 1441 0 47 109 -1 -1 -1 -1 
348 24 1440 0 47 107 -1 -1 -1 -1 
349 24 1438 0 47 106 -1 -1 -1 -1 
350 24 1439 0 45 103 -1 -1 -1 -1 
351 24 1439 0 44 102 -1 -1 -1 -1 
352 24 1439 0 44 102 -1 -1 -1 -1 
353 24 1439 0 46 103 -1 -1 -1 -1 
354 24 1439 0 47 103 -1 -1 -1 -1 
355 24 1439 0 47 103 -1 -1 -1 -1 
356 24 1438 0 48 103 -1 -1 -1 -1 
357 24 1438 0 48 102 -1 -1 -1 -1 
358 24 1438 0 47 102 -1 -1 -1 -1 
359 24 1435 0 46 100 -1 -1 -1 -1 
360 24 1432 0 47 99 -1 -1 -1 -1 
361 24 1430 0 48 98 -1 -1 -1 -1 
362 24 1429 0 48 97 -1 -1 -1 -1 
363 24 1428 0 48 97 -1 -1 -1 -1 
364 24 1428 0 46 96 -1 -1 -1 -1 
365 24 1426 0 46 95 -1 -1 -1 -1 
366 24 1425 0 46 96 -1 -1 -1 -1 
367 24 1425 0 45 95 -1 -1 -1 -1 
13 25 0 861 52 210 -1 -1 -1 -1 
14 25 0 858 54 212 -1 -1 -1 -1 
15 25 0 855 56 215 -1 -1 -1 -1 
16 25 0 852 57 217 -1 -1 -1 -1 
17 25 0 850 58 218 -1 -1 -1 -1 
18 25 1 847 57 218 -1 -1 -1 -1 
19 25 0 845 60 221 -1 -1 -1 -1 
20 25 0 844 61 223 -1 -1 -1 -1 
21 25 1 842 61 226 -1 -1 -1 -1 
22 25 0 841 63 229 -1 -1 -1 -1 
23 25 0 839 64 230 -1 -1 -1 -1 
24 25 0 837 65 231 -1 -1 -1 -1 
25 25 0 836 66 231 -1 -1 -1 -1 
26 25 0 834 66 229 -1 -1 -1 -1 
27 25 0 832 66 225 -1 -1 -1 -1 
28 25 0 829 66 224 -1 -1 -1 -1 
29 25 0 825 67 225 -1 -1 -1 -1 
30 25 0 821 67 225 -1 -1 -1 -1 
31 25 0 818 66 224 -1 -1 -1 -1 
32 25 0 816 66 226 -1 -1 -1 -1 
33 25 0 814 68 230 -1 -1 -1 -1 
34 25 0 813 69 231 -1 -1 -1 -1 
35 25 0 813 69 231 -1 -1 -1 -1 
36 25 0 812 70 230 -1 -1 -1 -1 
37 25 0 812 70 227 -1 -1 -1 -1 
38 25 0 812 70 225 -1 -1 -1 -1 
39 25 0 809 70 227 -1 -1 -1 -1 
40 25 0 806 70 229 -1 -1 -1 -1 
41 25 0 803 71 229 -1 -1 -1 -1 
42 25 0 800 74 232 -1 -1 -1 -1 
43 25 0 797 77 229 -1 -1 -1 -1 
44 25 0 794 77 222 -1 -1 -1 -1 
45 25 0 791 77 217 -1 -1 -1 -1 
46 25 0 788 80 221 -1 -1 -1 -1 
47 25 0 787 81 221 -1 -1 -1 -1 
48 25 0 786 82 219 -1 -1 -1 -1 
49 25 0 784 83 220 -1 -1 -1 -1 
50 25 0 783 85 224 -1 -1 -1 -1 
51 25 0 782 86 228 -1 -1 -1 -1 
52 25 0 779 87 230 -1 -1 -1 -1 
53 25 0 778 87 228 -1 -1 -1 -1 
54 25 0 779 87 221 -1 -1 -1 -1 
55 25 1 777 87 219 -1 -1 -1 -1 
56 25 0 774 88 219 -1 -1 -1 -1 
57 25 1 772 87 217 -1 -1 -1 -1 
58 25 1 770 88 216 -1 -1 -1 -1 
59 25 2 768 86 213 -1 -1 -1 -1 
60 25 2 766 85 209 -1 -1 -1 -1 
61 25 3 762 85 210 -1 -1 -1 -1 
62 25 4 761 84 211 -1 -1 -1 -1 
63 25 3 759 85 214 -1 -1 -1 -1 
64 25 3 758 85 213 -1 -1 -1 -1 
65 25 2 757 87 216 -1 -1 -1 -1 
66 25 2 756 86 218 -1 -1 -1 -1 
67 25 1 755 87 218 -1 -1 -1 -1 
68 25 1 753 86 218 -1 -1 -1 -1 
69 25 2 752 86 217 -1 -1 -1 -1 
70 25 2 750 86 217 -1 -1 -1 -1 
71 25 3 746 85 214 -1 -1 -1 -1 
72 25 4 743 84 211 -1 -1 -1 -1 
73 25 4 741 83 207 -1 -1 -1 -1 
74 25 4 737 83 208 -1 -1 -1 -1 
75 25 4 735 84 210 -1 -1 -1 -1 
76 25 5 733 84 211 -1 -1 -1 -1 
77 25 5 731 85 213 -1 -1 -1 -1 
78 25 5 730 87 216 -1 -1 -1 -1 
79 25 6 728 87 217 -1 -1 -1 -1 
80 25 6 727 88 217 -1 -1 -1 -1 
81 25 7 726 88 216 -1 -1 -1 -1 
82 25 8 725 86 215 -1 -1 -1 -1 
83 25 8 724 86 216 -1 -1 -1 -1 
84 25 7 722 88 217 -1 -1 -1 -1 
85 25 8 719 88 217 -1 -1 -1 -1 
86 25 9 717 88 216 -1 -1 -1 -1 
87 25 10 715 87 214 -1 -1 -1 -1 
88 25 12 712 86 214 -1 -1 -1 -1 
89 25 12 708 87 216 -1 -1 -1 -1 
90 25 13 704 87 217 -1 -1 -1 -1 
91 25 14 701 88 218 -1 -1 -1 -1 
92 25 15 699 88 218 -1 -1 -1 -1 
93 25 16 698 87 216 -1 -1 -1 -1 
94 25 16 697 87 216 -1 -1 -1 -1 
95 25 17 695 87 216 -1 -1 -1 -1 
96 25 17 695 87 215 -1 -1 -1 -1 
97 25 18 694 86 215 -1 -1 -1 -1 
98 25 18 693 86 214 -1 -1 -1 -1 
99 25 19 693 84 212 -1 -1 -1 -1 
100 25 19 692 85 210 -1 -1 -1 -1 
101 25 20 691 84 209 -1 -1 -1 -1 
102 25 21 689 83 206 -1 -1 -1 -1 
103 25 22 687 84 206 -1 -1 -1 -1 
104 25 24 685 83 206 -1 -1 -1 -1 
105 25 26 684 82 207 -1 -1 -1 -1 
106 25 29 683 83 208 -1 -1 -1 -1 
107 25 31 681 84 207 -1 -1 -1 -1 
108 25 34 679 84 206 -1 -1 -1 -1 
109 25 36 677 83 204 -1 -1 -1 -1 
110 25 39 678 82 202 -1 -1 -1 -1 
111 25 42 676 83 204 -1 -1 -1 -1 
112 25 44 675 83 204 -1 -1 -1 -1 
113 25 46 674 83 205 -1 -1 -1 -1 
114 25 50 672 82 205 -1 -1 -1 -1 
115 25 55 672 81 204 -1 -1 -1 -1 
116 25 58 672 81 202 -1 -1 -1 -1 
117 25 61 671 79 200 -1 -1 -1 -1 
118 25 63 668 80 201 -1 -1 -1 -1 
119 25 65 665 82 203 -1 -1 -1 -1 
120 25 70 662 81 203 -1 -1 -1 -1 
121 25 73 663 81 203 -1 -1 -1 -1 
122 25 74 662 82 204 -1 -1 -1 -1 
123 25 76 660 83 206 -1 -1 -1 -1 
124 25 78 659 84 208 -1 -1 -1 -1 
125 25 82 657 84 210 -1 -1 -1 -1 
126 25 84 654 86 212 -1 -1 -1 -1 
127 25 86 652 86 213 -1 -1 -1 -1 
128 25 79 579 110 277 -1 -1 -1 -1 
134 25 117 632 83 207 -1 -1 -1 -1 
135 25 123 639 80 198 -1 -1 -1 -1 
136 25 128 638 80 198 -1 -1 -1 -1 
137 25 131 637 81 198 -1 -1 -1 -1 
138 25 135 636 82 197 -1 -1 -1 -1 
139 25 138 635 82 198 -1 -1 -1 -1 
140 25 143 634 80 197 -1 -1 -1 -1 
141 25 146 633 80 197 -1 -1 -1 -1 
142 25 149 632 80 197 -1 -1 -1 -1 
143 25 154 632 79 196 -1 -1 -1 -1 
144 25 156 631 80 195 -1 -1 -1 -1 
145 25 159 629 79 196 -1 -1 -1 -1 
146 25 161 627 80 196 -1 -1 -1 -1 
147 25 164 625 80 197 -1 -1 -1 -1 
148 25 168 623 80 198 -1 -1 -1 -1 
149 25 171 620 80 199 -1 -1 -1 -1 
150 25 175 618 80 199 -1 -1 -1 -1 
151 25 177 616 80 201 -1 -1 -1 -1 
152 25 178 614 82 204 -1 -1 -1 -1 
153 25 181 614 82 204 -1 -1 -1 -1 
154 25 183 614 82 204 -1 -1 -1 -1 
155 25 186 613 81 204 -1 -1 -1 -1 
156 25 188 612 81 204 -1 -1 -1 -1 
157 25 189 611 81 204 -1 -1 -1 -1 
158 25 190 609 82 203 -1 -1 -1 -1 
159 25 193 607 81 202 -1 -1 -1 -1 
160 25 197 605 80 199 -1 -1 -1 -1 
161 25 200 602 79 198 -1 -1 -1 -1 
162 25 203 599 79 197 -1 -1 -1 -1 
163 25 205 597 79 195 -1 -1 -1 -1 
164 25 207 595 79 197 -1 -1 -1 -1 
165 25 209 594 81 200 -1 -1 -1 -1 
166 25 213 594 79 199 -1 -1 -1 -1 
167 25 215 594 79 199 -1 -1 -1 -1 
168 25 216 592 80 200 -1 -1 -1 -1 
169 25 217 591 80 200 -1 -1 -1 -1 
170 25 218 589 81 202 -1 -1 -1 -1 
171 25 219 589 81 201 -1 -1 -1 -1 
172 25 220 588 81 202 -1 -1 -1 -1 
173 25 222 586 81 201 -1 -1 -1 -1 
174 25 225 586 79 196 -1 -1 -1 -1 
175 25 227 585 79 195 -1 -1 -1 -1 
176 25 229 582 78 195 -1 -1 -1 -1 
177 25 230 579 79 197 -1 -1 -1 -1 
178 25 231 577 79 195 -1 -1 -1 -1 
179 25 232 575 79 195 -1 -1 -1 -1 
180 25 232 571 79 196 -1 -1 -1 -1 
181 25 232 569 79 195 -1 -1 -1 -1 
182 25 233 568 78 194 -1 -1 -1 -1 
183 25 233 567 78 194 -1 -1 -1 -1 
184 25 233 566 78 196 -1 -1 -1 -1 
185 25 232 565 79 196 -1 -1 -1 -1 
186 25 232 565 77 193 -1 -1 -1 -1 
187 25 231 564 77 192 -1 -1 -1 -1 
188 25 232 563 76 191 -1 -1 -1 -1 
189 25 232 561 76 191 -1 -1 -1 -1 
190 25 231 559 76 190 -1 -1 -1 -1 
191 25 231 557 75 189 -1 -1 -1 -1 
192 25 230 555 76 189 -1 -1 -1 -1 
193 25 230 553 76 190 -1 -1 -1 -1 
194 25 230 551 75 190 -1 -1 -1 -1 
195 25 228 549 75 190 -1 -1 -1 -1 
196 25 226 547 76 192 -1 -1 -1 -1 
197 25 224 546 76 193 -1 -1 -1 -1 
198 25 221 544 77 195 -1 -1 -1 -1 
199 25 221 543 77 196 -1 -1 -1 -1 
200 25 220 543 78 195 -1 -1 -1 -1 
201 25 219 542 78 195 -1 -1 -1 -1 
202 25 219 541 78 195 -1 -1 -1 -1 
203 25 219 540 77 193 -1 -1 -1 -1 
204 25 220 539 77 191 -1 -1 -1 -1 
205 25 219 536 77 190 -1 -1 -1 -1 
206 25 220 533 75 187 -1 -1 -1 -1 
207 25 221 531 74 186 -1 -1 -1 -1 
208 25 221 530 74 185 -1 -1 -1 -1 
209 25 220 528 75 186 -1 -1 -1 -1 
210 25 219 526 74 187 -1 -1 -1 -1 
211 25 217 524 75 188 -1 -1 -1 -1 
212 25 216 523 75 188 -1 -1 -1 -1 
213 25 216 521 75 190 -1 -1 -1 -1 
214 25 216 521 75 190 -1 -1 -1 -1 
215 25 215 520 75 189 -1 -1 -1 -1 
216 25 213 520 74 185 -1 -1 -1 -1 
217 25 212 518 75 186 -1 -1 -1 -1 
218 25 211 516 75 187 -1 -1 -1 -1 
219 25 211 514 74 185 -1 -1 -1 -1 
220 25 210 511 75 186 -1 -1 -1 -1 
221 25 208 508 75 186 -1 -1 -1 -1 
222 25 207 506 75 187 -1 -1 -1 -1 
223 25 207 506 74 186 -1 -1 -1 -1 
224 25 207 504 74 186 -1 -1 -1 -1 
225 25 207 502 75 188 -1 -1 -1 -1 
226 25 207 501 75 187 -1 -1 -1 -1 
227 25 207 499 76 188 -1 -1 -1 -1 
228 25 206 499 76 187 -1 -1 -1 -1 
229 25 206 499 76 187 -1 -1 -1 -1 
230 25 207 498 76 186 -1 -1 -1 -1 
231 25 209 496 75 184 -1 -1 -1 -1 
232 25 211 496 73 182 -1 -1 -1 -1 
233 25 212 493 74 183 -1 -1 -1 -1 
234 25 214 491 73 183 -1 -1 -1 -1 
235 25 214 489 74 183 -1 -1 -1 -1 
236 25 214 486 73 182 -1 -1 -1 -1 
237 25 214 484 73 181 -1 -1 -1 -1 
238 25 214 483 73 180 -1 -1 -1 -1 
239 25 214 482 73 181 -1 -1 -1 -1 
240 25 214 481 73 181 -1 -1 -1 -1 
241 25 216 480 72 182 -1 -1 -1 -1 
242 25 216 479 74 183 -1 -1 -1 -1 
243 25 217 478 74 185 -1 -1 -1 -1 
244 25 216 477 75 185 -1 -1 -1 -1 
245 25 216 476 74 185 -1 -1 -1 -1 
246 25 215 474 75 186 -1 -1 -1 -1 
247 25 215 472 74 186 -1 -1 -1 -1 
248 25 216 471 73 183 -1 -1 -1 -1 
249 25 218 470 71 179 -1 -1 -1 -1 
250 25 219 468 71 178 -1 -1 -1 -1 
251 25 218 465 73 179 -1 -1 -1 -1 
252 25 218 462 74 181 -1 -1 -1 -1 
253 25 218 460 74 182 -1 -1 -1 -1 
254 25 218 459 74 182 -1 -1 -1 -1 
255 25 219 458 73 181 -1 -1 -1 -1 
256 25 220 458 73 180 -1 -1 -1 -1 
257 25 220 457 73 181 -1 -1 -1 -1 
258 25 220 457 73 180 -1 -1 -1 -1 
259 25 219 457 74 180 -1 -1 -1 -1 
260 25 219 456 74 180 -1 -1 -1 -1 
261 25 220 454 74 180 -1 -1 -1 -1 
262 25 221 452 73 179 -1 -1 -1 -1 
263 25 222 450 72 179 -1 -1 -1 -1 
264 25 223 448 71 177 -1 -1 -1 -1 
265 25 224 445 71 176 -1 -1 -1 -1 
266 25 224 443 71 175 -1 -1 -1 -1 
267 25 224 441 71 177 -1 -1 -1 -1 
268 25 224 439 72 179 -1 -1 -1 -1 
269 25 224 438 73 180 -1 -1 -1 -1 
270 25 224 437 73 181 -1 -1 -1 -1 
271 25 224 437 73 181 -1 -1 -1 -1 
272 25 224 436 73 182 -1 -1 -1 -1 
273 25 224 436 73 180 -1 -1 -1 -1 
274 25 224 435 73 180 -1 -1 -1 -1 
275 25 224 434 72 179 -1 -1 -1 -1 
276 25 224 433 72 179 -1 -1 -1 -1 
277 25 225 431 72 179 -1 -1 -1 -1 
278 25 225 428 72 179 -1 -1 -1 -1 
279 25 225 427 72 178 -1 -1 -1 -1 
280 25 225 425 72 179 -1 -1 -1 -1 
281 25 225 423 72 178 -1 -1 -1 -1 
282 25 226 422 71 175 -1 -1 -1 -1 
283 25 226 419 70 174 -1 -1 -1 -1 
284 25 225 417 71 175 -1 -1 -1 -1 
285 25 225 416 72 177 -1 -1 -1 -1 
286 25 226 416 71 176 -1 -1 -1 -1 
287 25 225 415 72 180 -1 -1 -1 -1 
288 25 224 413 73 185 -1 -1 -1 -1 
289 25 225 413 73 183 -1 -1 -1 -1 
290 25 226 412 73 182 -1 -1 -1 -1 
291 25 226 411 74 182 -1 -1 -1 -1 
292 25 227 410 73 180 -1 -1 -1 -1 
293 25 229 408 71 176 -1 -1 -1 -1 
294 25 230 407 70 175 -1 -1 -1 -1 
295 25 230 404 69 173 -1 -1 -1 -1 
296 25 229 402 69 171 -1 -1 -1 -1 
297 25 231 401 68 171 -1 -1 -1 -1 
298 25 231 399 68 172 -1 -1 -1 -1 
299 25 231 398 69 173 -1 -1 -1 -1 
300 25 231 397 70 173 -1 -1 -1 -1 
301 25 231 397 70 173 -1 -1 -1 -1 
302 25 231 396 70 174 -1 -1 -1 -1 
303 25 230 395 71 175 -1 -1 -1 -1 
304 25 230 394 71 176 -1 -1 -1 -1 
305 25 229 392 72 177 -1 -1 -1 -1 
306 25 228 390 73 179 -1 -1 -1 -1 
307 25 228 388 72 178 -1 -1 -1 -1 
308 25 229 386 71 176 -1 -1 -1 -1 
309 25 229 385 71 174 -1 -1 -1 -1 
310 25 229 383 70 173 -1 -1 -1 -1 
311 25 228 381 70 173 -1 -1 -1 -1 
312 25 228 379 69 174 -1 -1 -1 -1 
313 25 227 378 70 173 -1 -1 -1 -1 
314 25 227 378 69 172 -1 -1 -1 -1 
315 25 228 378 69 172 -1 -1 -1 -1 
316 25 228 378 69 173 -1 -1 -1 -1 
317 25 228 377 70 174 -1 -1 -1 -1 
318 25 229 376 69 175 -1 -1 -1 -1 
319 25 229 376 69 174 -1 -1 -1 -1 
320 25 229 375 70 174 -1 -1 -1 -1 
321 25 229 373 70 173 -1 -1 -1 -1 
322 25 229 370 71 174 -1 -1 -1 -1 
323 25 229 367 71 174 -1 -1 -1 -1 
324 25 229 364 70 174 -1 -1 -1 -1 
325 25 229 361 70 175 -1 -1 -1 -1 
326 25 229 360 70 174 -1 -1 -1 -1 
327 25 230 359 68 173 -1 -1 -1 -1 
328 25 230 359 68 171 -1 -1 -1 -1 
329 25 230 358 69 172 -1 -1 -1 -1 
330 25 230 357 69 174 -1 -1 -1 -1 
331 25 229 356 70 176 -1 -1 -1 -1 
332 25 229 356 70 175 -1 -1 -1 -1 
333 25 229 355 70 176 -1 -1 -1 -1 
334 25 228 354 71 176 -1 -1 -1 -1 
335 25 227 353 71 176 -1 -1 -1 -1 
336 25 226 351 71 178 -1 -1 -1 -1 
337 25 225 350 72 176 -1 -1 -1 -1 
338 25 225 349 71 175 -1 -1 -1 -1 
339 25 226 347 69 173 -1 -1 -1 -1 
340 25 225 345 69 171 -1 -1 -1 -1 
341 25 223 342 69 172 -1 -1 -1 -1 
342 25 222 340 69 172 -1 -1 -1 -1 
343 25 221 339 70 172 -1 -1 -1 -1 
344 25 221 338 70 174 -1 -1 -1 -1 
345 25 220 338 70 173 -1 -1 -1 -1 
346 25 219 337 71 175 -1 -1 -1 -1 
347 25 218 337 72 176 -1 -1 -1 -1 
348 25 218 337 71 176 -1 -1 -1 -1 
349 25 217 336 72 176 -1 -1 -1 -1 
350 25 217 336 71 174 -1 -1 -1 -1 
351 25 218 335 70 173 -1 -1 -1 -1 
352 25 217 334 70 174 -1 -1 -1 -1 
353 25 216 333 70 174 -1 -1 -1 -1 
354 25 215 331 70 174 -1 -1 -1 -1 
355 25 214 327 71 177 -1 -1 -1 -1 
356 25 214 325 70 175 -1 -1 -1 -1 
357 25 214 323 70 172 -1 -1 -1 -1 
358 25 214 322 69 171 -1 -1 -1 -1 
359 25 213 321 70 171 -1 -1 -1 -1 
360 25 212 320 70 172 -1 -1 -1 -1 
361 25 211 319 70 172 -1 -1 -1 -1 
362 25 209 319 70 171 -1 -1 -1 -1 
363 25 209 319 70 173 -1 -1 -1 -1 
364 25 208 318 71 174 -1 -1 -1 -1 
365 25 207 317 71 173 -1 -1 -1 -1 
366 25 206 315 71 174 -1 -1 -1 -1 
367 25 206 315 69 171 -1 -1 -1 -1 
368 25 205 314 69 171 -1 -1 -1 -1 
369 25 206 313 67 168 -1 -1 -1 -1 
370 25 205 313 66 166 -1 -1 -1 -1 
371 25 204 310 66 167 -1 -1 -1 -1 
372 25 203 308 67 167 -1 -1 -1 -1 
373 25 204 308 65 165 -1 -1 -1 -1 
374 25 203 307 66 166 -1 -1 -1 -1 
375 25 203 307 66 166 -1 -1 -1 -1 
376 25 202 305 68 170 -1 -1 -1 -1 
377 25 201 305 69 171 -1 -1 -1 -1 
378 25 200 305 70 172 -1 -1 -1 -1 
379 25 200 304 70 173 -1 -1 -1 -1 
380 25 201 304 69 172 -1 -1 -1 -1 
381 25 201 305 68 170 -1 -1 -1 -1 
382 25 201 303 68 170 -1 -1 -1 -1 
383 25 201 300 68 169 -1 -1 -1 -1 
384 25 200 297 68 169 -1 -1 -1 -1 
385 25 200 293 68 169 -1 -1 -1 -1 
386 25 199 290 68 170 -1 -1 -1 -1 
387 25 200 289 67 169 -1 -1 -1 -1 
388 25 200 288 67 169 -1 -1 -1 -1 
389 25 200 288 67 168 -1 -1 -1 -1 
390 25 199 288 68 168 -1 -1 -1 -1 
391 25 199 288 67 166 -1 -1 -1 -1 
392 25 199 288 66 165 -1 -1 -1 -1 
393 25 199 288 66 164 -1 -1 -1 -1 
394 25 198 287 67 165 -1 -1 -1 -1 
395 25 198 287 67 165 -1 -1 -1 -1 
396 25 198 286 67 165 -1 -1 -1 -1 
397 25 198 286 65 163 -1 -1 -1 -1 
398 25 197 285 66 164 -1 -1 -1 -1 
399 25 196 285 65 161 -1 -1 -1 -1 
400 25 196 284 64 160 -1 -1 -1 -1 
401 25 197 283 63 159 -1 -1 -1 -1 
402 25 197 282 63 159 -1 -1 -1 -1 
403 25 196 281 64 160 -1 -1 -1 -1 
404 25 195 277 66 164 -1 -1 -1 -1 
405 25 195 277 65 163 -1 -1 -1 -1 
406 25 194 275 67 165 -1 -1 -1 -1 
407 25 194 275 67 166 -1 -1 -1 -1 
408 25 193 274 69 167 -1 -1 -1 -1 
409 25 193 273 69 168 -1 -1 -1 -1 
410 25 193 273 69 167 -1 -1 -1 -1 
411 25 194 272 67 167 -1 -1 -1 -1 
412 25 194 271 68 167 -1 -1 -1 -1 
413 25 196 271 66 164 -1 -1 -1 -1 
414 25 198 273 64 158 -1 -1 -1 -1 
415 25 199 272 63 156 -1 -1 -1 -1 
416 25 201 270 62 155 -1 -1 -1 -1 
417 25 203 271 60 151 -1 -1 -1 -1 
418 25 204 267 60 152 -1 -1 -1 -1 
419 25 204 265 61 154 -1 -1 -1 -1 
420 25 206 265 61 156 -1 -1 -1 -1 
421 25 208 263 62 158 -1 -1 -1 -1 
422 25 207 250 69 170 -1 -1 -1 -1 
423 25 205 229 76 189 -1 -1 -1 -1 
424 25 206 225 77 193 -1 -1 -1 -1 
425 25 205 216 80 201 -1 -1 -1 -1 
426 25 207 221 78 195 -1 -1 -1 -1 
427 25 206 210 81 205 -1 -1 -1 -1 
428 25 206 206 82 207 -1 -1 -1 -1 
429 25 209 171 78 199 -1 -1 -1 -1 
430 25 210 177 77 192 -1 -1 -1 -1 
431 25 207 181 83 208 -1 -1 -1 -1 
432 25 211 219 74 180 -1 -1 -1 -1 
433 25 214 235 72 167 -1 -1 -1 -1 
434 25 218 246 66 157 -1 -1 -1 -1 
435 25 221 251 63 152 -1 -1 -1 -1 
436 25 222 250 64 153 -1 -1 -1 -1 
437 25 223 250 64 154 -1 -1 -1 -1 
438 25 224 250 63 154 -1 -1 -1 -1 
439 25 225 249 64 154 -1 -1 -1 -1 
440 25 225 247 64 156 -1 -1 -1 -1 
441 25 226 247 63 155 -1 -1 -1 -1 
442 25 228 244 63 158 -1 -1 -1 -1 
443 25 231 242 62 159 -1 -1 -1 -1 
444 25 232 241 64 158 -1 -1 -1 -1 
445 25 233 237 65 159 -1 -1 -1 -1 
446 25 235 235 65 159 -1 -1 -1 -1 
447 25 237 236 64 155 -1 -1 -1 -1 
448 25 241 240 61 149 -1 -1 -1 -1 
449 25 243 241 60 147 -1 -1 -1 -1 
450 25 245 237 63 152 -1 -1 -1 -1 
451 25 246 231 65 158 -1 -1 -1 -1 
452 25 246 222 67 166 -1 -1 -1 -1 
453 25 247 217 68 171 -1 -1 -1 -1 
454 25 248 214 70 174 -1 -1 -1 -1 
455 25 249 213 69 173 -1 -1 -1 -1 
463 25 251 135 92 234 -1 -1 -1 -1 
464 25 254 133 91 235 -1 -1 -1 -1 
465 25 256 137 88 230 -1 -1 -1 -1 
466 25 259 170 81 199 -1 -1 -1 -1 
467 25 265 201 71 169 -1 -1 -1 -1 
468 25 264 210 71 159 -1 -1 -1 -1 
469 25 267 218 67 152 -1 -1 -1 -1 
470 25 271 219 63 151 -1 -1 -1 -1 
471 25 272 220 62 150 -1 -1 -1 -1 
472 25 273 199 66 167 -1 -1 -1 -1 
473 25 269 159 75 203 -1 -1 -1 -1 
474 25 271 175 73 186 -1 -1 -1 -1 
475 25 267 142 85 215 -1 -1 -1 -1 
476 25 266 132 88 224 -1 -1 -1 -1 
477 25 267 129 88 225 -1 -1 -1 -1 
478 25 267 126 90 228 -1 -1 -1 -1 
479 25 268 125 89 228 -1 -1 -1 -1 
480 25 270 125 85 219 -1 -1 -1 -1 
481 25 271 126 84 220 -1 -1 -1 -1 
482 25 272 126 84 222 -1 -1 -1 -1 
483 25 275 132 82 219 -1 -1 -1 -1 
484 25 276 130 82 220 -1 -1 -1 -1 
485 25 277 130 81 219 -1 -1 -1 -1 
486 25 278 131 80 217 -1 -1 -1 -1 
487 25 279 127 78 202 -1 -1 -1 -1 
488 25 277 126 84 213 -1 -1 -1 -1 
489 25 279 128 84 212 -1 -1 -1 -1 
28 26 476 37 63 160 -1 -1 -1 -1 
29 26 474 37 65 163 -1 -1 -1 -1 
30 26 474 37 65 162 -1 -1 -1 -1 
31 26 475 37 65 161 -1 -1 -1 -1 
32 26 475 37 65 161 -1 -1 -1 -1 
33 26 475 37 66 165 -1 -1 -1 -1 
34 26 476 37 65 162 -1 -1 -1 -1 
35 26 476 37 65 163 -1 -1 -1 -1 
36 26 477 37 65 160 -1 -1 -1 -1 
37 26 478 38 65 159 -1 -1 -1 -1 
38 26 478 38 65 161 -1 -1 -1 -1 
39 26 478 38 65 161 -1 -1 -1 -1 
40 26 479 38 65 160 -1 -1 -1 -1 
41 26 479 38 65 160 -1 -1 -1 -1 
42 26 479 38 65 162 -1 -1 -1 -1 
43 26 480 40 65 161 -1 -1 -1 -1 
44 26 481 41 64 160 -1 -1 -1 -1 
45 26 482 41 63 158 -1 -1 -1 -1 
46 26 482 40 62 156 -1 -1 -1 -1 
47 26 482 40 62 155 -1 -1 -1 -1 
48 26 482 40 62 156 -1 -1 -1 -1 
49 26 482 40 62 155 -1 -1 -1 -1 
50 26 482 39 61 157 -1 -1 -1 -1 
51 26 482 39 62 158 -1 -1 -1 -1 
52 26 482 39 62 158 -1 -1 -1 -1 
53 26 483 38 61 158 -1 -1 -1 -1 
54 26 483 38 61 158 -1 -1 -1 -1 
55 26 483 38 61 157 -1 -1 -1 -1 
56 26 482 37 60 155 -1 -1 -1 -1 
57 26 482 38 62 158 -1 -1 -1 -1 
58 26 481 38 64 162 -1 -1 -1 -1 
59 26 480 39 65 161 -1 -1 -1 -1 
60 26 479 39 65 163 -1 -1 -1 -1 
61 26 480 39 65 162 -1 -1 -1 -1 
62 26 480 39 64 159 -1 -1 -1 -1 
63 26 480 39 64 159 -1 -1 -1 -1 
64 26 480 38 62 155 -1 -1 -1 -1 
65 26 480 38 61 154 -1 -1 -1 -1 
66 26 482 39 61 154 -1 -1 -1 -1 
67 26 480 39 62 156 -1 -1 -1 -1 
68 26 480 39 62 154 -1 -1 -1 -1 
69 26 480 38 62 154 -1 -1 -1 -1 
70 26 480 38 61 154 -1 -1 -1 -1 
71 26 480 37 61 153 -1 -1 -1 -1 
72 26 480 37 59 151 -1 -1 -1 -1 
73 26 480 37 59 150 -1 -1 -1 -1 
74 26 480 37 59 149 -1 -1 -1 -1 
75 26 480 37 58 149 -1 -1 -1 -1 
76 26 480 37 58 149 -1 -1 -1 -1 
77 26 479 37 59 150 -1 -1 -1 -1 
78 26 479 37 59 152 -1 -1 -1 -1 
79 26 479 37 58 146 -1 -1 -1 -1 
80 26 479 37 57 143 -1 -1 -1 -1 
81 26 479 38 57 142 -1 -1 -1 -1 
82 26 478 37 59 146 -1 -1 -1 -1 
83 26 478 38 58 143 -1 -1 -1 -1 
84 26 478 38 58 143 -1 -1 -1 -1 
85 26 478 38 58 141 -1 -1 -1 -1 
86 26 478 38 57 139 -1 -1 -1 -1 
87 26 478 38 57 139 -1 -1 -1 -1 
88 26 479 38 56 139 -1 -1 -1 -1 
89 26 478 38 57 139 -1 -1 -1 -1 
90 26 478 38 57 140 -1 -1 -1 -1 
91 26 479 39 57 139 -1 -1 -1 -1 
92 26 480 39 56 137 -1 -1 -1 -1 
93 26 480 39 56 138 -1 -1 -1 -1 
94 26 479 39 57 139 -1 -1 -1 -1 
95 26 479 39 56 139 -1 -1 -1 -1 
96 26 479 39 56 138 -1 -1 -1 -1 
97 26 479 40 56 138 -1 -1 -1 -1 
98 26 481 40 55 135 -1 -1 -1 -1 
99 26 483 40 53 133 -1 -1 -1 -1 
100 26 483 40 54 133 -1 -1 -1 -1 
101 26 483 40 54 135 -1 -1 -1 -1 
102 26 483 39 55 139 -1 -1 -1 -1 
103 26 483 39 56 140 -1 -1 -1 -1 
104 26 484 38 56 144 -1 -1 -1 -1 
105 26 484 38 56 144 -1 -1 -1 -1 
106 26 483 39 58 146 -1 -1 -1 -1 
107 26 483 39 59 147 -1 -1 -1 -1 
108 26 484 39 58 144 -1 -1 -1 -1 
109 26 485 38 57 144 -1 -1 -1 -1 
110 26 485 38 58 144 -1 -1 -1 -1 
111 26 486 39 56 143 -1 -1 -1 -1 
112 26 486 40 57 146 -1 -1 -1 -1 
113 26 486 40 58 149 -1 -1 -1 -1 
114 26 486 40 58 152 -1 -1 -1 -1 
115 26 486 41 58 150 -1 -1 -1 -1 
116 26 487 41 58 151 -1 -1 -1 -1 
117 26 486 40 58 151 -1 -1 -1 -1 
118 26 486 41 58 148 -1 -1 -1 -1 
119 26 485 41 59 148 -1 -1 -1 -1 
120 26 484 42 60 148 -1 -1 -1 -1 
121 26 484 42 59 148 -1 -1 -1 -1 
122 26 483 42 59 146 -1 -1 -1 -1 
123 26 482 42 60 146 -1 -1 -1 -1 
124 26 481 42 60 146 -1 -1 -1 -1 
125 26 481 42 60 145 -1 -1 -1 -1 
126 26 481 43 59 144 -1 -1 -1 -1 
127 26 481 42 59 146 -1 -1 -1 -1 
128 26 481 43 58 142 -1 -1 -1 -1 
129 26 481 42 57 140 -1 -1 -1 -1 
130 26 481 44 57 141 -1 -1 -1 -1 
131 26 479 43 58 141 -1 -1 -1 -1 
132 26 479 43 58 143 -1 -1 -1 -1 
133 26 477 41 60 146 -1 -1 -1 -1 
134 26 476 40 59 145 -1 -1 -1 -1 
135 26 474 41 58 144 -1 -1 -1 -1 
136 26 472 43 58 142 -1 -1 -1 -1 
137 26 471 42 56 141 -1 -1 -1 -1 
138 26 470 42 56 141 -1 -1 -1 -1 
139 26 468 40 56 142 -1 -1 -1 -1 
140 26 465 39 58 144 -1 -1 -1 -1 
141 26 463 39 59 143 -1 -1 -1 -1 
142 26 461 38 60 145 -1 -1 -1 -1 
143 26 459 37 60 146 -1 -1 -1 -1 
144 26 458 35 60 148 -1 -1 -1 -1 
145 26 457 36 60 148 -1 -1 -1 -1 
146 26 455 33 62 151 -1 -1 -1 -1 
147 26 455 33 61 151 -1 -1 -1 -1 
148 26 454 32 61 152 -1 -1 -1 -1 
149 26 452 31 62 155 -1 -1 -1 -1 
150 26 452 33 61 151 -1 -1 -1 -1 
151 26 451 30 61 153 -1 -1 -1 -1 
152 26 449 29 62 154 -1 -1 -1 -1 
153 26 446 30 61 154 -1 -1 -1 -1 
154 26 443 32 62 153 -1 -1 -1 -1 
155 26 441 35 61 150 -1 -1 -1 -1 
156 26 440 36 61 149 -1 -1 -1 -1 
157 26 439 37 60 149 -1 -1 -1 -1 
158 26 438 39 60 147 -1 -1 -1 -1 
159 26 438 38 60 148 -1 -1 -1 -1 
160 26 437 39 60 148 -1 -1 -1 -1 
161 26 435 38 60 149 -1 -1 -1 -1 
162 26 433 37 61 151 -1 -1 -1 -1 
163 26 432 36 60 151 -1 -1 -1 -1 
164 26 431 36 60 151 -1 -1 -1 -1 
165 26 430 35 61 152 -1 -1 -1 -1 
166 26 428 35 61 152 -1 -1 -1 -1 
167 26 425 33 63 154 -1 -1 -1 -1 
168 26 424 33 62 152 -1 -1 -1 -1 
169 26 423 34 61 150 -1 -1 -1 -1 
170 26 422 31 61 153 -1 -1 -1 -1 
171 26 421 30 61 153 -1 -1 -1 -1 
172 26 420 30 61 152 -1 -1 -1 -1 
173 26 420 35 59 147 -1 -1 -1 -1 
174 26 420 35 58 147 -1 -1 -1 -1 
175 26 419 39 57 143 -1 -1 -1 -1 
176 26 417 42 57 141 -1 -1 -1 -1 
177 26 416 42 58 145 -1 -1 -1 -1 
178 26 413 42 58 146 -1 -1 -1 -1 
179 26 410 42 59 145 -1 -1 -1 -1 
180 26 408 41 59 145 -1 -1 -1 -1 
181 26 407 40 59 146 -1 -1 -1 -1 
182 26 407 41 58 145 -1 -1 -1 -1 
183 26 406 40 59 146 -1 -1 -1 -1 
184 26 405 40 59 147 -1 -1 -1 -1 
185 26 404 41 59 147 -1 -1 -1 -1 
186 26 404 41 59 146 -1 -1 -1 -1 
187 26 402 41 59 145 -1 -1 -1 -1 
188 26 402 43 58 143 -1 -1 -1 -1 
189 26 402 43 58 143 -1 -1 -1 -1 
190 26 401 43 58 144 -1 -1 -1 -1 
191 26 400 42 58 145 -1 -1 -1 -1 
192 26 398 41 59 147 -1 -1 -1 -1 
193 26 397 42 59 147 -1 -1 -1 -1 
194 26 397 41 59 148 -1 -1 -1 -1 
195 26 397 42 58 148 -1 -1 -1 -1 
196 26 396 41 59 149 -1 -1 -1 -1 
197 26 395 42 59 148 -1 -1 -1 -1 
198 26 394 43 59 148 -1 -1 -1 -1 
199 26 393 42 59 147 -1 -1 -1 -1 
200 26 390 42 59 146 -1 -1 -1 -1 
201 26 389 41 58 146 -1 -1 -1 -1 
202 26 388 42 58 145 -1 -1 -1 -1 
203 26 388 44 57 142 -1 -1 -1 -1 
204 26 386 43 58 143 -1 -1 -1 -1 
205 26 383 43 59 143 -1 -1 -1 -1 
206 26 382 41 58 144 -1 -1 -1 -1 
207 26 380 40 59 144 -1 -1 -1 -1 
208 26 378 41 57 142 -1 -1 -1 -1 
209 26 375 40 59 146 -1 -1 -1 -1 
210 26 373 39 60 147 -1 -1 -1 -1 
211 26 373 40 59 146 -1 -1 -1 -1 
212 26 371 40 59 147 -1 -1 -1 -1 
213 26 370 38 59 148 -1 -1 -1 -1 
214 26 370 39 58 147 -1 -1 -1 -1 
215 26 368 39 58 145 -1 -1 -1 -1 
216 26 366 40 57 144 -1 -1 -1 -1 
217 26 364 42 58 145 -1 -1 -1 -1 
218 26 362 42 58 147 -1 -1 -1 -1 
219 26 361 42 58 147 -1 -1 -1 -1 
220 26 360 44 57 146 -1 -1 -1 -1 
221 26 359 45 58 145 -1 -1 -1 -1 
222 26 359 47 57 145 -1 -1 -1 -1 
223 26 358 48 57 145 -1 -1 -1 -1 
224 26 357 48 57 146 -1 -1 -1 -1 
225 26 356 47 59 148 -1 -1 -1 -1 
226 26 355 47 58 148 -1 -1 -1 -1 
227 26 353 45 62 153 -1 -1 -1 -1 
228 26 351 45 64 159 -1 -1 -1 -1 
229 26 350 45 66 166 -1 -1 -1 -1 
230 26 349 46 67 166 -1 -1 -1 -1 
244 26 338 115 63 156 -1 -1 -1 -1 
245 26 335 117 64 155 -1 -1 -1 -1 
246 26 330 107 67 165 -1 -1 -1 -1 
247 26 326 102 67 167 -1 -1 -1 -1 
248 26 328 100 68 169 -1 -1 -1 -1 
249 26 328 98 69 172 -1 -1 -1 -1 
250 26 327 96 70 173 -1 -1 -1 -1 
251 26 329 97 68 171 -1 -1 -1 -1 
252 26 326 97 68 168 -1 -1 -1 -1 
253 26 324 98 67 162 -1 -1 -1 -1 
254 26 324 98 65 160 -1 -1 -1 -1 
255 26 323 96 66 161 -1 -1 -1 -1 
256 26 323 96 66 159 -1 -1 -1 -1 
257 26 324 97 65 159 -1 -1 -1 -1 
258 26 325 96 63 157 -1 -1 -1 -1 
289 26 316 50 49 120 -1 -1 -1 -1 
290 26 316 50 49 120 -1 -1 -1 -1 
291 26 316 49 48 119 -1 -1 -1 -1 
292 26 316 49 48 119 -1 -1 -1 -1 
293 26 315 50 49 120 -1 -1 -1 -1 
294 26 315 50 50 121 -1 -1 -1 -1 
295 26 316 51 49 120 -1 -1 -1 -1 
296 26 316 51 49 120 -1 -1 -1 -1 
297 26 315 51 51 123 -1 -1 -1 -1 
298 26 315 51 51 122 -1 -1 -1 -1 
299 26 315 51 51 123 -1 -1 -1 -1 
300 26 315 51 50 123 -1 -1 -1 -1 
301 26 314 52 51 124 -1 -1 -1 -1 
302 26 315 52 50 121 -1 -1 -1 -1 
303 26 315 51 52 123 -1 -1 -1 -1 
304 26 314 52 51 122 -1 -1 -1 -1 
305 26 314 52 51 123 -1 -1 -1 -1 
306 26 313 52 53 126 -1 -1 -1 -1 
307 26 313 51 53 128 -1 -1 -1 -1 
308 26 312 51 54 129 -1 -1 -1 -1 
309 26 312 50 54 132 -1 -1 -1 -1 
310 26 311 50 55 133 -1 -1 -1 -1 
311 26 311 50 55 135 -1 -1 -1 -1 
312 26 311 50 56 137 -1 -1 -1 -1 
313 26 310 50 57 138 -1 -1 -1 -1 
314 26 310 50 57 139 -1 -1 -1 -1 
315 26 310 49 58 142 -1 -1 -1 -1 
316 26 309 49 59 143 -1 -1 -1 -1 
317 26 309 48 59 144 -1 -1 -1 -1 
318 26 309 48 60 146 -1 -1 -1 -1 
319 26 309 49 60 146 -1 -1 -1 -1 
320 26 310 48 59 148 -1 -1 -1 -1 
321 26 310 47 59 149 -1 -1 -1 -1 
322 26 311 47 58 149 -1 -1 -1 -1 
323 26 312 48 57 148 -1 -1 -1 -1 
324 26 312 48 58 148 -1 -1 -1 -1 
325 26 313 47 57 149 -1 -1 -1 -1 
326 26 313 48 58 147 -1 -1 -1 -1 
327 26 314 48 56 145 -1 -1 -1 -1 
328 26 314 47 56 145 -1 -1 -1 -1 
329 26 312 48 58 143 -1 -1 -1 -1 
330 26 311 48 59 144 -1 -1 -1 -1 
331 26 312 49 59 143 -1 -1 -1 -1 
332 26 313 49 59 144 -1 -1 -1 -1 
333 26 314 50 58 142 -1 -1 -1 -1 
334 26 315 50 58 143 -1 -1 -1 -1 
335 26 316 50 58 144 -1 -1 -1 -1 
336 26 316 50 59 147 -1 -1 -1 -1 
337 26 316 49 59 148 -1 -1 -1 -1 
338 26 317 49 59 147 -1 -1 -1 -1 
339 26 317 49 59 147 -1 -1 -1 -1 
340 26 318 48 59 148 -1 -1 -1 -1 
341 26 320 49 58 147 -1 -1 -1 -1 
342 26 321 49 58 145 -1 -1 -1 -1 
343 26 322 49 58 146 -1 -1 -1 -1 
344 26 323 49 58 147 -1 -1 -1 -1 
345 26 323 49 59 149 -1 -1 -1 -1 
346 26 324 50 59 149 -1 -1 -1 -1 
347 26 324 50 60 151 -1 -1 -1 -1 
348 26 324 49 61 154 -1 -1 -1 -1 
349 26 325 49 61 154 -1 -1 -1 -1 
350 26 326 48 61 152 -1 -1 -1 -1 
351 26 326 48 61 151 -1 -1 -1 -1 
352 26 326 48 62 151 -1 -1 -1 -1 
353 26 327 49 61 150 -1 -1 -1 -1 
354 26 327 49 61 150 -1 -1 -1 -1 
355 26 326 49 62 150 -1 -1 -1 -1 
356 26 326 49 62 151 -1 -1 -1 -1 
357 26 326 49 62 151 -1 -1 -1 -1 
358 26 327 49 61 150 -1 -1 -1 -1 
359 26 327 48 61 150 -1 -1 -1 -1 
360 26 326 49 62 152 -1 -1 -1 -1 
361 26 325 50 62 153 -1 -1 -1 -1 
362 26 324 51 63 155 -1 -1 -1 -1 
363 26 324 52 62 155 -1 -1 -1 -1 
364 26 323 52 63 157 -1 -1 -1 -1 
365 26 323 53 62 154 -1 -1 -1 -1 
366 26 322 53 62 154 -1 -1 -1 -1 
367 26 322 53 61 155 -1 -1 -1 -1 
368 26 322 53 59 149 -1 -1 -1 -1 
369 26 320 52 60 150 -1 -1 -1 -1 
370 26 320 53 61 152 -1 -1 -1 -1 
371 26 319 53 61 154 -1 -1 -1 -1 
372 26 318 54 62 153 -1 -1 -1 -1 
373 26 317 53 62 153 -1 -1 -1 -1 
374 26 317 54 61 152 -1 -1 -1 -1 
375 26 315 53 63 155 -1 -1 -1 -1 
376 26 315 53 63 156 -1 -1 -1 -1 
377 26 315 53 63 156 -1 -1 -1 -1 
378 26 315 53 62 155 -1 -1 -1 -1 
379 26 314 53 63 155 -1 -1 -1 -1 
380 26 314 53 63 155 -1 -1 -1 -1 
381 26 314 53 62 156 -1 -1 -1 -1 
382 26 314 54 62 156 -1 -1 -1 -1 
383 26 314 54 62 155 -1 -1 -1 -1 
384 26 314 54 61 155 -1 -1 -1 -1 
385 26 314 54 62 155 -1 -1 -1 -1 
386 26 314 54 62 156 -1 -1 -1 -1 
387 26 314 54 62 156 -1 -1 -1 -1 
388 26 314 54 62 156 -1 -1 -1 -1 
389 26 314 54 62 155 -1 -1 -1 -1 
390 26 314 54 62 155 -1 -1 -1 -1 
391 26 315 54 60 153 -1 -1 -1 -1 
392 26 315 54 60 152 -1 -1 -1 -1 
393 26 315 55 59 146 -1 -1 -1 -1 
394 26 316 55 57 141 -1 -1 -1 -1 
395 26 317 55 55 137 -1 -1 -1 -1 
396 26 316 56 55 136 -1 -1 -1 -1 
397 26 316 56 56 138 -1 -1 -1 -1 
398 26 315 55 58 145 -1 -1 -1 -1 
399 26 315 56 58 144 -1 -1 -1 -1 
400 26 315 55 59 149 -1 -1 -1 -1 
401 26 315 55 59 150 -1 -1 -1 -1 
402 26 315 55 59 148 -1 -1 -1 -1 
403 26 314 55 60 148 -1 -1 -1 -1 
404 26 314 55 61 150 -1 -1 -1 -1 
405 26 314 55 60 146 -1 -1 -1 -1 
406 26 315 55 59 144 -1 -1 -1 -1 
407 26 315 55 59 145 -1 -1 -1 -1 
408 26 314 55 60 145 -1 -1 -1 -1 
409 26 314 55 60 148 -1 -1 -1 -1 
410 26 313 54 61 153 -1 -1 -1 -1 
411 26 313 55 61 153 -1 -1 -1 -1 
412 26 313 55 61 151 -1 -1 -1 -1 
413 26 314 55 60 151 -1 -1 -1 -1 
414 26 314 55 61 152 -1 -1 -1 -1 
415 26 316 57 62 152 -1 -1 -1 -1 
416 26 316 57 61 151 -1 -1 -1 -1 
417 26 316 57 61 149 -1 -1 -1 -1 
418 26 315 56 62 153 -1 -1 -1 -1 
419 26 315 57 62 152 -1 -1 -1 -1 
420 26 316 57 61 151 -1 -1 -1 -1 
421 26 324 79 56 136 -1 -1 -1 -1 
422 26 329 86 54 133 -1 -1 -1 -1 
423 26 327 88 58 141 -1 -1 -1 -1 
424 26 326 87 61 147 -1 -1 -1 -1 
425 26 331 91 60 151 -1 -1 -1 -1 
426 26 332 92 60 151 -1 -1 -1 -1 
427 26 333 93 60 153 -1 -1 -1 -1 
428 26 334 93 62 158 -1 -1 -1 -1 
429 26 334 92 62 158 -1 -1 -1 -1 
430 26 334 92 62 158 -1 -1 -1 -1 
431 26 336 94 65 164 -1 -1 -1 -1 
432 26 336 93 65 165 -1 -1 -1 -1 
433 26 336 93 65 164 -1 -1 -1 -1 
434 26 336 93 66 164 -1 -1 -1 -1 
435 26 322 70 62 152 -1 -1 -1 -1 
436 26 316 60 62 152 -1 -1 -1 -1 
437 26 314 56 62 150 -1 -1 -1 -1 
438 26 315 55 60 147 -1 -1 -1 -1 
439 26 315 55 61 148 -1 -1 -1 -1 
440 26 316 55 60 146 -1 -1 -1 -1 
441 26 317 55 59 144 -1 -1 -1 -1 
442 26 318 56 58 142 -1 -1 -1 -1 
443 26 319 56 59 142 -1 -1 -1 -1 
444 26 321 56 56 137 -1 -1 -1 -1 
445 26 319 56 59 142 -1 -1 -1 -1 
446 26 320 57 57 139 -1 -1 -1 -1 
447 26 321 57 55 137 -1 -1 -1 -1 
448 26 320 57 56 140 -1 -1 -1 -1 
449 26 319 57 56 139 -1 -1 -1 -1 
450 26 319 57 56 140 -1 -1 -1 -1 
451 26 319 57 56 141 -1 -1 -1 -1 
452 26 320 57 55 139 -1 -1 -1 -1 
453 26 320 57 56 140 -1 -1 -1 -1 
454 26 321 57 55 140 -1 -1 -1 -1 
455 26 321 56 57 145 -1 -1 -1 -1 
456 26 320 56 59 145 -1 -1 -1 -1 
457 26 321 56 58 146 -1 -1 -1 -1 
458 26 321 56 59 146 -1 -1 -1 -1 
459 26 322 56 55 139 -1 -1 -1 -1 
460 26 322 57 55 138 -1 -1 -1 -1 
461 26 321 56 57 143 -1 -1 -1 -1 
462 26 322 56 58 146 -1 -1 -1 -1 
463 26 321 56 58 146 -1 -1 -1 -1 
464 26 320 55 59 148 -1 -1 -1 -1 
465 26 321 56 58 146 -1 -1 -1 -1 
466 26 321 55 58 147 -1 -1 -1 -1 
467 26 322 56 59 147 -1 -1 -1 -1 
468 26 323 56 58 147 -1 -1 -1 -1 
469 26 324 56 58 148 -1 -1 -1 -1 
470 26 324 56 59 148 -1 -1 -1 -1 
471 26 324 57 60 148 -1 -1 -1 -1 
472 26 324 57 60 148 -1 -1 -1 -1 
473 26 324 57 59 148 -1 -1 -1 -1 
474 26 324 56 59 148 -1 -1 -1 -1 
475 26 323 55 60 148 -1 -1 -1 -1 
476 26 323 55 60 149 -1 -1 -1 -1 
477 26 324 55 59 149 -1 -1 -1 -1 
478 26 324 56 60 147 -1 -1 -1 -1 
479 26 325 56 59 147 -1 -1 -1 -1 
480 26 326 56 58 145 -1 -1 -1 -1 
481 26 325 55 60 146 -1 -1 -1 -1 
482 26 325 56 59 144 -1 -1 -1 -1 
483 26 325 55 58 141 -1 -1 -1 -1 
484 26 324 55 59 141 -1 -1 -1 -1 
485 26 325 54 57 139 -1 -1 -1 -1 
486 26 324 54 58 142 -1 -1 -1 -1 
487 26 324 55 58 142 -1 -1 -1 -1 
488 26 325 53 54 137 -1 -1 -1 -1 
489 26 325 53 52 133 -1 -1 -1 -1 
490 26 324 53 51 130 -1 -1 -1 -1 
491 26 324 54 49 124 -1 -1 -1 -1 
492 26 323 54 48 119 -1 -1 -1 -1 
493 26 318 54 54 135 -1 -1 -1 -1 
494 26 317 53 52 128 -1 -1 -1 -1 
495 26 314 53 53 128 -1 -1 -1 -1 
496 26 313 53 53 129 -1 -1 -1 -1 
497 26 314 53 53 126 -1 -1 -1 -1 
498 26 312 52 53 130 -1 -1 -1 -1 
499 26 311 52 53 133 -1 -1 -1 -1 
500 26 310 51 52 133 -1 -1 -1 -1 
501 26 309 52 52 132 -1 -1 -1 -1 
502 26 309 52 51 129 -1 -1 -1 -1 
503 26 308 53 51 129 -1 -1 -1 -1 
36 27 1497 231 68 171 -1 -1 -1 -1 
37 27 1495 230 69 172 -1 -1 -1 -1 
38 27 1494 230 69 172 -1 -1 -1 -1 
39 27 1491 230 69 171 -1 -1 -1 -1 
40 27 1489 228 69 173 -1 -1 -1 -1 
41 27 1487 227 69 173 -1 -1 -1 -1 
42 27 1485 226 70 174 -1 -1 -1 -1 
43 27 1484 224 70 176 -1 -1 -1 -1 
44 27 1483 222 71 178 -1 -1 -1 -1 
45 27 1482 221 72 179 -1 -1 -1 -1 
46 27 1481 218 72 181 -1 -1 -1 -1 
47 27 1478 217 73 182 -1 -1 -1 -1 
48 27 1477 216 74 183 -1 -1 -1 -1 
49 27 1475 216 74 182 -1 -1 -1 -1 
50 27 1475 215 74 183 -1 -1 -1 -1 
51 27 1475 216 74 181 -1 -1 -1 -1 
52 27 1473 216 74 180 -1 -1 -1 -1 
53 27 1471 216 73 179 -1 -1 -1 -1 
54 27 1470 217 72 178 -1 -1 -1 -1 
55 27 1469 217 71 178 -1 -1 -1 -1 
56 27 1468 217 71 176 -1 -1 -1 -1 
57 27 1467 217 71 177 -1 -1 -1 -1 
58 27 1466 215 72 179 -1 -1 -1 -1 
59 27 1465 214 71 177 -1 -1 -1 -1 
60 27 1463 212 72 179 -1 -1 -1 -1 
61 27 1462 210 72 179 -1 -1 -1 -1 
62 27 1461 209 70 177 -1 -1 -1 -1 
63 27 1459 209 71 176 -1 -1 -1 -1 
64 27 1457 208 71 180 -1 -1 -1 -1 
65 27 1455 208 71 179 -1 -1 -1 -1 
66 27 1453 207 72 179 -1 -1 -1 -1 
67 27 1451 207 72 178 -1 -1 -1 -1 
68 27 1450 206 71 177 -1 -1 -1 -1 
69 27 1448 205 71 178 -1 -1 -1 -1 
70 27 1445 205 72 178 -1 -1 -1 -1 
71 27 1444 206 71 178 -1 -1 -1 -1 
72 27 1442 206 72 178 -1 -1 -1 -1 
73 27 1441 205 71 179 -1 -1 -1 -1 
74 27 1438 205 72 180 -1 -1 -1 -1 
75 27 1437 206 71 178 -1 -1 -1 -1 
76 27 1434 206 71 176 -1 -1 -1 -1 
77 27 1432 206 70 176 -1 -1 -1 -1 
78 27 1429 206 71 176 -1 -1 -1 -1 
79 27 1427 205 71 177 -1 -1 -1 -1 
80 27 1424 204 71 177 -1 -1 -1 -1 
81 27 1423 203 70 176 -1 -1 -1 -1 
82 27 1421 203 70 175 -1 -1 -1 -1 
83 27 1419 201 71 177 -1 -1 -1 -1 
84 27 1418 200 70 176 -1 -1 -1 -1 
85 27 1417 200 70 175 -1 -1 -1 -1 
86 27 1415 200 70 174 -1 -1 -1 -1 
87 27 1413 199 71 176 -1 -1 -1 -1 
88 27 1411 200 70 173 -1 -1 -1 -1 
89 27 1409 201 70 170 -1 -1 -1 -1 
90 27 1407 199 70 173 -1 -1 -1 -1 
91 27 1405 198 70 175 -1 -1 -1 -1 
92 27 1403 198 70 174 -1 -1 -1 -1 
93 27 1401 198 70 174 -1 -1 -1 -1 
94 27 1399 197 70 174 -1 -1 -1 -1 
95 27 1397 196 70 175 -1 -1 -1 -1 
96 27 1395 195 72 177 -1 -1 -1 -1 
97 27 1395 195 71 178 -1 -1 -1 -1 
98 27 1393 194 71 177 -1 -1 -1 -1 
99 27 1392 192 71 178 -1 -1 -1 -1 
100 27 1393 192 68 173 -1 -1 -1 -1 
101 27 1392 190 68 172 -1 -1 -1 -1 
102 27 1391 189 68 170 -1 -1 -1 -1 
103 27 1388 187 69 169 -1 -1 -1 -1 
104 27 1386 185 69 171 -1 -1 -1 -1 
105 27 1384 185 69 169 -1 -1 -1 -1 
106 27 1382 184 70 175 -1 -1 -1 -1 
107 27 1379 184 71 178 -1 -1 -1 -1 
108 27 1377 185 72 178 -1 -1 -1 -1 
109 27 1375 185 71 176 -1 -1 -1 -1 
110 27 1374 184 71 176 -1 -1 -1 -1 
111 27 1373 184 69 174 -1 -1 -1 -1 
112 27 1371 184 68 170 -1 -1 -1 -1 
113 27 1369 186 67 166 -1 -1 -1 -1 
114 27 1369 186 65 163 -1 -1 -1 -1 
115 27 1366 186 68 167 -1 -1 -1 -1 
116 27 1363 188 67 164 -1 -1 -1 -1 
38 28 239 88 70 180 -1 -1 -1 -1 
39 28 239 88 71 181 -1 -1 -1 -1 
40 28 240 88 71 180 -1 -1 -1 -1 
41 28 240 88 71 179 -1 -1 -1 -1 
42 28 241 88 69 177 -1 -1 -1 -1 
43 28 241 88 69 176 -1 -1 -1 -1 
44 28 240 89 70 176 -1 -1 -1 -1 
45 28 241 88 69 177 -1 -1 -1 -1 
46 28 242 89 68 173 -1 -1 -1 -1 
47 28 242 90 68 171 -1 -1 -1 -1 
48 28 243 91 67 169 -1 -1 -1 -1 
49 28 243 94 66 165 -1 -1 -1 -1 
50 28 243 92 66 167 -1 -1 -1 -1 
51 28 244 93 65 160 -1 -1 -1 -1 
52 28 245 93 64 154 -1 -1 -1 -1 
53 28 246 93 62 150 -1 -1 -1 -1 
54 28 246 93 62 152 -1 -1 -1 -1 
55 28 245 95 64 158 -1 -1 -1 -1 
56 28 245 96 64 162 -1 -1 -1 -1 
57 28 244 98 66 164 -1 -1 -1 -1 
58 28 244 96 67 168 -1 -1 -1 -1 
59 28 245 96 68 168 -1 -1 -1 -1 
60 28 246 96 68 167 -1 -1 -1 -1 
61 28 247 95 67 167 -1 -1 -1 -1 
62 28 248 96 65 164 -1 -1 -1 -1 
63 28 246 96 66 166 -1 -1 -1 -1 
64 28 246 97 66 164 -1 -1 -1 -1 
65 28 246 97 66 165 -1 -1 -1 -1 
66 28 246 97 66 165 -1 -1 -1 -1 
67 28 247 97 66 164 -1 -1 -1 -1 
68 28 248 96 65 163 -1 -1 -1 -1 
69 28 249 95 65 163 -1 -1 -1 -1 
70 28 250 95 64 163 -1 -1 -1 -1 
71 28 250 95 65 163 -1 -1 -1 -1 
72 28 250 96 65 163 -1 -1 -1 -1 
73 28 251 96 64 163 -1 -1 -1 -1 
74 28 252 99 62 160 -1 -1 -1 -1 
75 28 252 101 61 157 -1 -1 -1 -1 
76 28 251 100 63 160 -1 -1 -1 -1 
77 28 251 101 63 159 -1 -1 -1 -1 
78 28 251 101 63 159 -1 -1 -1 -1 
79 28 251 100 63 160 -1 -1 -1 -1 
80 28 251 100 63 159 -1 -1 -1 -1 
81 28 251 100 62 160 -1 -1 -1 -1 
82 28 251 100 62 160 -1 -1 -1 -1 
83 28 250 101 63 161 -1 -1 -1 -1 
84 28 251 101 62 160 -1 -1 -1 -1 
85 28 251 101 62 159 -1 -1 -1 -1 
86 28 251 100 62 160 -1 -1 -1 -1 
87 28 252 100 61 160 -1 -1 -1 -1 
88 28 252 100 61 159 -1 -1 -1 -1 
89 28 252 99 61 160 -1 -1 -1 -1 
90 28 252 100 61 159 -1 -1 -1 -1 
91 28 252 100 61 159 -1 -1 -1 -1 
92 28 252 99 61 160 -1 -1 -1 -1 
93 28 252 99 61 160 -1 -1 -1 -1 
94 28 251 100 62 160 -1 -1 -1 -1 
95 28 251 100 62 160 -1 -1 -1 -1 
96 28 251 99 63 162 -1 -1 -1 -1 
97 28 252 99 62 161 -1 -1 -1 -1 
98 28 252 99 62 161 -1 -1 -1 -1 
99 28 252 99 62 161 -1 -1 -1 -1 
100 28 251 98 63 162 -1 -1 -1 -1 
101 28 251 98 63 162 -1 -1 -1 -1 
102 28 251 98 64 163 -1 -1 -1 -1 
103 28 251 98 63 162 -1 -1 -1 -1 
104 28 251 98 64 162 -1 -1 -1 -1 
105 28 250 98 65 163 -1 -1 -1 -1 
106 28 250 98 65 163 -1 -1 -1 -1 
107 28 250 97 65 164 -1 -1 -1 -1 
108 28 250 96 65 165 -1 -1 -1 -1 
109 28 250 96 65 164 -1 -1 -1 -1 
110 28 251 95 64 164 -1 -1 -1 -1 
111 28 251 95 65 165 -1 -1 -1 -1 
112 28 250 95 66 166 -1 -1 -1 -1 
113 28 250 95 66 166 -1 -1 -1 -1 
114 28 249 92 68 170 -1 -1 -1 -1 
115 28 249 91 68 172 -1 -1 -1 -1 
116 28 249 92 68 173 -1 -1 -1 -1 
117 28 249 92 69 173 -1 -1 -1 -1 
118 28 250 92 68 172 -1 -1 -1 -1 
119 28 249 92 69 172 -1 -1 -1 -1 
120 28 249 91 69 174 -1 -1 -1 -1 
121 28 249 91 69 173 -1 -1 -1 -1 
122 28 249 91 69 173 -1 -1 -1 -1 
123 28 249 93 68 170 -1 -1 -1 -1 
124 28 250 92 68 171 -1 -1 -1 -1 
125 28 249 91 69 171 -1 -1 -1 -1 
126 28 248 92 68 168 -1 -1 -1 -1 
127 28 248 93 68 168 -1 -1 -1 -1 
128 28 249 94 67 167 -1 -1 -1 -1 
54 29 385 57 56 139 -1 -1 -1 -1 
55 29 382 54 57 142 -1 -1 -1 -1 
56 29 380 52 57 143 -1 -1 -1 -1 
57 29 377 51 58 145 -1 -1 -1 -1 
58 29 376 48 59 148 -1 -1 -1 -1 
59 29 376 45 59 150 -1 -1 -1 -1 
60 29 375 43 61 152 -1 -1 -1 -1 
61 29 375 41 61 153 -1 -1 -1 -1 
62 29 375 39 60 153 -1 -1 -1 -1 
63 29 373 36 63 156 -1 -1 -1 -1 
64 29 373 35 64 156 -1 -1 -1 -1 
65 29 374 35 62 152 -1 -1 -1 -1 
66 29 375 33 60 152 -1 -1 -1 -1 
67 29 375 32 60 152 -1 -1 -1 -1 
68 29 375 32 60 151 -1 -1 -1 -1 
69 29 374 32 61 151 -1 -1 -1 -1 
70 29 373 30 62 154 -1 -1 -1 -1 
71 29 372 29 63 155 -1 -1 -1 -1 
72 29 372 29 63 155 -1 -1 -1 -1 
73 29 372 29 63 155 -1 -1 -1 -1 
74 29 372 28 63 156 -1 -1 -1 -1 
75 29 373 29 62 155 -1 -1 -1 -1 
76 29 373 30 62 154 -1 -1 -1 -1 
77 29 372 31 62 154 -1 -1 -1 -1 
78 29 372 31 62 154 -1 -1 -1 -1 
79 29 372 32 61 153 -1 -1 -1 -1 
80 29 372 32 62 153 -1 -1 -1 -1 
81 29 372 32 62 153 -1 -1 -1 -1 
82 29 371 31 62 154 -1 -1 -1 -1 
83 29 371 31 61 153 -1 -1 -1 -1 
84 29 371 31 60 151 -1 -1 -1 -1 
85 29 372 28 58 149 -1 -1 -1 -1 
86 29 372 26 57 144 -1 -1 -1 -1 
87 29 371 20 58 147 -1 -1 -1 -1 
88 29 372 20 57 143 -1 -1 -1 -1 
89 29 373 19 55 139 -1 -1 -1 -1 
90 29 372 17 56 138 -1 -1 -1 -1 
91 29 373 16 54 136 -1 -1 -1 -1 
92 29 373 15 54 136 -1 -1 -1 -1 
93 29 372 15 56 136 -1 -1 -1 -1 
94 29 372 14 56 136 -1 -1 -1 -1 
95 29 371 12 57 140 -1 -1 -1 -1 
96 29 371 10 58 142 -1 -1 -1 -1 
97 29 370 7 59 144 -1 -1 -1 -1 
98 29 370 7 59 145 -1 -1 -1 -1 
99 29 372 9 57 144 -1 -1 -1 -1 
100 29 373 10 57 144 -1 -1 -1 -1 
101 29 374 10 55 143 -1 -1 -1 -1 
102 29 373 7 56 145 -1 -1 -1 -1 
103 29 373 7 56 144 -1 -1 -1 -1 
104 29 373 6 57 147 -1 -1 -1 -1 
105 29 373 7 58 147 -1 -1 -1 -1 
106 29 373 6 58 147 -1 -1 -1 -1 
107 29 373 6 58 147 -1 -1 -1 -1 
108 29 373 6 58 147 -1 -1 -1 -1 
109 29 373 6 57 147 -1 -1 -1 -1 
110 29 373 7 57 146 -1 -1 -1 -1 
111 29 373 7 57 146 -1 -1 -1 -1 
112 29 373 8 56 144 -1 -1 -1 -1 
113 29 374 8 55 141 -1 -1 -1 -1 
114 29 374 8 54 137 -1 -1 -1 -1 
115 29 374 7 53 136 -1 -1 -1 -1 
116 29 374 7 53 134 -1 -1 -1 -1 
117 29 375 7 51 132 -1 -1 -1 -1 
118 29 374 4 52 133 -1 -1 -1 -1 
119 29 375 5 51 131 -1 -1 -1 -1 
120 29 375 3 51 131 -1 -1 -1 -1 
121 29 376 4 50 129 -1 -1 -1 -1 
122 29 376 4 49 128 -1 -1 -1 -1 
123 29 376 3 49 127 -1 -1 -1 -1 
124 29 376 5 49 124 -1 -1 -1 -1 
125 29 376 5 50 124 -1 -1 -1 -1 
126 29 377 5 48 125 -1 -1 -1 -1 
127 29 377 4 49 126 -1 -1 -1 -1 
128 29 376 1 50 128 -1 -1 -1 -1 
129 29 376 0 50 127 -1 -1 -1 -1 
130 29 375 0 51 127 -1 -1 -1 -1 
131 29 376 0 51 127 -1 -1 -1 -1 
132 29 376 0 53 127 -1 -1 -1 -1 
133 29 377 0 52 127 -1 -1 -1 -1 
134 29 377 0 53 126 -1 -1 -1 -1 
135 29 378 0 53 126 -1 -1 -1 -1 
136 29 379 0 51 126 -1 -1 -1 -1 
137 29 380 0 50 125 -1 -1 -1 -1 
138 29 380 0 51 126 -1 -1 -1 -1 
139 29 380 0 50 125 -1 -1 -1 -1 
140 29 380 0 50 126 -1 -1 -1 -1 
141 29 380 0 50 125 -1 -1 -1 -1 
142 29 380 0 50 124 -1 -1 -1 -1 
143 29 381 0 48 122 -1 -1 -1 -1 
144 29 380 0 48 121 -1 -1 -1 -1 
145 29 380 0 47 119 -1 -1 -1 -1 
146 29 379 0 47 117 -1 -1 -1 -1 
147 29 379 0 46 115 -1 -1 -1 -1 
148 29 379 0 46 113 -1 -1 -1 -1 
149 29 380 0 45 111 -1 -1 -1 -1 
150 29 381 0 44 110 -1 -1 -1 -1 
151 29 382 0 44 108 -1 -1 -1 -1 
152 29 384 0 43 106 -1 -1 -1 -1 
153 29 387 0 43 104 -1 -1 -1 -1 
154 29 388 0 43 104 -1 -1 -1 -1 
155 29 390 0 42 102 -1 -1 -1 -1 
156 29 391 0 42 103 -1 -1 -1 -1 
157 29 392 0 42 104 -1 -1 -1 -1 
158 29 392 0 44 105 -1 -1 -1 -1 
159 29 393 0 43 105 -1 -1 -1 -1 
160 29 393 0 43 105 -1 -1 -1 -1 
161 29 393 0 43 104 -1 -1 -1 -1 
162 29 393 0 43 105 -1 -1 -1 -1 
163 29 394 0 43 104 -1 -1 -1 -1 
164 29 395 0 43 102 -1 -1 -1 -1 
165 29 397 0 42 102 -1 -1 -1 -1 
166 29 398 0 42 101 -1 -1 -1 -1 
167 29 399 0 42 101 -1 -1 -1 -1 
168 29 399 0 43 101 -1 -1 -1 -1 
169 29 399 0 44 100 -1 -1 -1 -1 
170 29 399 0 44 101 -1 -1 -1 -1 
171 29 399 0 44 103 -1 -1 -1 -1 
172 29 400 0 43 102 -1 -1 -1 -1 
173 29 400 0 43 101 -1 -1 -1 -1 
174 29 400 0 42 99 -1 -1 -1 -1 
175 29 400 0 42 98 -1 -1 -1 -1 
176 29 400 0 42 97 -1 -1 -1 -1 
177 29 400 0 40 93 -1 -1 -1 -1 
75 30 535 60 62 157 -1 -1 -1 -1 
76 30 535 60 61 154 -1 -1 -1 -1 
77 30 534 61 62 153 -1 -1 -1 -1 
78 30 535 61 60 151 -1 -1 -1 -1 
79 30 536 60 60 150 -1 -1 -1 -1 
80 30 536 62 59 148 -1 -1 -1 -1 
81 30 535 61 60 147 -1 -1 -1 -1 
82 30 535 62 60 148 -1 -1 -1 -1 
83 30 537 62 60 149 -1 -1 -1 -1 
84 30 537 62 59 148 -1 -1 -1 -1 
85 30 538 62 60 148 -1 -1 -1 -1 
86 30 539 61 59 149 -1 -1 -1 -1 
87 30 539 60 60 151 -1 -1 -1 -1 
88 30 539 59 61 153 -1 -1 -1 -1 
89 30 539 60 60 151 -1 -1 -1 -1 
90 30 539 59 60 151 -1 -1 -1 -1 
99 30 538 61 60 150 -1 -1 -1 -1 
100 30 539 61 59 148 -1 -1 -1 -1 
101 30 540 62 58 147 -1 -1 -1 -1 
102 30 539 62 59 147 -1 -1 -1 -1 
103 30 538 63 59 147 -1 -1 -1 -1 
104 30 538 62 59 147 -1 -1 -1 -1 
105 30 537 63 60 147 -1 -1 -1 -1 
106 30 538 63 59 147 -1 -1 -1 -1 
107 30 538 62 59 149 -1 -1 -1 -1 
108 30 537 63 59 148 -1 -1 -1 -1 
109 30 538 63 58 147 -1 -1 -1 -1 
110 30 539 61 59 148 -1 -1 -1 -1 
111 30 539 63 59 146 -1 -1 -1 -1 
112 30 539 62 59 148 -1 -1 -1 -1 
113 30 539 63 59 148 -1 -1 -1 -1 
114 30 539 63 60 148 -1 -1 -1 -1 
115 30 540 64 59 147 -1 -1 -1 -1 
116 30 540 63 59 147 -1 -1 -1 -1 
117 30 541 62 58 148 -1 -1 -1 -1 
118 30 541 62 58 147 -1 -1 -1 -1 
119 30 540 61 59 150 -1 -1 -1 -1 
120 30 539 61 59 147 -1 -1 -1 -1 
121 30 538 62 59 147 -1 -1 -1 -1 
122 30 537 61 59 149 -1 -1 -1 -1 
123 30 538 61 59 145 -1 -1 -1 -1 
124 30 538 61 59 147 -1 -1 -1 -1 
125 30 539 62 58 146 -1 -1 -1 -1 
126 30 539 62 58 146 -1 -1 -1 -1 
127 30 539 62 58 147 -1 -1 -1 -1 
128 30 539 62 59 147 -1 -1 -1 -1 
129 30 539 62 59 147 -1 -1 -1 -1 
130 30 538 62 59 148 -1 -1 -1 -1 
131 30 537 62 61 149 -1 -1 -1 -1 
132 30 538 61 60 150 -1 -1 -1 -1 
133 30 536 61 62 151 -1 -1 -1 -1 
134 30 535 61 62 152 -1 -1 -1 -1 
135 30 535 60 62 153 -1 -1 -1 -1 
136 30 534 60 61 153 -1 -1 -1 -1 
137 30 534 62 61 150 -1 -1 -1 -1 
138 30 534 62 61 149 -1 -1 -1 -1 
139 30 534 62 61 151 -1 -1 -1 -1 
140 30 534 62 61 152 -1 -1 -1 -1 
141 30 534 63 61 151 -1 -1 -1 -1 
142 30 534 62 61 153 -1 -1 -1 -1 
143 30 534 61 61 151 -1 -1 -1 -1 
144 30 534 60 62 151 -1 -1 -1 -1 
145 30 534 60 61 150 -1 -1 -1 -1 
146 30 534 59 61 151 -1 -1 -1 -1 
147 30 534 60 61 150 -1 -1 -1 -1 
148 30 534 61 61 151 -1 -1 -1 -1 
149 30 533 61 61 149 -1 -1 -1 -1 
150 30 534 62 60 148 -1 -1 -1 -1 
151 30 534 61 60 147 -1 -1 -1 -1 
152 30 535 62 59 146 -1 -1 -1 -1 
153 30 535 61 59 146 -1 -1 -1 -1 
154 30 536 61 58 146 -1 -1 -1 -1 
155 30 535 62 58 144 -1 -1 -1 -1 
156 30 535 61 58 146 -1 -1 -1 -1 
157 30 535 62 58 146 -1 -1 -1 -1 
158 30 534 61 58 145 -1 -1 -1 -1 
159 30 536 61 58 144 -1 -1 -1 -1 
160 30 535 61 59 147 -1 -1 -1 -1 
161 30 535 61 60 148 -1 -1 -1 -1 
162 30 535 61 60 147 -1 -1 -1 -1 
163 30 535 61 59 146 -1 -1 -1 -1 
164 30 534 60 59 146 -1 -1 -1 -1 
165 30 534 60 60 150 -1 -1 -1 -1 
166 30 534 59 60 148 -1 -1 -1 -1 
167 30 535 59 58 143 -1 -1 -1 -1 
168 30 534 59 60 146 -1 -1 -1 -1 
169 30 532 58 62 152 -1 -1 -1 -1 
170 30 531 58 62 155 -1 -1 -1 -1 
171 30 531 58 62 156 -1 -1 -1 -1 
172 30 532 59 63 155 -1 -1 -1 -1 
173 30 532 58 63 159 -1 -1 -1 -1 
174 30 532 58 64 159 -1 -1 -1 -1 
175 30 531 57 65 163 -1 -1 -1 -1 
176 30 531 57 64 163 -1 -1 -1 -1 
177 30 530 56 66 165 -1 -1 -1 -1 
178 30 530 57 66 164 -1 -1 -1 -1 
179 30 529 57 68 168 -1 -1 -1 -1 
180 30 529 58 67 164 -1 -1 -1 -1 
181 30 528 59 68 167 -1 -1 -1 -1 
182 30 529 59 67 162 -1 -1 -1 -1 
183 30 530 59 65 159 -1 -1 -1 -1 
184 30 530 59 65 159 -1 -1 -1 -1 
185 30 530 60 64 156 -1 -1 -1 -1 
186 30 529 59 65 159 -1 -1 -1 -1 
187 30 530 59 64 159 -1 -1 -1 -1 
188 30 531 59 64 157 -1 -1 -1 -1 
189 30 531 59 64 158 -1 -1 -1 -1 
190 30 531 59 65 158 -1 -1 -1 -1 
191 30 532 59 65 159 -1 -1 -1 -1 
192 30 532 59 65 160 -1 -1 -1 -1 
193 30 530 60 67 164 -1 -1 -1 -1 
194 30 530 59 67 164 -1 -1 -1 -1 
195 30 530 60 67 164 -1 -1 -1 -1 
196 30 530 60 66 162 -1 -1 -1 -1 
197 30 531 60 65 161 -1 -1 -1 -1 
198 30 530 59 66 165 -1 -1 -1 -1 
199 30 530 59 65 164 -1 -1 -1 -1 
200 30 530 58 66 165 -1 -1 -1 -1 
201 30 531 59 65 164 -1 -1 -1 -1 
202 30 532 58 64 163 -1 -1 -1 -1 
203 30 533 59 64 161 -1 -1 -1 -1 
204 30 533 60 64 159 -1 -1 -1 -1 
205 30 533 60 64 159 -1 -1 -1 -1 
206 30 534 60 63 157 -1 -1 -1 -1 
207 30 534 60 63 156 -1 -1 -1 -1 
208 30 534 60 63 156 -1 -1 -1 -1 
209 30 535 60 63 156 -1 -1 -1 -1 
210 30 535 60 63 157 -1 -1 -1 -1 
211 30 535 60 63 157 -1 -1 -1 -1 
212 30 534 60 64 160 -1 -1 -1 -1 
213 30 532 59 64 158 -1 -1 -1 -1 
214 30 531 59 64 160 -1 -1 -1 -1 
215 30 531 59 65 161 -1 -1 -1 -1 
216 30 530 59 66 163 -1 -1 -1 -1 
217 30 529 59 67 165 -1 -1 -1 -1 
218 30 528 59 69 170 -1 -1 -1 -1 
219 30 528 59 69 170 -1 -1 -1 -1 
220 30 529 59 68 169 -1 -1 -1 -1 
221 30 528 58 69 170 -1 -1 -1 -1 
222 30 528 58 68 167 -1 -1 -1 -1 
223 30 529 59 66 163 -1 -1 -1 -1 
224 30 529 59 66 164 -1 -1 -1 -1 
225 30 530 59 65 163 -1 -1 -1 -1 
226 30 530 58 65 163 -1 -1 -1 -1 
227 30 529 59 66 163 -1 -1 -1 -1 
228 30 529 58 66 166 -1 -1 -1 -1 
229 30 529 58 66 164 -1 -1 -1 -1 
230 30 529 58 65 162 -1 -1 -1 -1 
231 30 530 58 64 160 -1 -1 -1 -1 
232 30 528 58 65 162 -1 -1 -1 -1 
233 30 528 59 66 163 -1 -1 -1 -1 
234 30 528 59 66 164 -1 -1 -1 -1 
235 30 528 59 66 165 -1 -1 -1 -1 
236 30 528 59 67 167 -1 -1 -1 -1 
237 30 528 59 66 164 -1 -1 -1 -1 
238 30 528 59 66 165 -1 -1 -1 -1 
239 30 528 59 67 165 -1 -1 -1 -1 
240 30 529 60 66 165 -1 -1 -1 -1 
241 30 529 60 64 160 -1 -1 -1 -1 
242 30 529 59 65 163 -1 -1 -1 -1 
243 30 528 60 66 162 -1 -1 -1 -1 
244 30 528 60 66 163 -1 -1 -1 -1 
245 30 528 60 66 163 -1 -1 -1 -1 
246 30 528 60 65 161 -1 -1 -1 -1 
247 30 528 60 65 161 -1 -1 -1 -1 
248 30 528 60 65 160 -1 -1 -1 -1 
249 30 528 60 65 160 -1 -1 -1 -1 
250 30 528 60 66 163 -1 -1 -1 -1 
251 30 528 60 66 163 -1 -1 -1 -1 
252 30 528 60 66 163 -1 -1 -1 -1 
253 30 528 60 66 161 -1 -1 -1 -1 
254 30 528 60 67 163 -1 -1 -1 -1 
255 30 529 60 67 164 -1 -1 -1 -1 
256 30 529 62 65 159 -1 -1 -1 -1 
257 30 529 62 64 155 -1 -1 -1 -1 
258 30 529 63 64 154 -1 -1 -1 -1 
259 30 530 63 64 154 -1 -1 -1 -1 
260 30 529 62 66 157 -1 -1 -1 -1 
261 30 529 63 65 155 -1 -1 -1 -1 
262 30 530 63 64 154 -1 -1 -1 -1 
263 30 530 63 63 152 -1 -1 -1 -1 
264 30 530 63 63 151 -1 -1 -1 -1 
265 30 530 62 63 151 -1 -1 -1 -1 
266 30 530 62 63 150 -1 -1 -1 -1 
267 30 530 61 63 152 -1 -1 -1 -1 
268 30 530 61 63 153 -1 -1 -1 -1 
269 30 529 61 65 158 -1 -1 -1 -1 
270 30 529 61 65 159 -1 -1 -1 -1 
271 30 529 61 65 159 -1 -1 -1 -1 
272 30 528 61 66 160 -1 -1 -1 -1 
273 30 527 61 67 160 -1 -1 -1 -1 
274 30 528 60 66 162 -1 -1 -1 -1 
275 30 528 61 67 162 -1 -1 -1 -1 
276 30 528 60 66 162 -1 -1 -1 -1 
277 30 529 61 65 159 -1 -1 -1 -1 
278 30 529 61 65 159 -1 -1 -1 -1 
279 30 528 61 65 157 -1 -1 -1 -1 
280 30 529 61 64 156 -1 -1 -1 -1 
281 30 528 61 65 157 -1 -1 -1 -1 
282 30 529 61 64 155 -1 -1 -1 -1 
283 30 531 62 64 157 -1 -1 -1 -1 
284 30 532 63 63 157 -1 -1 -1 -1 
285 30 532 63 64 158 -1 -1 -1 -1 
286 30 533 64 63 155 -1 -1 -1 -1 
287 30 533 64 62 153 -1 -1 -1 -1 
288 30 532 63 64 156 -1 -1 -1 -1 
289 30 533 64 62 153 -1 -1 -1 -1 
290 30 531 62 63 154 -1 -1 -1 -1 
291 30 532 63 62 150 -1 -1 -1 -1 
292 30 532 63 62 153 -1 -1 -1 -1 
293 30 533 64 62 152 -1 -1 -1 -1 
294 30 532 64 62 151 -1 -1 -1 -1 
295 30 531 63 62 151 -1 -1 -1 -1 
296 30 533 63 61 150 -1 -1 -1 -1 
297 30 533 63 60 149 -1 -1 -1 -1 
298 30 534 65 60 148 -1 -1 -1 -1 
299 30 534 65 60 148 -1 -1 -1 -1 
300 30 533 65 61 148 -1 -1 -1 -1 
301 30 535 65 59 146 -1 -1 -1 -1 
302 30 536 66 58 144 -1 -1 -1 -1 
303 30 533 65 61 149 -1 -1 -1 -1 
304 30 533 65 61 150 -1 -1 -1 -1 
305 30 532 65 62 149 -1 -1 -1 -1 
306 30 532 64 62 150 -1 -1 -1 -1 
307 30 531 63 63 153 -1 -1 -1 -1 
308 30 531 63 63 152 -1 -1 -1 -1 
309 30 530 62 64 157 -1 -1 -1 -1 
310 30 529 61 65 158 -1 -1 -1 -1 
311 30 529 60 64 160 -1 -1 -1 -1 
312 30 529 61 64 158 -1 -1 -1 -1 
313 30 529 61 64 159 -1 -1 -1 -1 
314 30 529 61 64 160 -1 -1 -1 -1 
315 30 528 62 65 162 -1 -1 -1 -1 
316 30 528 61 66 165 -1 -1 -1 -1 
317 30 529 61 64 163 -1 -1 -1 -1 
318 30 528 60 66 166 -1 -1 -1 -1 
319 30 528 60 66 166 -1 -1 -1 -1 
320 30 528 60 67 168 -1 -1 -1 -1 
321 30 528 60 67 168 -1 -1 -1 -1 
322 30 528 59 67 170 -1 -1 -1 -1 
323 30 527 59 68 171 -1 -1 -1 -1 
324 30 528 59 66 168 -1 -1 -1 -1 
325 30 529 59 65 164 -1 -1 -1 -1 
326 30 529 59 65 163 -1 -1 -1 -1 
327 30 529 60 65 162 -1 -1 -1 -1 
328 30 529 59 65 164 -1 -1 -1 -1 
329 30 529 60 66 166 -1 -1 -1 -1 
330 30 529 60 66 167 -1 -1 -1 -1 
331 30 527 60 68 170 -1 -1 -1 -1 
332 30 528 61 68 167 -1 -1 -1 -1 
333 30 529 61 66 166 -1 -1 -1 -1 
334 30 528 61 68 169 -1 -1 -1 -1 
335 30 528 60 68 169 -1 -1 -1 -1 
336 30 527 60 68 170 -1 -1 -1 -1 
337 30 528 60 67 165 -1 -1 -1 -1 
338 30 530 61 66 162 -1 -1 -1 -1 
339 30 529 60 67 163 -1 -1 -1 -1 
340 30 530 61 67 165 -1 -1 -1 -1 
341 30 528 61 68 166 -1 -1 -1 -1 
342 30 527 61 68 166 -1 -1 -1 -1 
343 30 526 61 68 165 -1 -1 -1 -1 
344 30 525 61 68 165 -1 -1 -1 -1 
345 30 525 61 68 165 -1 -1 -1 -1 
346 30 528 62 65 160 -1 -1 -1 -1 
347 30 529 62 64 158 -1 -1 -1 -1 
348 30 529 62 64 158 -1 -1 -1 -1 
349 30 529 62 65 158 -1 -1 -1 -1 
350 30 529 62 65 158 -1 -1 -1 -1 
351 30 531 62 63 155 -1 -1 -1 -1 
352 30 532 62 62 154 -1 -1 -1 -1 
353 30 531 62 62 154 -1 -1 -1 -1 
354 30 530 62 63 156 -1 -1 -1 -1 
355 30 530 61 63 158 -1 -1 -1 -1 
356 30 530 61 63 159 -1 -1 -1 -1 
357 30 529 59 64 158 -1 -1 -1 -1 
358 30 531 60 62 155 -1 -1 -1 -1 
359 30 531 59 62 153 -1 -1 -1 -1 
360 30 531 59 62 153 -1 -1 -1 -1 
361 30 531 59 61 150 -1 -1 -1 -1 
362 30 532 59 60 148 -1 -1 -1 -1 
363 30 532 59 60 149 -1 -1 -1 -1 
364 30 532 60 61 151 -1 -1 -1 -1 
365 30 532 59 61 149 -1 -1 -1 -1 
366 30 532 58 61 150 -1 -1 -1 -1 
367 30 531 58 61 150 -1 -1 -1 -1 
368 30 532 58 60 148 -1 -1 -1 -1 
369 30 532 57 60 148 -1 -1 -1 -1 
370 30 532 58 60 146 -1 -1 -1 -1 
371 30 532 58 61 148 -1 -1 -1 -1 
372 30 532 57 60 147 -1 -1 -1 -1 
373 30 533 57 60 145 -1 -1 -1 -1 
374 30 532 56 60 143 -1 -1 -1 -1 
375 30 531 56 62 151 -1 -1 -1 -1 
376 30 531 55 63 153 -1 -1 -1 -1 
377 30 531 56 64 156 -1 -1 -1 -1 
378 30 531 56 64 156 -1 -1 -1 -1 
379 30 533 55 62 156 -1 -1 -1 -1 
380 30 531 56 62 152 -1 -1 -1 -1 
381 30 531 57 61 152 -1 -1 -1 -1 
382 30 532 58 61 150 -1 -1 -1 -1 
383 30 534 57 60 149 -1 -1 -1 -1 
384 30 533 57 60 150 -1 -1 -1 -1 
385 30 531 57 61 151 -1 -1 -1 -1 
386 30 530 57 63 153 -1 -1 -1 -1 
387 30 533 57 62 154 -1 -1 -1 -1 
388 30 537 55 62 156 -1 -1 -1 -1 
389 30 540 55 62 154 -1 -1 -1 -1 
390 30 532 56 63 157 -1 -1 -1 -1 
391 30 529 56 64 159 -1 -1 -1 -1 
392 30 528 56 65 161 -1 -1 -1 -1 
393 30 533 58 64 157 -1 -1 -1 -1 
394 30 535 58 64 157 -1 -1 -1 -1 
395 30 536 60 64 157 -1 -1 -1 -1 
396 30 535 60 65 158 -1 -1 -1 -1 
397 30 536 61 64 157 -1 -1 -1 -1 
398 30 537 62 64 157 -1 -1 -1 -1 
399 30 538 62 64 160 -1 -1 -1 -1 
400 30 538 61 64 160 -1 -1 -1 -1 
401 30 538 62 64 159 -1 -1 -1 -1 
402 30 538 58 66 166 -1 -1 -1 -1 
425 30 537 54 64 161 -1 -1 -1 -1 
426 30 537 55 63 158 -1 -1 -1 -1 
427 30 536 55 64 163 -1 -1 -1 -1 
428 30 535 55 65 167 -1 -1 -1 -1 
429 30 534 54 66 168 -1 -1 -1 -1 
430 30 534 53 66 169 -1 -1 -1 -1 
431 30 534 54 66 167 -1 -1 -1 -1 
432 30 535 54 64 165 -1 -1 -1 -1 
433 30 536 54 63 164 -1 -1 -1 -1 
434 30 536 55 62 158 -1 -1 -1 -1 
435 30 535 58 60 153 -1 -1 -1 -1 
436 30 529 61 60 149 -1 -1 -1 -1 
437 30 527 62 61 151 -1 -1 -1 -1 
438 30 530 60 62 155 -1 -1 -1 -1 
439 30 524 64 59 149 -1 -1 -1 -1 
440 30 520 66 59 147 -1 -1 -1 -1 
441 30 518 66 61 152 -1 -1 -1 -1 
442 30 518 65 63 155 -1 -1 -1 -1 
83 31 404 877 82 196 -1 -1 -1 -1 
84 31 405 876 81 197 -1 -1 -1 -1 
85 31 404 870 82 202 -1 -1 -1 -1 
86 31 402 866 85 205 -1 -1 -1 -1 
87 31 401 864 86 207 -1 -1 -1 -1 
88 31 401 862 87 210 -1 -1 -1 -1 
89 31 401 862 87 211 -1 -1 -1 -1 
90 31 401 861 88 212 -1 -1 -1 -1 
91 31 400 859 89 215 -1 -1 -1 -1 
92 31 400 853 91 222 -1 -1 -1 -1 
93 31 399 849 93 225 -1 -1 -1 -1 
94 31 400 848 92 226 -1 -1 -1 -1 
95 31 400 847 93 226 -1 -1 -1 -1 
96 31 400 843 94 230 -1 -1 -1 -1 
97 31 399 839 95 234 -1 -1 -1 -1 
98 31 399 836 95 236 -1 -1 -1 -1 
99 31 397 831 97 240 -1 -1 -1 -1 
100 31 397 828 97 242 -1 -1 -1 -1 
101 31 396 827 98 243 -1 -1 -1 -1 
102 31 396 826 99 244 -1 -1 -1 -1 
103 31 397 825 98 245 -1 -1 -1 -1 
104 31 396 823 100 246 -1 -1 -1 -1 
105 31 396 821 100 248 -1 -1 -1 -1 
106 31 395 819 102 251 -1 -1 -1 -1 
107 31 395 817 103 253 -1 -1 -1 -1 
108 31 394 814 105 256 -1 -1 -1 -1 
109 31 393 812 105 257 -1 -1 -1 -1 
110 31 392 810 106 259 -1 -1 -1 -1 
111 31 393 805 105 262 -1 -1 -1 -1 
112 31 393 803 104 259 -1 -1 -1 -1 
113 31 393 798 102 256 -1 -1 -1 -1 
114 31 393 794 102 253 -1 -1 -1 -1 
115 31 394 791 100 252 -1 -1 -1 -1 
116 31 393 790 100 251 -1 -1 -1 -1 
117 31 393 788 100 251 -1 -1 -1 -1 
118 31 393 788 100 250 -1 -1 -1 -1 
119 31 393 787 101 250 -1 -1 -1 -1 
120 31 393 786 101 251 -1 -1 -1 -1 
121 31 392 783 103 255 -1 -1 -1 -1 
122 31 391 780 104 258 -1 -1 -1 -1 
123 31 390 778 105 261 -1 -1 -1 -1 
124 31 391 776 104 260 -1 -1 -1 -1 
125 31 392 775 103 258 -1 -1 -1 -1 
126 31 393 773 102 257 -1 -1 -1 -1 
127 31 394 770 102 254 -1 -1 -1 -1 
128 31 395 768 101 249 -1 -1 -1 -1 
129 31 396 765 99 245 -1 -1 -1 -1 
130 31 396 762 98 242 -1 -1 -1 -1 
131 31 396 758 97 243 -1 -1 -1 -1 
132 31 397 756 96 241 -1 -1 -1 -1 
133 31 397 754 96 240 -1 -1 -1 -1 
134 31 397 752 97 242 -1 -1 -1 -1 
135 31 397 750 97 245 -1 -1 -1 -1 
136 31 397 748 99 248 -1 -1 -1 -1 
137 31 397 747 99 250 -1 -1 -1 -1 
138 31 397 746 100 252 -1 -1 -1 -1 
139 31 397 745 101 253 -1 -1 -1 -1 
140 31 397 743 101 254 -1 -1 -1 -1 
141 31 396 740 102 255 -1 -1 -1 -1 
142 31 396 736 103 257 -1 -1 -1 -1 
143 31 395 733 104 256 -1 -1 -1 -1 
144 31 395 730 102 253 -1 -1 -1 -1 
145 31 395 726 101 249 -1 -1 -1 -1 
146 31 396 723 99 245 -1 -1 -1 -1 
147 31 395 719 100 246 -1 -1 -1 -1 
148 31 396 717 100 245 -1 -1 -1 -1 
149 31 397 714 100 245 -1 -1 -1 -1 
150 31 398 713 100 244 -1 -1 -1 -1 
151 31 399 711 99 245 -1 -1 -1 -1 
152 31 400 711 99 242 -1 -1 -1 -1 
153 31 401 711 98 239 -1 -1 -1 -1 
154 31 401 711 98 239 -1 -1 -1 -1 
155 31 402 711 98 238 -1 -1 -1 -1 
156 31 403 709 96 238 -1 -1 -1 -1 
157 31 405 706 95 238 -1 -1 -1 -1 
158 31 405 703 95 238 -1 -1 -1 -1 
159 31 405 700 95 237 -1 -1 -1 -1 
160 31 405 697 95 237 -1 -1 -1 -1 
161 31 405 694 95 237 -1 -1 -1 -1 
162 31 405 691 96 238 -1 -1 -1 -1 
163 31 406 687 95 239 -1 -1 -1 -1 
164 31 406 684 96 239 -1 -1 -1 -1 
165 31 407 682 96 240 -1 -1 -1 -1 
166 31 408 680 96 242 -1 -1 -1 -1 
167 31 408 679 98 244 -1 -1 -1 -1 
168 31 408 677 99 247 -1 -1 -1 -1 
169 31 408 677 99 246 -1 -1 -1 -1 
170 31 409 676 98 246 -1 -1 -1 -1 
171 31 409 676 98 244 -1 -1 -1 -1 
172 31 408 674 99 245 -1 -1 -1 -1 
173 31 407 671 100 246 -1 -1 -1 -1 
174 31 407 668 100 248 -1 -1 -1 -1 
175 31 406 665 100 247 -1 -1 -1 -1 
176 31 407 661 99 245 -1 -1 -1 -1 
177 31 409 660 95 239 -1 -1 -1 -1 
178 31 411 656 93 236 -1 -1 -1 -1 
179 31 411 654 94 234 -1 -1 -1 -1 
180 31 411 651 94 235 -1 -1 -1 -1 
181 31 411 649 94 236 -1 -1 -1 -1 
182 31 411 648 94 234 -1 -1 -1 -1 
183 31 411 647 93 234 -1 -1 -1 -1 
184 31 411 646 93 234 -1 -1 -1 -1 
185 31 410 646 95 234 -1 -1 -1 -1 
186 31 409 644 95 236 -1 -1 -1 -1 
187 31 409 642 95 238 -1 -1 -1 -1 
188 31 409 640 95 239 -1 -1 -1 -1 
189 31 410 640 96 237 -1 -1 -1 -1 
190 31 412 637 93 234 -1 -1 -1 -1 
191 31 413 633 92 232 -1 -1 -1 -1 
192 31 413 632 91 228 -1 -1 -1 -1 
193 31 413 628 91 229 -1 -1 -1 -1 
194 31 413 626 90 226 -1 -1 -1 -1 
195 31 412 623 90 227 -1 -1 -1 -1 
196 31 412 620 90 226 -1 -1 -1 -1 
197 31 412 619 89 224 -1 -1 -1 -1 
198 31 411 618 90 224 -1 -1 -1 -1 
199 31 410 616 90 224 -1 -1 -1 -1 
200 31 409 614 89 223 -1 -1 -1 -1 
201 31 408 613 89 223 -1 -1 -1 -1 
202 31 407 611 91 227 -1 -1 -1 -1 
203 31 406 610 92 228 -1 -1 -1 -1 
204 31 405 608 91 227 -1 -1 -1 -1 
205 31 404 605 92 229 -1 -1 -1 -1 
206 31 403 603 91 227 -1 -1 -1 -1 
207 31 402 601 91 224 -1 -1 -1 -1 
208 31 402 599 90 223 -1 -1 -1 -1 
209 31 403 596 89 221 -1 -1 -1 -1 
210 31 403 593 89 221 -1 -1 -1 -1 
211 31 403 589 89 223 -1 -1 -1 -1 
212 31 402 586 90 224 -1 -1 -1 -1 
213 31 401 583 90 226 -1 -1 -1 -1 
214 31 400 582 91 226 -1 -1 -1 -1 
215 31 399 581 92 229 -1 -1 -1 -1 
216 31 398 581 92 229 -1 -1 -1 -1 
217 31 397 580 93 229 -1 -1 -1 -1 
218 31 396 580 93 229 -1 -1 -1 -1 
219 31 396 579 93 229 -1 -1 -1 -1 
220 31 397 578 91 228 -1 -1 -1 -1 
221 31 397 577 91 226 -1 -1 -1 -1 
222 31 397 575 90 224 -1 -1 -1 -1 
223 31 398 576 87 217 -1 -1 -1 -1 
224 31 398 573 86 213 -1 -1 -1 -1 
225 31 398 566 85 216 -1 -1 -1 -1 
226 31 398 560 86 218 -1 -1 -1 -1 
227 31 397 556 87 218 -1 -1 -1 -1 
228 31 396 555 87 217 -1 -1 -1 -1 
229 31 395 555 87 216 -1 -1 -1 -1 
230 31 395 555 86 214 -1 -1 -1 -1 
231 31 395 554 86 215 -1 -1 -1 -1 
232 31 395 554 86 213 -1 -1 -1 -1 
233 31 395 552 86 214 -1 -1 -1 -1 
234 31 394 550 86 215 -1 -1 -1 -1 
235 31 393 548 87 218 -1 -1 -1 -1 
236 31 391 544 88 223 -1 -1 -1 -1 
237 31 389 540 89 226 -1 -1 -1 -1 
238 31 389 537 89 226 -1 -1 -1 -1 
239 31 389 534 88 223 -1 -1 -1 -1 
240 31 389 533 87 218 -1 -1 -1 -1 
241 31 389 531 87 216 -1 -1 -1 -1 
242 31 390 527 86 216 -1 -1 -1 -1 
243 31 389 527 86 214 -1 -1 -1 -1 
244 31 389 525 85 214 -1 -1 -1 -1 
245 31 388 524 86 214 -1 -1 -1 -1 
246 31 388 523 86 215 -1 -1 -1 -1 
247 31 387 522 87 217 -1 -1 -1 -1 
248 31 387 521 87 218 -1 -1 -1 -1 
249 31 387 520 87 219 -1 -1 -1 -1 
250 31 387 519 87 218 -1 -1 -1 -1 
251 31 387 518 87 216 -1 -1 -1 -1 
252 31 387 515 87 217 -1 -1 -1 -1 
253 31 388 511 87 218 -1 -1 -1 -1 
254 31 389 508 87 219 -1 -1 -1 -1 
255 31 389 505 88 217 -1 -1 -1 -1 
256 31 389 503 86 215 -1 -1 -1 -1 
257 31 389 501 86 214 -1 -1 -1 -1 
258 31 388 496 87 218 -1 -1 -1 -1 
259 31 387 493 88 219 -1 -1 -1 -1 
260 31 387 490 88 221 -1 -1 -1 -1 
261 31 386 489 88 221 -1 -1 -1 -1 
262 31 386 488 88 221 -1 -1 -1 -1 
263 31 387 488 88 221 -1 -1 -1 -1 
264 31 387 487 89 222 -1 -1 -1 -1 
265 31 387 487 89 222 -1 -1 -1 -1 
266 31 388 487 89 223 -1 -1 -1 -1 
267 31 387 485 89 223 -1 -1 -1 -1 
268 31 386 483 89 223 -1 -1 -1 -1 
269 31 385 482 90 223 -1 -1 -1 -1 
270 31 383 478 90 224 -1 -1 -1 -1 
271 31 383 475 90 222 -1 -1 -1 -1 
272 31 385 474 86 214 -1 -1 -1 -1 
273 31 385 470 85 211 -1 -1 -1 -1 
274 31 385 469 84 209 -1 -1 -1 -1 
275 31 385 467 84 209 -1 -1 -1 -1 
276 31 385 465 84 208 -1 -1 -1 -1 
277 31 386 464 83 207 -1 -1 -1 -1 
278 31 387 463 82 206 -1 -1 -1 -1 
279 31 388 463 81 203 -1 -1 -1 -1 
280 31 391 463 78 197 -1 -1 -1 -1 
281 31 391 462 78 198 -1 -1 -1 -1 
282 31 392 461 77 198 -1 -1 -1 -1 
283 31 393 461 77 197 -1 -1 -1 -1 
284 31 392 457 79 203 -1 -1 -1 -1 
285 31 391 454 81 205 -1 -1 -1 -1 
286 31 391 450 82 206 -1 -1 -1 -1 
287 31 391 447 82 207 -1 -1 -1 -1 
288 31 391 444 83 208 -1 -1 -1 -1 
289 31 391 443 82 206 -1 -1 -1 -1 
290 31 391 441 82 207 -1 -1 -1 -1 
291 31 391 440 82 206 -1 -1 -1 -1 
292 31 390 439 83 207 -1 -1 -1 -1 
293 31 390 438 83 207 -1 -1 -1 -1 
294 31 390 438 82 205 -1 -1 -1 -1 
295 31 390 437 82 204 -1 -1 -1 -1 
296 31 390 436 82 205 -1 -1 -1 -1 
297 31 389 434 82 204 -1 -1 -1 -1 
298 31 389 433 82 203 -1 -1 -1 -1 
299 31 389 430 81 205 -1 -1 -1 -1 
300 31 388 427 82 205 -1 -1 -1 -1 
301 31 387 425 82 206 -1 -1 -1 -1 
302 31 387 423 82 206 -1 -1 -1 -1 
303 31 387 421 82 205 -1 -1 -1 -1 
304 31 388 419 81 204 -1 -1 -1 -1 
305 31 388 417 82 203 -1 -1 -1 -1 
306 31 388 413 83 206 -1 -1 -1 -1 
307 31 389 412 83 206 -1 -1 -1 -1 
308 31 389 411 82 205 -1 -1 -1 -1 
309 31 390 410 82 205 -1 -1 -1 -1 
310 31 391 409 82 205 -1 -1 -1 -1 
311 31 391 408 83 208 -1 -1 -1 -1 
312 31 392 408 83 208 -1 -1 -1 -1 
313 31 392 407 84 210 -1 -1 -1 -1 
314 31 392 406 85 210 -1 -1 -1 -1 
315 31 393 405 84 207 -1 -1 -1 -1 
316 31 394 403 83 206 -1 -1 -1 -1 
317 31 395 401 82 205 -1 -1 -1 -1 
318 31 397 398 81 202 -1 -1 -1 -1 
319 31 399 397 79 199 -1 -1 -1 -1 
320 31 401 394 78 198 -1 -1 -1 -1 
321 31 402 391 77 195 -1 -1 -1 -1 
322 31 403 389 78 196 -1 -1 -1 -1 
323 31 405 387 77 193 -1 -1 -1 -1 
324 31 406 387 77 190 -1 -1 -1 -1 
325 31 408 386 75 187 -1 -1 -1 -1 
326 31 408 387 75 183 -1 -1 -1 -1 
327 31 408 386 75 182 -1 -1 -1 -1 
328 31 407 385 75 183 -1 -1 -1 -1 
329 31 408 384 74 179 -1 -1 -1 -1 
330 31 410 381 72 174 -1 -1 -1 -1 
331 31 412 377 69 171 -1 -1 -1 -1 
332 31 412 377 69 168 -1 -1 -1 -1 
333 31 411 375 71 169 -1 -1 -1 -1 
334 31 411 373 72 172 -1 -1 -1 -1 
335 31 415 369 71 173 -1 -1 -1 -1 
336 31 415 364 73 178 -1 -1 -1 -1 
337 31 418 364 72 179 -1 -1 -1 -1 
338 31 421 365 70 174 -1 -1 -1 -1 
339 31 422 364 69 174 -1 -1 -1 -1 
340 31 424 363 69 176 -1 -1 -1 -1 
341 31 425 363 70 177 -1 -1 -1 -1 
342 31 425 362 71 176 -1 -1 -1 -1 
343 31 426 361 70 176 -1 -1 -1 -1 
344 31 428 362 70 175 -1 -1 -1 -1 
345 31 430 363 69 173 -1 -1 -1 -1 
346 31 431 358 70 177 -1 -1 -1 -1 
347 31 432 355 73 181 -1 -1 -1 -1 
348 31 433 353 73 183 -1 -1 -1 -1 
349 31 432 350 75 187 -1 -1 -1 -1 
350 31 433 348 75 189 -1 -1 -1 -1 
351 31 434 345 76 190 -1 -1 -1 -1 
352 31 434 344 77 190 -1 -1 -1 -1 
353 31 434 342 77 192 -1 -1 -1 -1 
354 31 435 341 76 191 -1 -1 -1 -1 
355 31 435 340 77 192 -1 -1 -1 -1 
356 31 435 338 78 194 -1 -1 -1 -1 
357 31 436 337 78 196 -1 -1 -1 -1 
358 31 436 336 79 197 -1 -1 -1 -1 
359 31 436 334 80 199 -1 -1 -1 -1 
360 31 437 333 80 199 -1 -1 -1 -1 
361 31 437 331 80 199 -1 -1 -1 -1 
362 31 437 329 80 200 -1 -1 -1 -1 
363 31 437 328 80 198 -1 -1 -1 -1 
364 31 438 326 78 196 -1 -1 -1 -1 
365 31 438 324 78 194 -1 -1 -1 -1 
366 31 439 322 77 192 -1 -1 -1 -1 
367 31 440 318 77 194 -1 -1 -1 -1 
368 31 440 316 78 195 -1 -1 -1 -1 
369 31 441 315 77 195 -1 -1 -1 -1 
370 31 441 314 78 196 -1 -1 -1 -1 
371 31 442 314 78 195 -1 -1 -1 -1 
372 31 443 314 77 193 -1 -1 -1 -1 
373 31 444 313 76 192 -1 -1 -1 -1 
374 31 444 312 76 191 -1 -1 -1 -1 
375 31 444 311 77 192 -1 -1 -1 -1 
376 31 444 310 78 193 -1 -1 -1 -1 
377 31 444 308 78 194 -1 -1 -1 -1 
378 31 445 308 77 191 -1 -1 -1 -1 
379 31 446 305 77 192 -1 -1 -1 -1 
380 31 448 302 76 192 -1 -1 -1 -1 
381 31 448 300 76 191 -1 -1 -1 -1 
382 31 448 298 76 191 -1 -1 -1 -1 
383 31 449 296 75 189 -1 -1 -1 -1 
384 31 450 294 75 190 -1 -1 -1 -1 
385 31 450 293 77 192 -1 -1 -1 -1 
386 31 450 292 78 195 -1 -1 -1 -1 
387 31 451 292 78 196 -1 -1 -1 -1 
388 31 451 292 78 196 -1 -1 -1 -1 
389 31 451 292 78 195 -1 -1 -1 -1 
390 31 451 292 78 194 -1 -1 -1 -1 
391 31 450 289 80 196 -1 -1 -1 -1 
392 31 450 288 80 197 -1 -1 -1 -1 
393 31 451 287 78 195 -1 -1 -1 -1 
394 31 451 287 77 190 -1 -1 -1 -1 
395 31 451 282 76 190 -1 -1 -1 -1 
396 31 451 280 75 188 -1 -1 -1 -1 
397 31 451 276 75 189 -1 -1 -1 -1 
398 31 452 274 75 189 -1 -1 -1 -1 
399 31 453 272 75 190 -1 -1 -1 -1 
400 31 452 271 76 190 -1 -1 -1 -1 
401 31 453 270 75 191 -1 -1 -1 -1 
402 31 453 271 75 189 -1 -1 -1 -1 
403 31 453 272 75 187 -1 -1 -1 -1 
404 31 453 272 74 187 -1 -1 -1 -1 
405 31 453 271 75 186 -1 -1 -1 -1 
406 31 454 271 74 186 -1 -1 -1 -1 
407 31 454 272 74 184 -1 -1 -1 -1 
408 31 455 270 74 184 -1 -1 -1 -1 
409 31 456 269 73 182 -1 -1 -1 -1 
410 31 457 267 72 181 -1 -1 -1 -1 
411 31 457 262 73 182 -1 -1 -1 -1 
412 31 457 259 74 183 -1 -1 -1 -1 
413 31 457 254 74 185 -1 -1 -1 -1 
414 31 457 251 75 187 -1 -1 -1 -1 
415 31 456 249 76 189 -1 -1 -1 -1 
416 31 457 249 75 188 -1 -1 -1 -1 
417 31 456 249 76 188 -1 -1 -1 -1 
418 31 456 249 75 187 -1 -1 -1 -1 
419 31 455 247 75 187 -1 -1 -1 -1 
420 31 455 246 74 187 -1 -1 -1 -1 
421 31 455 245 75 187 -1 -1 -1 -1 
422 31 455 245 75 186 -1 -1 -1 -1 
423 31 454 243 76 189 -1 -1 -1 -1 
424 31 454 242 75 188 -1 -1 -1 -1 
425 31 453 241 75 185 -1 -1 -1 -1 
426 31 453 239 73 184 -1 -1 -1 -1 
427 31 452 239 73 181 -1 -1 -1 -1 
428 31 450 236 73 181 -1 -1 -1 -1 
429 31 449 233 73 184 -1 -1 -1 -1 
430 31 448 230 74 186 -1 -1 -1 -1 
431 31 448 228 75 189 -1 -1 -1 -1 
432 31 448 226 76 191 -1 -1 -1 -1 
433 31 448 224 76 192 -1 -1 -1 -1 
434 31 448 224 76 193 -1 -1 -1 -1 
435 31 447 223 76 193 -1 -1 -1 -1 
436 31 446 224 78 193 -1 -1 -1 -1 
437 31 447 223 77 192 -1 -1 -1 -1 
438 31 447 222 77 193 -1 -1 -1 -1 
439 31 448 221 77 194 -1 -1 -1 -1 
440 31 449 220 76 193 -1 -1 -1 -1 
441 31 449 219 75 191 -1 -1 -1 -1 
442 31 450 218 74 188 -1 -1 -1 -1 
443 31 450 217 74 186 -1 -1 -1 -1 
444 31 450 216 72 182 -1 -1 -1 -1 
445 31 450 214 71 182 -1 -1 -1 -1 
446 31 449 213 72 181 -1 -1 -1 -1 
447 31 448 211 72 182 -1 -1 -1 -1 
448 31 447 210 72 183 -1 -1 -1 -1 
449 31 446 210 73 183 -1 -1 -1 -1 
450 31 446 210 72 183 -1 -1 -1 -1 
451 31 446 209 72 183 -1 -1 -1 -1 
452 31 446 209 72 183 -1 -1 -1 -1 
453 31 445 207 73 185 -1 -1 -1 -1 
454 31 445 206 73 186 -1 -1 -1 -1 
455 31 444 204 74 187 -1 -1 -1 -1 
456 31 443 202 74 189 -1 -1 -1 -1 
457 31 443 201 74 187 -1 -1 -1 -1 
458 31 443 200 74 185 -1 -1 -1 -1 
459 31 444 200 73 182 -1 -1 -1 -1 
460 31 444 198 72 179 -1 -1 -1 -1 
461 31 445 196 71 178 -1 -1 -1 -1 
462 31 444 193 72 180 -1 -1 -1 -1 
463 31 444 191 72 182 -1 -1 -1 -1 
464 31 444 190 72 183 -1 -1 -1 -1 
465 31 444 191 72 179 -1 -1 -1 -1 
466 31 445 191 71 176 -1 -1 -1 -1 
467 31 445 190 72 177 -1 -1 -1 -1 
468 31 445 190 71 178 -1 -1 -1 -1 
469 31 445 189 72 177 -1 -1 -1 -1 
470 31 445 188 72 178 -1 -1 -1 -1 
471 31 444 186 73 179 -1 -1 -1 -1 
472 31 445 184 73 180 -1 -1 -1 -1 
473 31 446 184 72 176 -1 -1 -1 -1 
474 31 447 183 71 174 -1 -1 -1 -1 
475 31 448 181 71 174 -1 -1 -1 -1 
476 31 448 179 71 175 -1 -1 -1 -1 
477 31 449 178 72 175 -1 -1 -1 -1 
478 31 450 175 72 178 -1 -1 -1 -1 
479 31 451 175 73 179 -1 -1 -1 -1 
480 31 451 174 73 182 -1 -1 -1 -1 
481 31 451 172 74 184 -1 -1 -1 -1 
482 31 452 174 74 181 -1 -1 -1 -1 
483 31 452 173 73 181 -1 -1 -1 -1 
484 31 452 173 74 180 -1 -1 -1 -1 
485 31 452 172 74 180 -1 -1 -1 -1 
486 31 453 169 73 183 -1 -1 -1 -1 
487 31 453 168 73 183 -1 -1 -1 -1 
488 31 453 165 73 183 -1 -1 -1 -1 
489 31 454 164 72 179 -1 -1 -1 -1 
490 31 456 163 70 174 -1 -1 -1 -1 
491 31 457 162 69 173 -1 -1 -1 -1 
492 31 457 161 69 172 -1 -1 -1 -1 
493 31 456 160 70 173 -1 -1 -1 -1 
494 31 457 159 70 173 -1 -1 -1 -1 
495 31 458 158 69 173 -1 -1 -1 -1 
496 31 460 158 69 172 -1 -1 -1 -1 
497 31 461 158 68 171 -1 -1 -1 -1 
498 31 461 158 68 171 -1 -1 -1 -1 
499 31 463 158 67 169 -1 -1 -1 -1 
500 31 463 156 68 170 -1 -1 -1 -1 
501 31 465 155 67 169 -1 -1 -1 -1 
502 31 466 155 67 169 -1 -1 -1 -1 
503 31 467 155 67 169 -1 -1 -1 -1 
504 31 468 155 67 166 -1 -1 -1 -1 
505 31 469 152 67 167 -1 -1 -1 -1 
506 31 468 148 68 169 -1 -1 -1 -1 
507 31 468 145 68 170 -1 -1 -1 -1 
508 31 469 144 68 170 -1 -1 -1 -1 
509 31 469 142 68 172 -1 -1 -1 -1 
510 31 468 142 69 173 -1 -1 -1 -1 
511 31 469 142 69 174 -1 -1 -1 -1 
512 31 469 142 69 173 -1 -1 -1 -1 
513 31 469 143 68 171 -1 -1 -1 -1 
514 31 469 143 68 172 -1 -1 -1 -1 
515 31 469 142 68 171 -1 -1 -1 -1 
516 31 469 142 68 169 -1 -1 -1 -1 
517 31 469 140 68 171 -1 -1 -1 -1 
518 31 468 138 68 172 -1 -1 -1 -1 
519 31 468 136 67 169 -1 -1 -1 -1 
520 31 467 135 66 166 -1 -1 -1 -1 
521 31 466 134 66 164 -1 -1 -1 -1 
522 31 466 131 66 165 -1 -1 -1 -1 
523 31 463 128 68 167 -1 -1 -1 -1 
524 31 463 127 68 169 -1 -1 -1 -1 
525 31 463 128 68 167 -1 -1 -1 -1 
526 31 462 127 68 169 -1 -1 -1 -1 
527 31 462 127 68 168 -1 -1 -1 -1 
528 31 462 127 68 169 -1 -1 -1 -1 
529 31 462 127 68 169 -1 -1 -1 -1 
530 31 462 127 68 168 -1 -1 -1 -1 
531 31 461 125 68 168 -1 -1 -1 -1 
532 31 459 124 69 171 -1 -1 -1 -1 
533 31 460 124 69 170 -1 -1 -1 -1 
534 31 461 122 67 168 -1 -1 -1 -1 
535 31 462 119 66 166 -1 -1 -1 -1 
536 31 462 118 66 164 -1 -1 -1 -1 
537 31 462 115 66 165 -1 -1 -1 -1 
538 31 461 112 67 166 -1 -1 -1 -1 
539 31 460 108 68 169 -1 -1 -1 -1 
540 31 459 107 69 169 -1 -1 -1 -1 
541 31 458 105 69 170 -1 -1 -1 -1 
542 31 458 104 69 171 -1 -1 -1 -1 
543 31 458 104 69 170 -1 -1 -1 -1 
544 31 458 103 69 171 -1 -1 -1 -1 
545 31 457 103 69 171 -1 -1 -1 -1 
546 31 457 105 69 170 -1 -1 -1 -1 
547 31 457 106 68 169 -1 -1 -1 -1 
548 31 457 105 67 169 -1 -1 -1 -1 
549 31 456 103 67 171 -1 -1 -1 -1 
550 31 456 102 66 168 -1 -1 -1 -1 
551 31 456 101 65 164 -1 -1 -1 -1 
552 31 455 99 65 163 -1 -1 -1 -1 
553 31 454 96 65 165 -1 -1 -1 -1 
554 31 454 94 65 166 -1 -1 -1 -1 
555 31 455 92 65 168 -1 -1 -1 -1 
556 31 455 91 66 169 -1 -1 -1 -1 
557 31 455 90 68 169 -1 -1 -1 -1 
558 31 455 90 68 169 -1 -1 -1 -1 
559 31 456 90 68 168 -1 -1 -1 -1 
560 31 456 91 68 169 -1 -1 -1 -1 
561 31 456 90 69 170 -1 -1 -1 -1 
562 31 458 90 67 167 -1 -1 -1 -1 
563 31 458 90 67 167 -1 -1 -1 -1 
564 31 461 90 66 163 -1 -1 -1 -1 
565 31 463 89 65 163 -1 -1 -1 -1 
566 31 465 88 64 160 -1 -1 -1 -1 
567 31 465 88 63 158 -1 -1 -1 -1 
568 31 467 88 62 156 -1 -1 -1 -1 
569 31 467 85 64 162 -1 -1 -1 -1 
570 31 466 83 66 166 -1 -1 -1 -1 
571 31 466 79 67 169 -1 -1 -1 -1 
572 31 466 78 67 170 -1 -1 -1 -1 
573 31 465 76 68 174 -1 -1 -1 -1 
574 31 464 74 68 178 -1 -1 -1 -1 
575 31 464 75 70 179 -1 -1 -1 -1 
576 31 466 75 69 177 -1 -1 -1 -1 
577 31 465 74 70 178 -1 -1 -1 -1 
578 31 464 74 69 177 -1 -1 -1 -1 
579 31 465 71 70 176 -1 -1 -1 -1 
580 31 465 68 70 177 -1 -1 -1 -1 
581 31 465 66 71 179 -1 -1 -1 -1 
582 31 468 65 69 174 -1 -1 -1 -1 
583 31 463 63 73 185 -1 -1 -1 -1 
584 31 465 63 72 184 -1 -1 -1 -1 
585 31 469 62 71 178 -1 -1 -1 -1 
586 31 473 62 67 168 -1 -1 -1 -1 
587 31 477 62 64 160 -1 -1 -1 -1 
588 31 480 60 61 154 -1 -1 -1 -1 
589 31 482 60 59 151 -1 -1 -1 -1 
590 31 482 59 59 151 -1 -1 -1 -1 
591 31 479 58 61 151 -1 -1 -1 -1 
592 31 478 58 59 148 -1 -1 -1 -1 
593 31 479 58 60 152 -1 -1 -1 -1 
594 31 478 56 63 162 -1 -1 -1 -1 
595 31 472 57 68 178 -1 -1 -1 -1 
596 31 471 60 69 181 -1 -1 -1 -1 
597 31 472 61 71 182 -1 -1 -1 -1 
598 31 472 54 75 191 -1 -1 -1 -1 
599 31 476 51 71 175 -1 -1 -1 -1 
600 31 479 49 66 161 -1 -1 -1 -1 
601 31 482 47 61 153 -1 -1 -1 -1 
602 31 476 47 71 183 -1 -1 -1 -1 
603 31 474 45 75 194 -1 -1 -1 -1 
604 31 473 43 77 199 -1 -1 -1 -1 
605 31 473 43 76 197 -1 -1 -1 -1 
606 31 476 45 71 181 -1 -1 -1 -1 
607 31 479 46 65 163 -1 -1 -1 -1 
608 31 480 47 62 152 -1 -1 -1 -1 
609 31 480 46 61 148 -1 -1 -1 -1 
610 31 482 45 58 143 -1 -1 -1 -1 
611 31 478 42 67 174 -1 -1 -1 -1 
612 31 478 40 70 186 -1 -1 -1 -1 
613 31 481 45 67 186 -1 -1 -1 -1 
614 31 486 81 60 154 -1 -1 -1 -1 
615 31 488 95 58 141 -1 -1 -1 -1 
616 31 489 100 56 137 -1 -1 -1 -1 
617 31 488 102 56 133 -1 -1 -1 -1 
618 31 487 103 57 132 -1 -1 -1 -1 
619 31 487 101 57 132 -1 -1 -1 -1 
620 31 486 98 59 133 -1 -1 -1 -1 
621 31 486 87 60 142 -1 -1 -1 -1 
622 31 489 95 56 136 -1 -1 -1 -1 
623 31 484 55 65 169 -1 -1 -1 -1 
624 31 482 41 70 181 -1 -1 -1 -1 
625 31 480 31 72 186 -1 -1 -1 -1 
626 31 478 26 73 187 -1 -1 -1 -1 
627 31 477 24 74 189 -1 -1 -1 -1 
628 31 478 21 71 187 -1 -1 -1 -1 
629 31 480 20 68 174 -1 -1 -1 -1 
630 31 480 19 66 168 -1 -1 -1 -1 
639 31 477 12 60 147 -1 -1 -1 -1 
640 31 477 11 59 146 -1 -1 -1 -1 
641 31 476 10 60 145 -1 -1 -1 -1 
642 31 476 10 60 144 -1 -1 -1 -1 
643 31 474 9 57 141 -1 -1 -1 -1 
644 31 472 7 57 142 -1 -1 -1 -1 
645 31 470 6 57 141 -1 -1 -1 -1 
646 31 470 6 56 139 -1 -1 -1 -1 
647 31 470 4 56 140 -1 -1 -1 -1 
648 31 470 2 56 139 -1 -1 -1 -1 
649 31 468 2 56 141 -1 -1 -1 -1 
650 31 467 1 58 147 -1 -1 -1 -1 
651 31 468 1 58 146 -1 -1 -1 -1 
652 31 468 1 59 149 -1 -1 -1 -1 
653 31 468 0 60 151 -1 -1 -1 -1 
654 31 469 0 60 153 -1 -1 -1 -1 
655 31 469 0 60 154 -1 -1 -1 -1 
656 31 468 0 59 147 -1 -1 -1 -1 
657 31 468 0 58 145 -1 -1 -1 -1 
658 31 467 0 57 144 -1 -1 -1 -1 
659 31 466 0 58 146 -1 -1 -1 -1 
660 31 466 0 59 148 -1 -1 -1 -1 
661 31 467 0 58 146 -1 -1 -1 -1 
662 31 467 0 55 137 -1 -1 -1 -1 
663 31 467 0 54 133 -1 -1 -1 -1 
664 31 469 0 52 131 -1 -1 -1 -1 
665 31 469 0 53 132 -1 -1 -1 -1 
666 31 468 0 55 137 -1 -1 -1 -1 
667 31 467 0 57 141 -1 -1 -1 -1 
668 31 467 0 57 138 -1 -1 -1 -1 
669 31 468 0 56 136 -1 -1 -1 -1 
670 31 468 0 55 132 -1 -1 -1 -1 
671 31 469 0 55 132 -1 -1 -1 -1 
672 31 468 0 56 134 -1 -1 -1 -1 
684 31 476 33 57 144 -1 -1 -1 -1 
685 31 475 29 59 147 -1 -1 -1 -1 
686 31 473 20 62 158 -1 -1 -1 -1 
687 31 473 21 61 158 -1 -1 -1 -1 
86 32 1468 197 63 154 -1 -1 -1 -1 
87 32 1466 196 63 157 -1 -1 -1 -1 
88 32 1464 194 64 160 -1 -1 -1 -1 
89 32 1462 193 63 159 -1 -1 -1 -1 
90 32 1458 190 66 164 -1 -1 -1 -1 
91 32 1456 189 67 168 -1 -1 -1 -1 
92 32 1456 190 66 164 -1 -1 -1 -1 
93 32 1454 190 65 163 -1 -1 -1 -1 
94 32 1452 191 66 163 -1 -1 -1 -1 
95 32 1449 191 67 164 -1 -1 -1 -1 
96 32 1446 191 68 169 -1 -1 -1 -1 
97 32 1443 190 68 168 -1 -1 -1 -1 
98 32 1442 191 66 165 -1 -1 -1 -1 
99 32 1441 191 66 163 -1 -1 -1 -1 
100 32 1440 192 64 158 -1 -1 -1 -1 
101 32 1436 192 65 159 -1 -1 -1 -1 
102 32 1434 192 64 158 -1 -1 -1 -1 
103 32 1430 191 66 160 -1 -1 -1 -1 
104 32 1427 189 65 162 -1 -1 -1 -1 
105 32 1423 188 66 162 -1 -1 -1 -1 
106 32 1420 188 65 160 -1 -1 -1 -1 
107 32 1420 189 62 155 -1 -1 -1 -1 
108 32 1414 187 65 159 -1 -1 -1 -1 
109 32 1410 187 65 161 -1 -1 -1 -1 
110 32 1408 187 65 163 -1 -1 -1 -1 
111 32 1406 186 67 165 -1 -1 -1 -1 
112 32 1402 187 68 166 -1 -1 -1 -1 
113 32 1398 186 70 168 -1 -1 -1 -1 
114 32 1397 186 69 167 -1 -1 -1 -1 
115 32 1394 184 69 170 -1 -1 -1 -1 
116 32 1393 185 68 168 -1 -1 -1 -1 
117 32 1387 185 73 177 -1 -1 -1 -1 
118 32 1386 185 71 171 -1 -1 -1 -1 
100 33 528 214 70 172 -1 -1 -1 -1 
101 33 528 217 70 174 -1 -1 -1 -1 
102 33 529 219 71 173 -1 -1 -1 -1 
103 33 531 222 68 168 -1 -1 -1 -1 
104 33 531 220 70 171 -1 -1 -1 -1 
105 33 534 220 69 170 -1 -1 -1 -1 
106 33 536 220 69 172 -1 -1 -1 -1 
107 33 536 220 68 172 -1 -1 -1 -1 
108 33 536 220 68 172 -1 -1 -1 -1 
109 33 536 219 69 173 -1 -1 -1 -1 
110 33 538 220 67 171 -1 -1 -1 -1 
111 33 538 220 68 173 -1 -1 -1 -1 
112 33 538 222 69 172 -1 -1 -1 -1 
113 33 540 224 67 169 -1 -1 -1 -1 
114 33 540 226 67 172 -1 -1 -1 -1 
115 33 539 229 69 175 -1 -1 -1 -1 
116 33 539 231 70 179 -1 -1 -1 -1 
117 33 541 232 69 177 -1 -1 -1 -1 
118 33 542 234 69 174 -1 -1 -1 -1 
119 33 541 234 71 178 -1 -1 -1 -1 
120 33 543 235 70 178 -1 -1 -1 -1 
121 33 542 235 71 180 -1 -1 -1 -1 
122 33 542 235 71 181 -1 -1 -1 -1 
123 33 544 235 69 176 -1 -1 -1 -1 
124 33 547 233 66 171 -1 -1 -1 -1 
125 33 550 234 64 166 -1 -1 -1 -1 
126 33 552 234 64 165 -1 -1 -1 -1 
127 33 553 234 65 166 -1 -1 -1 -1 
128 33 554 236 67 169 -1 -1 -1 -1 
129 33 555 238 70 172 -1 -1 -1 -1 
130 33 557 240 70 174 -1 -1 -1 -1 
131 33 558 242 70 174 -1 -1 -1 -1 
132 33 560 244 69 173 -1 -1 -1 -1 
133 33 561 246 69 172 -1 -1 -1 -1 
134 33 562 247 69 171 -1 -1 -1 -1 
135 33 563 249 68 169 -1 -1 -1 -1 
136 33 565 250 67 168 -1 -1 -1 -1 
137 33 568 251 67 167 -1 -1 -1 -1 
138 33 569 251 67 168 -1 -1 -1 -1 
139 33 571 251 66 167 -1 -1 -1 -1 
140 33 572 251 67 167 -1 -1 -1 -1 
141 33 574 251 66 167 -1 -1 -1 -1 
142 33 576 251 65 167 -1 -1 -1 -1 
143 33 577 253 67 166 -1 -1 -1 -1 
144 33 579 253 67 166 -1 -1 -1 -1 
145 33 580 255 68 168 -1 -1 -1 -1 
146 33 581 256 68 172 -1 -1 -1 -1 
147 33 581 257 69 175 -1 -1 -1 -1 
148 33 582 258 70 177 -1 -1 -1 -1 
149 33 582 259 71 179 -1 -1 -1 -1 
150 33 583 260 71 180 -1 -1 -1 -1 
151 33 584 263 71 178 -1 -1 -1 -1 
152 33 586 266 70 176 -1 -1 -1 -1 
153 33 587 269 70 174 -1 -1 -1 -1 
154 33 588 270 69 172 -1 -1 -1 -1 
155 33 590 272 69 173 -1 -1 -1 -1 
156 33 591 274 69 171 -1 -1 -1 -1 
157 33 591 273 70 170 -1 -1 -1 -1 
158 33 592 273 69 169 -1 -1 -1 -1 
159 33 592 271 69 172 -1 -1 -1 -1 
160 33 592 270 69 174 -1 -1 -1 -1 
161 33 594 273 68 172 -1 -1 -1 -1 
162 33 595 275 68 171 -1 -1 -1 -1 
163 33 595 274 68 172 -1 -1 -1 -1 
164 33 596 276 68 171 -1 -1 -1 -1 
165 33 596 278 68 169 -1 -1 -1 -1 
166 33 597 281 66 168 -1 -1 -1 -1 
167 33 597 283 66 166 -1 -1 -1 -1 
168 33 598 283 66 167 -1 -1 -1 -1 
169 33 599 284 66 166 -1 -1 -1 -1 
170 33 600 285 66 165 -1 -1 -1 -1 
171 33 600 286 66 164 -1 -1 -1 -1 
172 33 601 287 66 164 -1 -1 -1 -1 
173 33 601 288 67 164 -1 -1 -1 -1 
174 33 601 289 65 163 -1 -1 -1 -1 
175 33 601 289 66 164 -1 -1 -1 -1 
176 33 601 289 66 165 -1 -1 -1 -1 
177 33 601 289 67 167 -1 -1 -1 -1 
178 33 600 286 70 175 -1 -1 -1 -1 
179 33 599 285 73 181 -1 -1 -1 -1 
180 33 599 285 74 182 -1 -1 -1 -1 
181 33 599 285 75 187 -1 -1 -1 -1 
182 33 597 285 78 192 -1 -1 -1 -1 
183 33 597 287 78 194 -1 -1 -1 -1 
184 33 596 290 78 194 -1 -1 -1 -1 
185 33 596 292 77 195 -1 -1 -1 -1 
186 33 595 290 80 199 -1 -1 -1 -1 
187 33 595 290 80 201 -1 -1 -1 -1 
188 33 595 295 78 197 -1 -1 -1 -1 
189 33 596 297 76 194 -1 -1 -1 -1 
190 33 596 300 75 191 -1 -1 -1 -1 
191 33 595 302 76 189 -1 -1 -1 -1 
192 33 596 303 73 185 -1 -1 -1 -1 
193 33 596 303 73 185 -1 -1 -1 -1 
194 33 596 306 72 180 -1 -1 -1 -1 
195 33 596 307 71 178 -1 -1 -1 -1 
196 33 596 308 72 181 -1 -1 -1 -1 
197 33 596 308 72 179 -1 -1 -1 -1 
198 33 597 309 70 177 -1 -1 -1 -1 
199 33 597 308 70 178 -1 -1 -1 -1 
200 33 597 311 70 177 -1 -1 -1 -1 
201 33 597 317 69 171 -1 -1 -1 -1 
202 33 597 320 68 169 -1 -1 -1 -1 
203 33 596 322 68 168 -1 -1 -1 -1 
204 33 596 324 68 167 -1 -1 -1 -1 
205 33 596 325 68 167 -1 -1 -1 -1 
206 33 596 327 67 164 -1 -1 -1 -1 
207 33 596 328 66 162 -1 -1 -1 -1 
208 33 596 329 65 161 -1 -1 -1 -1 
209 33 596 328 66 163 -1 -1 -1 -1 
210 33 597 327 66 166 -1 -1 -1 -1 
211 33 596 328 66 165 -1 -1 -1 -1 
212 33 595 331 66 165 -1 -1 -1 -1 
213 33 593 330 69 172 -1 -1 -1 -1 
214 33 591 331 74 183 -1 -1 -1 -1 
215 33 589 333 76 188 -1 -1 -1 -1 
216 33 588 336 75 188 -1 -1 -1 -1 
217 33 588 339 74 186 -1 -1 -1 -1 
218 33 587 340 74 187 -1 -1 -1 -1 
219 33 586 342 76 188 -1 -1 -1 -1 
220 33 586 344 75 188 -1 -1 -1 -1 
221 33 585 344 76 189 -1 -1 -1 -1 
222 33 585 344 75 189 -1 -1 -1 -1 
223 33 584 345 75 188 -1 -1 -1 -1 
224 33 583 345 76 189 -1 -1 -1 -1 
225 33 583 345 75 189 -1 -1 -1 -1 
226 33 583 346 75 188 -1 -1 -1 -1 
227 33 582 347 76 187 -1 -1 -1 -1 
228 33 582 348 74 187 -1 -1 -1 -1 
229 33 582 350 73 185 -1 -1 -1 -1 
230 33 582 351 73 183 -1 -1 -1 -1 
231 33 581 353 73 182 -1 -1 -1 -1 
232 33 581 355 73 180 -1 -1 -1 -1 
233 33 581 357 72 179 -1 -1 -1 -1 
234 33 581 359 71 178 -1 -1 -1 -1 
235 33 580 361 72 179 -1 -1 -1 -1 
236 33 580 364 73 180 -1 -1 -1 -1 
237 33 580 366 73 181 -1 -1 -1 -1 
238 33 580 366 74 184 -1 -1 -1 -1 
239 33 580 366 73 181 -1 -1 -1 -1 
240 33 580 366 74 182 -1 -1 -1 -1 
241 33 580 366 73 182 -1 -1 -1 -1 
242 33 580 367 72 179 -1 -1 -1 -1 
243 33 579 369 71 177 -1 -1 -1 -1 
244 33 577 371 73 179 -1 -1 -1 -1 
245 33 576 372 74 182 -1 -1 -1 -1 
246 33 575 374 75 184 -1 -1 -1 -1 
247 33 574 375 76 188 -1 -1 -1 -1 
248 33 573 376 78 192 -1 -1 -1 -1 
249 33 572 377 79 193 -1 -1 -1 -1 
250 33 572 380 77 192 -1 -1 -1 -1 
251 33 572 382 77 193 -1 -1 -1 -1 
252 33 571 385 78 193 -1 -1 -1 -1 
253 33 570 386 78 195 -1 -1 -1 -1 
254 33 570 387 78 195 -1 -1 -1 -1 
255 33 569 388 78 194 -1 -1 -1 -1 
256 33 568 389 78 194 -1 -1 -1 -1 
257 33 568 390 77 193 -1 -1 -1 -1 
258 33 567 391 77 191 -1 -1 -1 -1 
259 33 567 391 76 191 -1 -1 -1 -1 
260 33 567 392 76 190 -1 -1 -1 -1 
261 33 567 394 75 188 -1 -1 -1 -1 
262 33 567 395 75 188 -1 -1 -1 -1 
263 33 566 396 76 190 -1 -1 -1 -1 
264 33 565 397 77 192 -1 -1 -1 -1 
265 33 563 399 77 192 -1 -1 -1 -1 
266 33 561 400 79 195 -1 -1 -1 -1 
267 33 558 401 80 197 -1 -1 -1 -1 
268 33 557 402 80 198 -1 -1 -1 -1 
269 33 557 403 79 199 -1 -1 -1 -1 
270 33 556 405 79 197 -1 -1 -1 -1 
271 33 556 406 78 195 -1 -1 -1 -1 
272 33 555 407 78 195 -1 -1 -1 -1 
273 33 554 407 79 195 -1 -1 -1 -1 
274 33 554 408 78 194 -1 -1 -1 -1 
275 33 553 409 78 193 -1 -1 -1 -1 
276 33 552 411 77 190 -1 -1 -1 -1 
277 33 550 413 76 188 -1 -1 -1 -1 
278 33 548 414 76 189 -1 -1 -1 -1 
279 33 547 416 76 188 -1 -1 -1 -1 
280 33 545 418 76 190 -1 -1 -1 -1 
281 33 544 420 76 190 -1 -1 -1 -1 
282 33 544 422 75 190 -1 -1 -1 -1 
283 33 544 424 75 189 -1 -1 -1 -1 
284 33 543 427 74 187 -1 -1 -1 -1 
285 33 542 428 75 188 -1 -1 -1 -1 
286 33 540 429 76 188 -1 -1 -1 -1 
287 33 539 430 76 187 -1 -1 -1 -1 
288 33 538 430 76 189 -1 -1 -1 -1 
289 33 536 431 77 191 -1 -1 -1 -1 
290 33 535 431 77 193 -1 -1 -1 -1 
291 33 534 432 77 194 -1 -1 -1 -1 
292 33 533 433 78 193 -1 -1 -1 -1 
293 33 532 434 78 193 -1 -1 -1 -1 
294 33 531 435 79 196 -1 -1 -1 -1 
295 33 530 437 80 197 -1 -1 -1 -1 
296 33 529 439 80 197 -1 -1 -1 -1 
297 33 529 441 80 197 -1 -1 -1 -1 
298 33 529 444 78 194 -1 -1 -1 -1 
299 33 527 446 79 193 -1 -1 -1 -1 
300 33 526 447 78 192 -1 -1 -1 -1 
301 33 526 449 78 195 -1 -1 -1 -1 
302 33 525 449 80 197 -1 -1 -1 -1 
303 33 525 451 79 195 -1 -1 -1 -1 
304 33 525 453 79 195 -1 -1 -1 -1 
305 33 524 454 80 195 -1 -1 -1 -1 
306 33 524 454 79 195 -1 -1 -1 -1 
307 33 524 455 78 194 -1 -1 -1 -1 
308 33 523 457 78 192 -1 -1 -1 -1 
309 33 521 458 78 192 -1 -1 -1 -1 
310 33 521 459 78 193 -1 -1 -1 -1 
311 33 519 461 79 195 -1 -1 -1 -1 
312 33 518 463 79 196 -1 -1 -1 -1 
313 33 517 465 78 195 -1 -1 -1 -1 
314 33 517 467 77 194 -1 -1 -1 -1 
315 33 517 469 76 193 -1 -1 -1 -1 
316 33 517 470 76 191 -1 -1 -1 -1 
317 33 515 472 76 190 -1 -1 -1 -1 
318 33 514 472 76 192 -1 -1 -1 -1 
319 33 513 473 76 189 -1 -1 -1 -1 
320 33 511 473 78 194 -1 -1 -1 -1 
321 33 509 474 80 199 -1 -1 -1 -1 
322 33 508 475 81 203 -1 -1 -1 -1 
323 33 506 476 82 203 -1 -1 -1 -1 
324 33 506 477 82 202 -1 -1 -1 -1 
325 33 506 479 81 201 -1 -1 -1 -1 
326 33 505 482 81 200 -1 -1 -1 -1 
327 33 504 484 81 202 -1 -1 -1 -1 
328 33 502 486 81 202 -1 -1 -1 -1 
329 33 502 487 81 203 -1 -1 -1 -1 
330 33 502 489 81 203 -1 -1 -1 -1 
331 33 501 492 81 202 -1 -1 -1 -1 
332 33 500 493 82 205 -1 -1 -1 -1 
333 33 499 495 82 206 -1 -1 -1 -1 
334 33 499 495 83 209 -1 -1 -1 -1 
335 33 498 496 83 208 -1 -1 -1 -1 
336 33 498 497 82 207 -1 -1 -1 -1 
337 33 497 497 83 206 -1 -1 -1 -1 
338 33 497 498 82 205 -1 -1 -1 -1 
339 33 496 498 82 204 -1 -1 -1 -1 
340 33 495 498 81 202 -1 -1 -1 -1 
341 33 493 500 81 201 -1 -1 -1 -1 
342 33 491 503 80 199 -1 -1 -1 -1 
343 33 488 505 81 199 -1 -1 -1 -1 
344 33 486 506 81 201 -1 -1 -1 -1 
345 33 487 507 81 200 -1 -1 -1 -1 
346 33 488 507 80 199 -1 -1 -1 -1 
347 33 490 509 78 197 -1 -1 -1 -1 
348 33 490 512 76 191 -1 -1 -1 -1 
349 33 490 513 75 190 -1 -1 -1 -1 
350 33 485 515 77 188 -1 -1 -1 -1 
351 33 475 515 77 190 -1 -1 -1 -1 
352 33 471 517 76 189 -1 -1 -1 -1 
353 33 469 518 77 193 -1 -1 -1 -1 
354 33 469 518 77 196 -1 -1 -1 -1 
355 33 469 519 78 199 -1 -1 -1 -1 
356 33 468 520 80 202 -1 -1 -1 -1 
357 33 467 522 84 207 -1 -1 -1 -1 
358 33 466 524 84 208 -1 -1 -1 -1 
359 33 466 526 82 208 -1 -1 -1 -1 
360 33 465 529 84 211 -1 -1 -1 -1 
361 33 464 531 85 213 -1 -1 -1 -1 
362 33 463 532 84 213 -1 -1 -1 -1 
363 33 460 534 84 211 -1 -1 -1 -1 
364 33 458 537 84 210 -1 -1 -1 -1 
365 33 456 539 85 213 -1 -1 -1 -1 
366 33 455 541 85 215 -1 -1 -1 -1 
367 33 455 542 85 216 -1 -1 -1 -1 
368 33 454 543 86 218 -1 -1 -1 -1 
369 33 453 543 86 218 -1 -1 -1 -1 
370 33 452 544 86 217 -1 -1 -1 -1 
371 33 451 544 87 217 -1 -1 -1 -1 
372 33 450 544 87 218 -1 -1 -1 -1 
373 33 448 545 88 216 -1 -1 -1 -1 
374 33 447 547 87 215 -1 -1 -1 -1 
375 33 447 549 85 211 -1 -1 -1 -1 
376 33 447 552 84 209 -1 -1 -1 -1 
377 33 444 552 86 214 -1 -1 -1 -1 
378 33 443 554 85 215 -1 -1 -1 -1 
379 33 441 556 86 215 -1 -1 -1 -1 
380 33 440 559 86 214 -1 -1 -1 -1 
381 33 439 562 85 213 -1 -1 -1 -1 
382 33 438 565 85 212 -1 -1 -1 -1 
383 33 436 566 86 214 -1 -1 -1 -1 
384 33 435 568 86 213 -1 -1 -1 -1 
385 33 434 569 86 213 -1 -1 -1 -1 
386 33 433 570 86 213 -1 -1 -1 -1 
387 33 432 570 87 214 -1 -1 -1 -1 
388 33 433 573 85 212 -1 -1 -1 -1 
389 33 433 575 84 210 -1 -1 -1 -1 
390 33 432 576 84 210 -1 -1 -1 -1 
391 33 432 577 84 210 -1 -1 -1 -1 
392 33 429 579 86 211 -1 -1 -1 -1 
393 33 428 581 86 212 -1 -1 -1 -1 
394 33 426 583 87 213 -1 -1 -1 -1 
395 33 425 585 87 215 -1 -1 -1 -1 
396 33 424 587 87 218 -1 -1 -1 -1 
397 33 422 590 87 217 -1 -1 -1 -1 
398 33 419 592 89 223 -1 -1 -1 -1 
399 33 418 594 89 225 -1 -1 -1 -1 
400 33 417 595 89 225 -1 -1 -1 -1 
401 33 417 597 88 223 -1 -1 -1 -1 
402 33 416 598 88 221 -1 -1 -1 -1 
403 33 415 598 88 221 -1 -1 -1 -1 
404 33 414 599 87 220 -1 -1 -1 -1 
405 33 412 600 87 219 -1 -1 -1 -1 
406 33 410 602 86 215 -1 -1 -1 -1 
407 33 408 603 85 215 -1 -1 -1 -1 
408 33 405 605 87 216 -1 -1 -1 -1 
409 33 403 607 88 219 -1 -1 -1 -1 
410 33 402 611 88 217 -1 -1 -1 -1 
411 33 398 613 88 219 -1 -1 -1 -1 
412 33 396 615 88 219 -1 -1 -1 -1 
413 33 395 617 88 218 -1 -1 -1 -1 
414 33 396 621 86 215 -1 -1 -1 -1 
415 33 395 621 86 216 -1 -1 -1 -1 
416 33 395 623 85 213 -1 -1 -1 -1 
417 33 394 625 84 211 -1 -1 -1 -1 
418 33 391 626 85 212 -1 -1 -1 -1 
419 33 388 627 86 213 -1 -1 -1 -1 
420 33 385 627 87 215 -1 -1 -1 -1 
421 33 383 628 87 216 -1 -1 -1 -1 
422 33 381 630 88 217 -1 -1 -1 -1 
423 33 379 633 88 217 -1 -1 -1 -1 
424 33 377 636 89 218 -1 -1 -1 -1 
425 33 375 636 90 223 -1 -1 -1 -1 
426 33 373 639 90 224 -1 -1 -1 -1 
427 33 372 642 90 225 -1 -1 -1 -1 
428 33 371 644 90 227 -1 -1 -1 -1 
429 33 370 647 90 226 -1 -1 -1 -1 
430 33 369 649 90 228 -1 -1 -1 -1 
431 33 368 652 90 227 -1 -1 -1 -1 
432 33 366 653 91 227 -1 -1 -1 -1 
433 33 365 654 90 227 -1 -1 -1 -1 
434 33 364 655 91 226 -1 -1 -1 -1 
435 33 363 655 91 228 -1 -1 -1 -1 
436 33 361 655 91 228 -1 -1 -1 -1 
437 33 359 657 91 225 -1 -1 -1 -1 
438 33 359 659 89 222 -1 -1 -1 -1 
439 33 357 661 89 222 -1 -1 -1 -1 
440 33 355 663 90 223 -1 -1 -1 -1 
441 33 353 666 91 223 -1 -1 -1 -1 
442 33 350 668 92 227 -1 -1 -1 -1 
443 33 349 670 91 225 -1 -1 -1 -1 
444 33 347 672 91 226 -1 -1 -1 -1 
445 33 346 674 91 225 -1 -1 -1 -1 
446 33 344 677 91 225 -1 -1 -1 -1 
447 33 344 680 89 221 -1 -1 -1 -1 
448 33 344 681 87 218 -1 -1 -1 -1 
449 33 343 681 87 220 -1 -1 -1 -1 
450 33 342 682 87 220 -1 -1 -1 -1 
451 33 340 683 87 221 -1 -1 -1 -1 
452 33 338 684 88 222 -1 -1 -1 -1 
453 33 336 685 89 224 -1 -1 -1 -1 
454 33 334 687 90 224 -1 -1 -1 -1 
455 33 332 689 92 226 -1 -1 -1 -1 
456 33 331 691 92 228 -1 -1 -1 -1 
457 33 329 693 93 230 -1 -1 -1 -1 
458 33 328 696 94 231 -1 -1 -1 -1 
459 33 327 698 93 230 -1 -1 -1 -1 
460 33 327 702 93 229 -1 -1 -1 -1 
461 33 325 704 94 232 -1 -1 -1 -1 
462 33 324 706 96 237 -1 -1 -1 -1 
463 33 323 708 97 238 -1 -1 -1 -1 
464 33 323 710 95 235 -1 -1 -1 -1 
465 33 323 711 94 235 -1 -1 -1 -1 
466 33 322 712 94 234 -1 -1 -1 -1 
467 33 322 713 93 233 -1 -1 -1 -1 
468 33 321 714 93 232 -1 -1 -1 -1 
469 33 320 715 92 229 -1 -1 -1 -1 
470 33 320 717 91 226 -1 -1 -1 -1 
471 33 318 720 91 225 -1 -1 -1 -1 
472 33 317 721 90 227 -1 -1 -1 -1 
473 33 315 723 91 230 -1 -1 -1 -1 
474 33 313 725 92 231 -1 -1 -1 -1 
475 33 311 728 93 231 -1 -1 -1 -1 
476 33 310 731 92 230 -1 -1 -1 -1 
477 33 309 735 92 227 -1 -1 -1 -1 
478 33 309 738 91 226 -1 -1 -1 -1 
479 33 308 740 91 223 -1 -1 -1 -1 
480 33 307 742 91 222 -1 -1 -1 -1 
481 33 306 743 91 223 -1 -1 -1 -1 
482 33 306 743 90 224 -1 -1 -1 -1 
483 33 304 744 92 226 -1 -1 -1 -1 
484 33 303 744 91 228 -1 -1 -1 -1 
485 33 300 745 93 229 -1 -1 -1 -1 
486 33 299 746 92 230 -1 -1 -1 -1 
487 33 297 748 93 231 -1 -1 -1 -1 
488 33 296 751 93 231 -1 -1 -1 -1 
489 33 295 753 94 233 -1 -1 -1 -1 
490 33 294 755 94 236 -1 -1 -1 -1 
491 33 292 756 97 241 -1 -1 -1 -1 
492 33 291 759 97 241 -1 -1 -1 -1 
493 33 291 762 96 239 -1 -1 -1 -1 
494 33 289 765 96 239 -1 -1 -1 -1 
495 33 288 768 96 240 -1 -1 -1 -1 
496 33 286 770 97 243 -1 -1 -1 -1 
497 33 285 772 98 243 -1 -1 -1 -1 
498 33 284 773 98 244 -1 -1 -1 -1 
499 33 283 774 99 243 -1 -1 -1 -1 
500 33 283 776 98 240 -1 -1 -1 -1 
501 33 283 777 96 240 -1 -1 -1 -1 
502 33 282 778 95 238 -1 -1 -1 -1 
503 33 281 780 94 234 -1 -1 -1 -1 
504 33 281 781 94 234 -1 -1 -1 -1 
505 33 280 783 94 235 -1 -1 -1 -1 
506 33 278 785 95 236 -1 -1 -1 -1 
507 33 277 787 95 237 -1 -1 -1 -1 
508 33 276 789 95 237 -1 -1 -1 -1 
509 33 274 792 96 236 -1 -1 -1 -1 
510 33 274 794 94 236 -1 -1 -1 -1 
511 33 273 797 95 234 -1 -1 -1 -1 
512 33 274 800 93 231 -1 -1 -1 -1 
513 33 272 804 93 230 -1 -1 -1 -1 
514 33 271 805 92 230 -1 -1 -1 -1 
515 33 270 806 92 230 -1 -1 -1 -1 
516 33 269 807 91 229 -1 -1 -1 -1 
517 33 268 809 92 229 -1 -1 -1 -1 
518 33 266 810 94 232 -1 -1 -1 -1 
519 33 265 811 94 234 -1 -1 -1 -1 
520 33 264 812 94 234 -1 -1 -1 -1 
521 33 263 815 94 234 -1 -1 -1 -1 
522 33 261 818 95 235 -1 -1 -1 -1 
523 33 260 819 96 238 -1 -1 -1 -1 
524 33 258 821 96 240 -1 -1 -1 -1 
525 33 257 823 96 240 -1 -1 -1 -1 
526 33 255 825 97 240 -1 -1 -1 -1 
527 33 254 827 97 239 -1 -1 -1 -1 
528 33 254 828 96 239 -1 -1 -1 -1 
529 33 254 832 96 236 -1 -1 -1 -1 
530 33 254 834 95 234 -1 -1 -1 -1 
531 33 254 836 94 232 -1 -1 -1 -1 
532 33 254 837 94 231 -1 -1 -1 -1 
533 33 254 838 93 232 -1 -1 -1 -1 
534 33 254 838 93 230 -1 -1 -1 -1 
535 33 253 839 93 228 -1 -1 -1 -1 
536 33 252 841 93 226 -1 -1 -1 -1 
537 33 252 843 92 224 -1 -1 -1 -1 
538 33 252 845 90 223 -1 -1 -1 -1 
539 33 251 848 89 222 -1 -1 -1 -1 
540 33 251 851 88 220 -1 -1 -1 -1 
541 33 251 853 87 219 -1 -1 -1 -1 
542 33 250 858 87 215 -1 -1 -1 -1 
543 33 250 862 85 211 -1 -1 -1 -1 
544 33 249 865 85 209 -1 -1 -1 -1 
545 33 249 868 84 206 -1 -1 -1 -1 
546 33 248 869 84 205 -1 -1 -1 -1 
547 33 248 871 84 202 -1 -1 -1 -1 
548 33 249 874 80 198 -1 -1 -1 -1 
549 33 248 876 81 196 -1 -1 -1 -1 
550 33 246 877 82 194 -1 -1 -1 -1 
551 33 245 878 82 193 -1 -1 -1 -1 
552 33 244 878 81 194 -1 -1 -1 -1 
553 33 245 880 80 192 -1 -1 -1 -1 
554 33 246 882 77 189 -1 -1 -1 -1 
555 33 246 887 79 185 -1 -1 -1 -1 
556 33 247 890 78 182 -1 -1 -1 -1 
557 33 246 893 79 180 -1 -1 -1 -1 
558 33 247 897 78 176 -1 -1 -1 -1 
559 33 247 901 76 171 -1 -1 -1 -1 
560 33 246 901 75 171 -1 -1 -1 -1 
561 33 246 903 73 169 -1 -1 -1 -1 
562 33 246 907 71 166 -1 -1 -1 -1 
563 33 248 909 71 163 -1 -1 -1 -1 
564 33 249 910 71 162 -1 -1 -1 -1 
565 33 250 911 69 162 -1 -1 -1 -1 
566 33 250 911 70 163 -1 -1 -1 -1 
567 33 250 912 69 162 -1 -1 -1 -1 
568 33 251 913 68 162 -1 -1 -1 -1 
569 33 251 914 68 160 -1 -1 -1 -1 
570 33 252 917 67 158 -1 -1 -1 -1 
571 33 253 920 66 155 -1 -1 -1 -1 
572 33 253 923 66 152 -1 -1 -1 -1 
573 33 254 926 65 150 -1 -1 -1 -1 
574 33 254 927 65 150 -1 -1 -1 -1 
575 33 255 931 63 146 -1 -1 -1 -1 
576 33 256 934 61 143 -1 -1 -1 -1 
577 33 257 937 59 139 -1 -1 -1 -1 
578 33 257 939 57 137 -1 -1 -1 -1 
579 33 257 942 57 133 -1 -1 -1 -1 
580 33 257 946 56 128 -1 -1 -1 -1 
581 33 257 948 57 126 -1 -1 -1 -1 
582 33 257 950 55 126 -1 -1 -1 -1 
583 33 257 951 55 126 -1 -1 -1 -1 
584 33 258 951 54 126 -1 -1 -1 -1 
585 33 258 953 53 123 -1 -1 -1 -1 
586 33 258 955 52 122 -1 -1 -1 -1 
587 33 258 957 51 120 -1 -1 -1 -1 
588 33 259 959 50 118 -1 -1 -1 -1 
589 33 259 962 50 115 -1 -1 -1 -1 
590 33 259 964 49 114 -1 -1 -1 -1 
591 33 260 968 48 111 -1 -1 -1 -1 
592 33 261 971 48 108 -1 -1 -1 -1 
127 34 1210 177 59 148 -1 -1 -1 -1 
128 34 1208 177 60 149 -1 -1 -1 -1 
129 34 1205 177 60 152 -1 -1 -1 -1 
130 34 1202 175 62 156 -1 -1 -1 -1 
131 34 1201 176 60 154 -1 -1 -1 -1 
132 34 1198 175 61 153 -1 -1 -1 -1 
133 34 1197 175 60 151 -1 -1 -1 -1 
134 34 1195 171 61 152 -1 -1 -1 -1 
135 34 1192 167 62 154 -1 -1 -1 -1 
136 34 1189 164 64 159 -1 -1 -1 -1 
137 34 1188 164 64 162 -1 -1 -1 -1 
138 34 1186 164 64 162 -1 -1 -1 -1 
139 34 1184 162 65 163 -1 -1 -1 -1 
140 34 1181 161 65 163 -1 -1 -1 -1 
141 34 1179 162 64 160 -1 -1 -1 -1 
142 34 1176 163 64 160 -1 -1 -1 -1 
143 34 1174 164 62 157 -1 -1 -1 -1 
144 34 1172 164 61 153 -1 -1 -1 -1 
145 34 1170 164 59 147 -1 -1 -1 -1 
146 34 1167 164 59 146 -1 -1 -1 -1 
147 34 1165 163 60 150 -1 -1 -1 -1 
148 34 1163 164 59 149 -1 -1 -1 -1 
149 34 1161 163 57 145 -1 -1 -1 -1 
150 34 1158 164 57 142 -1 -1 -1 -1 
151 34 1157 163 57 145 -1 -1 -1 -1 
152 34 1154 163 57 146 -1 -1 -1 -1 
153 34 1152 161 59 148 -1 -1 -1 -1 
154 34 1151 162 58 148 -1 -1 -1 -1 
155 34 1149 163 57 145 -1 -1 -1 -1 
156 34 1147 163 56 141 -1 -1 -1 -1 
157 34 1145 162 56 141 -1 -1 -1 -1 
158 34 1143 160 57 143 -1 -1 -1 -1 
159 34 1141 159 57 144 -1 -1 -1 -1 
160 34 1139 159 57 144 -1 -1 -1 -1 
161 34 1137 158 57 145 -1 -1 -1 -1 
162 34 1135 158 56 146 -1 -1 -1 -1 
163 34 1133 158 57 145 -1 -1 -1 -1 
164 34 1131 158 57 145 -1 -1 -1 -1 
165 34 1130 158 57 146 -1 -1 -1 -1 
166 34 1128 158 57 146 -1 -1 -1 -1 
167 34 1124 156 58 147 -1 -1 -1 -1 
168 34 1121 155 59 147 -1 -1 -1 -1 
169 34 1119 155 59 146 -1 -1 -1 -1 
170 34 1117 155 57 142 -1 -1 -1 -1 
171 34 1115 154 56 142 -1 -1 -1 -1 
172 34 1111 154 56 142 -1 -1 -1 -1 
173 34 1108 154 57 142 -1 -1 -1 -1 
174 34 1106 154 56 141 -1 -1 -1 -1 
175 34 1104 152 56 143 -1 -1 -1 -1 
176 34 1102 152 56 143 -1 -1 -1 -1 
177 34 1100 152 56 144 -1 -1 -1 -1 
178 34 1098 152 57 145 -1 -1 -1 -1 
179 34 1095 151 57 145 -1 -1 -1 -1 
180 34 1093 151 56 144 -1 -1 -1 -1 
181 34 1090 150 56 145 -1 -1 -1 -1 
182 34 1086 149 58 144 -1 -1 -1 -1 
183 34 1084 148 56 144 -1 -1 -1 -1 
184 34 1081 147 58 146 -1 -1 -1 -1 
185 34 1079 146 58 146 -1 -1 -1 -1 
186 34 1077 146 57 144 -1 -1 -1 -1 
187 34 1075 146 57 145 -1 -1 -1 -1 
188 34 1073 145 57 145 -1 -1 -1 -1 
189 34 1070 145 57 145 -1 -1 -1 -1 
190 34 1067 144 56 142 -1 -1 -1 -1 
191 34 1065 144 54 141 -1 -1 -1 -1 
192 34 1061 143 56 142 -1 -1 -1 -1 
193 34 1058 143 56 143 -1 -1 -1 -1 
194 34 1055 142 57 144 -1 -1 -1 -1 
195 34 1053 141 56 143 -1 -1 -1 -1 
196 34 1050 140 56 143 -1 -1 -1 -1 
197 34 1046 139 58 146 -1 -1 -1 -1 
198 34 1044 140 57 144 -1 -1 -1 -1 
199 34 1041 139 56 143 -1 -1 -1 -1 
200 34 1037 139 57 143 -1 -1 -1 -1 
201 34 1035 138 57 144 -1 -1 -1 -1 
202 34 1033 137 57 146 -1 -1 -1 -1 
203 34 1031 138 57 146 -1 -1 -1 -1 
204 34 1027 136 57 144 -1 -1 -1 -1 
205 34 1024 134 57 145 -1 -1 -1 -1 
206 34 1022 134 56 142 -1 -1 -1 -1 
207 34 1019 133 55 141 -1 -1 -1 -1 
208 34 1015 133 55 141 -1 -1 -1 -1 
209 34 1012 133 56 141 -1 -1 -1 -1 
210 34 1010 133 56 141 -1 -1 -1 -1 
211 34 1008 132 57 143 -1 -1 -1 -1 
212 34 1005 132 58 144 -1 -1 -1 -1 
213 34 1003 131 58 144 -1 -1 -1 -1 
214 34 1001 132 57 144 -1 -1 -1 -1 
215 34 999 132 56 142 -1 -1 -1 -1 
216 34 997 131 55 142 -1 -1 -1 -1 
217 34 993 131 57 142 -1 -1 -1 -1 
218 34 990 129 56 143 -1 -1 -1 -1 
219 34 987 129 56 141 -1 -1 -1 -1 
220 34 985 128 57 142 -1 -1 -1 -1 
221 34 983 127 57 144 -1 -1 -1 -1 
222 34 980 125 58 148 -1 -1 -1 -1 
223 34 977 126 57 145 -1 -1 -1 -1 
224 34 975 126 56 145 -1 -1 -1 -1 
225 34 972 125 57 144 -1 -1 -1 -1 
226 34 970 125 57 144 -1 -1 -1 -1 
227 34 966 124 57 145 -1 -1 -1 -1 
228 34 964 125 56 142 -1 -1 -1 -1 
229 34 961 124 56 141 -1 -1 -1 -1 
230 34 958 123 56 140 -1 -1 -1 -1 
231 34 956 123 55 139 -1 -1 -1 -1 
232 34 951 121 57 143 -1 -1 -1 -1 
233 34 948 121 56 143 -1 -1 -1 -1 
248 34 901 114 55 142 -1 -1 -1 -1 
249 34 899 115 55 140 -1 -1 -1 -1 
250 34 898 117 54 137 -1 -1 -1 -1 
251 34 895 115 54 137 -1 -1 -1 -1 
252 34 892 113 56 139 -1 -1 -1 -1 
253 34 890 111 56 141 -1 -1 -1 -1 
254 34 888 112 57 140 -1 -1 -1 -1 
255 34 886 112 56 140 -1 -1 -1 -1 
256 34 883 111 58 142 -1 -1 -1 -1 
257 34 881 110 59 144 -1 -1 -1 -1 
258 34 879 110 59 145 -1 -1 -1 -1 
259 34 878 110 58 145 -1 -1 -1 -1 
260 34 875 110 58 144 -1 -1 -1 -1 
261 34 873 110 58 143 -1 -1 -1 -1 
262 34 872 110 56 141 -1 -1 -1 -1 
263 34 871 110 55 138 -1 -1 -1 -1 
264 34 870 110 54 138 -1 -1 -1 -1 
265 34 868 110 55 141 -1 -1 -1 -1 
266 34 866 109 56 141 -1 -1 -1 -1 
267 34 863 108 57 143 -1 -1 -1 -1 
268 34 861 108 57 143 -1 -1 -1 -1 
269 34 859 109 58 142 -1 -1 -1 -1 
270 34 859 109 57 142 -1 -1 -1 -1 
271 34 858 108 56 142 -1 -1 -1 -1 
272 34 856 109 56 141 -1 -1 -1 -1 
273 34 854 109 56 141 -1 -1 -1 -1 
274 34 853 110 55 139 -1 -1 -1 -1 
275 34 852 109 55 140 -1 -1 -1 -1 
276 34 848 109 56 141 -1 -1 -1 -1 
277 34 848 109 56 142 -1 -1 -1 -1 
278 34 845 109 57 142 -1 -1 -1 -1 
279 34 845 110 56 141 -1 -1 -1 -1 
280 34 844 111 56 141 -1 -1 -1 -1 
281 34 843 110 57 142 -1 -1 -1 -1 
282 34 843 111 57 142 -1 -1 -1 -1 
283 34 843 112 56 143 -1 -1 -1 -1 
284 34 843 113 56 142 -1 -1 -1 -1 
285 34 841 112 57 143 -1 -1 -1 -1 
286 34 840 111 58 144 -1 -1 -1 -1 
287 34 838 110 59 145 -1 -1 -1 -1 
288 34 836 110 60 146 -1 -1 -1 -1 
289 34 835 110 59 144 -1 -1 -1 -1 
290 34 835 109 59 142 -1 -1 -1 -1 
291 34 835 109 58 142 -1 -1 -1 -1 
292 34 834 110 58 141 -1 -1 -1 -1 
293 34 832 110 58 141 -1 -1 -1 -1 
294 34 831 111 58 139 -1 -1 -1 -1 
295 34 829 110 58 140 -1 -1 -1 -1 
296 34 828 109 57 140 -1 -1 -1 -1 
297 34 826 109 57 140 -1 -1 -1 -1 
298 34 824 108 57 141 -1 -1 -1 -1 
299 34 823 108 56 138 -1 -1 -1 -1 
300 34 822 108 56 138 -1 -1 -1 -1 
301 34 821 108 55 137 -1 -1 -1 -1 
302 34 820 108 55 137 -1 -1 -1 -1 
303 34 817 107 56 138 -1 -1 -1 -1 
304 34 817 106 55 138 -1 -1 -1 -1 
305 34 816 107 55 139 -1 -1 -1 -1 
306 34 812 107 58 142 -1 -1 -1 -1 
307 34 809 107 59 144 -1 -1 -1 -1 
308 34 810 108 58 144 -1 -1 -1 -1 
309 34 807 108 60 147 -1 -1 -1 -1 
310 34 807 109 58 145 -1 -1 -1 -1 
316 34 786 107 78 199 -1 -1 -1 -1 
317 34 785 107 79 202 -1 -1 -1 -1 
318 34 784 107 79 203 -1 -1 -1 -1 
319 34 783 106 80 205 -1 -1 -1 -1 
320 34 782 105 81 206 -1 -1 -1 -1 
321 34 782 107 80 205 -1 -1 -1 -1 
322 34 780 105 82 207 -1 -1 -1 -1 
323 34 779 105 82 207 -1 -1 -1 -1 
324 34 780 106 75 202 -1 -1 -1 -1 
325 34 778 102 65 168 -1 -1 -1 -1 
326 34 777 101 61 155 -1 -1 -1 -1 
327 34 775 101 58 147 -1 -1 -1 -1 
328 34 773 100 58 143 -1 -1 -1 -1 
329 34 770 99 59 149 -1 -1 -1 -1 
330 34 769 99 59 149 -1 -1 -1 -1 
331 34 768 99 59 149 -1 -1 -1 -1 
332 34 767 98 59 149 -1 -1 -1 -1 
333 34 766 98 59 150 -1 -1 -1 -1 
334 34 765 98 59 150 -1 -1 -1 -1 
335 34 764 99 60 151 -1 -1 -1 -1 
336 34 763 98 61 153 -1 -1 -1 -1 
337 34 761 97 62 155 -1 -1 -1 -1 
338 34 761 97 61 153 -1 -1 -1 -1 
339 34 760 96 62 154 -1 -1 -1 -1 
340 34 760 95 61 154 -1 -1 -1 -1 
341 34 760 95 61 154 -1 -1 -1 -1 
342 34 760 94 61 154 -1 -1 -1 -1 
343 34 760 95 60 153 -1 -1 -1 -1 
344 34 759 94 61 153 -1 -1 -1 -1 
345 34 759 94 61 154 -1 -1 -1 -1 
346 34 759 93 61 154 -1 -1 -1 -1 
347 34 759 93 60 152 -1 -1 -1 -1 
348 34 759 92 60 153 -1 -1 -1 -1 
349 34 758 92 61 153 -1 -1 -1 -1 
350 34 757 91 61 153 -1 -1 -1 -1 
351 34 757 91 61 154 -1 -1 -1 -1 
352 34 755 89 60 150 -1 -1 -1 -1 
353 34 755 89 58 146 -1 -1 -1 -1 
354 34 754 89 57 143 -1 -1 -1 -1 
355 34 754 89 56 140 -1 -1 -1 -1 
356 34 754 88 56 141 -1 -1 -1 -1 
357 34 754 89 55 138 -1 -1 -1 -1 
358 34 754 90 54 137 -1 -1 -1 -1 
359 34 754 92 54 135 -1 -1 -1 -1 
360 34 754 92 53 135 -1 -1 -1 -1 
361 34 754 93 53 134 -1 -1 -1 -1 
362 34 753 93 53 132 -1 -1 -1 -1 
363 34 753 94 52 131 -1 -1 -1 -1 
364 34 752 94 52 133 -1 -1 -1 -1 
365 34 752 95 52 132 -1 -1 -1 -1 
366 34 750 95 54 134 -1 -1 -1 -1 
367 34 747 95 55 137 -1 -1 -1 -1 
368 34 745 95 56 137 -1 -1 -1 -1 
369 34 744 95 57 138 -1 -1 -1 -1 
370 34 744 95 56 138 -1 -1 -1 -1 
371 34 744 95 56 138 -1 -1 -1 -1 
372 34 743 94 57 139 -1 -1 -1 -1 
373 34 743 94 57 139 -1 -1 -1 -1 
374 34 741 94 57 139 -1 -1 -1 -1 
375 34 743 94 55 135 -1 -1 -1 -1 
376 34 739 93 57 140 -1 -1 -1 -1 
377 34 743 95 54 134 -1 -1 -1 -1 
378 34 745 97 52 130 -1 -1 -1 -1 
379 34 745 98 52 129 -1 -1 -1 -1 
155 35 587 172 58 147 -1 -1 -1 -1 
156 35 582 168 63 156 -1 -1 -1 -1 
157 35 580 167 64 158 -1 -1 -1 -1 
158 35 579 168 62 155 -1 -1 -1 -1 
159 35 577 167 62 155 -1 -1 -1 -1 
160 35 575 165 62 156 -1 -1 -1 -1 
161 35 573 165 62 156 -1 -1 -1 -1 
162 35 571 165 62 154 -1 -1 -1 -1 
163 35 569 162 62 157 -1 -1 -1 -1 
164 35 567 162 63 158 -1 -1 -1 -1 
165 35 565 160 64 159 -1 -1 -1 -1 
166 35 564 159 64 161 -1 -1 -1 -1 
167 35 562 159 64 160 -1 -1 -1 -1 
168 35 561 158 65 165 -1 -1 -1 -1 
169 35 558 157 67 168 -1 -1 -1 -1 
170 35 557 157 66 165 -1 -1 -1 -1 
171 35 556 155 64 165 -1 -1 -1 -1 
172 35 552 155 64 161 -1 -1 -1 -1 
173 35 552 154 64 159 -1 -1 -1 -1 
174 35 551 154 64 158 -1 -1 -1 -1 
175 35 551 153 64 156 -1 -1 -1 -1 
176 35 550 153 64 156 -1 -1 -1 -1 
177 35 549 152 62 157 -1 -1 -1 -1 
178 35 546 152 63 157 -1 -1 -1 -1 
179 35 545 152 61 154 -1 -1 -1 -1 
180 35 543 152 61 154 -1 -1 -1 -1 
181 35 541 151 61 156 -1 -1 -1 -1 
182 35 540 149 62 157 -1 -1 -1 -1 
183 35 538 150 62 156 -1 -1 -1 -1 
184 35 538 149 60 152 -1 -1 -1 -1 
185 35 539 148 58 147 -1 -1 -1 -1 
186 35 537 147 59 149 -1 -1 -1 -1 
187 35 537 147 57 146 -1 -1 -1 -1 
188 35 535 147 57 144 -1 -1 -1 -1 
189 35 534 147 57 142 -1 -1 -1 -1 
190 35 534 147 57 142 -1 -1 -1 -1 
191 35 531 145 59 146 -1 -1 -1 -1 
192 35 529 144 61 147 -1 -1 -1 -1 
193 35 528 144 61 150 -1 -1 -1 -1 
194 35 527 143 62 152 -1 -1 -1 -1 
195 35 527 143 61 152 -1 -1 -1 -1 
196 35 527 142 61 152 -1 -1 -1 -1 
197 35 526 141 60 150 -1 -1 -1 -1 
198 35 525 139 61 155 -1 -1 -1 -1 
199 35 525 138 61 155 -1 -1 -1 -1 
200 35 524 138 61 155 -1 -1 -1 -1 
201 35 522 137 61 152 -1 -1 -1 -1 
202 35 521 136 61 152 -1 -1 -1 -1 
203 35 521 138 58 147 -1 -1 -1 -1 
204 35 521 138 57 145 -1 -1 -1 -1 
205 35 520 138 56 142 -1 -1 -1 -1 
206 35 518 138 56 141 -1 -1 -1 -1 
207 35 518 137 56 142 -1 -1 -1 -1 
208 35 517 137 57 141 -1 -1 -1 -1 
209 35 517 136 56 144 -1 -1 -1 -1 
210 35 516 134 58 147 -1 -1 -1 -1 
211 35 513 132 60 149 -1 -1 -1 -1 
212 35 512 130 60 151 -1 -1 -1 -1 
213 35 510 129 62 152 -1 -1 -1 -1 
214 35 509 128 62 153 -1 -1 -1 -1 
215 35 508 127 63 154 -1 -1 -1 -1 
216 35 508 126 63 157 -1 -1 -1 -1 
217 35 508 126 63 158 -1 -1 -1 -1 
218 35 507 125 64 159 -1 -1 -1 -1 
219 35 507 125 65 160 -1 -1 -1 -1 
220 35 507 124 65 162 -1 -1 -1 -1 
221 35 509 125 64 161 -1 -1 -1 -1 
222 35 509 124 64 162 -1 -1 -1 -1 
223 35 509 124 64 162 -1 -1 -1 -1 
224 35 508 124 65 161 -1 -1 -1 -1 
225 35 508 123 66 162 -1 -1 -1 -1 
226 35 508 123 66 162 -1 -1 -1 -1 
227 35 509 123 64 162 -1 -1 -1 -1 
228 35 510 123 63 162 -1 -1 -1 -1 
229 35 508 123 65 162 -1 -1 -1 -1 
230 35 508 123 65 162 -1 -1 -1 -1 
231 35 507 123 66 162 -1 -1 -1 -1 
232 35 508 122 65 163 -1 -1 -1 -1 
233 35 509 122 64 163 -1 -1 -1 -1 
234 35 507 121 66 164 -1 -1 -1 -1 
235 35 507 121 66 164 -1 -1 -1 -1 
236 35 506 121 67 164 -1 -1 -1 -1 
237 35 508 122 64 163 -1 -1 -1 -1 
238 35 508 122 65 163 -1 -1 -1 -1 
239 35 508 122 64 163 -1 -1 -1 -1 
240 35 508 122 64 163 -1 -1 -1 -1 
241 35 508 123 64 162 -1 -1 -1 -1 
242 35 508 123 65 162 -1 -1 -1 -1 
243 35 507 122 65 164 -1 -1 -1 -1 
244 35 506 122 66 164 -1 -1 -1 -1 
245 35 506 123 66 163 -1 -1 -1 -1 
246 35 505 122 67 164 -1 -1 -1 -1 
247 35 506 121 67 165 -1 -1 -1 -1 
248 35 507 121 66 164 -1 -1 -1 -1 
249 35 508 121 65 164 -1 -1 -1 -1 
250 35 508 121 65 164 -1 -1 -1 -1 
251 35 506 121 66 164 -1 -1 -1 -1 
252 35 506 121 66 165 -1 -1 -1 -1 
253 35 507 122 66 163 -1 -1 -1 -1 
254 35 508 122 65 162 -1 -1 -1 -1 
255 35 505 122 64 161 -1 -1 -1 -1 
256 35 504 121 63 160 -1 -1 -1 -1 
257 35 503 122 64 160 -1 -1 -1 -1 
258 35 503 122 63 160 -1 -1 -1 -1 
259 35 503 123 63 159 -1 -1 -1 -1 
260 35 503 123 62 159 -1 -1 -1 -1 
261 35 503 123 62 158 -1 -1 -1 -1 
262 35 503 122 63 159 -1 -1 -1 -1 
263 35 503 122 63 159 -1 -1 -1 -1 
264 35 503 122 63 159 -1 -1 -1 -1 
265 35 503 122 62 159 -1 -1 -1 -1 
266 35 502 122 63 158 -1 -1 -1 -1 
267 35 502 121 63 159 -1 -1 -1 -1 
268 35 501 121 63 158 -1 -1 -1 -1 
269 35 501 121 63 157 -1 -1 -1 -1 
270 35 501 122 62 156 -1 -1 -1 -1 
271 35 500 121 63 156 -1 -1 -1 -1 
272 35 500 121 63 156 -1 -1 -1 -1 
273 35 500 121 63 155 -1 -1 -1 -1 
274 35 501 121 63 156 -1 -1 -1 -1 
275 35 502 121 62 156 -1 -1 -1 -1 
276 35 502 121 63 156 -1 -1 -1 -1 
277 35 502 121 63 156 -1 -1 -1 -1 
278 35 503 121 63 156 -1 -1 -1 -1 
279 35 505 120 63 156 -1 -1 -1 -1 
280 35 507 119 62 157 -1 -1 -1 -1 
281 35 507 118 62 158 -1 -1 -1 -1 
282 35 506 118 63 156 -1 -1 -1 -1 
283 35 507 116 63 158 -1 -1 -1 -1 
284 35 508 115 63 158 -1 -1 -1 -1 
285 35 508 114 63 158 -1 -1 -1 -1 
286 35 508 114 64 158 -1 -1 -1 -1 
287 35 509 114 63 158 -1 -1 -1 -1 
288 35 508 113 64 159 -1 -1 -1 -1 
289 35 508 113 64 159 -1 -1 -1 -1 
290 35 507 113 64 159 -1 -1 -1 -1 
291 35 507 114 63 156 -1 -1 -1 -1 
292 35 507 114 63 155 -1 -1 -1 -1 
293 35 507 115 63 153 -1 -1 -1 -1 
294 35 508 114 61 153 -1 -1 -1 -1 
295 35 507 113 61 152 -1 -1 -1 -1 
296 35 506 113 61 152 -1 -1 -1 -1 
297 35 506 113 60 152 -1 -1 -1 -1 
298 35 505 112 61 153 -1 -1 -1 -1 
299 35 504 112 61 153 -1 -1 -1 -1 
300 35 503 111 61 154 -1 -1 -1 -1 
301 35 501 112 62 153 -1 -1 -1 -1 
302 35 500 112 62 153 -1 -1 -1 -1 
303 35 499 110 63 156 -1 -1 -1 -1 
304 35 499 109 63 156 -1 -1 -1 -1 
305 35 499 109 63 156 -1 -1 -1 -1 
306 35 498 108 64 156 -1 -1 -1 -1 
307 35 499 107 63 155 -1 -1 -1 -1 
308 35 500 107 62 155 -1 -1 -1 -1 
309 35 501 106 62 157 -1 -1 -1 -1 
310 35 501 105 63 157 -1 -1 -1 -1 
311 35 501 105 63 157 -1 -1 -1 -1 
312 35 501 101 63 160 -1 -1 -1 -1 
313 35 500 103 63 157 -1 -1 -1 -1 
314 35 501 101 63 158 -1 -1 -1 -1 
315 35 501 100 64 158 -1 -1 -1 -1 
316 35 502 99 64 158 -1 -1 -1 -1 
317 35 502 102 62 155 -1 -1 -1 -1 
318 35 502 103 62 154 -1 -1 -1 -1 
319 35 502 103 62 154 -1 -1 -1 -1 
320 35 502 103 62 155 -1 -1 -1 -1 
321 35 502 103 62 156 -1 -1 -1 -1 
322 35 502 103 62 156 -1 -1 -1 -1 
323 35 503 99 64 159 -1 -1 -1 -1 
324 35 503 101 63 158 -1 -1 -1 -1 
325 35 503 100 63 158 -1 -1 -1 -1 
326 35 503 99 62 159 -1 -1 -1 -1 
327 35 503 101 62 157 -1 -1 -1 -1 
328 35 503 102 63 156 -1 -1 -1 -1 
329 35 503 102 63 157 -1 -1 -1 -1 
330 35 504 101 63 157 -1 -1 -1 -1 
331 35 505 101 63 157 -1 -1 -1 -1 
332 35 505 101 63 157 -1 -1 -1 -1 
333 35 505 102 64 157 -1 -1 -1 -1 
334 35 506 102 64 158 -1 -1 -1 -1 
335 35 506 102 64 158 -1 -1 -1 -1 
336 35 506 101 65 159 -1 -1 -1 -1 
337 35 506 100 66 160 -1 -1 -1 -1 
338 35 506 99 66 162 -1 -1 -1 -1 
339 35 506 99 67 163 -1 -1 -1 -1 
340 35 506 99 67 164 -1 -1 -1 -1 
341 35 506 99 67 164 -1 -1 -1 -1 
342 35 506 99 67 165 -1 -1 -1 -1 
343 35 505 97 68 167 -1 -1 -1 -1 
344 35 505 98 68 166 -1 -1 -1 -1 
345 35 505 98 68 165 -1 -1 -1 -1 
346 35 505 97 68 166 -1 -1 -1 -1 
347 35 505 97 68 166 -1 -1 -1 -1 
348 35 505 95 68 167 -1 -1 -1 -1 
349 35 505 95 68 168 -1 -1 -1 -1 
350 35 505 94 68 167 -1 -1 -1 -1 
351 35 504 92 69 170 -1 -1 -1 -1 
352 35 503 92 68 168 -1 -1 -1 -1 
353 35 503 91 67 167 -1 -1 -1 -1 
354 35 502 91 67 166 -1 -1 -1 -1 
355 35 501 90 67 166 -1 -1 -1 -1 
356 35 501 92 66 163 -1 -1 -1 -1 
357 35 500 92 66 162 -1 -1 -1 -1 
358 35 500 93 65 160 -1 -1 -1 -1 
359 35 500 92 65 161 -1 -1 -1 -1 
360 35 500 92 65 161 -1 -1 -1 -1 
361 35 500 92 64 160 -1 -1 -1 -1 
362 35 500 92 64 159 -1 -1 -1 -1 
363 35 501 93 63 157 -1 -1 -1 -1 
364 35 501 93 63 157 -1 -1 -1 -1 
365 35 501 93 63 156 -1 -1 -1 -1 
366 35 501 93 63 156 -1 -1 -1 -1 
367 35 501 92 63 157 -1 -1 -1 -1 
368 35 501 92 63 157 -1 -1 -1 -1 
369 35 500 92 64 158 -1 -1 -1 -1 
370 35 500 92 65 159 -1 -1 -1 -1 
371 35 500 91 65 161 -1 -1 -1 -1 
372 35 500 91 65 161 -1 -1 -1 -1 
373 35 500 90 65 161 -1 -1 -1 -1 
374 35 500 90 65 161 -1 -1 -1 -1 
375 35 499 89 65 162 -1 -1 -1 -1 
376 35 500 87 64 164 -1 -1 -1 -1 
377 35 500 86 65 164 -1 -1 -1 -1 
378 35 500 84 65 166 -1 -1 -1 -1 
379 35 499 83 66 166 -1 -1 -1 -1 
380 35 499 82 66 166 -1 -1 -1 -1 
381 35 500 82 64 162 -1 -1 -1 -1 
382 35 500 81 63 160 -1 -1 -1 -1 
383 35 500 80 63 160 -1 -1 -1 -1 
384 35 500 80 63 158 -1 -1 -1 -1 
385 35 500 80 62 157 -1 -1 -1 -1 
386 35 499 80 63 157 -1 -1 -1 -1 
387 35 499 80 64 158 -1 -1 -1 -1 
388 35 499 80 63 159 -1 -1 -1 -1 
389 35 499 80 64 159 -1 -1 -1 -1 
390 35 497 78 64 161 -1 -1 -1 -1 
391 35 495 76 65 163 -1 -1 -1 -1 
392 35 493 77 65 162 -1 -1 -1 -1 
393 35 493 79 64 159 -1 -1 -1 -1 
163 36 1245 169 59 149 -1 -1 -1 -1 
164 36 1244 168 58 148 -1 -1 -1 -1 
165 36 1241 168 60 148 -1 -1 -1 -1 
166 36 1242 168 58 149 -1 -1 -1 -1 
167 36 1243 167 60 152 -1 -1 -1 -1 
168 36 1236 166 61 152 -1 -1 -1 -1 
169 36 1232 165 61 155 -1 -1 -1 -1 
170 36 1230 166 61 154 -1 -1 -1 -1 
171 36 1228 166 60 153 -1 -1 -1 -1 
172 36 1223 167 61 153 -1 -1 -1 -1 
173 36 1220 167 61 154 -1 -1 -1 -1 
174 36 1218 166 61 155 -1 -1 -1 -1 
175 36 1216 165 61 154 -1 -1 -1 -1 
176 36 1214 162 63 158 -1 -1 -1 -1 
177 36 1211 158 64 161 -1 -1 -1 -1 
178 36 1208 159 64 161 -1 -1 -1 -1 
179 36 1206 158 64 162 -1 -1 -1 -1 
180 36 1203 156 66 164 -1 -1 -1 -1 
181 36 1201 154 65 164 -1 -1 -1 -1 
182 36 1199 153 65 164 -1 -1 -1 -1 
183 36 1196 153 65 163 -1 -1 -1 -1 
184 36 1193 152 66 164 -1 -1 -1 -1 
185 36 1191 151 66 165 -1 -1 -1 -1 
186 36 1188 152 67 166 -1 -1 -1 -1 
187 36 1185 152 67 167 -1 -1 -1 -1 
188 36 1182 152 66 166 -1 -1 -1 -1 
189 36 1179 151 66 165 -1 -1 -1 -1 
190 36 1176 151 66 165 -1 -1 -1 -1 
191 36 1175 152 65 163 -1 -1 -1 -1 
192 36 1172 154 64 160 -1 -1 -1 -1 
193 36 1168 153 65 162 -1 -1 -1 -1 
194 36 1166 152 66 164 -1 -1 -1 -1 
195 36 1164 152 66 163 -1 -1 -1 -1 
196 36 1162 150 65 164 -1 -1 -1 -1 
197 36 1159 149 65 165 -1 -1 -1 -1 
198 36 1157 148 65 167 -1 -1 -1 -1 
199 36 1155 145 67 168 -1 -1 -1 -1 
200 36 1154 144 67 168 -1 -1 -1 -1 
201 36 1152 143 68 168 -1 -1 -1 -1 
202 36 1150 142 68 169 -1 -1 -1 -1 
203 36 1148 141 67 169 -1 -1 -1 -1 
204 36 1146 140 68 170 -1 -1 -1 -1 
205 36 1144 140 68 170 -1 -1 -1 -1 
206 36 1143 141 67 169 -1 -1 -1 -1 
207 36 1141 141 67 170 -1 -1 -1 -1 
208 36 1139 141 67 169 -1 -1 -1 -1 
209 36 1137 141 67 168 -1 -1 -1 -1 
210 36 1135 140 66 168 -1 -1 -1 -1 
211 36 1133 140 67 168 -1 -1 -1 -1 
212 36 1131 140 67 169 -1 -1 -1 -1 
213 36 1130 140 66 167 -1 -1 -1 -1 
214 36 1129 140 65 166 -1 -1 -1 -1 
215 36 1127 139 65 165 -1 -1 -1 -1 
216 36 1125 137 67 167 -1 -1 -1 -1 
217 36 1123 135 66 167 -1 -1 -1 -1 
218 36 1120 134 67 167 -1 -1 -1 -1 
219 36 1118 133 67 166 -1 -1 -1 -1 
220 36 1116 132 67 167 -1 -1 -1 -1 
221 36 1114 131 67 168 -1 -1 -1 -1 
222 36 1113 130 67 168 -1 -1 -1 -1 
223 36 1112 130 66 168 -1 -1 -1 -1 
224 36 1110 130 67 167 -1 -1 -1 -1 
225 36 1108 130 67 166 -1 -1 -1 -1 
226 36 1106 129 67 166 -1 -1 -1 -1 
227 36 1104 129 66 165 -1 -1 -1 -1 
228 36 1102 128 65 165 -1 -1 -1 -1 
229 36 1099 129 66 165 -1 -1 -1 -1 
230 36 1098 129 64 164 -1 -1 -1 -1 
231 36 1096 129 65 163 -1 -1 -1 -1 
232 36 1094 130 65 163 -1 -1 -1 -1 
233 36 1094 130 64 162 -1 -1 -1 -1 
234 36 1093 130 64 160 -1 -1 -1 -1 
235 36 1092 131 63 159 -1 -1 -1 -1 
236 36 1090 130 64 161 -1 -1 -1 -1 
237 36 1087 128 65 164 -1 -1 -1 -1 
238 36 1086 127 65 164 -1 -1 -1 -1 
239 36 1084 125 66 166 -1 -1 -1 -1 
240 36 1083 124 64 165 -1 -1 -1 -1 
241 36 1082 123 64 165 -1 -1 -1 -1 
242 36 1080 121 65 166 -1 -1 -1 -1 
243 36 1079 120 65 166 -1 -1 -1 -1 
244 36 1078 119 65 166 -1 -1 -1 -1 
245 36 1076 119 66 165 -1 -1 -1 -1 
246 36 1075 118 66 166 -1 -1 -1 -1 
247 36 1074 118 65 165 -1 -1 -1 -1 
248 36 1072 118 65 165 -1 -1 -1 -1 
249 36 1070 118 66 165 -1 -1 -1 -1 
250 36 1069 118 66 165 -1 -1 -1 -1 
251 36 1068 119 66 163 -1 -1 -1 -1 
252 36 1068 119 64 163 -1 -1 -1 -1 
253 36 1067 119 63 163 -1 -1 -1 -1 
254 36 1064 119 64 163 -1 -1 -1 -1 
255 36 1062 118 66 165 -1 -1 -1 -1 
256 36 1061 117 66 166 -1 -1 -1 -1 
257 36 1059 116 67 166 -1 -1 -1 -1 
258 36 1059 115 67 167 -1 -1 -1 -1 
259 36 1058 114 67 167 -1 -1 -1 -1 
260 36 1057 113 67 166 -1 -1 -1 -1 
261 36 1056 111 67 166 -1 -1 -1 -1 
262 36 1055 110 66 163 -1 -1 -1 -1 
263 36 1054 109 65 163 -1 -1 -1 -1 
264 36 1052 108 65 162 -1 -1 -1 -1 
265 36 1050 108 65 161 -1 -1 -1 -1 
266 36 1048 107 66 163 -1 -1 -1 -1 
267 36 1047 106 67 165 -1 -1 -1 -1 
268 36 1045 106 67 165 -1 -1 -1 -1 
269 36 1044 107 66 162 -1 -1 -1 -1 
270 36 1043 108 65 161 -1 -1 -1 -1 
271 36 1042 107 65 162 -1 -1 -1 -1 
272 36 1039 107 66 163 -1 -1 -1 -1 
273 36 1037 107 65 161 -1 -1 -1 -1 
274 36 1035 106 65 161 -1 -1 -1 -1 
275 36 1034 106 64 161 -1 -1 -1 -1 
276 36 1032 105 64 162 -1 -1 -1 -1 
277 36 1030 105 64 162 -1 -1 -1 -1 
278 36 1028 105 64 162 -1 -1 -1 -1 
279 36 1027 105 64 162 -1 -1 -1 -1 
280 36 1026 104 64 163 -1 -1 -1 -1 
281 36 1024 105 65 160 -1 -1 -1 -1 
282 36 1023 105 64 160 -1 -1 -1 -1 
283 36 1021 105 64 159 -1 -1 -1 -1 
284 36 1020 104 63 159 -1 -1 -1 -1 
285 36 1019 103 63 159 -1 -1 -1 -1 
286 36 1016 101 65 162 -1 -1 -1 -1 
287 36 1015 99 65 164 -1 -1 -1 -1 
288 36 1014 99 65 163 -1 -1 -1 -1 
289 36 1012 98 66 166 -1 -1 -1 -1 
290 36 1010 97 67 167 -1 -1 -1 -1 
291 36 1009 97 67 167 -1 -1 -1 -1 
292 36 1009 97 66 166 -1 -1 -1 -1 
293 36 1009 97 66 165 -1 -1 -1 -1 
294 36 1009 96 66 166 -1 -1 -1 -1 
295 36 1008 96 66 166 -1 -1 -1 -1 
296 36 1008 96 65 165 -1 -1 -1 -1 
297 36 1008 95 65 165 -1 -1 -1 -1 
298 36 1008 94 65 164 -1 -1 -1 -1 
299 36 1008 92 65 165 -1 -1 -1 -1 
300 36 1007 90 66 166 -1 -1 -1 -1 
301 36 1006 89 66 167 -1 -1 -1 -1 
302 36 1005 87 67 168 -1 -1 -1 -1 
303 36 1005 86 65 165 -1 -1 -1 -1 
304 36 1004 86 65 162 -1 -1 -1 -1 
305 36 1004 86 64 160 -1 -1 -1 -1 
306 36 1003 86 64 160 -1 -1 -1 -1 
307 36 1001 85 65 162 -1 -1 -1 -1 
308 36 1001 85 65 162 -1 -1 -1 -1 
309 36 1000 84 65 164 -1 -1 -1 -1 
310 36 999 84 66 163 -1 -1 -1 -1 
311 36 999 83 65 164 -1 -1 -1 -1 
312 36 998 83 65 164 -1 -1 -1 -1 
313 36 997 83 66 163 -1 -1 -1 -1 
314 36 996 83 65 162 -1 -1 -1 -1 
315 36 996 83 64 162 -1 -1 -1 -1 
316 36 995 84 64 161 -1 -1 -1 -1 
317 36 993 83 65 161 -1 -1 -1 -1 
318 36 993 83 64 160 -1 -1 -1 -1 
319 36 992 82 64 161 -1 -1 -1 -1 
320 36 991 81 64 160 -1 -1 -1 -1 
321 36 990 79 65 162 -1 -1 -1 -1 
322 36 989 78 64 163 -1 -1 -1 -1 
323 36 988 76 64 164 -1 -1 -1 -1 
324 36 987 76 65 162 -1 -1 -1 -1 
325 36 986 73 65 164 -1 -1 -1 -1 
326 36 986 71 65 165 -1 -1 -1 -1 
327 36 985 71 65 164 -1 -1 -1 -1 
328 36 984 70 65 164 -1 -1 -1 -1 
329 36 983 69 65 163 -1 -1 -1 -1 
330 36 982 69 66 165 -1 -1 -1 -1 
331 36 981 69 66 164 -1 -1 -1 -1 
332 36 980 69 67 164 -1 -1 -1 -1 
333 36 980 69 66 165 -1 -1 -1 -1 
334 36 979 69 67 165 -1 -1 -1 -1 
335 36 979 68 66 165 -1 -1 -1 -1 
336 36 978 69 66 163 -1 -1 -1 -1 
337 36 977 69 66 163 -1 -1 -1 -1 
338 36 977 69 65 162 -1 -1 -1 -1 
339 36 977 68 64 163 -1 -1 -1 -1 
340 36 976 67 65 163 -1 -1 -1 -1 
341 36 975 66 65 164 -1 -1 -1 -1 
342 36 974 65 66 165 -1 -1 -1 -1 
343 36 974 63 65 164 -1 -1 -1 -1 
344 36 974 62 65 162 -1 -1 -1 -1 
345 36 973 60 65 163 -1 -1 -1 -1 
346 36 973 60 64 159 -1 -1 -1 -1 
347 36 973 60 63 157 -1 -1 -1 -1 
348 36 972 59 63 157 -1 -1 -1 -1 
349 36 970 58 64 158 -1 -1 -1 -1 
350 36 968 57 64 159 -1 -1 -1 -1 
351 36 967 56 64 161 -1 -1 -1 -1 
352 36 966 56 64 161 -1 -1 -1 -1 
353 36 965 56 64 160 -1 -1 -1 -1 
354 36 964 56 63 159 -1 -1 -1 -1 
355 36 964 57 63 157 -1 -1 -1 -1 
356 36 964 57 63 156 -1 -1 -1 -1 
357 36 963 56 63 157 -1 -1 -1 -1 
358 36 963 56 61 156 -1 -1 -1 -1 
359 36 962 56 61 155 -1 -1 -1 -1 
360 36 960 56 62 156 -1 -1 -1 -1 
361 36 958 55 62 156 -1 -1 -1 -1 
362 36 956 53 63 157 -1 -1 -1 -1 
363 36 954 51 63 159 -1 -1 -1 -1 
364 36 953 50 64 160 -1 -1 -1 -1 
365 36 952 49 64 159 -1 -1 -1 -1 
366 36 952 47 64 159 -1 -1 -1 -1 
367 36 952 47 64 158 -1 -1 -1 -1 
368 36 952 46 64 159 -1 -1 -1 -1 
369 36 951 46 64 158 -1 -1 -1 -1 
370 36 952 45 64 158 -1 -1 -1 -1 
371 36 951 45 65 158 -1 -1 -1 -1 
372 36 951 44 65 159 -1 -1 -1 -1 
373 36 951 45 65 159 -1 -1 -1 -1 
374 36 951 44 65 161 -1 -1 -1 -1 
375 36 951 44 65 160 -1 -1 -1 -1 
376 36 951 44 65 160 -1 -1 -1 -1 
377 36 951 44 65 160 -1 -1 -1 -1 
378 36 952 43 64 160 -1 -1 -1 -1 
379 36 952 41 65 161 -1 -1 -1 -1 
380 36 953 39 65 162 -1 -1 -1 -1 
381 36 953 37 65 162 -1 -1 -1 -1 
382 36 953 35 65 160 -1 -1 -1 -1 
383 36 953 34 64 158 -1 -1 -1 -1 
384 36 953 32 64 159 -1 -1 -1 -1 
385 36 952 31 65 159 -1 -1 -1 -1 
386 36 952 30 64 160 -1 -1 -1 -1 
387 36 952 29 64 161 -1 -1 -1 -1 
388 36 951 29 65 161 -1 -1 -1 -1 
389 36 951 29 65 160 -1 -1 -1 -1 
390 36 951 28 64 160 -1 -1 -1 -1 
391 36 951 28 64 161 -1 -1 -1 -1 
392 36 951 28 64 161 -1 -1 -1 -1 
393 36 951 28 64 161 -1 -1 -1 -1 
394 36 950 29 66 161 -1 -1 -1 -1 
395 36 950 28 65 162 -1 -1 -1 -1 
396 36 950 28 64 160 -1 -1 -1 -1 
397 36 950 28 63 159 -1 -1 -1 -1 
398 36 949 27 63 158 -1 -1 -1 -1 
399 36 949 27 62 156 -1 -1 -1 -1 
400 36 949 26 62 156 -1 -1 -1 -1 
401 36 949 25 61 155 -1 -1 -1 -1 
402 36 949 24 61 153 -1 -1 -1 -1 
403 36 948 23 60 152 -1 -1 -1 -1 
404 36 947 22 60 152 -1 -1 -1 -1 
405 36 947 21 62 154 -1 -1 -1 -1 
406 36 947 20 62 156 -1 -1 -1 -1 
407 36 946 19 63 156 -1 -1 -1 -1 
408 36 946 19 63 156 -1 -1 -1 -1 
409 36 946 19 63 156 -1 -1 -1 -1 
410 36 945 18 64 159 -1 -1 -1 -1 
411 36 945 18 64 160 -1 -1 -1 -1 
412 36 944 18 65 160 -1 -1 -1 -1 
413 36 944 17 65 162 -1 -1 -1 -1 
414 36 944 17 65 161 -1 -1 -1 -1 
415 36 944 17 65 160 -1 -1 -1 -1 
416 36 944 16 65 162 -1 -1 -1 -1 
417 36 944 14 66 164 -1 -1 -1 -1 
418 36 944 13 66 165 -1 -1 -1 -1 
419 36 944 12 66 165 -1 -1 -1 -1 
420 36 944 11 66 164 -1 -1 -1 -1 
421 36 945 10 64 161 -1 -1 -1 -1 
422 36 944 10 64 158 -1 -1 -1 -1 
423 36 945 9 62 157 -1 -1 -1 -1 
424 36 945 9 61 155 -1 -1 -1 -1 
425 36 944 8 62 156 -1 -1 -1 -1 
426 36 944 8 61 155 -1 -1 -1 -1 
427 36 944 7 61 155 -1 -1 -1 -1 
428 36 944 8 61 154 -1 -1 -1 -1 
429 36 944 7 60 154 -1 -1 -1 -1 
430 36 943 7 61 153 -1 -1 -1 -1 
431 36 943 7 61 153 -1 -1 -1 -1 
432 36 942 7 62 153 -1 -1 -1 -1 
433 36 942 7 62 153 -1 -1 -1 -1 
434 36 942 7 61 153 -1 -1 -1 -1 
435 36 941 7 62 153 -1 -1 -1 -1 
436 36 940 6 62 153 -1 -1 -1 -1 
437 36 939 4 61 152 -1 -1 -1 -1 
438 36 939 3 61 152 -1 -1 -1 -1 
439 36 939 2 61 150 -1 -1 -1 -1 
440 36 939 1 60 148 -1 -1 -1 -1 
441 36 939 0 60 148 -1 -1 -1 -1 
442 36 938 0 60 147 -1 -1 -1 -1 
443 36 938 0 59 146 -1 -1 -1 -1 
444 36 937 0 60 146 -1 -1 -1 -1 
445 36 937 0 60 146 -1 -1 -1 -1 
446 36 937 0 59 147 -1 -1 -1 -1 
447 36 937 0 59 146 -1 -1 -1 -1 
448 36 937 0 58 146 -1 -1 -1 -1 
449 36 936 0 59 146 -1 -1 -1 -1 
450 36 935 0 59 146 -1 -1 -1 -1 
451 36 935 0 59 147 -1 -1 -1 -1 
452 36 935 0 60 148 -1 -1 -1 -1 
453 36 935 0 60 148 -1 -1 -1 -1 
454 36 935 0 59 147 -1 -1 -1 -1 
455 36 936 0 58 146 -1 -1 -1 -1 
456 36 935 0 59 146 -1 -1 -1 -1 
457 36 935 0 59 145 -1 -1 -1 -1 
458 36 935 0 59 145 -1 -1 -1 -1 
459 36 936 0 58 143 -1 -1 -1 -1 
460 36 936 0 57 139 -1 -1 -1 -1 
461 36 937 0 57 138 -1 -1 -1 -1 
462 36 937 0 57 137 -1 -1 -1 -1 
463 36 937 0 56 136 -1 -1 -1 -1 
464 36 937 0 55 135 -1 -1 -1 -1 
465 36 937 0 55 135 -1 -1 -1 -1 
466 36 937 0 55 133 -1 -1 -1 -1 
467 36 937 0 55 133 -1 -1 -1 -1 
468 36 937 0 55 134 -1 -1 -1 -1 
469 36 936 0 55 134 -1 -1 -1 -1 
470 36 935 0 56 134 -1 -1 -1 -1 
471 36 935 0 56 134 -1 -1 -1 -1 
472 36 935 0 56 135 -1 -1 -1 -1 
473 36 934 0 57 135 -1 -1 -1 -1 
474 36 934 0 57 135 -1 -1 -1 -1 
475 36 934 0 56 136 -1 -1 -1 -1 
476 36 934 0 56 137 -1 -1 -1 -1 
477 36 933 0 57 136 -1 -1 -1 -1 
478 36 933 0 56 135 -1 -1 -1 -1 
479 36 933 0 55 135 -1 -1 -1 -1 
480 36 932 0 56 133 -1 -1 -1 -1 
481 36 932 0 55 132 -1 -1 -1 -1 
482 36 932 0 55 129 -1 -1 -1 -1 
483 36 932 0 55 128 -1 -1 -1 -1 
484 36 933 0 54 127 -1 -1 -1 -1 
485 36 932 0 54 125 -1 -1 -1 -1 
486 36 932 0 53 124 -1 -1 -1 -1 
487 36 931 0 54 124 -1 -1 -1 -1 
488 36 932 0 53 124 -1 -1 -1 -1 
489 36 932 0 53 124 -1 -1 -1 -1 
490 36 932 0 52 123 -1 -1 -1 -1 
491 36 931 0 54 123 -1 -1 -1 -1 
492 36 930 0 54 124 -1 -1 -1 -1 
493 36 931 0 53 125 -1 -1 -1 -1 
172 37 0 609 48 213 -1 -1 -1 -1 
173 37 0 611 53 210 -1 -1 -1 -1 
174 37 0 607 60 216 -1 -1 -1 -1 
175 37 0 611 64 212 -1 -1 -1 -1 
176 37 0 616 68 209 -1 -1 -1 -1 
177 37 0 618 72 210 -1 -1 -1 -1 
178 37 0 620 75 210 -1 -1 -1 -1 
179 37 0 622 79 209 -1 -1 -1 -1 
180 37 1 625 80 203 -1 -1 -1 -1 
181 37 1 623 85 210 -1 -1 -1 -1 
182 37 4 623 87 215 -1 -1 -1 -1 
183 37 7 622 89 219 -1 -1 -1 -1 
184 37 11 623 89 219 -1 -1 -1 -1 
185 37 14 623 91 221 -1 -1 -1 -1 
186 37 18 624 91 222 -1 -1 -1 -1 
187 37 22 624 90 223 -1 -1 -1 -1 
188 37 26 624 90 223 -1 -1 -1 -1 
189 37 30 624 91 225 -1 -1 -1 -1 
190 37 34 624 92 227 -1 -1 -1 -1 
191 37 37 626 93 228 -1 -1 -1 -1 
192 37 41 629 92 227 -1 -1 -1 -1 
193 37 46 632 90 223 -1 -1 -1 -1 
194 37 50 634 88 220 -1 -1 -1 -1 
195 37 53 636 88 218 -1 -1 -1 -1 
196 37 57 638 86 211 -1 -1 -1 -1 
197 37 59 641 88 215 -1 -1 -1 -1 
198 37 63 646 87 215 -1 -1 -1 -1 
199 37 65 650 88 218 -1 -1 -1 -1 
200 37 67 651 90 223 -1 -1 -1 -1 
201 37 70 652 90 225 -1 -1 -1 -1 
202 37 73 652 91 226 -1 -1 -1 -1 
203 37 77 653 91 226 -1 -1 -1 -1 
204 37 81 654 90 224 -1 -1 -1 -1 
205 37 85 655 91 223 -1 -1 -1 -1 
206 37 89 655 91 223 -1 -1 -1 -1 
207 37 92 656 90 222 -1 -1 -1 -1 
208 37 95 657 90 223 -1 -1 -1 -1 
209 37 99 661 90 222 -1 -1 -1 -1 
210 37 101 664 90 221 -1 -1 -1 -1 
211 37 104 666 89 220 -1 -1 -1 -1 
212 37 107 668 87 220 -1 -1 -1 -1 
213 37 110 671 87 218 -1 -1 -1 -1 
214 37 114 673 86 216 -1 -1 -1 -1 
215 37 116 673 87 217 -1 -1 -1 -1 
216 37 118 672 88 218 -1 -1 -1 -1 
217 37 121 671 88 221 -1 -1 -1 -1 
218 37 125 671 88 224 -1 -1 -1 -1 
219 37 127 671 90 226 -1 -1 -1 -1 
220 37 129 673 91 225 -1 -1 -1 -1 
221 37 132 674 92 228 -1 -1 -1 -1 
222 37 134 675 92 230 -1 -1 -1 -1 
223 37 137 678 92 230 -1 -1 -1 -1 
224 37 139 680 93 232 -1 -1 -1 -1 
225 37 142 682 94 232 -1 -1 -1 -1 
226 37 147 684 90 227 -1 -1 -1 -1 
227 37 151 688 89 221 -1 -1 -1 -1 
228 37 155 692 86 215 -1 -1 -1 -1 
229 37 158 695 85 213 -1 -1 -1 -1 
230 37 160 698 87 216 -1 -1 -1 -1 
231 37 161 698 89 224 -1 -1 -1 -1 
232 37 163 701 90 225 -1 -1 -1 -1 
233 37 166 702 90 226 -1 -1 -1 -1 
234 37 169 704 91 228 -1 -1 -1 -1 
235 37 172 705 93 231 -1 -1 -1 -1 
236 37 176 707 93 232 -1 -1 -1 -1 
237 37 179 707 92 232 -1 -1 -1 -1 
238 37 182 709 92 230 -1 -1 -1 -1 
239 37 185 711 92 230 -1 -1 -1 -1 
240 37 187 713 92 231 -1 -1 -1 -1 
241 37 191 714 92 232 -1 -1 -1 -1 
242 37 194 717 92 231 -1 -1 -1 -1 
243 37 197 720 91 230 -1 -1 -1 -1 
244 37 199 723 91 228 -1 -1 -1 -1 
245 37 203 726 90 225 -1 -1 -1 -1 
246 37 204 729 90 223 -1 -1 -1 -1 
247 37 208 732 89 222 -1 -1 -1 -1 
248 37 210 733 90 225 -1 -1 -1 -1 
249 37 213 735 90 226 -1 -1 -1 -1 
250 37 215 737 90 225 -1 -1 -1 -1 
251 37 217 740 90 225 -1 -1 -1 -1 
252 37 218 741 91 227 -1 -1 -1 -1 
253 37 220 739 93 232 -1 -1 -1 -1 
254 37 222 739 96 236 -1 -1 -1 -1 
255 37 224 741 97 240 -1 -1 -1 -1 
256 37 225 745 98 240 -1 -1 -1 -1 
257 37 229 749 96 240 -1 -1 -1 -1 
258 37 230 751 98 247 -1 -1 -1 -1 
259 37 233 754 97 247 -1 -1 -1 -1 
260 37 234 758 96 242 -1 -1 -1 -1 
261 37 237 761 95 240 -1 -1 -1 -1 
262 37 239 765 96 239 -1 -1 -1 -1 
263 37 240 767 96 239 -1 -1 -1 -1 
264 37 242 769 98 245 -1 -1 -1 -1 
265 37 244 771 99 247 -1 -1 -1 -1 
266 37 246 772 99 247 -1 -1 -1 -1 
267 37 248 773 99 247 -1 -1 -1 -1 
268 37 250 774 99 245 -1 -1 -1 -1 
269 37 252 774 98 244 -1 -1 -1 -1 
270 37 253 777 97 242 -1 -1 -1 -1 
271 37 254 778 98 242 -1 -1 -1 -1 
272 37 255 782 98 240 -1 -1 -1 -1 
273 37 256 784 98 240 -1 -1 -1 -1 
274 37 257 786 98 241 -1 -1 -1 -1 
275 37 260 789 96 240 -1 -1 -1 -1 
276 37 261 792 95 238 -1 -1 -1 -1 
277 37 263 795 94 236 -1 -1 -1 -1 
278 37 267 798 93 232 -1 -1 -1 -1 
279 37 269 801 92 227 -1 -1 -1 -1 
280 37 270 804 92 225 -1 -1 -1 -1 
281 37 273 806 90 224 -1 -1 -1 -1 
282 37 275 807 91 227 -1 -1 -1 -1 
283 37 276 808 91 228 -1 -1 -1 -1 
284 37 276 810 94 233 -1 -1 -1 -1 
285 37 278 811 94 236 -1 -1 -1 -1 
286 37 279 812 96 241 -1 -1 -1 -1 
287 37 281 815 98 243 -1 -1 -1 -1 
288 37 283 818 99 245 -1 -1 -1 -1 
289 37 286 820 98 243 -1 -1 -1 -1 
290 37 290 823 96 242 -1 -1 -1 -1 
291 37 292 826 95 239 -1 -1 -1 -1 
292 37 296 829 92 232 -1 -1 -1 -1 
293 37 299 836 91 226 -1 -1 -1 -1 
294 37 301 840 90 224 -1 -1 -1 -1 
295 37 302 843 91 224 -1 -1 -1 -1 
296 37 303 845 90 222 -1 -1 -1 -1 
297 37 304 846 90 222 -1 -1 -1 -1 
298 37 306 847 90 222 -1 -1 -1 -1 
299 37 309 848 89 221 -1 -1 -1 -1 
300 37 310 849 89 220 -1 -1 -1 -1 
301 37 313 850 88 220 -1 -1 -1 -1 
302 37 316 852 86 218 -1 -1 -1 -1 
303 37 318 853 85 216 -1 -1 -1 -1 
304 37 320 854 85 216 -1 -1 -1 -1 
305 37 321 859 86 213 -1 -1 -1 -1 
306 37 324 864 84 208 -1 -1 -1 -1 
307 37 326 868 82 203 -1 -1 -1 -1 
308 37 329 872 81 199 -1 -1 -1 -1 
309 37 332 875 80 197 -1 -1 -1 -1 
310 37 335 879 79 193 -1 -1 -1 -1 
311 37 338 882 77 190 -1 -1 -1 -1 
312 37 341 884 76 186 -1 -1 -1 -1 
313 37 345 887 75 183 -1 -1 -1 -1 
314 37 349 889 74 182 -1 -1 -1 -1 
315 37 352 890 75 182 -1 -1 -1 -1 
316 37 358 892 73 178 -1 -1 -1 -1 
317 37 362 893 72 176 -1 -1 -1 -1 
318 37 363 894 72 174 -1 -1 -1 -1 
319 37 366 895 71 173 -1 -1 -1 -1 
320 37 370 896 70 172 -1 -1 -1 -1 
321 37 372 899 70 170 -1 -1 -1 -1 
322 37 373 902 69 167 -1 -1 -1 -1 
323 37 374 906 67 165 -1 -1 -1 -1 
324 37 375 910 66 163 -1 -1 -1 -1 
325 37 378 914 65 159 -1 -1 -1 -1 
326 37 383 918 62 155 -1 -1 -1 -1 
327 37 388 921 58 150 -1 -1 -1 -1 
328 37 390 924 55 143 -1 -1 -1 -1 
174 38 246 91 69 175 -1 -1 -1 -1 
175 38 246 92 68 174 -1 -1 -1 -1 
176 38 245 91 69 175 -1 -1 -1 -1 
177 38 245 92 68 174 -1 -1 -1 -1 
178 38 245 92 68 174 -1 -1 -1 -1 
179 38 245 92 68 174 -1 -1 -1 -1 
180 38 244 91 72 180 -1 -1 -1 -1 
181 38 244 91 73 182 -1 -1 -1 -1 
182 38 243 93 71 175 -1 -1 -1 -1 
183 38 242 93 71 175 -1 -1 -1 -1 
184 38 242 93 71 174 -1 -1 -1 -1 
185 38 242 93 70 173 -1 -1 -1 -1 
186 38 243 93 68 171 -1 -1 -1 -1 
187 38 243 94 68 170 -1 -1 -1 -1 
188 38 243 94 70 174 -1 -1 -1 -1 
189 38 243 95 71 174 -1 -1 -1 -1 
190 38 244 95 71 175 -1 -1 -1 -1 
191 38 245 94 71 175 -1 -1 -1 -1 
192 38 246 95 70 173 -1 -1 -1 -1 
193 38 246 95 70 174 -1 -1 -1 -1 
194 38 247 94 70 174 -1 -1 -1 -1 
195 38 247 94 70 175 -1 -1 -1 -1 
196 38 247 93 70 176 -1 -1 -1 -1 
197 38 247 94 70 176 -1 -1 -1 -1 
198 38 247 94 70 177 -1 -1 -1 -1 
199 38 248 96 68 173 -1 -1 -1 -1 
200 38 248 96 69 172 -1 -1 -1 -1 
201 38 249 97 68 172 -1 -1 -1 -1 
202 38 249 98 68 171 -1 -1 -1 -1 
203 38 250 97 65 166 -1 -1 -1 -1 
204 38 250 98 65 166 -1 -1 -1 -1 
205 38 250 98 68 169 -1 -1 -1 -1 
206 38 251 98 67 169 -1 -1 -1 -1 
207 38 252 98 66 165 -1 -1 -1 -1 
208 38 253 98 64 161 -1 -1 -1 -1 
209 38 251 98 65 162 -1 -1 -1 -1 
210 38 251 98 65 162 -1 -1 -1 -1 
211 38 249 97 68 169 -1 -1 -1 -1 
176 39 1248 153 64 162 -1 -1 -1 -1 
177 39 1248 152 65 165 -1 -1 -1 -1 
178 39 1247 152 65 163 -1 -1 -1 -1 
179 39 1247 152 66 164 -1 -1 -1 -1 
180 39 1246 151 66 165 -1 -1 -1 -1 
181 39 1244 152 66 166 -1 -1 -1 -1 
182 39 1243 152 65 163 -1 -1 -1 -1 
183 39 1242 152 65 163 -1 -1 -1 -1 
184 39 1239 150 66 165 -1 -1 -1 -1 
185 39 1238 151 66 165 -1 -1 -1 -1 
186 39 1236 151 66 165 -1 -1 -1 -1 
187 39 1235 151 67 165 -1 -1 -1 -1 
188 39 1235 150 65 162 -1 -1 -1 -1 
189 39 1232 150 63 154 -1 -1 -1 -1 
190 39 1231 150 60 148 -1 -1 -1 -1 
191 39 1230 151 59 145 -1 -1 -1 -1 
192 39 1228 149 61 146 -1 -1 -1 -1 
193 39 1226 147 62 149 -1 -1 -1 -1 
194 39 1224 145 62 154 -1 -1 -1 -1 
195 39 1221 144 63 155 -1 -1 -1 -1 
196 39 1220 144 63 154 -1 -1 -1 -1 
197 39 1219 145 62 153 -1 -1 -1 -1 
198 39 1218 145 62 153 -1 -1 -1 -1 
199 39 1217 146 62 154 -1 -1 -1 -1 
200 39 1214 144 62 157 -1 -1 -1 -1 
201 39 1213 144 62 156 -1 -1 -1 -1 
202 39 1212 144 62 155 -1 -1 -1 -1 
203 39 1212 145 60 153 -1 -1 -1 -1 
204 39 1210 142 61 155 -1 -1 -1 -1 
205 39 1209 142 62 155 -1 -1 -1 -1 
206 39 1208 142 61 154 -1 -1 -1 -1 
207 39 1205 140 60 153 -1 -1 -1 -1 
208 39 1203 139 59 151 -1 -1 -1 -1 
209 39 1200 137 61 154 -1 -1 -1 -1 
210 39 1198 135 62 155 -1 -1 -1 -1 
211 39 1196 135 62 155 -1 -1 -1 -1 
212 39 1196 134 62 156 -1 -1 -1 -1 
213 39 1194 134 63 157 -1 -1 -1 -1 
214 39 1193 133 63 157 -1 -1 -1 -1 
215 39 1192 133 64 157 -1 -1 -1 -1 
216 39 1192 132 63 157 -1 -1 -1 -1 
217 39 1191 132 64 157 -1 -1 -1 -1 
218 39 1190 132 64 157 -1 -1 -1 -1 
219 39 1189 132 64 157 -1 -1 -1 -1 
220 39 1188 131 63 157 -1 -1 -1 -1 
221 39 1187 130 62 157 -1 -1 -1 -1 
222 39 1186 129 62 157 -1 -1 -1 -1 
223 39 1185 129 62 156 -1 -1 -1 -1 
224 39 1183 128 62 155 -1 -1 -1 -1 
225 39 1182 127 62 155 -1 -1 -1 -1 
226 39 1181 126 62 153 -1 -1 -1 -1 
227 39 1181 126 61 152 -1 -1 -1 -1 
228 39 1180 125 61 152 -1 -1 -1 -1 
229 39 1178 124 61 152 -1 -1 -1 -1 
230 39 1178 123 60 151 -1 -1 -1 -1 
231 39 1177 122 60 152 -1 -1 -1 -1 
232 39 1175 121 60 151 -1 -1 -1 -1 
233 39 1173 121 61 153 -1 -1 -1 -1 
234 39 1171 121 61 152 -1 -1 -1 -1 
235 39 1170 121 61 152 -1 -1 -1 -1 
236 39 1168 121 61 152 -1 -1 -1 -1 
237 39 1166 120 62 153 -1 -1 -1 -1 
238 39 1165 119 63 154 -1 -1 -1 -1 
239 39 1164 119 62 154 -1 -1 -1 -1 
240 39 1161 118 62 153 -1 -1 -1 -1 
241 39 1159 117 62 153 -1 -1 -1 -1 
242 39 1157 116 62 153 -1 -1 -1 -1 
243 39 1156 115 61 152 -1 -1 -1 -1 
244 39 1155 116 60 149 -1 -1 -1 -1 
245 39 1153 115 61 150 -1 -1 -1 -1 
246 39 1151 114 61 151 -1 -1 -1 -1 
247 39 1149 114 61 150 -1 -1 -1 -1 
248 39 1146 113 62 152 -1 -1 -1 -1 
249 39 1145 112 61 152 -1 -1 -1 -1 
250 39 1144 112 61 152 -1 -1 -1 -1 
251 39 1143 112 61 151 -1 -1 -1 -1 
252 39 1142 111 61 152 -1 -1 -1 -1 
253 39 1141 110 61 153 -1 -1 -1 -1 
254 39 1140 110 62 153 -1 -1 -1 -1 
255 39 1140 110 61 151 -1 -1 -1 -1 
256 39 1139 108 61 152 -1 -1 -1 -1 
257 39 1137 106 62 154 -1 -1 -1 -1 
258 39 1136 106 61 152 -1 -1 -1 -1 
259 39 1134 106 62 153 -1 -1 -1 -1 
260 39 1132 105 62 156 -1 -1 -1 -1 
261 39 1131 104 61 153 -1 -1 -1 -1 
262 39 1129 102 62 157 -1 -1 -1 -1 
263 39 1128 102 61 154 -1 -1 -1 -1 
264 39 1126 102 61 155 -1 -1 -1 -1 
265 39 1125 102 60 152 -1 -1 -1 -1 
266 39 1123 101 60 152 -1 -1 -1 -1 
267 39 1121 101 60 152 -1 -1 -1 -1 
268 39 1118 101 61 151 -1 -1 -1 -1 
269 39 1117 101 59 150 -1 -1 -1 -1 
270 39 1116 101 59 149 -1 -1 -1 -1 
271 39 1115 101 59 148 -1 -1 -1 -1 
272 39 1113 100 59 148 -1 -1 -1 -1 
273 39 1111 99 60 148 -1 -1 -1 -1 
274 39 1109 98 60 148 -1 -1 -1 -1 
275 39 1108 97 60 149 -1 -1 -1 -1 
276 39 1107 98 60 147 -1 -1 -1 -1 
277 39 1106 98 59 147 -1 -1 -1 -1 
278 39 1103 98 59 147 -1 -1 -1 -1 
279 39 1101 98 60 146 -1 -1 -1 -1 
280 39 1101 98 58 146 -1 -1 -1 -1 
281 39 1099 98 58 146 -1 -1 -1 -1 
282 39 1097 97 59 148 -1 -1 -1 -1 
283 39 1095 98 59 147 -1 -1 -1 -1 
284 39 1093 98 60 147 -1 -1 -1 -1 
285 39 1091 98 61 146 -1 -1 -1 -1 
286 39 1090 97 60 148 -1 -1 -1 -1 
287 39 1089 96 59 148 -1 -1 -1 -1 
288 39 1087 96 59 147 -1 -1 -1 -1 
289 39 1086 96 59 147 -1 -1 -1 -1 
290 39 1085 95 59 148 -1 -1 -1 -1 
291 39 1084 94 59 148 -1 -1 -1 -1 
292 39 1084 93 59 147 -1 -1 -1 -1 
293 39 1083 93 59 147 -1 -1 -1 -1 
294 39 1083 93 57 145 -1 -1 -1 -1 
295 39 1082 92 57 146 -1 -1 -1 -1 
296 39 1078 90 59 147 -1 -1 -1 -1 
297 39 1076 87 59 150 -1 -1 -1 -1 
298 39 1074 87 59 148 -1 -1 -1 -1 
299 39 1073 86 59 149 -1 -1 -1 -1 
300 39 1071 86 60 149 -1 -1 -1 -1 
301 39 1070 85 60 150 -1 -1 -1 -1 
302 39 1068 85 61 152 -1 -1 -1 -1 
303 39 1067 85 61 152 -1 -1 -1 -1 
304 39 1066 85 59 150 -1 -1 -1 -1 
305 39 1065 84 58 147 -1 -1 -1 -1 
306 39 1062 84 58 146 -1 -1 -1 -1 
307 39 1061 83 57 148 -1 -1 -1 -1 
308 39 1060 83 56 147 -1 -1 -1 -1 
309 39 1058 83 58 147 -1 -1 -1 -1 
310 39 1057 84 59 146 -1 -1 -1 -1 
311 39 1057 84 58 145 -1 -1 -1 -1 
312 39 1057 84 58 145 -1 -1 -1 -1 
313 39 1056 85 58 145 -1 -1 -1 -1 
314 39 1054 85 59 145 -1 -1 -1 -1 
315 39 1053 84 59 146 -1 -1 -1 -1 
316 39 1051 83 59 148 -1 -1 -1 -1 
317 39 1048 83 60 150 -1 -1 -1 -1 
318 39 1047 82 60 151 -1 -1 -1 -1 
319 39 1045 82 61 151 -1 -1 -1 -1 
320 39 1044 81 60 150 -1 -1 -1 -1 
321 39 1043 81 59 148 -1 -1 -1 -1 
322 39 1042 81 59 145 -1 -1 -1 -1 
323 39 1042 80 57 144 -1 -1 -1 -1 
324 39 1039 79 59 144 -1 -1 -1 -1 
325 39 1037 78 60 146 -1 -1 -1 -1 
326 39 1036 78 60 148 -1 -1 -1 -1 
327 39 1035 77 61 149 -1 -1 -1 -1 
328 39 1035 77 60 149 -1 -1 -1 -1 
329 39 1034 76 61 151 -1 -1 -1 -1 
330 39 1033 76 60 150 -1 -1 -1 -1 
331 39 1032 75 60 150 -1 -1 -1 -1 
332 39 1032 75 60 150 -1 -1 -1 -1 
333 39 1032 75 60 150 -1 -1 -1 -1 
334 39 1033 75 59 149 -1 -1 -1 -1 
335 39 1033 75 59 150 -1 -1 -1 -1 
336 39 1033 75 60 150 -1 -1 -1 -1 
337 39 1033 74 60 151 -1 -1 -1 -1 
338 39 1033 73 60 152 -1 -1 -1 -1 
339 39 1033 72 60 153 -1 -1 -1 -1 
340 39 1032 71 62 155 -1 -1 -1 -1 
341 39 1032 70 62 157 -1 -1 -1 -1 
342 39 1031 70 63 158 -1 -1 -1 -1 
343 39 1030 69 63 161 -1 -1 -1 -1 
344 39 1029 69 63 161 -1 -1 -1 -1 
345 39 1029 69 63 160 -1 -1 -1 -1 
346 39 1029 68 62 159 -1 -1 -1 -1 
347 39 1028 68 62 156 -1 -1 -1 -1 
348 39 1028 67 61 152 -1 -1 -1 -1 
349 39 1028 66 60 150 -1 -1 -1 -1 
350 39 1028 66 60 149 -1 -1 -1 -1 
351 39 1026 65 60 149 -1 -1 -1 -1 
352 39 1026 65 60 147 -1 -1 -1 -1 
353 39 1026 64 60 148 -1 -1 -1 -1 
354 39 1025 64 60 150 -1 -1 -1 -1 
355 39 1024 65 60 151 -1 -1 -1 -1 
356 39 1025 64 60 151 -1 -1 -1 -1 
357 39 1024 64 61 152 -1 -1 -1 -1 
358 39 1023 64 61 152 -1 -1 -1 -1 
359 39 1022 64 61 152 -1 -1 -1 -1 
360 39 1022 63 60 151 -1 -1 -1 -1 
361 39 1021 63 61 151 -1 -1 -1 -1 
362 39 1021 62 60 151 -1 -1 -1 -1 
363 39 1020 61 61 151 -1 -1 -1 -1 
364 39 1019 61 61 152 -1 -1 -1 -1 
365 39 1018 60 60 152 -1 -1 -1 -1 
366 39 1018 60 59 149 -1 -1 -1 -1 
367 39 1018 60 58 148 -1 -1 -1 -1 
368 39 1018 60 57 146 -1 -1 -1 -1 
369 39 1017 59 58 145 -1 -1 -1 -1 
370 39 1016 59 58 146 -1 -1 -1 -1 
371 39 1015 58 58 147 -1 -1 -1 -1 
372 39 1013 58 61 150 -1 -1 -1 -1 
373 39 1012 57 61 152 -1 -1 -1 -1 
374 39 1012 57 61 151 -1 -1 -1 -1 
375 39 1012 56 60 151 -1 -1 -1 -1 
376 39 1012 56 60 151 -1 -1 -1 -1 
377 39 1012 56 59 150 -1 -1 -1 -1 
378 39 1012 56 59 149 -1 -1 -1 -1 
379 39 1011 55 60 151 -1 -1 -1 -1 
380 39 1011 54 60 152 -1 -1 -1 -1 
381 39 1010 53 60 152 -1 -1 -1 -1 
382 39 1009 52 61 155 -1 -1 -1 -1 
383 39 1009 50 62 158 -1 -1 -1 -1 
384 39 1008 49 62 158 -1 -1 -1 -1 
385 39 1007 49 62 158 -1 -1 -1 -1 
386 39 1006 49 63 157 -1 -1 -1 -1 
387 39 1006 48 63 158 -1 -1 -1 -1 
388 39 1007 48 61 154 -1 -1 -1 -1 
389 39 1006 48 61 153 -1 -1 -1 -1 
390 39 1005 47 62 155 -1 -1 -1 -1 
391 39 1006 47 60 150 -1 -1 -1 -1 
392 39 1007 46 58 147 -1 -1 -1 -1 
393 39 1007 46 58 147 -1 -1 -1 -1 
394 39 1006 45 59 148 -1 -1 -1 -1 
395 39 1006 45 59 148 -1 -1 -1 -1 
396 39 1005 44 59 147 -1 -1 -1 -1 
397 39 1005 44 59 147 -1 -1 -1 -1 
398 39 1004 44 60 148 -1 -1 -1 -1 
399 39 1004 44 59 148 -1 -1 -1 -1 
400 39 1003 43 60 148 -1 -1 -1 -1 
401 39 1003 42 59 147 -1 -1 -1 -1 
402 39 1002 40 59 148 -1 -1 -1 -1 
403 39 1002 39 59 148 -1 -1 -1 -1 
404 39 1001 38 60 147 -1 -1 -1 -1 
405 39 1001 37 59 146 -1 -1 -1 -1 
406 39 1001 37 59 145 -1 -1 -1 -1 
407 39 1001 36 58 146 -1 -1 -1 -1 
408 39 1001 36 58 145 -1 -1 -1 -1 
409 39 1000 36 59 146 -1 -1 -1 -1 
410 39 1000 36 59 146 -1 -1 -1 -1 
411 39 1000 35 59 147 -1 -1 -1 -1 
412 39 999 35 60 148 -1 -1 -1 -1 
413 39 999 35 60 148 -1 -1 -1 -1 
414 39 999 35 60 148 -1 -1 -1 -1 
415 39 1000 34 60 149 -1 -1 -1 -1 
416 39 1000 34 60 150 -1 -1 -1 -1 
417 39 1000 34 60 150 -1 -1 -1 -1 
418 39 1000 33 61 151 -1 -1 -1 -1 
419 39 1000 33 61 150 -1 -1 -1 -1 
420 39 1000 31 61 152 -1 -1 -1 -1 
421 39 1001 31 61 149 -1 -1 -1 -1 
422 39 1002 30 61 149 -1 -1 -1 -1 
423 39 1002 29 61 148 -1 -1 -1 -1 
424 39 1002 28 61 149 -1 -1 -1 -1 
425 39 1002 27 60 149 -1 -1 -1 -1 
426 39 1003 27 60 147 -1 -1 -1 -1 
427 39 1003 26 60 148 -1 -1 -1 -1 
428 39 1002 26 61 150 -1 -1 -1 -1 
429 39 1002 26 61 151 -1 -1 -1 -1 
430 39 1002 25 61 151 -1 -1 -1 -1 
431 39 1003 25 60 150 -1 -1 -1 -1 
432 39 1003 25 60 148 -1 -1 -1 -1 
433 39 1003 24 60 149 -1 -1 -1 -1 
434 39 1003 24 60 148 -1 -1 -1 -1 
435 39 1003 23 60 149 -1 -1 -1 -1 
436 39 1003 23 59 148 -1 -1 -1 -1 
437 39 1003 22 59 148 -1 -1 -1 -1 
438 39 1003 21 58 146 -1 -1 -1 -1 
439 39 1003 20 58 145 -1 -1 -1 -1 
440 39 1003 19 57 142 -1 -1 -1 -1 
441 39 1003 17 57 142 -1 -1 -1 -1 
442 39 1003 16 57 143 -1 -1 -1 -1 
443 39 1002 15 59 144 -1 -1 -1 -1 
444 39 1002 14 59 145 -1 -1 -1 -1 
445 39 1002 13 59 146 -1 -1 -1 -1 
446 39 1002 12 59 146 -1 -1 -1 -1 
447 39 1003 12 58 146 -1 -1 -1 -1 
448 39 1002 12 59 147 -1 -1 -1 -1 
449 39 1001 12 60 147 -1 -1 -1 -1 
450 39 1001 12 60 148 -1 -1 -1 -1 
451 39 1001 12 60 149 -1 -1 -1 -1 
452 39 1001 12 60 148 -1 -1 -1 -1 
453 39 1002 11 59 148 -1 -1 -1 -1 
454 39 1002 11 59 148 -1 -1 -1 -1 
455 39 1003 11 59 147 -1 -1 -1 -1 
456 39 1003 10 59 146 -1 -1 -1 -1 
457 39 1003 10 59 144 -1 -1 -1 -1 
458 39 1003 9 58 143 -1 -1 -1 -1 
459 39 1003 8 58 142 -1 -1 -1 -1 
460 39 1003 7 58 142 -1 -1 -1 -1 
461 39 1003 6 58 143 -1 -1 -1 -1 
462 39 1003 5 57 143 -1 -1 -1 -1 
463 39 1003 4 57 143 -1 -1 -1 -1 
464 39 1003 4 57 143 -1 -1 -1 -1 
465 39 1003 4 57 142 -1 -1 -1 -1 
466 39 1003 4 57 141 -1 -1 -1 -1 
467 39 1003 4 57 140 -1 -1 -1 -1 
468 39 1004 3 55 140 -1 -1 -1 -1 
469 39 1004 3 55 140 -1 -1 -1 -1 
470 39 1003 2 56 141 -1 -1 -1 -1 
471 39 1003 2 56 141 -1 -1 -1 -1 
472 39 1002 1 57 142 -1 -1 -1 -1 
473 39 1001 0 57 143 -1 -1 -1 -1 
474 39 999 0 57 142 -1 -1 -1 -1 
475 39 999 0 56 140 -1 -1 -1 -1 
476 39 999 0 56 138 -1 -1 -1 -1 
477 39 999 0 55 137 -1 -1 -1 -1 
478 39 999 0 54 134 -1 -1 -1 -1 
479 39 999 0 54 132 -1 -1 -1 -1 
480 39 998 0 53 132 -1 -1 -1 -1 
481 39 998 0 53 131 -1 -1 -1 -1 
482 39 998 0 53 132 -1 -1 -1 -1 
483 39 997 0 54 132 -1 -1 -1 -1 
484 39 997 0 54 133 -1 -1 -1 -1 
485 39 996 0 55 134 -1 -1 -1 -1 
486 39 995 0 56 134 -1 -1 -1 -1 
487 39 995 0 56 133 -1 -1 -1 -1 
488 39 995 0 56 132 -1 -1 -1 -1 
489 39 996 0 55 131 -1 -1 -1 -1 
490 39 996 0 55 131 -1 -1 -1 -1 
491 39 997 0 54 130 -1 -1 -1 -1 
492 39 997 0 54 129 -1 -1 -1 -1 
493 39 997 0 54 127 -1 -1 -1 -1 
494 39 997 0 53 126 -1 -1 -1 -1 
495 39 997 0 53 125 -1 -1 -1 -1 
496 39 997 0 53 124 -1 -1 -1 -1 
497 39 997 0 52 124 -1 -1 -1 -1 
498 39 997 0 52 123 -1 -1 -1 -1 
499 39 998 0 51 124 -1 -1 -1 -1 
500 39 998 0 51 122 -1 -1 -1 -1 
501 39 998 0 52 122 -1 -1 -1 -1 
502 39 999 0 51 120 -1 -1 -1 -1 
503 39 1000 0 50 119 -1 -1 -1 -1 
504 39 1000 0 50 119 -1 -1 -1 -1 
505 39 999 0 51 119 -1 -1 -1 -1 
506 39 998 0 51 119 -1 -1 -1 -1 
507 39 997 0 52 119 -1 -1 -1 -1 
508 39 996 0 52 118 -1 -1 -1 -1 
509 39 996 0 52 118 -1 -1 -1 -1 
510 39 996 0 51 115 -1 -1 -1 -1 
511 39 996 0 50 112 -1 -1 -1 -1 
512 39 996 0 50 111 -1 -1 -1 -1 
513 39 996 0 50 110 -1 -1 -1 -1 
514 39 995 0 51 111 -1 -1 -1 -1 
515 39 995 0 51 110 -1 -1 -1 -1 
203 40 0 605 51 211 -1 -1 -1 -1 
204 40 0 604 56 214 -1 -1 -1 -1 
205 40 0 603 62 217 -1 -1 -1 -1 
206 40 0 605 71 216 -1 -1 -1 -1 
207 40 0 610 76 212 -1 -1 -1 -1 
208 40 0 612 80 211 -1 -1 -1 -1 
209 40 2 614 84 213 -1 -1 -1 -1 
210 40 6 615 85 212 -1 -1 -1 -1 
211 40 9 613 88 215 -1 -1 -1 -1 
212 40 14 612 89 217 -1 -1 -1 -1 
213 40 21 613 88 215 -1 -1 -1 -1 
214 40 28 614 86 213 -1 -1 -1 -1 
215 40 34 616 86 210 -1 -1 -1 -1 
216 40 39 617 87 214 -1 -1 -1 -1 
217 40 43 620 88 215 -1 -1 -1 -1 
218 40 47 624 86 210 -1 -1 -1 -1 
219 40 53 625 85 209 -1 -1 -1 -1 
220 40 56 629 84 206 -1 -1 -1 -1 
221 40 62 634 83 200 -1 -1 -1 -1 
222 40 66 637 81 196 -1 -1 -1 -1 
223 40 70 638 80 197 -1 -1 -1 -1 
224 40 75 639 80 199 -1 -1 -1 -1 
225 40 78 641 81 199 -1 -1 -1 -1 
226 40 82 642 82 203 -1 -1 -1 -1 
227 40 89 645 82 203 -1 -1 -1 -1 
228 40 94 644 83 207 -1 -1 -1 -1 
229 40 99 644 83 208 -1 -1 -1 -1 
230 40 103 646 83 205 -1 -1 -1 -1 
231 40 106 647 83 205 -1 -1 -1 -1 
232 40 110 646 84 208 -1 -1 -1 -1 
233 40 114 646 85 210 -1 -1 -1 -1 
234 40 117 649 84 208 -1 -1 -1 -1 
235 40 120 651 83 205 -1 -1 -1 -1 
236 40 123 651 82 206 -1 -1 -1 -1 
237 40 128 652 83 207 -1 -1 -1 -1 
238 40 134 654 83 208 -1 -1 -1 -1 
239 40 139 657 83 206 -1 -1 -1 -1 
240 40 145 658 81 203 -1 -1 -1 -1 
241 40 149 657 82 203 -1 -1 -1 -1 
242 40 152 654 83 207 -1 -1 -1 -1 
243 40 157 657 85 212 -1 -1 -1 -1 
244 40 160 658 86 216 -1 -1 -1 -1 
245 40 164 659 87 216 -1 -1 -1 -1 
246 40 169 662 86 217 -1 -1 -1 -1 
247 40 172 662 89 225 -1 -1 -1 -1 
248 40 174 663 90 224 -1 -1 -1 -1 
249 40 178 667 88 220 -1 -1 -1 -1 
250 40 181 671 87 216 -1 -1 -1 -1 
251 40 185 676 82 212 -1 -1 -1 -1 
252 40 188 679 82 207 -1 -1 -1 -1 
253 40 191 681 85 210 -1 -1 -1 -1 
254 40 195 684 86 215 -1 -1 -1 -1 
255 40 197 684 88 219 -1 -1 -1 -1 
256 40 202 687 90 222 -1 -1 -1 -1 
257 40 206 687 91 225 -1 -1 -1 -1 
258 40 207 687 90 224 -1 -1 -1 -1 
259 40 211 688 89 224 -1 -1 -1 -1 
260 40 214 687 89 224 -1 -1 -1 -1 
261 40 219 687 87 224 -1 -1 -1 -1 
262 40 224 688 86 221 -1 -1 -1 -1 
263 40 228 691 85 218 -1 -1 -1 -1 
264 40 227 694 89 221 -1 -1 -1 -1 
265 40 231 695 89 224 -1 -1 -1 -1 
266 40 235 697 89 224 -1 -1 -1 -1 
267 40 238 703 91 221 -1 -1 -1 -1 
268 40 243 706 88 215 -1 -1 -1 -1 
269 40 251 709 88 216 -1 -1 -1 -1 
270 40 259 710 87 215 -1 -1 -1 -1 
271 40 267 711 83 205 -1 -1 -1 -1 
272 40 272 711 82 202 -1 -1 -1 -1 
273 40 277 712 79 195 -1 -1 -1 -1 
274 40 279 711 80 195 -1 -1 -1 -1 
275 40 281 712 79 195 -1 -1 -1 -1 
276 40 283 715 78 195 -1 -1 -1 -1 
277 40 284 717 78 197 -1 -1 -1 -1 
278 40 286 721 80 198 -1 -1 -1 -1 
279 40 290 727 79 196 -1 -1 -1 -1 
280 40 292 732 80 194 -1 -1 -1 -1 
281 40 295 733 81 197 -1 -1 -1 -1 
282 40 300 736 80 193 -1 -1 -1 -1 
283 40 303 738 79 190 -1 -1 -1 -1 
284 40 302 739 83 204 -1 -1 -1 -1 
285 40 303 742 84 214 -1 -1 -1 -1 
286 40 304 743 87 222 -1 -1 -1 -1 
287 40 307 745 86 227 -1 -1 -1 -1 
288 40 308 744 89 233 -1 -1 -1 -1 
289 40 309 744 90 235 -1 -1 -1 -1 
290 40 313 747 91 235 -1 -1 -1 -1 
291 40 315 749 94 240 -1 -1 -1 -1 
292 40 317 751 97 242 -1 -1 -1 -1 
293 40 321 755 96 239 -1 -1 -1 -1 
294 40 324 756 96 242 -1 -1 -1 -1 
295 40 326 758 96 244 -1 -1 -1 -1 
296 40 327 763 96 244 -1 -1 -1 -1 
297 40 328 767 97 244 -1 -1 -1 -1 
298 40 332 770 96 241 -1 -1 -1 -1 
299 40 336 771 95 241 -1 -1 -1 -1 
300 40 339 773 95 240 -1 -1 -1 -1 
301 40 342 774 95 240 -1 -1 -1 -1 
302 40 344 775 96 240 -1 -1 -1 -1 
303 40 345 776 97 243 -1 -1 -1 -1 
304 40 346 778 98 242 -1 -1 -1 -1 
305 40 348 780 97 241 -1 -1 -1 -1 
306 40 350 782 97 240 -1 -1 -1 -1 
307 40 352 785 97 238 -1 -1 -1 -1 
308 40 353 788 98 241 -1 -1 -1 -1 
309 40 355 792 97 241 -1 -1 -1 -1 
310 40 357 796 95 243 -1 -1 -1 -1 
311 40 358 801 95 245 -1 -1 -1 -1 
312 40 358 804 98 247 -1 -1 -1 -1 
313 40 360 806 98 246 -1 -1 -1 -1 
314 40 364 808 95 237 -1 -1 -1 -1 
315 40 369 810 91 230 -1 -1 -1 -1 
316 40 377 813 83 210 -1 -1 -1 -1 
317 40 380 814 82 203 -1 -1 -1 -1 
318 40 380 815 85 209 -1 -1 -1 -1 
319 40 378 814 91 223 -1 -1 -1 -1 
320 40 378 815 97 236 -1 -1 -1 -1 
321 40 380 817 99 241 -1 -1 -1 -1 
322 40 383 818 101 247 -1 -1 -1 -1 
323 40 387 822 99 244 -1 -1 -1 -1 
324 40 391 827 97 240 -1 -1 -1 -1 
325 40 395 831 93 234 -1 -1 -1 -1 
326 40 399 835 90 228 -1 -1 -1 -1 
327 40 402 838 89 225 -1 -1 -1 -1 
328 40 407 841 86 218 -1 -1 -1 -1 
329 40 411 843 86 215 -1 -1 -1 -1 
330 40 415 846 85 213 -1 -1 -1 -1 
331 40 418 848 85 213 -1 -1 -1 -1 
332 40 420 850 86 213 -1 -1 -1 -1 
333 40 422 851 87 216 -1 -1 -1 -1 
334 40 425 854 87 214 -1 -1 -1 -1 
335 40 428 855 85 213 -1 -1 -1 -1 
336 40 430 857 87 211 -1 -1 -1 -1 
337 40 432 861 86 207 -1 -1 -1 -1 
338 40 436 865 85 203 -1 -1 -1 -1 
339 40 441 869 83 200 -1 -1 -1 -1 
340 40 444 875 82 195 -1 -1 -1 -1 
341 40 449 878 81 191 -1 -1 -1 -1 
342 40 452 881 80 187 -1 -1 -1 -1 
343 40 454 883 79 185 -1 -1 -1 -1 
344 40 456 885 77 182 -1 -1 -1 -1 
345 40 461 888 73 177 -1 -1 -1 -1 
346 40 464 889 73 178 -1 -1 -1 -1 
347 40 466 890 74 177 -1 -1 -1 -1 
348 40 469 891 74 177 -1 -1 -1 -1 
349 40 473 892 73 176 -1 -1 -1 -1 
350 40 476 894 73 175 -1 -1 -1 -1 
351 40 479 898 71 170 -1 -1 -1 -1 
352 40 482 902 70 168 -1 -1 -1 -1 
353 40 485 902 68 168 -1 -1 -1 -1 
354 40 488 908 66 163 -1 -1 -1 -1 
355 40 491 912 65 158 -1 -1 -1 -1 
356 40 492 916 65 154 -1 -1 -1 -1 
357 40 493 921 64 149 -1 -1 -1 -1 
358 40 496 924 64 147 -1 -1 -1 -1 
359 40 500 926 63 147 -1 -1 -1 -1 
360 40 504 927 62 148 -1 -1 -1 -1 
361 40 507 928 62 148 -1 -1 -1 -1 
362 40 511 929 62 148 -1 -1 -1 -1 
363 40 513 931 63 146 -1 -1 -1 -1 
364 40 516 932 62 145 -1 -1 -1 -1 
365 40 518 934 62 142 -1 -1 -1 -1 
232 41 1577 0 55 137 -1 -1 -1 -1 
233 41 1578 0 55 137 -1 -1 -1 -1 
234 41 1579 0 55 138 -1 -1 -1 -1 
235 41 1580 0 55 139 -1 -1 -1 -1 
236 41 1581 0 56 140 -1 -1 -1 -1 
237 41 1582 0 56 141 -1 -1 -1 -1 
238 41 1584 0 56 140 -1 -1 -1 -1 
239 41 1587 0 55 139 -1 -1 -1 -1 
240 41 1589 0 54 138 -1 -1 -1 -1 
241 41 1590 0 56 138 -1 -1 -1 -1 
242 41 1593 1 53 136 -1 -1 -1 -1 
243 41 1595 2 53 136 -1 -1 -1 -1 
244 41 1596 3 54 135 -1 -1 -1 -1 
245 41 1598 4 54 134 -1 -1 -1 -1 
246 41 1602 6 53 132 -1 -1 -1 -1 
247 41 1605 8 53 132 -1 -1 -1 -1 
248 41 1608 8 51 132 -1 -1 -1 -1 
249 41 1611 9 51 132 -1 -1 -1 -1 
250 41 1613 10 51 132 -1 -1 -1 -1 
251 41 1615 10 52 132 -1 -1 -1 -1 
252 41 1616 9 53 134 -1 -1 -1 -1 
253 41 1618 9 53 135 -1 -1 -1 -1 
254 41 1619 8 54 136 -1 -1 -1 -1 
255 41 1620 9 55 137 -1 -1 -1 -1 
256 41 1621 10 55 136 -1 -1 -1 -1 
257 41 1622 10 56 138 -1 -1 -1 -1 
258 41 1623 11 56 139 -1 -1 -1 -1 
259 41 1624 12 57 138 -1 -1 -1 -1 
260 41 1625 12 56 139 -1 -1 -1 -1 
261 41 1626 13 56 138 -1 -1 -1 -1 
262 41 1627 14 56 139 -1 -1 -1 -1 
263 41 1627 15 57 140 -1 -1 -1 -1 
264 41 1629 15 57 142 -1 -1 -1 -1 
265 41 1630 15 57 143 -1 -1 -1 -1 
266 41 1631 15 57 143 -1 -1 -1 -1 
267 41 1632 15 57 144 -1 -1 -1 -1 
268 41 1632 14 58 145 -1 -1 -1 -1 
269 41 1633 15 59 145 -1 -1 -1 -1 
270 41 1635 15 58 143 -1 -1 -1 -1 
271 41 1637 16 57 141 -1 -1 -1 -1 
272 41 1640 18 55 139 -1 -1 -1 -1 
273 41 1641 18 55 139 -1 -1 -1 -1 
274 41 1643 18 56 142 -1 -1 -1 -1 
275 41 1644 18 58 144 -1 -1 -1 -1 
276 41 1646 19 58 144 -1 -1 -1 -1 
277 41 1647 18 58 145 -1 -1 -1 -1 
278 41 1648 15 59 148 -1 -1 -1 -1 
279 41 1649 13 60 150 -1 -1 -1 -1 
280 41 1651 20 57 144 -1 -1 -1 -1 
281 41 1652 23 57 142 -1 -1 -1 -1 
282 41 1653 21 59 147 -1 -1 -1 -1 
283 41 1654 22 59 146 -1 -1 -1 -1 
284 41 1656 24 58 144 -1 -1 -1 -1 
285 41 1659 27 55 142 -1 -1 -1 -1 
286 41 1661 27 56 141 -1 -1 -1 -1 
287 41 1663 27 56 142 -1 -1 -1 -1 
288 41 1664 27 57 143 -1 -1 -1 -1 
289 41 1665 28 57 145 -1 -1 -1 -1 
290 41 1665 29 58 146 -1 -1 -1 -1 
291 41 1666 30 59 147 -1 -1 -1 -1 
292 41 1667 33 59 147 -1 -1 -1 -1 
293 41 1668 34 59 147 -1 -1 -1 -1 
294 41 1670 34 58 146 -1 -1 -1 -1 
295 41 1672 35 58 146 -1 -1 -1 -1 
296 41 1673 37 57 145 -1 -1 -1 -1 
297 41 1674 38 58 145 -1 -1 -1 -1 
298 41 1675 39 58 144 -1 -1 -1 -1 
299 41 1675 39 60 145 -1 -1 -1 -1 
300 41 1676 40 59 144 -1 -1 -1 -1 
301 41 1676 39 60 146 -1 -1 -1 -1 
302 41 1676 36 60 149 -1 -1 -1 -1 
303 41 1677 36 60 148 -1 -1 -1 -1 
304 41 1679 36 59 148 -1 -1 -1 -1 
305 41 1681 36 59 148 -1 -1 -1 -1 
306 41 1682 36 60 149 -1 -1 -1 -1 
307 41 1684 37 60 149 -1 -1 -1 -1 
308 41 1685 37 60 150 -1 -1 -1 -1 
309 41 1687 40 60 149 -1 -1 -1 -1 
310 41 1691 46 58 143 -1 -1 -1 -1 
311 41 1693 48 57 141 -1 -1 -1 -1 
312 41 1696 49 56 141 -1 -1 -1 -1 
313 41 1698 51 56 139 -1 -1 -1 -1 
314 41 1700 51 56 140 -1 -1 -1 -1 
315 41 1702 50 57 144 -1 -1 -1 -1 
316 41 1703 48 59 148 -1 -1 -1 -1 
317 41 1704 49 59 147 -1 -1 -1 -1 
318 41 1705 49 59 146 -1 -1 -1 -1 
319 41 1706 49 57 146 -1 -1 -1 -1 
320 41 1706 50 58 146 -1 -1 -1 -1 
321 41 1707 49 60 149 -1 -1 -1 -1 
322 41 1709 50 60 150 -1 -1 -1 -1 
323 41 1708 49 61 152 -1 -1 -1 -1 
324 41 1707 48 63 156 -1 -1 -1 -1 
325 41 1709 51 62 154 -1 -1 -1 -1 
326 41 1710 53 62 153 -1 -1 -1 -1 
327 41 1712 56 62 151 -1 -1 -1 -1 
328 41 1713 58 61 151 -1 -1 -1 -1 
329 41 1715 60 60 149 -1 -1 -1 -1 
330 41 1716 62 59 147 -1 -1 -1 -1 
331 41 1717 63 59 145 -1 -1 -1 -1 
332 41 1719 64 57 144 -1 -1 -1 -1 
333 41 1719 64 57 145 -1 -1 -1 -1 
334 41 1720 66 56 144 -1 -1 -1 -1 
335 41 1721 65 56 144 -1 -1 -1 -1 
336 41 1723 63 57 145 -1 -1 -1 -1 
337 41 1725 63 58 146 -1 -1 -1 -1 
338 41 1726 66 58 144 -1 -1 -1 -1 
339 41 1727 65 59 146 -1 -1 -1 -1 
340 41 1729 63 59 149 -1 -1 -1 -1 
341 41 1729 61 61 153 -1 -1 -1 -1 
342 41 1730 59 62 156 -1 -1 -1 -1 
343 41 1731 60 62 156 -1 -1 -1 -1 
344 41 1732 60 62 157 -1 -1 -1 -1 
345 41 1733 65 61 152 -1 -1 -1 -1 
346 41 1733 64 63 153 -1 -1 -1 -1 
347 41 1734 63 63 156 -1 -1 -1 -1 
348 41 1735 64 62 156 -1 -1 -1 -1 
349 41 1736 61 63 160 -1 -1 -1 -1 
350 41 1738 65 62 157 -1 -1 -1 -1 
351 41 1740 70 60 153 -1 -1 -1 -1 
352 41 1741 73 60 151 -1 -1 -1 -1 
353 41 1742 73 60 152 -1 -1 -1 -1 
354 41 1744 76 59 149 -1 -1 -1 -1 
355 41 1745 78 59 148 -1 -1 -1 -1 
356 41 1746 78 60 151 -1 -1 -1 -1 
357 41 1747 79 61 152 -1 -1 -1 -1 
358 41 1749 80 61 152 -1 -1 -1 -1 
359 41 1750 80 61 154 -1 -1 -1 -1 
360 41 1750 79 63 156 -1 -1 -1 -1 
361 41 1749 77 65 162 -1 -1 -1 -1 
362 41 1750 79 65 162 -1 -1 -1 -1 
363 41 1751 84 64 157 -1 -1 -1 -1 
364 41 1752 87 63 155 -1 -1 -1 -1 
365 41 1753 88 63 155 -1 -1 -1 -1 
366 41 1754 90 62 153 -1 -1 -1 -1 
367 41 1754 90 62 153 -1 -1 -1 -1 
368 41 1755 89 62 153 -1 -1 -1 -1 
369 41 1756 92 62 151 -1 -1 -1 -1 
370 41 1758 93 61 149 -1 -1 -1 -1 
371 41 1760 93 62 150 -1 -1 -1 -1 
372 41 1762 93 62 152 -1 -1 -1 -1 
373 41 1764 91 63 156 -1 -1 -1 -1 
374 41 1765 91 63 157 -1 -1 -1 -1 
375 41 1767 90 64 158 -1 -1 -1 -1 
376 41 1768 94 62 155 -1 -1 -1 -1 
377 41 1770 97 61 153 -1 -1 -1 -1 
378 41 1771 98 60 151 -1 -1 -1 -1 
379 41 1772 99 60 150 -1 -1 -1 -1 
380 41 1765 57 74 193 -1 -1 -1 -1 
381 41 1768 79 69 172 -1 -1 -1 -1 
382 41 1772 94 62 157 -1 -1 -1 -1 
383 41 1773 100 61 152 -1 -1 -1 -1 
384 41 1774 103 60 150 -1 -1 -1 -1 
385 41 1774 104 60 150 -1 -1 -1 -1 
386 41 1773 106 61 150 -1 -1 -1 -1 
387 41 1773 106 61 151 -1 -1 -1 -1 
388 41 1774 106 61 150 -1 -1 -1 -1 
389 41 1774 105 61 151 -1 -1 -1 -1 
390 41 1774 104 62 153 -1 -1 -1 -1 
391 41 1774 105 61 152 -1 -1 -1 -1 
392 41 1773 108 60 150 -1 -1 -1 -1 
393 41 1773 109 59 150 -1 -1 -1 -1 
394 41 1772 112 59 148 -1 -1 -1 -1 
395 41 1772 114 58 147 -1 -1 -1 -1 
396 41 1771 114 58 147 -1 -1 -1 -1 
397 41 1770 114 59 148 -1 -1 -1 -1 
398 41 1769 113 59 151 -1 -1 -1 -1 
399 41 1767 112 60 153 -1 -1 -1 -1 
400 41 1766 111 61 156 -1 -1 -1 -1 
401 41 1765 112 62 156 -1 -1 -1 -1 
402 41 1765 111 63 159 -1 -1 -1 -1 
403 41 1764 111 64 161 -1 -1 -1 -1 
404 41 1764 113 64 161 -1 -1 -1 -1 
405 41 1764 114 64 162 -1 -1 -1 -1 
406 41 1763 112 65 164 -1 -1 -1 -1 
407 41 1762 110 68 169 -1 -1 -1 -1 
408 41 1764 106 69 173 -1 -1 -1 -1 
409 41 1763 105 71 176 -1 -1 -1 -1 
410 41 1765 111 67 170 -1 -1 -1 -1 
411 41 1765 112 66 168 -1 -1 -1 -1 
412 41 1764 112 67 168 -1 -1 -1 -1 
413 41 1764 113 66 167 -1 -1 -1 -1 
414 41 1764 112 66 166 -1 -1 -1 -1 
415 41 1764 112 65 165 -1 -1 -1 -1 
416 41 1763 113 66 165 -1 -1 -1 -1 
417 41 1763 114 65 163 -1 -1 -1 -1 
418 41 1763 114 64 164 -1 -1 -1 -1 
419 41 1762 118 64 162 -1 -1 -1 -1 
420 41 1761 123 63 158 -1 -1 -1 -1 
421 41 1760 126 63 157 -1 -1 -1 -1 
422 41 1759 126 64 158 -1 -1 -1 -1 
423 41 1759 126 64 159 -1 -1 -1 -1 
424 41 1758 128 64 157 -1 -1 -1 -1 
425 41 1757 134 62 153 -1 -1 -1 -1 
426 41 1758 135 61 156 -1 -1 -1 -1 
427 41 1756 136 62 155 -1 -1 -1 -1 
428 41 1755 139 63 153 -1 -1 -1 -1 
429 41 1755 140 62 152 -1 -1 -1 -1 
430 41 1754 140 61 151 -1 -1 -1 -1 
431 41 1751 140 62 152 -1 -1 -1 -1 
432 41 1749 141 63 152 -1 -1 -1 -1 
433 41 1748 141 64 156 -1 -1 -1 -1 
434 41 1747 141 65 159 -1 -1 -1 -1 
435 41 1746 143 64 157 -1 -1 -1 -1 
436 41 1746 144 63 156 -1 -1 -1 -1 
437 41 1745 144 64 156 -1 -1 -1 -1 
438 41 1744 143 65 159 -1 -1 -1 -1 
439 41 1742 145 66 159 -1 -1 -1 -1 
440 41 1742 148 65 159 -1 -1 -1 -1 
441 41 1741 148 66 161 -1 -1 -1 -1 
442 41 1742 150 66 160 -1 -1 -1 -1 
443 41 1742 151 65 160 -1 -1 -1 -1 
444 41 1742 153 64 158 -1 -1 -1 -1 
445 41 1741 153 64 159 -1 -1 -1 -1 
446 41 1742 154 63 157 -1 -1 -1 -1 
447 41 1741 154 64 157 -1 -1 -1 -1 
448 41 1742 153 62 156 -1 -1 -1 -1 
449 41 1741 154 62 154 -1 -1 -1 -1 
450 41 1741 155 60 153 -1 -1 -1 -1 
451 41 1741 155 60 152 -1 -1 -1 -1 
452 41 1741 153 62 155 -1 -1 -1 -1 
453 41 1741 154 61 154 -1 -1 -1 -1 
454 41 1740 157 61 154 -1 -1 -1 -1 
455 41 1739 158 61 155 -1 -1 -1 -1 
456 41 1737 160 62 154 -1 -1 -1 -1 
457 41 1736 160 62 154 -1 -1 -1 -1 
458 41 1734 159 63 157 -1 -1 -1 -1 
459 41 1731 150 66 167 -1 -1 -1 -1 
460 41 1729 145 69 172 -1 -1 -1 -1 
461 41 1729 145 68 171 -1 -1 -1 -1 
462 41 1727 147 68 170 -1 -1 -1 -1 
463 41 1727 151 67 167 -1 -1 -1 -1 
464 41 1727 154 65 163 -1 -1 -1 -1 
465 41 1724 155 66 163 -1 -1 -1 -1 
466 41 1724 159 64 160 -1 -1 -1 -1 
467 41 1724 161 63 157 -1 -1 -1 -1 
468 41 1723 159 65 161 -1 -1 -1 -1 
469 41 1723 160 65 161 -1 -1 -1 -1 
470 41 1723 162 64 159 -1 -1 -1 -1 
471 41 1724 168 62 155 -1 -1 -1 -1 
472 41 1723 169 62 156 -1 -1 -1 -1 
473 41 1722 171 63 156 -1 -1 -1 -1 
474 41 1724 173 63 156 -1 -1 -1 -1 
475 41 1725 175 63 156 -1 -1 -1 -1 
476 41 1725 176 63 156 -1 -1 -1 -1 
477 41 1726 175 63 158 -1 -1 -1 -1 
478 41 1727 175 63 159 -1 -1 -1 -1 
479 41 1727 174 63 160 -1 -1 -1 -1 
480 41 1727 173 63 162 -1 -1 -1 -1 
481 41 1728 172 62 162 -1 -1 -1 -1 
482 41 1728 172 62 163 -1 -1 -1 -1 
483 41 1728 174 63 161 -1 -1 -1 -1 
484 41 1728 175 63 161 -1 -1 -1 -1 
485 41 1728 176 65 163 -1 -1 -1 -1 
486 41 1728 178 65 163 -1 -1 -1 -1 
487 41 1729 178 65 165 -1 -1 -1 -1 
488 41 1729 178 66 166 -1 -1 -1 -1 
489 41 1729 179 66 165 -1 -1 -1 -1 
490 41 1730 182 65 162 -1 -1 -1 -1 
491 41 1730 183 65 162 -1 -1 -1 -1 
492 41 1731 184 66 163 -1 -1 -1 -1 
493 41 1731 185 66 164 -1 -1 -1 -1 
494 41 1732 186 66 164 -1 -1 -1 -1 
495 41 1732 187 66 165 -1 -1 -1 -1 
496 41 1732 188 67 166 -1 -1 -1 -1 
497 41 1732 188 68 169 -1 -1 -1 -1 
498 41 1731 189 68 171 -1 -1 -1 -1 
499 41 1732 189 68 172 -1 -1 -1 -1 
500 41 1731 188 69 175 -1 -1 -1 -1 
501 41 1731 189 69 174 -1 -1 -1 -1 
502 41 1731 189 69 173 -1 -1 -1 -1 
503 41 1732 189 68 172 -1 -1 -1 -1 
504 41 1734 191 67 167 -1 -1 -1 -1 
505 41 1736 193 66 165 -1 -1 -1 -1 
506 41 1738 194 65 164 -1 -1 -1 -1 
507 41 1739 196 63 161 -1 -1 -1 -1 
508 41 1740 198 62 159 -1 -1 -1 -1 
509 41 1741 199 61 156 -1 -1 -1 -1 
510 41 1741 200 61 154 -1 -1 -1 -1 
511 41 1741 201 62 154 -1 -1 -1 -1 
512 41 1742 201 63 156 -1 -1 -1 -1 
513 41 1743 203 63 156 -1 -1 -1 -1 
514 41 1745 203 64 158 -1 -1 -1 -1 
515 41 1746 204 65 160 -1 -1 -1 -1 
516 41 1748 203 66 160 -1 -1 -1 -1 
517 41 1750 203 63 156 -1 -1 -1 -1 
518 41 1752 203 62 155 -1 -1 -1 -1 
519 41 1753 203 64 160 -1 -1 -1 -1 
520 41 1754 203 65 162 -1 -1 -1 -1 
521 41 1756 205 65 162 -1 -1 -1 -1 
522 41 1758 207 65 163 -1 -1 -1 -1 
523 41 1760 207 65 165 -1 -1 -1 -1 
524 41 1760 208 65 165 -1 -1 -1 -1 
525 41 1761 211 65 163 -1 -1 -1 -1 
526 41 1762 212 64 164 -1 -1 -1 -1 
527 41 1762 213 64 164 -1 -1 -1 -1 
528 41 1762 214 64 165 -1 -1 -1 -1 
529 41 1762 214 65 166 -1 -1 -1 -1 
530 41 1764 215 65 166 -1 -1 -1 -1 
531 41 1765 215 65 168 -1 -1 -1 -1 
532 41 1767 218 64 166 -1 -1 -1 -1 
533 41 1768 220 64 165 -1 -1 -1 -1 
534 41 1769 222 64 164 -1 -1 -1 -1 
535 41 1769 223 65 166 -1 -1 -1 -1 
536 41 1769 223 66 168 -1 -1 -1 -1 
537 41 1769 223 68 170 -1 -1 -1 -1 
538 41 1769 223 69 172 -1 -1 -1 -1 
539 41 1771 224 68 172 -1 -1 -1 -1 
540 41 1773 226 67 169 -1 -1 -1 -1 
541 41 1775 227 66 164 -1 -1 -1 -1 
542 41 1777 228 65 162 -1 -1 -1 -1 
543 41 1779 228 65 163 -1 -1 -1 -1 
544 41 1780 227 65 164 -1 -1 -1 -1 
545 41 1781 228 67 165 -1 -1 -1 -1 
546 41 1783 229 67 166 -1 -1 -1 -1 
547 41 1786 230 66 163 -1 -1 -1 -1 
548 41 1788 231 66 164 -1 -1 -1 -1 
549 41 1789 233 66 163 -1 -1 -1 -1 
550 41 1791 235 65 163 -1 -1 -1 -1 
551 41 1793 236 65 164 -1 -1 -1 -1 
552 41 1795 237 65 164 -1 -1 -1 -1 
553 41 1797 237 65 164 -1 -1 -1 -1 
554 41 1800 238 63 163 -1 -1 -1 -1 
555 41 1803 238 63 163 -1 -1 -1 -1 
556 41 1805 239 64 163 -1 -1 -1 -1 
557 41 1807 239 64 164 -1 -1 -1 -1 
558 41 1809 239 64 164 -1 -1 -1 -1 
559 41 1811 240 64 163 -1 -1 -1 -1 
560 41 1812 239 64 164 -1 -1 -1 -1 
561 41 1813 239 66 165 -1 -1 -1 -1 
562 41 1815 240 66 166 -1 -1 -1 -1 
563 41 1816 241 66 167 -1 -1 -1 -1 
564 41 1817 243 67 168 -1 -1 -1 -1 
565 41 1820 245 65 165 -1 -1 -1 -1 
566 41 1821 246 65 163 -1 -1 -1 -1 
567 41 1822 247 65 163 -1 -1 -1 -1 
568 41 1824 249 64 163 -1 -1 -1 -1 
569 41 1825 250 64 164 -1 -1 -1 -1 
570 41 1826 252 65 165 -1 -1 -1 -1 
571 41 1826 253 66 165 -1 -1 -1 -1 
572 41 1828 254 67 166 -1 -1 -1 -1 
573 41 1829 254 67 168 -1 -1 -1 -1 
574 41 1831 254 68 168 -1 -1 -1 -1 
575 41 1832 254 68 170 -1 -1 -1 -1 
576 41 1834 254 68 171 -1 -1 -1 -1 
577 41 1836 254 68 171 -1 -1 -1 -1 
578 41 1838 256 67 167 -1 -1 -1 -1 
579 41 1840 257 66 165 -1 -1 -1 -1 
580 41 1842 258 66 164 -1 -1 -1 -1 
581 41 1844 259 66 165 -1 -1 -1 -1 
582 41 1847 260 66 166 -1 -1 -1 -1 
583 41 1849 261 67 165 -1 -1 -1 -1 
584 41 1853 261 65 167 -1 -1 -1 -1 
585 41 1854 263 65 168 -1 -1 -1 -1 
586 41 1855 263 64 169 -1 -1 -1 -1 
587 41 1857 265 63 168 -1 -1 -1 -1 
588 41 1861 269 59 164 -1 -1 -1 -1 
589 41 1862 270 58 163 -1 -1 -1 -1 
590 41 1864 269 56 163 -1 -1 -1 -1 
591 41 1865 269 55 163 -1 -1 -1 -1 
592 41 1867 269 53 163 -1 -1 -1 -1 
593 41 1869 269 51 163 -1 -1 -1 -1 
594 41 1871 269 49 164 -1 -1 -1 -1 
595 41 1873 269 47 164 -1 -1 -1 -1 
596 41 1874 268 46 168 -1 -1 -1 -1 
597 41 1874 268 46 172 -1 -1 -1 -1 
598 41 1876 267 44 179 -1 -1 -1 -1 
599 41 1878 268 42 182 -1 -1 -1 -1 
600 41 1882 274 38 178 -1 -1 -1 -1 
601 41 1884 278 36 175 -1 -1 -1 -1 
602 41 1885 280 35 172 -1 -1 -1 -1 
603 41 1888 284 32 171 -1 -1 -1 -1 
604 41 1888 285 32 172 -1 -1 -1 -1 
605 41 1889 286 30 172 -1 -1 -1 -1 
606 41 1889 290 30 170 -1 -1 -1 -1 
607 41 1889 291 30 171 -1 -1 -1 -1 
608 41 1890 296 29 166 -1 -1 -1 -1 
609 41 1891 294 28 169 -1 -1 -1 -1 
254 42 360 0 58 138 -1 -1 -1 -1 
255 42 361 0 58 139 -1 -1 -1 -1 
256 42 363 0 58 142 -1 -1 -1 -1 
257 42 366 0 59 147 -1 -1 -1 -1 
258 42 368 0 58 147 -1 -1 -1 -1 
259 42 370 0 57 149 -1 -1 -1 -1 
260 42 372 1 58 149 -1 -1 -1 -1 
261 42 374 3 59 150 -1 -1 -1 -1 
262 42 375 3 61 153 -1 -1 -1 -1 
263 42 374 5 61 152 -1 -1 -1 -1 
264 42 375 8 61 151 -1 -1 -1 -1 
265 42 376 9 61 149 -1 -1 -1 -1 
266 42 377 10 60 148 -1 -1 -1 -1 
267 42 380 10 57 144 -1 -1 -1 -1 
268 42 382 10 56 145 -1 -1 -1 -1 
269 42 383 11 57 144 -1 -1 -1 -1 
270 42 384 11 56 143 -1 -1 -1 -1 
271 42 385 12 55 143 -1 -1 -1 -1 
272 42 386 12 55 143 -1 -1 -1 -1 
273 42 386 12 56 146 -1 -1 -1 -1 
274 42 386 11 59 148 -1 -1 -1 -1 
275 42 388 11 59 148 -1 -1 -1 -1 
276 42 388 11 60 149 -1 -1 -1 -1 
277 42 389 14 60 149 -1 -1 -1 -1 
278 42 389 16 61 150 -1 -1 -1 -1 
279 42 391 19 59 148 -1 -1 -1 -1 
280 42 392 20 60 148 -1 -1 -1 -1 
281 42 394 20 59 149 -1 -1 -1 -1 
282 42 395 21 59 148 -1 -1 -1 -1 
283 42 395 22 59 148 -1 -1 -1 -1 
284 42 395 22 60 149 -1 -1 -1 -1 
285 42 396 22 59 149 -1 -1 -1 -1 
286 42 396 22 59 149 -1 -1 -1 -1 
287 42 397 21 58 150 -1 -1 -1 -1 
288 42 397 22 59 150 -1 -1 -1 -1 
289 42 397 22 59 149 -1 -1 -1 -1 
290 42 398 22 59 148 -1 -1 -1 -1 
291 42 400 24 58 146 -1 -1 -1 -1 
292 42 400 24 59 148 -1 -1 -1 -1 
293 42 402 28 58 146 -1 -1 -1 -1 
294 42 403 29 59 145 -1 -1 -1 -1 
295 42 404 29 60 147 -1 -1 -1 -1 
296 42 406 32 59 147 -1 -1 -1 -1 
297 42 407 32 59 147 -1 -1 -1 -1 
298 42 407 34 59 146 -1 -1 -1 -1 
299 42 407 35 59 147 -1 -1 -1 -1 
300 42 408 35 59 147 -1 -1 -1 -1 
301 42 408 35 59 147 -1 -1 -1 -1 
302 42 409 37 58 145 -1 -1 -1 -1 
303 42 410 37 58 145 -1 -1 -1 -1 
304 42 410 37 59 145 -1 -1 -1 -1 
305 42 411 37 58 146 -1 -1 -1 -1 
306 42 411 37 60 146 -1 -1 -1 -1 
307 42 412 37 59 146 -1 -1 -1 -1 
308 42 413 38 59 146 -1 -1 -1 -1 
309 42 413 39 60 147 -1 -1 -1 -1 
310 42 413 40 60 148 -1 -1 -1 -1 
311 42 413 40 61 149 -1 -1 -1 -1 
312 42 413 41 62 150 -1 -1 -1 -1 
313 42 413 43 62 151 -1 -1 -1 -1 
314 42 415 44 61 150 -1 -1 -1 -1 
315 42 415 44 61 152 -1 -1 -1 -1 
316 42 414 45 62 154 -1 -1 -1 -1 
317 42 413 44 64 157 -1 -1 -1 -1 
318 42 413 44 64 158 -1 -1 -1 -1 
319 42 412 44 65 159 -1 -1 -1 -1 
320 42 412 44 65 159 -1 -1 -1 -1 
321 42 412 45 65 158 -1 -1 -1 -1 
322 42 412 44 64 158 -1 -1 -1 -1 
323 42 412 44 64 158 -1 -1 -1 -1 
324 42 412 44 64 157 -1 -1 -1 -1 
325 42 412 44 64 156 -1 -1 -1 -1 
326 42 413 45 62 153 -1 -1 -1 -1 
327 42 414 46 60 151 -1 -1 -1 -1 
328 42 414 47 59 151 -1 -1 -1 -1 
329 42 413 47 60 152 -1 -1 -1 -1 
330 42 412 49 60 152 -1 -1 -1 -1 
331 42 413 50 60 150 -1 -1 -1 -1 
332 42 413 53 59 147 -1 -1 -1 -1 
333 42 414 54 59 147 -1 -1 -1 -1 
334 42 413 55 59 146 -1 -1 -1 -1 
335 42 414 56 58 146 -1 -1 -1 -1 
336 42 415 58 59 145 -1 -1 -1 -1 
337 42 417 59 58 145 -1 -1 -1 -1 
338 42 417 60 58 144 -1 -1 -1 -1 
339 42 417 60 58 144 -1 -1 -1 -1 
340 42 417 61 57 143 -1 -1 -1 -1 
341 42 417 61 57 143 -1 -1 -1 -1 
342 42 418 61 57 144 -1 -1 -1 -1 
343 42 418 61 58 144 -1 -1 -1 -1 
344 42 418 61 58 143 -1 -1 -1 -1 
345 42 418 61 58 143 -1 -1 -1 -1 
346 42 418 61 59 146 -1 -1 -1 -1 
347 42 418 62 59 146 -1 -1 -1 -1 
348 42 418 62 61 149 -1 -1 -1 -1 
349 42 418 62 61 151 -1 -1 -1 -1 
350 42 418 62 62 154 -1 -1 -1 -1 
351 42 417 62 63 156 -1 -1 -1 -1 
352 42 417 63 63 155 -1 -1 -1 -1 
353 42 417 64 63 155 -1 -1 -1 -1 
354 42 417 65 63 154 -1 -1 -1 -1 
355 42 417 66 63 155 -1 -1 -1 -1 
356 42 417 67 64 156 -1 -1 -1 -1 
357 42 417 67 64 159 -1 -1 -1 -1 
358 42 417 69 63 157 -1 -1 -1 -1 
359 42 416 70 62 155 -1 -1 -1 -1 
360 42 416 71 61 153 -1 -1 -1 -1 
361 42 416 72 61 155 -1 -1 -1 -1 
362 42 415 73 62 154 -1 -1 -1 -1 
363 42 416 74 64 157 -1 -1 -1 -1 
364 42 415 74 63 156 -1 -1 -1 -1 
365 42 415 76 62 153 -1 -1 -1 -1 
366 42 415 75 62 153 -1 -1 -1 -1 
367 42 415 77 63 152 -1 -1 -1 -1 
368 42 416 77 62 152 -1 -1 -1 -1 
369 42 417 76 62 153 -1 -1 -1 -1 
370 42 418 76 62 156 -1 -1 -1 -1 
371 42 418 77 61 153 -1 -1 -1 -1 
372 42 418 77 60 151 -1 -1 -1 -1 
373 42 418 77 61 152 -1 -1 -1 -1 
374 42 418 78 61 153 -1 -1 -1 -1 
375 42 418 77 63 157 -1 -1 -1 -1 
376 42 418 76 64 161 -1 -1 -1 -1 
377 42 417 76 66 163 -1 -1 -1 -1 
378 42 417 75 67 166 -1 -1 -1 -1 
379 42 418 75 66 167 -1 -1 -1 -1 
380 42 418 76 66 168 -1 -1 -1 -1 
381 42 418 76 66 168 -1 -1 -1 -1 
382 42 418 77 66 170 -1 -1 -1 -1 
383 42 418 77 66 168 -1 -1 -1 -1 
384 42 419 78 66 169 -1 -1 -1 -1 
385 42 418 78 66 167 -1 -1 -1 -1 
386 42 418 79 66 167 -1 -1 -1 -1 
387 42 418 79 67 169 -1 -1 -1 -1 
388 42 417 79 68 172 -1 -1 -1 -1 
389 42 416 80 69 172 -1 -1 -1 -1 
390 42 416 80 69 172 -1 -1 -1 -1 
391 42 416 81 68 171 -1 -1 -1 -1 
392 42 416 82 68 171 -1 -1 -1 -1 
393 42 418 83 66 168 -1 -1 -1 -1 
394 42 418 85 65 166 -1 -1 -1 -1 
395 42 419 87 64 164 -1 -1 -1 -1 
396 42 419 88 64 164 -1 -1 -1 -1 
397 42 419 89 64 164 -1 -1 -1 -1 
398 42 419 90 65 163 -1 -1 -1 -1 
399 42 419 90 65 165 -1 -1 -1 -1 
400 42 419 90 65 166 -1 -1 -1 -1 
401 42 419 91 65 165 -1 -1 -1 -1 
402 42 419 91 65 165 -1 -1 -1 -1 
403 42 418 91 66 165 -1 -1 -1 -1 
404 42 418 91 66 165 -1 -1 -1 -1 
405 42 418 90 65 166 -1 -1 -1 -1 
406 42 418 90 65 166 -1 -1 -1 -1 
407 42 417 90 66 166 -1 -1 -1 -1 
408 42 418 90 65 165 -1 -1 -1 -1 
409 42 418 90 65 164 -1 -1 -1 -1 
410 42 418 90 65 164 -1 -1 -1 -1 
411 42 418 91 65 163 -1 -1 -1 -1 
412 42 419 91 64 163 -1 -1 -1 -1 
413 42 419 92 64 163 -1 -1 -1 -1 
414 42 420 93 63 164 -1 -1 -1 -1 
415 42 419 94 64 165 -1 -1 -1 -1 
416 42 419 96 64 164 -1 -1 -1 -1 
417 42 420 99 63 162 -1 -1 -1 -1 
418 42 420 100 65 163 -1 -1 -1 -1 
419 42 421 102 65 161 -1 -1 -1 -1 
420 42 421 103 66 162 -1 -1 -1 -1 
421 42 421 104 66 162 -1 -1 -1 -1 
422 42 422 105 65 160 -1 -1 -1 -1 
423 42 423 106 64 159 -1 -1 -1 -1 
424 42 423 106 65 158 -1 -1 -1 -1 
425 42 423 105 64 157 -1 -1 -1 -1 
426 42 425 104 62 157 -1 -1 -1 -1 
427 42 425 104 62 157 -1 -1 -1 -1 
428 42 424 105 62 156 -1 -1 -1 -1 
429 42 423 106 63 157 -1 -1 -1 -1 
430 42 423 106 64 160 -1 -1 -1 -1 
431 42 422 107 67 166 -1 -1 -1 -1 
432 42 422 108 67 166 -1 -1 -1 -1 
433 42 421 109 68 168 -1 -1 -1 -1 
434 42 422 111 67 166 -1 -1 -1 -1 
435 42 421 112 68 165 -1 -1 -1 -1 
436 42 422 113 67 164 -1 -1 -1 -1 
437 42 421 115 67 163 -1 -1 -1 -1 
438 42 421 117 67 162 -1 -1 -1 -1 
439 42 422 118 66 162 -1 -1 -1 -1 
440 42 421 120 66 161 -1 -1 -1 -1 
441 42 420 119 66 164 -1 -1 -1 -1 
442 42 420 119 66 165 -1 -1 -1 -1 
443 42 419 118 67 168 -1 -1 -1 -1 
444 42 418 118 67 168 -1 -1 -1 -1 
445 42 419 118 65 166 -1 -1 -1 -1 
446 42 419 119 65 165 -1 -1 -1 -1 
447 42 419 120 63 160 -1 -1 -1 -1 
448 42 419 120 62 158 -1 -1 -1 -1 
449 42 419 121 63 159 -1 -1 -1 -1 
450 42 419 122 62 155 -1 -1 -1 -1 
451 42 419 123 62 159 -1 -1 -1 -1 
452 42 419 125 61 156 -1 -1 -1 -1 
453 42 419 126 62 158 -1 -1 -1 -1 
454 42 418 128 64 160 -1 -1 -1 -1 
455 42 417 131 65 160 -1 -1 -1 -1 
456 42 417 132 65 163 -1 -1 -1 -1 
457 42 418 134 64 158 -1 -1 -1 -1 
458 42 419 136 62 153 -1 -1 -1 -1 
459 42 420 137 60 147 -1 -1 -1 -1 
460 42 421 138 59 145 -1 -1 -1 -1 
461 42 421 138 60 146 -1 -1 -1 -1 
462 42 421 138 61 147 -1 -1 -1 -1 
463 42 421 137 62 149 -1 -1 -1 -1 
464 42 420 137 63 150 -1 -1 -1 -1 
465 42 420 138 62 150 -1 -1 -1 -1 
466 42 420 139 63 156 -1 -1 -1 -1 
467 42 419 141 65 160 -1 -1 -1 -1 
468 42 418 141 66 164 -1 -1 -1 -1 
469 42 417 142 67 166 -1 -1 -1 -1 
470 42 415 143 68 168 -1 -1 -1 -1 
471 42 414 144 68 168 -1 -1 -1 -1 
472 42 414 146 67 167 -1 -1 -1 -1 
473 42 414 147 67 167 -1 -1 -1 -1 
474 42 413 148 67 167 -1 -1 -1 -1 
475 42 413 149 67 167 -1 -1 -1 -1 
476 42 413 151 65 167 -1 -1 -1 -1 
477 42 412 150 66 167 -1 -1 -1 -1 
478 42 409 148 69 171 -1 -1 -1 -1 
479 42 407 148 69 172 -1 -1 -1 -1 
480 42 406 149 69 172 -1 -1 -1 -1 
481 42 406 149 69 172 -1 -1 -1 -1 
482 42 406 151 69 170 -1 -1 -1 -1 
483 42 406 152 68 168 -1 -1 -1 -1 
484 42 406 153 68 167 -1 -1 -1 -1 
485 42 407 153 67 167 -1 -1 -1 -1 
486 42 406 154 67 166 -1 -1 -1 -1 
487 42 406 155 67 166 -1 -1 -1 -1 
488 42 406 156 67 167 -1 -1 -1 -1 
489 42 406 156 68 171 -1 -1 -1 -1 
490 42 405 159 69 172 -1 -1 -1 -1 
491 42 404 161 69 173 -1 -1 -1 -1 
492 42 404 163 69 174 -1 -1 -1 -1 
493 42 403 165 69 171 -1 -1 -1 -1 
494 42 402 166 69 172 -1 -1 -1 -1 
495 42 401 165 69 174 -1 -1 -1 -1 
496 42 401 166 69 174 -1 -1 -1 -1 
497 42 400 165 70 175 -1 -1 -1 -1 
498 42 400 165 69 176 -1 -1 -1 -1 
499 42 399 165 70 176 -1 -1 -1 -1 
500 42 399 167 70 175 -1 -1 -1 -1 
501 42 399 167 69 174 -1 -1 -1 -1 
502 42 397 166 70 174 -1 -1 -1 -1 
503 42 396 167 69 173 -1 -1 -1 -1 
504 42 394 169 69 173 -1 -1 -1 -1 
505 42 393 172 69 171 -1 -1 -1 -1 
506 42 392 172 69 172 -1 -1 -1 -1 
507 42 391 175 69 171 -1 -1 -1 -1 
508 42 390 178 68 169 -1 -1 -1 -1 
509 42 390 180 68 168 -1 -1 -1 -1 
510 42 390 183 67 167 -1 -1 -1 -1 
511 42 389 185 68 168 -1 -1 -1 -1 
512 42 389 187 68 167 -1 -1 -1 -1 
513 42 387 187 69 170 -1 -1 -1 -1 
514 42 386 188 69 170 -1 -1 -1 -1 
515 42 386 189 69 169 -1 -1 -1 -1 
516 42 385 189 69 169 -1 -1 -1 -1 
517 42 385 189 69 169 -1 -1 -1 -1 
518 42 385 189 69 169 -1 -1 -1 -1 
519 42 385 189 69 169 -1 -1 -1 -1 
520 42 383 189 70 170 -1 -1 -1 -1 
521 42 383 189 70 172 -1 -1 -1 -1 
522 42 383 190 70 173 -1 -1 -1 -1 
523 42 381 192 70 173 -1 -1 -1 -1 
524 42 381 194 69 174 -1 -1 -1 -1 
525 42 380 195 71 175 -1 -1 -1 -1 
526 42 380 197 70 173 -1 -1 -1 -1 
527 42 381 197 70 175 -1 -1 -1 -1 
528 42 380 199 71 175 -1 -1 -1 -1 
529 42 380 199 72 178 -1 -1 -1 -1 
530 42 380 200 72 179 -1 -1 -1 -1 
531 42 380 200 73 181 -1 -1 -1 -1 
532 42 380 200 73 181 -1 -1 -1 -1 
533 42 379 200 72 181 -1 -1 -1 -1 
534 42 380 202 72 178 -1 -1 -1 -1 
535 42 381 203 71 175 -1 -1 -1 -1 
536 42 381 203 71 172 -1 -1 -1 -1 
537 42 381 204 70 172 -1 -1 -1 -1 
538 42 382 205 70 172 -1 -1 -1 -1 
539 42 382 206 69 174 -1 -1 -1 -1 
540 42 380 207 70 174 -1 -1 -1 -1 
541 42 378 207 71 176 -1 -1 -1 -1 
542 42 377 207 71 177 -1 -1 -1 -1 
543 42 377 209 71 177 -1 -1 -1 -1 
544 42 376 212 71 175 -1 -1 -1 -1 
545 42 376 213 71 177 -1 -1 -1 -1 
546 42 375 214 72 178 -1 -1 -1 -1 
547 42 375 216 72 180 -1 -1 -1 -1 
548 42 374 217 73 181 -1 -1 -1 -1 
549 42 374 217 72 182 -1 -1 -1 -1 
550 42 373 219 72 181 -1 -1 -1 -1 
551 42 373 220 72 180 -1 -1 -1 -1 
552 42 373 218 73 183 -1 -1 -1 -1 
553 42 373 218 72 181 -1 -1 -1 -1 
554 42 372 219 72 181 -1 -1 -1 -1 
555 42 372 220 72 180 -1 -1 -1 -1 
556 42 371 221 72 179 -1 -1 -1 -1 
557 42 371 223 71 178 -1 -1 -1 -1 
558 42 371 226 71 177 -1 -1 -1 -1 
559 42 371 227 71 177 -1 -1 -1 -1 
560 42 371 228 71 178 -1 -1 -1 -1 
561 42 371 228 71 179 -1 -1 -1 -1 
562 42 371 230 72 179 -1 -1 -1 -1 
563 42 372 231 70 178 -1 -1 -1 -1 
564 42 371 234 72 178 -1 -1 -1 -1 
565 42 371 235 72 179 -1 -1 -1 -1 
566 42 372 236 71 179 -1 -1 -1 -1 
567 42 372 237 72 178 -1 -1 -1 -1 
568 42 373 238 71 178 -1 -1 -1 -1 
569 42 373 238 71 177 -1 -1 -1 -1 
570 42 374 238 71 177 -1 -1 -1 -1 
571 42 373 240 71 175 -1 -1 -1 -1 
572 42 373 240 71 175 -1 -1 -1 -1 
573 42 373 242 70 173 -1 -1 -1 -1 
574 42 373 242 70 175 -1 -1 -1 -1 
575 42 372 243 71 176 -1 -1 -1 -1 
576 42 373 244 70 176 -1 -1 -1 -1 
577 42 371 245 71 176 -1 -1 -1 -1 
578 42 371 246 71 177 -1 -1 -1 -1 
579 42 370 248 71 176 -1 -1 -1 -1 
580 42 370 250 70 176 -1 -1 -1 -1 
581 42 370 251 71 177 -1 -1 -1 -1 
582 42 370 253 70 177 -1 -1 -1 -1 
583 42 369 255 71 178 -1 -1 -1 -1 
584 42 368 256 72 179 -1 -1 -1 -1 
585 42 368 257 71 177 -1 -1 -1 -1 
586 42 368 257 70 178 -1 -1 -1 -1 
587 42 368 257 70 177 -1 -1 -1 -1 
588 42 367 258 70 176 -1 -1 -1 -1 
589 42 367 259 70 175 -1 -1 -1 -1 
590 42 366 260 71 176 -1 -1 -1 -1 
591 42 366 261 70 176 -1 -1 -1 -1 
592 42 365 263 70 175 -1 -1 -1 -1 
593 42 364 263 71 179 -1 -1 -1 -1 
594 42 363 264 72 180 -1 -1 -1 -1 
595 42 362 266 73 181 -1 -1 -1 -1 
596 42 361 268 74 183 -1 -1 -1 -1 
597 42 360 270 74 182 -1 -1 -1 -1 
598 42 360 271 75 183 -1 -1 -1 -1 
599 42 359 271 75 184 -1 -1 -1 -1 
600 42 358 274 74 184 -1 -1 -1 -1 
601 42 357 275 75 185 -1 -1 -1 -1 
602 42 357 277 74 184 -1 -1 -1 -1 
603 42 356 278 75 184 -1 -1 -1 -1 
604 42 356 279 76 185 -1 -1 -1 -1 
605 42 356 279 76 186 -1 -1 -1 -1 
606 42 356 279 75 186 -1 -1 -1 -1 
607 42 356 280 74 183 -1 -1 -1 -1 
608 42 356 281 73 180 -1 -1 -1 -1 
609 42 355 280 72 179 -1 -1 -1 -1 
610 42 354 281 72 179 -1 -1 -1 -1 
611 42 352 281 73 182 -1 -1 -1 -1 
612 42 350 283 73 182 -1 -1 -1 -1 
613 42 348 285 74 182 -1 -1 -1 -1 
614 42 347 286 74 183 -1 -1 -1 -1 
615 42 347 288 73 182 -1 -1 -1 -1 
616 42 347 289 73 182 -1 -1 -1 -1 
617 42 347 290 71 180 -1 -1 -1 -1 
618 42 346 293 72 181 -1 -1 -1 -1 
619 42 345 294 72 180 -1 -1 -1 -1 
620 42 344 295 72 180 -1 -1 -1 -1 
621 42 343 296 72 179 -1 -1 -1 -1 
622 42 342 296 73 179 -1 -1 -1 -1 
623 42 340 297 73 181 -1 -1 -1 -1 
624 42 339 298 73 181 -1 -1 -1 -1 
625 42 338 298 73 182 -1 -1 -1 -1 
626 42 338 299 73 181 -1 -1 -1 -1 
627 42 337 300 74 181 -1 -1 -1 -1 
628 42 336 299 74 182 -1 -1 -1 -1 
629 42 335 300 75 184 -1 -1 -1 -1 
630 42 334 300 76 186 -1 -1 -1 -1 
631 42 333 301 76 188 -1 -1 -1 -1 
632 42 333 301 76 190 -1 -1 -1 -1 
633 42 333 303 76 189 -1 -1 -1 -1 
634 42 332 304 76 189 -1 -1 -1 -1 
635 42 332 306 76 189 -1 -1 -1 -1 
636 42 331 309 76 190 -1 -1 -1 -1 
637 42 330 312 77 191 -1 -1 -1 -1 
638 42 330 314 78 193 -1 -1 -1 -1 
639 42 329 315 79 194 -1 -1 -1 -1 
640 42 330 315 79 195 -1 -1 -1 -1 
641 42 330 316 79 194 -1 -1 -1 -1 
642 42 330 316 79 195 -1 -1 -1 -1 
643 42 330 317 78 191 -1 -1 -1 -1 
644 42 329 318 76 188 -1 -1 -1 -1 
645 42 329 319 75 186 -1 -1 -1 -1 
646 42 328 320 73 184 -1 -1 -1 -1 
647 42 327 322 74 184 -1 -1 -1 -1 
648 42 326 322 76 187 -1 -1 -1 -1 
649 42 325 323 76 190 -1 -1 -1 -1 
650 42 323 323 77 192 -1 -1 -1 -1 
651 42 322 325 77 192 -1 -1 -1 -1 
652 42 321 327 77 191 -1 -1 -1 -1 
653 42 321 328 76 191 -1 -1 -1 -1 
654 42 320 330 77 191 -1 -1 -1 -1 
655 42 321 333 76 188 -1 -1 -1 -1 
656 42 321 333 75 188 -1 -1 -1 -1 
657 42 320 334 75 187 -1 -1 -1 -1 
658 42 320 336 74 185 -1 -1 -1 -1 
659 42 319 336 74 186 -1 -1 -1 -1 
660 42 319 336 74 186 -1 -1 -1 -1 
661 42 317 337 75 186 -1 -1 -1 -1 
662 42 316 339 74 184 -1 -1 -1 -1 
663 42 314 339 75 186 -1 -1 -1 -1 
664 42 314 340 75 186 -1 -1 -1 -1 
665 42 313 341 75 187 -1 -1 -1 -1 
666 42 311 342 76 189 -1 -1 -1 -1 
667 42 309 342 77 190 -1 -1 -1 -1 
668 42 308 344 77 191 -1 -1 -1 -1 
669 42 308 346 76 192 -1 -1 -1 -1 
670 42 307 347 77 193 -1 -1 -1 -1 
671 42 306 348 78 195 -1 -1 -1 -1 
672 42 306 349 78 196 -1 -1 -1 -1 
673 42 305 350 78 198 -1 -1 -1 -1 
674 42 304 352 79 199 -1 -1 -1 -1 
675 42 303 353 81 201 -1 -1 -1 -1 
676 42 304 355 79 198 -1 -1 -1 -1 
677 42 304 357 79 198 -1 -1 -1 -1 
678 42 304 358 79 197 -1 -1 -1 -1 
679 42 304 360 79 195 -1 -1 -1 -1 
680 42 304 361 78 194 -1 -1 -1 -1 
681 42 303 362 79 193 -1 -1 -1 -1 
682 42 303 363 78 192 -1 -1 -1 -1 
683 42 303 363 77 191 -1 -1 -1 -1 
684 42 300 364 77 190 -1 -1 -1 -1 
685 42 300 365 77 192 -1 -1 -1 -1 
686 42 299 366 77 194 -1 -1 -1 -1 
687 42 298 367 78 195 -1 -1 -1 -1 
688 42 297 369 78 195 -1 -1 -1 -1 
689 42 297 371 77 194 -1 -1 -1 -1 
690 42 297 375 76 192 -1 -1 -1 -1 
691 42 296 376 76 191 -1 -1 -1 -1 
692 42 295 376 77 192 -1 -1 -1 -1 
693 42 294 376 77 194 -1 -1 -1 -1 
694 42 294 377 77 194 -1 -1 -1 -1 
695 42 292 377 79 195 -1 -1 -1 -1 
696 42 292 377 79 196 -1 -1 -1 -1 
697 42 292 379 78 194 -1 -1 -1 -1 
698 42 292 380 78 193 -1 -1 -1 -1 
699 42 293 380 77 192 -1 -1 -1 -1 
700 42 293 381 77 192 -1 -1 -1 -1 
701 42 292 382 78 192 -1 -1 -1 -1 
702 42 292 382 78 195 -1 -1 -1 -1 
703 42 291 383 80 197 -1 -1 -1 -1 
704 42 291 384 80 199 -1 -1 -1 -1 
705 42 290 386 81 201 -1 -1 -1 -1 
706 42 291 389 80 200 -1 -1 -1 -1 
707 42 291 392 80 200 -1 -1 -1 -1 
708 42 291 393 80 200 -1 -1 -1 -1 
709 42 292 395 81 201 -1 -1 -1 -1 
710 42 292 397 81 201 -1 -1 -1 -1 
711 42 292 398 81 203 -1 -1 -1 -1 
712 42 292 399 82 203 -1 -1 -1 -1 
713 42 293 399 80 200 -1 -1 -1 -1 
714 42 293 400 80 197 -1 -1 -1 -1 
715 42 293 400 79 197 -1 -1 -1 -1 
716 42 293 401 78 194 -1 -1 -1 -1 
717 42 293 402 78 194 -1 -1 -1 -1 
718 42 293 402 78 196 -1 -1 -1 -1 
719 42 292 403 80 199 -1 -1 -1 -1 
720 42 291 405 81 200 -1 -1 -1 -1 
721 42 291 406 82 202 -1 -1 -1 -1 
722 42 291 409 82 201 -1 -1 -1 -1 
723 42 291 411 82 202 -1 -1 -1 -1 
724 42 291 413 81 203 -1 -1 -1 -1 
725 42 291 416 81 202 -1 -1 -1 -1 
726 42 291 418 81 202 -1 -1 -1 -1 
727 42 290 419 83 205 -1 -1 -1 -1 
728 42 290 420 84 209 -1 -1 -1 -1 
729 42 289 421 85 212 -1 -1 -1 -1 
730 42 289 422 85 212 -1 -1 -1 -1 
731 42 289 422 85 212 -1 -1 -1 -1 
732 42 290 423 83 209 -1 -1 -1 -1 
733 42 290 424 83 206 -1 -1 -1 -1 
734 42 292 425 81 202 -1 -1 -1 -1 
735 42 293 427 80 198 -1 -1 -1 -1 
736 42 293 427 80 200 -1 -1 -1 -1 
737 42 293 429 81 200 -1 -1 -1 -1 
738 42 293 429 81 203 -1 -1 -1 -1 
739 42 293 431 82 205 -1 -1 -1 -1 
740 42 293 433 82 205 -1 -1 -1 -1 
741 42 293 436 82 205 -1 -1 -1 -1 
742 42 294 439 82 205 -1 -1 -1 -1 
743 42 294 441 82 204 -1 -1 -1 -1 
744 42 294 443 82 204 -1 -1 -1 -1 
745 42 294 444 82 205 -1 -1 -1 -1 
746 42 294 446 82 204 -1 -1 -1 -1 
747 42 294 447 82 204 -1 -1 -1 -1 
748 42 295 448 82 203 -1 -1 -1 -1 
749 42 295 448 81 202 -1 -1 -1 -1 
750 42 295 448 82 202 -1 -1 -1 -1 
751 42 295 448 82 206 -1 -1 -1 -1 
752 42 295 448 82 206 -1 -1 -1 -1 
753 42 296 449 82 206 -1 -1 -1 -1 
754 42 296 450 82 205 -1 -1 -1 -1 
755 42 296 452 82 206 -1 -1 -1 -1 
756 42 296 454 83 207 -1 -1 -1 -1 
757 42 296 456 83 207 -1 -1 -1 -1 
758 42 295 458 83 208 -1 -1 -1 -1 
759 42 294 460 83 208 -1 -1 -1 -1 
760 42 294 462 83 208 -1 -1 -1 -1 
761 42 292 464 84 209 -1 -1 -1 -1 
762 42 291 466 85 209 -1 -1 -1 -1 
763 42 291 469 85 209 -1 -1 -1 -1 
764 42 290 469 86 212 -1 -1 -1 -1 
765 42 290 470 87 214 -1 -1 -1 -1 
766 42 291 472 84 208 -1 -1 -1 -1 
767 42 291 474 83 204 -1 -1 -1 -1 
768 42 291 475 82 203 -1 -1 -1 -1 
769 42 290 477 82 201 -1 -1 -1 -1 
770 42 289 479 82 203 -1 -1 -1 -1 
771 42 289 479 82 203 -1 -1 -1 -1 
772 42 289 481 82 203 -1 -1 -1 -1 
773 42 289 482 82 204 -1 -1 -1 -1 
774 42 289 484 82 203 -1 -1 -1 -1 
775 42 288 485 83 205 -1 -1 -1 -1 
776 42 288 486 84 207 -1 -1 -1 -1 
777 42 287 486 84 207 -1 -1 -1 -1 
778 42 287 489 84 207 -1 -1 -1 -1 
779 42 287 490 84 207 -1 -1 -1 -1 
780 42 287 492 84 209 -1 -1 -1 -1 
781 42 286 494 84 209 -1 -1 -1 -1 
782 42 286 497 84 209 -1 -1 -1 -1 
783 42 286 499 85 212 -1 -1 -1 -1 
784 42 286 501 86 212 -1 -1 -1 -1 
785 42 286 502 85 213 -1 -1 -1 -1 
786 42 285 503 87 214 -1 -1 -1 -1 
787 42 285 504 86 212 -1 -1 -1 -1 
788 42 284 505 85 210 -1 -1 -1 -1 
789 42 284 506 84 208 -1 -1 -1 -1 
790 42 283 507 85 207 -1 -1 -1 -1 
791 42 283 508 83 207 -1 -1 -1 -1 
792 42 283 509 83 208 -1 -1 -1 -1 
793 42 281 509 84 210 -1 -1 -1 -1 
794 42 280 511 85 212 -1 -1 -1 -1 
795 42 279 513 86 213 -1 -1 -1 -1 
796 42 278 515 86 214 -1 -1 -1 -1 
797 42 276 517 87 216 -1 -1 -1 -1 
798 42 275 519 88 217 -1 -1 -1 -1 
799 42 277 522 86 214 -1 -1 -1 -1 
800 42 275 525 87 214 -1 -1 -1 -1 
801 42 275 526 86 215 -1 -1 -1 -1 
802 42 274 527 87 215 -1 -1 -1 -1 
803 42 273 528 87 214 -1 -1 -1 -1 
804 42 273 529 87 213 -1 -1 -1 -1 
805 42 272 530 87 214 -1 -1 -1 -1 
806 42 272 532 86 213 -1 -1 -1 -1 
807 42 272 533 86 212 -1 -1 -1 -1 
808 42 272 533 86 212 -1 -1 -1 -1 
809 42 272 534 85 212 -1 -1 -1 -1 
810 42 271 535 86 215 -1 -1 -1 -1 
811 42 270 536 87 216 -1 -1 -1 -1 
812 42 269 537 89 218 -1 -1 -1 -1 
813 42 268 539 90 220 -1 -1 -1 -1 
814 42 269 541 88 219 -1 -1 -1 -1 
815 42 269 544 88 218 -1 -1 -1 -1 
816 42 269 547 88 219 -1 -1 -1 -1 
817 42 269 551 87 217 -1 -1 -1 -1 
818 42 268 553 88 220 -1 -1 -1 -1 
819 42 268 556 88 219 -1 -1 -1 -1 
820 42 269 556 88 220 -1 -1 -1 -1 
821 42 269 557 88 220 -1 -1 -1 -1 
822 42 268 557 88 219 -1 -1 -1 -1 
823 42 268 558 87 217 -1 -1 -1 -1 
824 42 267 559 86 215 -1 -1 -1 -1 
825 42 267 560 85 214 -1 -1 -1 -1 
826 42 266 561 87 215 -1 -1 -1 -1 
827 42 266 563 87 215 -1 -1 -1 -1 
828 42 265 565 88 216 -1 -1 -1 -1 
829 42 265 565 88 219 -1 -1 -1 -1 
830 42 265 567 88 221 -1 -1 -1 -1 
831 42 265 571 88 219 -1 -1 -1 -1 
832 42 263 573 89 219 -1 -1 -1 -1 
833 42 264 576 87 217 -1 -1 -1 -1 
834 42 263 578 88 217 -1 -1 -1 -1 
835 42 263 581 87 215 -1 -1 -1 -1 
836 42 264 582 85 213 -1 -1 -1 -1 
837 42 263 584 85 210 -1 -1 -1 -1 
838 42 260 583 88 218 -1 -1 -1 -1 
839 42 259 585 88 216 -1 -1 -1 -1 
840 42 258 586 89 219 -1 -1 -1 -1 
841 42 257 587 90 221 -1 -1 -1 -1 
842 42 259 591 87 215 -1 -1 -1 -1 
843 42 259 593 87 213 -1 -1 -1 -1 
844 42 259 594 87 213 -1 -1 -1 -1 
845 42 258 594 88 217 -1 -1 -1 -1 
846 42 257 595 89 220 -1 -1 -1 -1 
847 42 257 596 90 222 -1 -1 -1 -1 
848 42 256 597 91 223 -1 -1 -1 -1 
849 42 256 598 91 225 -1 -1 -1 -1 
850 42 257 600 90 224 -1 -1 -1 -1 
851 42 258 604 89 221 -1 -1 -1 -1 
852 42 259 606 88 221 -1 -1 -1 -1 
853 42 259 608 89 222 -1 -1 -1 -1 
854 42 258 608 91 224 -1 -1 -1 -1 
855 42 258 610 92 224 -1 -1 -1 -1 
856 42 262 612 88 218 -1 -1 -1 -1 
857 42 263 613 86 215 -1 -1 -1 -1 
858 42 264 614 86 214 -1 -1 -1 -1 
859 42 265 614 86 215 -1 -1 -1 -1 
860 42 265 613 87 218 -1 -1 -1 -1 
861 42 266 615 88 218 -1 -1 -1 -1 
862 42 266 617 89 220 -1 -1 -1 -1 
863 42 268 617 89 223 -1 -1 -1 -1 
864 42 269 618 91 227 -1 -1 -1 -1 
865 42 269 620 92 229 -1 -1 -1 -1 
866 42 270 621 92 232 -1 -1 -1 -1 
867 42 268 622 96 238 -1 -1 -1 -1 
868 42 268 624 97 240 -1 -1 -1 -1 
869 42 270 627 96 240 -1 -1 -1 -1 
870 42 271 629 96 240 -1 -1 -1 -1 
871 42 272 632 96 239 -1 -1 -1 -1 
872 42 273 635 96 238 -1 -1 -1 -1 
873 42 275 638 95 236 -1 -1 -1 -1 
874 42 275 639 95 236 -1 -1 -1 -1 
875 42 276 640 95 235 -1 -1 -1 -1 
876 42 276 642 95 235 -1 -1 -1 -1 
877 42 276 642 94 234 -1 -1 -1 -1 
878 42 277 641 95 235 -1 -1 -1 -1 
879 42 278 642 94 235 -1 -1 -1 -1 
880 42 278 643 95 234 -1 -1 -1 -1 
881 42 280 644 93 231 -1 -1 -1 -1 
882 42 281 645 92 230 -1 -1 -1 -1 
883 42 282 647 93 230 -1 -1 -1 -1 
884 42 284 650 92 229 -1 -1 -1 -1 
885 42 284 651 93 230 -1 -1 -1 -1 
886 42 285 653 92 231 -1 -1 -1 -1 
887 42 286 656 92 229 -1 -1 -1 -1 
888 42 288 658 90 226 -1 -1 -1 -1 
889 42 289 661 89 224 -1 -1 -1 -1 
890 42 290 664 89 221 -1 -1 -1 -1 
891 42 290 666 89 220 -1 -1 -1 -1 
892 42 291 667 88 220 -1 -1 -1 -1 
893 42 293 668 88 222 -1 -1 -1 -1 
894 42 295 669 88 221 -1 -1 -1 -1 
895 42 296 670 88 223 -1 -1 -1 -1 
896 42 296 670 90 223 -1 -1 -1 -1 
897 42 297 670 92 226 -1 -1 -1 -1 
898 42 298 672 92 226 -1 -1 -1 -1 
899 42 299 673 91 226 -1 -1 -1 -1 
900 42 299 674 92 227 -1 -1 -1 -1 
901 42 299 675 93 231 -1 -1 -1 -1 
902 42 299 676 94 234 -1 -1 -1 -1 
903 42 299 678 95 235 -1 -1 -1 -1 
904 42 300 680 95 238 -1 -1 -1 -1 
905 42 300 683 95 237 -1 -1 -1 -1 
906 42 300 685 96 238 -1 -1 -1 -1 
907 42 301 687 94 237 -1 -1 -1 -1 
908 42 301 690 94 237 -1 -1 -1 -1 
909 42 301 692 96 241 -1 -1 -1 -1 
910 42 300 692 97 243 -1 -1 -1 -1 
911 42 299 694 98 246 -1 -1 -1 -1 
912 42 298 695 100 249 -1 -1 -1 -1 
913 42 299 696 99 249 -1 -1 -1 -1 
914 42 300 698 97 244 -1 -1 -1 -1 
915 42 300 699 97 242 -1 -1 -1 -1 
916 42 301 700 96 240 -1 -1 -1 -1 
917 42 302 702 95 237 -1 -1 -1 -1 
918 42 304 704 93 233 -1 -1 -1 -1 
919 42 303 705 94 233 -1 -1 -1 -1 
920 42 304 709 94 233 -1 -1 -1 -1 
921 42 303 710 94 235 -1 -1 -1 -1 
922 42 303 711 95 237 -1 -1 -1 -1 
923 42 303 713 96 237 -1 -1 -1 -1 
924 42 304 717 95 235 -1 -1 -1 -1 
925 42 304 719 95 234 -1 -1 -1 -1 
926 42 305 722 95 235 -1 -1 -1 -1 
927 42 306 725 95 235 -1 -1 -1 -1 
928 42 307 729 94 233 -1 -1 -1 -1 
929 42 308 731 93 230 -1 -1 -1 -1 
930 42 309 733 93 228 -1 -1 -1 -1 
931 42 310 734 92 230 -1 -1 -1 -1 
932 42 311 735 92 228 -1 -1 -1 -1 
933 42 312 736 91 228 -1 -1 -1 -1 
934 42 312 737 92 230 -1 -1 -1 -1 
935 42 313 738 93 232 -1 -1 -1 -1 
936 42 314 739 93 233 -1 -1 -1 -1 
937 42 315 741 93 232 -1 -1 -1 -1 
938 42 316 741 95 237 -1 -1 -1 -1 
939 42 316 742 96 241 -1 -1 -1 -1 
940 42 317 744 97 243 -1 -1 -1 -1 
941 42 316 747 97 244 -1 -1 -1 -1 
942 42 316 750 97 245 -1 -1 -1 -1 
943 42 316 754 97 242 -1 -1 -1 -1 
944 42 316 756 97 241 -1 -1 -1 -1 
945 42 317 758 97 242 -1 -1 -1 -1 
946 42 317 759 99 246 -1 -1 -1 -1 
947 42 316 761 101 251 -1 -1 -1 -1 
948 42 316 763 101 253 -1 -1 -1 -1 
949 42 316 765 101 253 -1 -1 -1 -1 
950 42 316 766 100 251 -1 -1 -1 -1 
951 42 317 768 98 248 -1 -1 -1 -1 
952 42 318 770 97 243 -1 -1 -1 -1 
953 42 319 771 96 242 -1 -1 -1 -1 
954 42 320 772 95 240 -1 -1 -1 -1 
955 42 321 774 96 240 -1 -1 -1 -1 
956 42 322 775 96 241 -1 -1 -1 -1 
957 42 322 777 97 241 -1 -1 -1 -1 
958 42 322 779 97 242 -1 -1 -1 -1 
959 42 321 781 99 243 -1 -1 -1 -1 
960 42 322 783 98 243 -1 -1 -1 -1 
961 42 322 786 98 242 -1 -1 -1 -1 
962 42 323 788 97 240 -1 -1 -1 -1 
963 42 323 791 96 239 -1 -1 -1 -1 
964 42 323 794 96 239 -1 -1 -1 -1 
965 42 323 797 96 240 -1 -1 -1 -1 
966 42 323 800 97 242 -1 -1 -1 -1 
967 42 324 801 96 241 -1 -1 -1 -1 
968 42 324 803 96 240 -1 -1 -1 -1 
969 42 324 804 96 238 -1 -1 -1 -1 
970 42 323 807 98 239 -1 -1 -1 -1 
971 42 323 809 98 238 -1 -1 -1 -1 
972 42 324 810 95 234 -1 -1 -1 -1 
973 42 324 812 96 235 -1 -1 -1 -1 
974 42 324 813 97 239 -1 -1 -1 -1 
975 42 324 814 98 244 -1 -1 -1 -1 
976 42 324 816 99 245 -1 -1 -1 -1 
977 42 324 816 99 247 -1 -1 -1 -1 
978 42 324 819 99 246 -1 -1 -1 -1 
979 42 325 822 98 244 -1 -1 -1 -1 
980 42 325 825 97 241 -1 -1 -1 -1 
981 42 326 828 96 238 -1 -1 -1 -1 
982 42 326 830 96 237 -1 -1 -1 -1 
983 42 326 834 96 234 -1 -1 -1 -1 
984 42 326 836 95 232 -1 -1 -1 -1 
985 42 326 838 95 230 -1 -1 -1 -1 
986 42 326 840 95 228 -1 -1 -1 -1 
987 42 326 839 94 230 -1 -1 -1 -1 
988 42 327 840 93 229 -1 -1 -1 -1 
989 42 327 841 93 228 -1 -1 -1 -1 
990 42 327 844 93 225 -1 -1 -1 -1 
991 42 328 847 92 223 -1 -1 -1 -1 
992 42 329 850 92 222 -1 -1 -1 -1 
993 42 330 852 92 220 -1 -1 -1 -1 
994 42 331 854 92 218 -1 -1 -1 -1 
995 42 333 856 89 215 -1 -1 -1 -1 
996 42 334 858 88 213 -1 -1 -1 -1 
997 42 336 861 86 209 -1 -1 -1 -1 
998 42 337 865 86 206 -1 -1 -1 -1 
999 42 339 868 85 204 -1 -1 -1 -1 
1000 42 341 870 83 201 -1 -1 -1 -1 
1001 42 342 873 81 198 -1 -1 -1 -1 
1002 42 344 875 79 196 -1 -1 -1 -1 
1003 42 346 877 78 194 -1 -1 -1 -1 
1004 42 348 878 77 193 -1 -1 -1 -1 
1005 42 348 881 76 191 -1 -1 -1 -1 
1006 42 350 882 77 190 -1 -1 -1 -1 
1007 42 351 883 78 189 -1 -1 -1 -1 
1008 42 352 885 78 187 -1 -1 -1 -1 
1009 42 354 886 77 186 -1 -1 -1 -1 
1010 42 356 888 76 184 -1 -1 -1 -1 
1011 42 356 890 76 181 -1 -1 -1 -1 
1012 42 357 894 76 178 -1 -1 -1 -1 
1013 42 359 896 74 179 -1 -1 -1 -1 
1014 42 360 898 75 178 -1 -1 -1 -1 
1015 42 362 901 74 176 -1 -1 -1 -1 
1016 42 364 905 73 173 -1 -1 -1 -1 
1017 42 365 908 72 171 -1 -1 -1 -1 
1018 42 366 912 72 168 -1 -1 -1 -1 
1019 42 368 915 70 164 -1 -1 -1 -1 
1020 42 369 919 69 159 -1 -1 -1 -1 
1021 42 370 923 67 155 -1 -1 -1 -1 
1022 42 370 924 67 154 -1 -1 -1 -1 
1023 42 372 925 66 154 -1 -1 -1 -1 
1024 42 371 926 66 152 -1 -1 -1 -1 
1025 42 373 926 66 152 -1 -1 -1 -1 
1026 42 375 927 64 149 -1 -1 -1 -1 
1027 42 375 930 64 147 -1 -1 -1 -1 
1028 42 376 932 64 145 -1 -1 -1 -1 
1029 42 380 933 62 142 -1 -1 -1 -1 
1030 42 384 935 61 139 -1 -1 -1 -1 
1031 42 386 937 60 137 -1 -1 -1 -1 
1032 42 389 941 58 133 -1 -1 -1 -1 
1033 42 392 946 57 129 -1 -1 -1 -1 
1034 42 395 950 55 126 -1 -1 -1 -1 
1035 42 398 950 57 126 -1 -1 -1 -1 
1036 42 403 953 53 124 -1 -1 -1 -1 
1037 42 407 958 52 119 -1 -1 -1 -1 
1038 42 410 962 52 115 -1 -1 -1 -1 
1039 42 413 965 51 111 -1 -1 -1 -1 
262 43 685 316 67 165 -1 -1 -1 -1 
263 43 689 318 69 170 -1 -1 -1 -1 
264 43 695 322 69 171 -1 -1 -1 -1 
265 43 697 324 70 170 -1 -1 -1 -1 
266 43 703 325 69 170 -1 -1 -1 -1 
267 43 707 325 69 169 -1 -1 -1 -1 
268 43 709 326 70 171 -1 -1 -1 -1 
269 43 711 328 69 171 -1 -1 -1 -1 
270 43 712 327 70 174 -1 -1 -1 -1 
271 43 715 327 70 174 -1 -1 -1 -1 
272 43 720 329 69 173 -1 -1 -1 -1 
273 43 725 333 68 169 -1 -1 -1 -1 
274 43 729 334 67 169 -1 -1 -1 -1 
275 43 731 334 67 167 -1 -1 -1 -1 
276 43 735 334 66 168 -1 -1 -1 -1 
277 43 737 335 66 168 -1 -1 -1 -1 
278 43 740 335 66 168 -1 -1 -1 -1 
279 43 744 337 65 168 -1 -1 -1 -1 
280 43 747 339 68 170 -1 -1 -1 -1 
281 43 751 342 67 167 -1 -1 -1 -1 
282 43 753 344 67 165 -1 -1 -1 -1 
283 43 757 345 68 167 -1 -1 -1 -1 
284 43 762 347 68 170 -1 -1 -1 -1 
285 43 766 348 67 169 -1 -1 -1 -1 
286 43 768 350 69 173 -1 -1 -1 -1 
287 43 771 352 70 176 -1 -1 -1 -1 
288 43 772 351 73 181 -1 -1 -1 -1 
289 43 775 350 74 185 -1 -1 -1 -1 
290 43 779 349 74 184 -1 -1 -1 -1 
291 43 784 350 72 180 -1 -1 -1 -1 
292 43 787 351 71 180 -1 -1 -1 -1 
293 43 791 353 71 183 -1 -1 -1 -1 
294 43 792 354 72 182 -1 -1 -1 -1 
295 43 795 356 71 178 -1 -1 -1 -1 
296 43 798 357 70 177 -1 -1 -1 -1 
297 43 802 357 69 178 -1 -1 -1 -1 
298 43 808 359 65 169 -1 -1 -1 -1 
299 43 815 361 60 156 -1 -1 -1 -1 
300 43 820 364 62 158 -1 -1 -1 -1 
307 43 852 363 68 169 -1 -1 -1 -1 
308 43 855 361 68 170 -1 -1 -1 -1 
309 43 857 361 68 171 -1 -1 -1 -1 
310 43 863 366 63 162 -1 -1 -1 -1 
324 43 915 379 67 171 -1 -1 -1 -1 
325 43 918 383 68 171 -1 -1 -1 -1 
326 43 922 384 68 171 -1 -1 -1 -1 
327 43 927 387 67 168 -1 -1 -1 -1 
328 43 929 389 68 170 -1 -1 -1 -1 
329 43 934 390 67 172 -1 -1 -1 -1 
330 43 937 391 69 174 -1 -1 -1 -1 
331 43 940 393 70 174 -1 -1 -1 -1 
332 43 944 395 69 174 -1 -1 -1 -1 
333 43 947 395 69 175 -1 -1 -1 -1 
334 43 950 395 69 175 -1 -1 -1 -1 
335 43 954 394 69 177 -1 -1 -1 -1 
336 43 956 393 69 179 -1 -1 -1 -1 
337 43 958 394 70 178 -1 -1 -1 -1 
338 43 961 395 69 177 -1 -1 -1 -1 
339 43 964 397 70 177 -1 -1 -1 -1 
340 43 965 399 71 176 -1 -1 -1 -1 
341 43 969 401 70 175 -1 -1 -1 -1 
342 43 973 402 69 174 -1 -1 -1 -1 
343 43 976 405 68 171 -1 -1 -1 -1 
344 43 980 407 67 171 -1 -1 -1 -1 
345 43 985 409 66 171 -1 -1 -1 -1 
346 43 987 409 68 173 -1 -1 -1 -1 
347 43 990 412 68 172 -1 -1 -1 -1 
348 43 993 413 68 171 -1 -1 -1 -1 
349 43 995 414 70 174 -1 -1 -1 -1 
350 43 998 413 71 178 -1 -1 -1 -1 
351 43 1001 414 72 180 -1 -1 -1 -1 
352 43 1005 413 70 180 -1 -1 -1 -1 
353 43 1008 414 72 180 -1 -1 -1 -1 
354 43 1012 416 72 180 -1 -1 -1 -1 
355 43 1015 418 72 179 -1 -1 -1 -1 
356 43 1019 421 72 178 -1 -1 -1 -1 
357 43 1023 421 72 180 -1 -1 -1 -1 
358 43 1024 422 72 179 -1 -1 -1 -1 
359 43 1027 426 71 177 -1 -1 -1 -1 
360 43 1030 426 71 179 -1 -1 -1 -1 
361 43 1035 428 71 178 -1 -1 -1 -1 
362 43 1039 430 71 177 -1 -1 -1 -1 
363 43 1043 432 71 177 -1 -1 -1 -1 
364 43 1046 433 70 177 -1 -1 -1 -1 
365 43 1049 432 70 178 -1 -1 -1 -1 
366 43 1051 431 71 180 -1 -1 -1 -1 
367 43 1053 430 72 183 -1 -1 -1 -1 
368 43 1055 431 72 183 -1 -1 -1 -1 
369 43 1057 433 74 182 -1 -1 -1 -1 
370 43 1061 435 73 182 -1 -1 -1 -1 
371 43 1065 437 71 180 -1 -1 -1 -1 
372 43 1067 439 72 180 -1 -1 -1 -1 
373 43 1070 440 71 180 -1 -1 -1 -1 
374 43 1073 442 70 180 -1 -1 -1 -1 
375 43 1076 444 69 179 -1 -1 -1 -1 
376 43 1077 446 72 181 -1 -1 -1 -1 
377 43 1080 448 73 183 -1 -1 -1 -1 
378 43 1084 450 72 182 -1 -1 -1 -1 
379 43 1087 450 73 184 -1 -1 -1 -1 
380 43 1090 449 74 187 -1 -1 -1 -1 
381 43 1093 450 74 188 -1 -1 -1 -1 
382 43 1096 451 74 188 -1 -1 -1 -1 
383 43 1100 451 73 185 -1 -1 -1 -1 
384 43 1103 453 74 184 -1 -1 -1 -1 
385 43 1107 455 74 184 -1 -1 -1 -1 
386 43 1111 459 74 182 -1 -1 -1 -1 
387 43 1115 460 73 182 -1 -1 -1 -1 
388 43 1118 462 73 180 -1 -1 -1 -1 
389 43 1123 465 72 179 -1 -1 -1 -1 
390 43 1125 467 73 181 -1 -1 -1 -1 
391 43 1129 469 74 183 -1 -1 -1 -1 
392 43 1133 471 74 184 -1 -1 -1 -1 
393 43 1137 471 75 186 -1 -1 -1 -1 
394 43 1140 471 76 188 -1 -1 -1 -1 
395 43 1144 471 75 189 -1 -1 -1 -1 
396 43 1146 471 75 189 -1 -1 -1 -1 
397 43 1149 472 75 188 -1 -1 -1 -1 
398 43 1153 473 75 187 -1 -1 -1 -1 
399 43 1156 473 75 187 -1 -1 -1 -1 
400 43 1160 473 75 188 -1 -1 -1 -1 
401 43 1163 475 74 187 -1 -1 -1 -1 
402 43 1168 479 73 183 -1 -1 -1 -1 
403 43 1172 480 72 182 -1 -1 -1 -1 
404 43 1177 484 73 181 -1 -1 -1 -1 
405 43 1181 484 73 183 -1 -1 -1 -1 
406 43 1186 487 72 181 -1 -1 -1 -1 
407 43 1190 487 73 184 -1 -1 -1 -1 
408 43 1193 490 75 186 -1 -1 -1 -1 
409 43 1197 490 76 188 -1 -1 -1 -1 
410 43 1201 489 77 191 -1 -1 -1 -1 
411 43 1206 489 77 191 -1 -1 -1 -1 
412 43 1210 489 77 192 -1 -1 -1 -1 
413 43 1214 487 78 195 -1 -1 -1 -1 
414 43 1219 488 77 194 -1 -1 -1 -1 
415 43 1223 488 78 195 -1 -1 -1 -1 
416 43 1228 492 78 192 -1 -1 -1 -1 
417 43 1234 493 76 190 -1 -1 -1 -1 
418 43 1239 494 76 190 -1 -1 -1 -1 
419 43 1243 498 75 187 -1 -1 -1 -1 
420 43 1246 497 76 191 -1 -1 -1 -1 
421 43 1251 500 78 191 -1 -1 -1 -1 
422 43 1257 502 78 194 -1 -1 -1 -1 
423 43 1262 503 79 196 -1 -1 -1 -1 
424 43 1268 506 78 195 -1 -1 -1 -1 
425 43 1273 504 80 198 -1 -1 -1 -1 
426 43 1277 505 80 196 -1 -1 -1 -1 
427 43 1281 504 78 195 -1 -1 -1 -1 
428 43 1285 504 78 195 -1 -1 -1 -1 
429 43 1288 506 78 195 -1 -1 -1 -1 
430 43 1291 509 78 193 -1 -1 -1 -1 
431 43 1296 511 79 194 -1 -1 -1 -1 
432 43 1302 512 79 195 -1 -1 -1 -1 
433 43 1308 509 79 197 -1 -1 -1 -1 
434 43 1313 513 78 194 -1 -1 -1 -1 
435 43 1320 520 76 188 -1 -1 -1 -1 
436 43 1327 525 74 182 -1 -1 -1 -1 
437 43 1333 527 74 183 -1 -1 -1 -1 
438 43 1337 530 76 187 -1 -1 -1 -1 
439 43 1341 529 76 188 -1 -1 -1 -1 
440 43 1345 527 77 191 -1 -1 -1 -1 
441 43 1350 527 77 191 -1 -1 -1 -1 
442 43 1353 528 77 191 -1 -1 -1 -1 
443 43 1359 529 77 194 -1 -1 -1 -1 
444 43 1363 530 77 193 -1 -1 -1 -1 
445 43 1369 530 76 191 -1 -1 -1 -1 
446 43 1383 531 76 188 -1 -1 -1 -1 
447 43 1392 536 68 166 -1 -1 -1 -1 
448 43 1398 541 63 151 -1 -1 -1 -1 
449 43 1401 541 69 174 -1 -1 -1 -1 
450 43 1403 542 73 182 -1 -1 -1 -1 
451 43 1410 542 75 188 -1 -1 -1 -1 
452 43 1415 543 76 192 -1 -1 -1 -1 
453 43 1421 545 75 190 -1 -1 -1 -1 
454 43 1426 546 74 188 -1 -1 -1 -1 
455 43 1430 546 76 189 -1 -1 -1 -1 
456 43 1434 544 76 191 -1 -1 -1 -1 
457 43 1439 544 75 186 -1 -1 -1 -1 
458 43 1447 545 71 180 -1 -1 -1 -1 
459 43 1450 545 73 183 -1 -1 -1 -1 
460 43 1453 548 73 184 -1 -1 -1 -1 
461 43 1459 553 74 184 -1 -1 -1 -1 
462 43 1467 555 72 178 -1 -1 -1 -1 
463 43 1474 559 70 175 -1 -1 -1 -1 
464 43 1481 559 73 183 -1 -1 -1 -1 
465 43 1488 562 74 185 -1 -1 -1 -1 
466 43 1491 559 78 192 -1 -1 -1 -1 
467 43 1496 561 78 192 -1 -1 -1 -1 
468 43 1499 561 79 194 -1 -1 -1 -1 
469 43 1502 562 79 192 -1 -1 -1 -1 
470 43 1508 565 78 189 -1 -1 -1 -1 
481 43 1580 577 62 151 -1 -1 -1 -1 
482 43 1585 579 62 151 -1 -1 -1 -1 
483 43 1588 580 62 150 -1 -1 -1 -1 
484 43 1592 581 61 148 -1 -1 -1 -1 
485 43 1597 579 60 149 -1 -1 -1 -1 
486 43 1601 581 60 145 -1 -1 -1 -1 
487 43 1606 582 59 145 -1 -1 -1 -1 
488 43 1603 579 72 181 -1 -1 -1 -1 
489 43 1604 577 79 195 -1 -1 -1 -1 
490 43 1605 577 83 205 -1 -1 -1 -1 
491 43 1608 578 84 207 -1 -1 -1 -1 
492 43 1614 579 83 208 -1 -1 -1 -1 
493 43 1618 579 85 208 -1 -1 -1 -1 
494 43 1622 582 84 206 -1 -1 -1 -1 
495 43 1626 582 83 207 -1 -1 -1 -1 
496 43 1634 588 82 206 -1 -1 -1 -1 
497 43 1640 596 80 202 -1 -1 -1 -1 
498 43 1645 600 80 200 -1 -1 -1 -1 
499 43 1648 602 79 198 -1 -1 -1 -1 
500 43 1649 598 81 201 -1 -1 -1 -1 
501 43 1655 597 81 203 -1 -1 -1 -1 
502 43 1658 598 82 203 -1 -1 -1 -1 
503 43 1663 600 81 200 -1 -1 -1 -1 
504 43 1668 601 81 201 -1 -1 -1 -1 
505 43 1672 605 80 199 -1 -1 -1 -1 
506 43 1678 608 81 199 -1 -1 -1 -1 
507 43 1684 611 79 197 -1 -1 -1 -1 
508 43 1689 615 78 194 -1 -1 -1 -1 
509 43 1695 617 77 192 -1 -1 -1 -1 
510 43 1698 621 78 190 -1 -1 -1 -1 
511 43 1702 622 79 196 -1 -1 -1 -1 
512 43 1706 622 80 198 -1 -1 -1 -1 
513 43 1711 624 79 196 -1 -1 -1 -1 
514 43 1716 624 79 197 -1 -1 -1 -1 
515 43 1720 624 80 200 -1 -1 -1 -1 
516 43 1724 627 80 198 -1 -1 -1 -1 
517 43 1728 628 80 197 -1 -1 -1 -1 
518 43 1732 630 79 196 -1 -1 -1 -1 
519 43 1736 631 78 195 -1 -1 -1 -1 
520 43 1739 633 79 196 -1 -1 -1 -1 
521 43 1741 635 79 200 -1 -1 -1 -1 
522 43 1747 638 78 196 -1 -1 -1 -1 
523 43 1752 641 78 194 -1 -1 -1 -1 
524 43 1755 645 78 194 -1 -1 -1 -1 
525 43 1763 649 69 172 -1 -1 -1 -1 
526 43 1767 651 70 174 -1 -1 -1 -1 
527 43 1772 652 71 175 -1 -1 -1 -1 
528 43 1775 654 73 179 -1 -1 -1 -1 
529 43 1777 655 74 184 -1 -1 -1 -1 
530 43 1781 654 75 190 -1 -1 -1 -1 
531 43 1782 654 79 198 -1 -1 -1 -1 
532 43 1786 656 79 200 -1 -1 -1 -1 
533 43 1788 657 80 202 -1 -1 -1 -1 
551 43 1865 693 54 195 -1 -1 -1 -1 
552 43 1867 695 53 202 -1 -1 -1 -1 
553 43 1872 696 48 196 -1 -1 -1 -1 
554 43 1869 698 51 209 -1 -1 -1 -1 
334 44 252 87 62 150 -1 -1 -1 -1 
335 44 251 87 63 151 -1 -1 -1 -1 
336 44 250 86 64 153 -1 -1 -1 -1 
337 44 250 86 64 153 -1 -1 -1 -1 
338 44 249 85 64 154 -1 -1 -1 -1 
339 44 249 85 64 154 -1 -1 -1 -1 
340 44 248 84 65 156 -1 -1 -1 -1 
341 44 248 85 65 156 -1 -1 -1 -1 
342 44 248 85 64 155 -1 -1 -1 -1 
343 44 248 84 64 156 -1 -1 -1 -1 
344 44 248 84 63 156 -1 -1 -1 -1 
345 44 248 84 63 155 -1 -1 -1 -1 
346 44 247 84 64 155 -1 -1 -1 -1 
347 44 247 83 64 156 -1 -1 -1 -1 
348 44 247 82 64 157 -1 -1 -1 -1 
349 44 247 82 64 157 -1 -1 -1 -1 
350 44 247 82 64 157 -1 -1 -1 -1 
351 44 248 82 64 158 -1 -1 -1 -1 
352 44 248 82 64 158 -1 -1 -1 -1 
353 44 247 83 65 158 -1 -1 -1 -1 
354 44 247 82 65 160 -1 -1 -1 -1 
355 44 247 82 65 159 -1 -1 -1 -1 
356 44 247 81 65 161 -1 -1 -1 -1 
357 44 246 81 65 159 -1 -1 -1 -1 
358 44 247 83 64 158 -1 -1 -1 -1 
359 44 247 84 64 158 -1 -1 -1 -1 
360 44 247 85 64 158 -1 -1 -1 -1 
361 44 247 85 65 159 -1 -1 -1 -1 
362 44 246 83 66 162 -1 -1 -1 -1 
363 44 246 83 66 162 -1 -1 -1 -1 
364 44 246 82 66 162 -1 -1 -1 -1 
365 44 247 83 65 160 -1 -1 -1 -1 
366 44 247 82 66 162 -1 -1 -1 -1 
367 44 247 82 66 161 -1 -1 -1 -1 
368 44 247 82 66 160 -1 -1 -1 -1 
369 44 247 82 66 160 -1 -1 -1 -1 
370 44 247 82 66 160 -1 -1 -1 -1 
371 44 247 83 66 159 -1 -1 -1 -1 
372 44 248 83 65 159 -1 -1 -1 -1 
373 44 248 84 65 159 -1 -1 -1 -1 
374 44 248 85 66 160 -1 -1 -1 -1 
375 44 249 88 66 159 -1 -1 -1 -1 
376 44 248 87 68 163 -1 -1 -1 -1 
377 44 248 90 69 165 -1 -1 -1 -1 
378 44 241 101 68 165 -1 -1 -1 -1 
379 44 236 105 69 169 -1 -1 -1 -1 
380 44 235 107 68 168 -1 -1 -1 -1 
381 44 236 109 66 164 -1 -1 -1 -1 
382 44 236 112 62 156 -1 -1 -1 -1 
383 44 237 113 60 153 -1 -1 -1 -1 
384 44 238 114 59 151 -1 -1 -1 -1 
385 44 238 114 59 151 -1 -1 -1 -1 
348 45 1872 60 47 149 -1 -1 -1 -1 
349 45 1870 59 50 149 -1 -1 -1 -1 
350 45 1867 60 53 149 -1 -1 -1 -1 
351 45 1866 61 54 147 -1 -1 -1 -1 
352 45 1863 61 55 147 -1 -1 -1 -1 
353 45 1859 60 58 147 -1 -1 -1 -1 
354 45 1857 60 59 145 -1 -1 -1 -1 
355 45 1856 59 58 146 -1 -1 -1 -1 
356 45 1853 58 60 147 -1 -1 -1 -1 
357 45 1852 59 60 147 -1 -1 -1 -1 
358 45 1851 61 59 146 -1 -1 -1 -1 
359 45 1850 65 59 144 -1 -1 -1 -1 
360 45 1846 64 60 146 -1 -1 -1 -1 
361 45 1843 59 60 149 -1 -1 -1 -1 
362 45 1840 59 60 151 -1 -1 -1 -1 
363 45 1838 62 60 150 -1 -1 -1 -1 
364 45 1835 65 61 151 -1 -1 -1 -1 
365 45 1834 67 61 150 -1 -1 -1 -1 
366 45 1830 68 62 152 -1 -1 -1 -1 
367 45 1827 69 62 152 -1 -1 -1 -1 
368 45 1825 69 62 153 -1 -1 -1 -1 
369 45 1823 70 61 152 -1 -1 -1 -1 
370 45 1822 71 61 151 -1 -1 -1 -1 
371 45 1821 72 61 149 -1 -1 -1 -1 
372 45 1821 72 60 148 -1 -1 -1 -1 
373 45 1819 70 61 150 -1 -1 -1 -1 
374 45 1818 70 61 151 -1 -1 -1 -1 
375 45 1815 67 62 154 -1 -1 -1 -1 
376 45 1812 65 63 156 -1 -1 -1 -1 
377 45 1810 65 63 156 -1 -1 -1 -1 
378 45 1811 66 62 155 -1 -1 -1 -1 
379 45 1813 70 60 150 -1 -1 -1 -1 
380 45 1808 68 62 155 -1 -1 -1 -1 
381 45 1777 50 73 190 -1 -1 -1 -1 
349 46 1607 0 57 129 -1 -1 -1 -1 
350 46 1608 0 56 129 -1 -1 -1 -1 
351 46 1607 0 58 131 -1 -1 -1 -1 
352 46 1608 0 57 133 -1 -1 -1 -1 
353 46 1609 0 58 136 -1 -1 -1 -1 
354 46 1611 0 59 138 -1 -1 -1 -1 
355 46 1613 0 59 139 -1 -1 -1 -1 
356 46 1614 0 59 140 -1 -1 -1 -1 
357 46 1614 0 60 142 -1 -1 -1 -1 
358 46 1615 0 60 144 -1 -1 -1 -1 
359 46 1615 0 61 147 -1 -1 -1 -1 
360 46 1615 0 62 149 -1 -1 -1 -1 
361 46 1616 0 62 152 -1 -1 -1 -1 
362 46 1616 0 63 154 -1 -1 -1 -1 
363 46 1618 0 62 153 -1 -1 -1 -1 
364 46 1619 0 63 152 -1 -1 -1 -1 
365 46 1621 0 63 152 -1 -1 -1 -1 
366 46 1623 0 63 154 -1 -1 -1 -1 
367 46 1624 0 64 156 -1 -1 -1 -1 
368 46 1625 1 64 157 -1 -1 -1 -1 
369 46 1626 4 62 154 -1 -1 -1 -1 
370 46 1628 8 61 152 -1 -1 -1 -1 
371 46 1628 10 61 152 -1 -1 -1 -1 
372 46 1629 12 61 152 -1 -1 -1 -1 
373 46 1629 12 62 154 -1 -1 -1 -1 
374 46 1630 13 61 154 -1 -1 -1 -1 
375 46 1631 13 63 156 -1 -1 -1 -1 
376 46 1632 13 63 156 -1 -1 -1 -1 
377 46 1632 12 64 157 -1 -1 -1 -1 
378 46 1632 13 65 156 -1 -1 -1 -1 
379 46 1632 12 64 157 -1 -1 -1 -1 
380 46 1632 12 65 160 -1 -1 -1 -1 
381 46 1632 13 65 160 -1 -1 -1 -1 
382 46 1632 16 64 159 -1 -1 -1 -1 
383 46 1632 18 63 159 -1 -1 -1 -1 
384 46 1633 21 62 157 -1 -1 -1 -1 
385 46 1635 24 60 153 -1 -1 -1 -1 
386 46 1635 26 59 151 -1 -1 -1 -1 
387 46 1634 27 61 153 -1 -1 -1 -1 
388 46 1632 28 63 158 -1 -1 -1 -1 
389 46 1631 29 64 160 -1 -1 -1 -1 
390 46 1631 28 65 163 -1 -1 -1 -1 
391 46 1633 28 64 163 -1 -1 -1 -1 
392 46 1633 29 64 162 -1 -1 -1 -1 
393 46 1634 30 64 161 -1 -1 -1 -1 
394 46 1636 32 64 159 -1 -1 -1 -1 
395 46 1638 34 63 159 -1 -1 -1 -1 
396 46 1638 36 64 158 -1 -1 -1 -1 
397 46 1639 37 64 158 -1 -1 -1 -1 
398 46 1640 41 63 157 -1 -1 -1 -1 
399 46 1642 43 63 157 -1 -1 -1 -1 
400 46 1643 45 62 158 -1 -1 -1 -1 
401 46 1643 47 63 159 -1 -1 -1 -1 
402 46 1643 47 64 160 -1 -1 -1 -1 
403 46 1643 47 64 162 -1 -1 -1 -1 
404 46 1645 48 63 159 -1 -1 -1 -1 
405 46 1645 49 63 159 -1 -1 -1 -1 
406 46 1646 50 64 160 -1 -1 -1 -1 
407 46 1647 50 65 161 -1 -1 -1 -1 
408 46 1646 49 66 165 -1 -1 -1 -1 
409 46 1646 49 67 165 -1 -1 -1 -1 
410 46 1647 51 67 167 -1 -1 -1 -1 
411 46 1649 54 66 165 -1 -1 -1 -1 
412 46 1652 58 64 161 -1 -1 -1 -1 
413 46 1653 61 64 160 -1 -1 -1 -1 
414 46 1654 62 64 160 -1 -1 -1 -1 
415 46 1655 63 63 160 -1 -1 -1 -1 
416 46 1656 65 64 162 -1 -1 -1 -1 
417 46 1657 67 65 162 -1 -1 -1 -1 
418 46 1658 68 65 162 -1 -1 -1 -1 
419 46 1659 69 65 162 -1 -1 -1 -1 
420 46 1661 69 65 163 -1 -1 -1 -1 
421 46 1662 68 67 168 -1 -1 -1 -1 
422 46 1664 68 66 166 -1 -1 -1 -1 
423 46 1666 68 66 166 -1 -1 -1 -1 
424 46 1668 70 66 165 -1 -1 -1 -1 
425 46 1671 73 65 164 -1 -1 -1 -1 
426 46 1672 75 65 164 -1 -1 -1 -1 
427 46 1673 79 64 160 -1 -1 -1 -1 
428 46 1675 82 63 158 -1 -1 -1 -1 
429 46 1676 84 63 158 -1 -1 -1 -1 
430 46 1675 85 65 160 -1 -1 -1 -1 
431 46 1677 86 66 162 -1 -1 -1 -1 
432 46 1678 87 65 161 -1 -1 -1 -1 
433 46 1679 88 66 161 -1 -1 -1 -1 
434 46 1681 88 65 162 -1 -1 -1 -1 
435 46 1681 87 67 165 -1 -1 -1 -1 
436 46 1682 87 68 165 -1 -1 -1 -1 
437 46 1684 87 68 167 -1 -1 -1 -1 
438 46 1685 88 68 169 -1 -1 -1 -1 
439 46 1685 89 71 174 -1 -1 -1 -1 
440 46 1687 92 70 174 -1 -1 -1 -1 
441 46 1690 95 69 173 -1 -1 -1 -1 
442 46 1692 99 68 168 -1 -1 -1 -1 
443 46 1694 103 67 166 -1 -1 -1 -1 
444 46 1695 105 67 165 -1 -1 -1 -1 
445 46 1697 106 67 165 -1 -1 -1 -1 
446 46 1700 107 67 165 -1 -1 -1 -1 
447 46 1701 107 67 165 -1 -1 -1 -1 
448 46 1703 106 66 167 -1 -1 -1 -1 
449 46 1704 107 68 168 -1 -1 -1 -1 
450 46 1709 107 66 163 -1 -1 -1 -1 
451 46 1712 106 66 164 -1 -1 -1 -1 
452 46 1711 107 66 165 -1 -1 -1 -1 
453 46 1710 108 66 165 -1 -1 -1 -1 
454 46 1710 114 64 157 -1 -1 -1 -1 
455 46 1703 76 61 153 -1 -1 -1 -1 
456 46 1698 61 63 156 -1 -1 -1 -1 
457 46 1696 57 63 156 -1 -1 -1 -1 
458 46 1693 56 64 157 -1 -1 -1 -1 
459 46 1690 55 63 156 -1 -1 -1 -1 
460 46 1688 54 63 157 -1 -1 -1 -1 
461 46 1685 53 63 158 -1 -1 -1 -1 
462 46 1681 52 64 160 -1 -1 -1 -1 
463 46 1677 52 64 158 -1 -1 -1 -1 
464 46 1674 53 64 157 -1 -1 -1 -1 
465 46 1672 52 64 158 -1 -1 -1 -1 
466 46 1670 52 63 158 -1 -1 -1 -1 
467 46 1668 51 63 159 -1 -1 -1 -1 
468 46 1667 49 63 160 -1 -1 -1 -1 
469 46 1663 49 64 160 -1 -1 -1 -1 
470 46 1661 48 65 162 -1 -1 -1 -1 
471 46 1659 46 66 164 -1 -1 -1 -1 
472 46 1658 44 66 166 -1 -1 -1 -1 
473 46 1655 43 66 165 -1 -1 -1 -1 
474 46 1652 42 66 163 -1 -1 -1 -1 
475 46 1651 41 64 160 -1 -1 -1 -1 
476 46 1648 41 65 161 -1 -1 -1 -1 
477 46 1646 41 65 162 -1 -1 -1 -1 
478 46 1645 41 65 162 -1 -1 -1 -1 
479 46 1644 41 64 162 -1 -1 -1 -1 
480 46 1643 42 64 161 -1 -1 -1 -1 
481 46 1641 42 65 163 -1 -1 -1 -1 
482 46 1641 41 64 164 -1 -1 -1 -1 
483 46 1640 41 63 162 -1 -1 -1 -1 
484 46 1639 39 63 160 -1 -1 -1 -1 
485 46 1636 40 64 160 -1 -1 -1 -1 
486 46 1633 38 64 159 -1 -1 -1 -1 
487 46 1631 36 65 162 -1 -1 -1 -1 
488 46 1629 34 65 163 -1 -1 -1 -1 
489 46 1628 33 65 162 -1 -1 -1 -1 
490 46 1628 32 63 160 -1 -1 -1 -1 
491 46 1627 31 63 160 -1 -1 -1 -1 
492 46 1625 31 65 161 -1 -1 -1 -1 
493 46 1624 30 64 162 -1 -1 -1 -1 
494 46 1623 30 65 163 -1 -1 -1 -1 
495 46 1621 29 65 165 -1 -1 -1 -1 
496 46 1621 29 65 164 -1 -1 -1 -1 
497 46 1620 29 65 163 -1 -1 -1 -1 
498 46 1619 30 65 161 -1 -1 -1 -1 
499 46 1619 30 64 161 -1 -1 -1 -1 
500 46 1617 28 65 162 -1 -1 -1 -1 
501 46 1616 27 65 164 -1 -1 -1 -1 
502 46 1615 26 64 163 -1 -1 -1 -1 
503 46 1613 24 65 164 -1 -1 -1 -1 
504 46 1611 22 66 164 -1 -1 -1 -1 
505 46 1609 20 66 165 -1 -1 -1 -1 
506 46 1609 19 66 163 -1 -1 -1 -1 
507 46 1609 18 64 161 -1 -1 -1 -1 
508 46 1608 17 64 160 -1 -1 -1 -1 
509 46 1607 16 64 160 -1 -1 -1 -1 
510 46 1606 15 65 161 -1 -1 -1 -1 
511 46 1605 14 65 163 -1 -1 -1 -1 
512 46 1605 14 65 162 -1 -1 -1 -1 
513 46 1604 14 65 162 -1 -1 -1 -1 
514 46 1604 14 65 163 -1 -1 -1 -1 
515 46 1604 14 65 163 -1 -1 -1 -1 
516 46 1603 14 66 162 -1 -1 -1 -1 
517 46 1604 13 65 162 -1 -1 -1 -1 
518 46 1604 12 65 163 -1 -1 -1 -1 
519 46 1604 10 65 165 -1 -1 -1 -1 
520 46 1604 9 65 165 -1 -1 -1 -1 
521 46 1604 8 64 160 -1 -1 -1 -1 
522 46 1603 5 63 161 -1 -1 -1 -1 
523 46 1603 3 63 161 -1 -1 -1 -1 
524 46 1602 2 63 161 -1 -1 -1 -1 
525 46 1602 2 62 159 -1 -1 -1 -1 
526 46 1601 1 63 162 -1 -1 -1 -1 
527 46 1600 0 63 163 -1 -1 -1 -1 
528 46 1599 0 64 166 -1 -1 -1 -1 
529 46 1598 0 65 166 -1 -1 -1 -1 
530 46 1597 0 65 167 -1 -1 -1 -1 
531 46 1596 0 66 168 -1 -1 -1 -1 
532 46 1596 0 66 165 -1 -1 -1 -1 
533 46 1596 0 66 164 -1 -1 -1 -1 
534 46 1596 0 65 163 -1 -1 -1 -1 
535 46 1595 0 66 162 -1 -1 -1 -1 
536 46 1594 0 66 162 -1 -1 -1 -1 
537 46 1593 0 66 160 -1 -1 -1 -1 
538 46 1593 0 65 158 -1 -1 -1 -1 
539 46 1593 0 64 156 -1 -1 -1 -1 
540 46 1593 0 62 152 -1 -1 -1 -1 
541 46 1592 0 61 149 -1 -1 -1 -1 
542 46 1592 0 60 143 -1 -1 -1 -1 
543 46 1593 0 58 141 -1 -1 -1 -1 
544 46 1593 0 57 139 -1 -1 -1 -1 
545 46 1592 0 57 138 -1 -1 -1 -1 
546 46 1591 0 56 137 -1 -1 -1 -1 
547 46 1591 0 55 136 -1 -1 -1 -1 
548 46 1590 0 55 135 -1 -1 -1 -1 
549 46 1589 0 55 136 -1 -1 -1 -1 
550 46 1587 0 57 136 -1 -1 -1 -1 
551 46 1587 0 57 136 -1 -1 -1 -1 
552 46 1586 0 57 136 -1 -1 -1 -1 
553 46 1585 0 57 137 -1 -1 -1 -1 
554 46 1584 0 57 136 -1 -1 -1 -1 
555 46 1584 0 56 135 -1 -1 -1 -1 
556 46 1584 0 55 133 -1 -1 -1 -1 
557 46 1585 0 54 133 -1 -1 -1 -1 
558 46 1584 1 53 131 -1 -1 -1 -1 
559 46 1582 0 54 132 -1 -1 -1 -1 
560 46 1581 0 54 133 -1 -1 -1 -1 
561 46 1581 1 54 132 -1 -1 -1 -1 
562 46 1580 2 54 131 -1 -1 -1 -1 
563 46 1580 1 53 132 -1 -1 -1 -1 
564 46 1578 2 53 131 -1 -1 -1 -1 
565 46 1579 3 52 129 -1 -1 -1 -1 
566 46 1578 2 53 130 -1 -1 -1 -1 
567 46 1579 2 52 129 -1 -1 -1 -1 
568 46 1580 5 51 126 -1 -1 -1 -1 
569 46 1581 7 51 125 -1 -1 -1 -1 
570 46 1581 7 50 124 -1 -1 -1 -1 
571 46 1576 3 52 127 -1 -1 -1 -1 
572 46 1575 2 51 125 -1 -1 -1 -1 
573 46 1573 1 51 124 -1 -1 -1 -1 
574 46 1573 1 50 124 -1 -1 -1 -1 
575 46 1572 1 50 122 -1 -1 -1 -1 
576 46 1572 1 49 123 -1 -1 -1 -1 
577 46 1571 0 50 124 -1 -1 -1 -1 
578 46 1570 0 50 125 -1 -1 -1 -1 
579 46 1570 1 50 124 -1 -1 -1 -1 
580 46 1569 1 50 125 -1 -1 -1 -1 
581 46 1569 2 50 124 -1 -1 -1 -1 
359 47 1814 469 77 190 -1 -1 -1 -1 
360 47 1813 468 79 193 -1 -1 -1 -1 
361 47 1812 468 79 193 -1 -1 -1 -1 
362 47 1810 466 79 193 -1 -1 -1 -1 
363 47 1808 463 80 196 -1 -1 -1 -1 
364 47 1807 459 81 199 -1 -1 -1 -1 
365 47 1806 457 82 199 -1 -1 -1 -1 
366 47 1804 454 83 201 -1 -1 -1 -1 
367 47 1804 453 82 202 -1 -1 -1 -1 
368 47 1803 453 82 202 -1 -1 -1 -1 
369 47 1801 451 82 200 -1 -1 -1 -1 
370 47 1801 450 81 199 -1 -1 -1 -1 
371 47 1800 448 82 203 -1 -1 -1 -1 
372 47 1800 449 81 203 -1 -1 -1 -1 
373 47 1799 448 82 204 -1 -1 -1 -1 
374 47 1797 447 82 204 -1 -1 -1 -1 
375 47 1796 447 81 202 -1 -1 -1 -1 
376 47 1796 446 80 199 -1 -1 -1 -1 
377 47 1795 446 80 197 -1 -1 -1 -1 
378 47 1794 445 79 195 -1 -1 -1 -1 
379 47 1793 444 79 195 -1 -1 -1 -1 
380 47 1792 442 79 197 -1 -1 -1 -1 
381 47 1792 442 78 196 -1 -1 -1 -1 
382 47 1791 441 77 196 -1 -1 -1 -1 
383 47 1789 437 78 196 -1 -1 -1 -1 
384 47 1789 435 76 192 -1 -1 -1 -1 
385 47 1787 433 76 191 -1 -1 -1 -1 
386 47 1786 432 75 189 -1 -1 -1 -1 
387 47 1784 431 76 191 -1 -1 -1 -1 
388 47 1782 431 76 190 -1 -1 -1 -1 
389 47 1781 430 75 189 -1 -1 -1 -1 
390 47 1779 429 77 191 -1 -1 -1 -1 
391 47 1779 428 77 191 -1 -1 -1 -1 
392 47 1778 427 77 191 -1 -1 -1 -1 
393 47 1778 426 77 193 -1 -1 -1 -1 
394 47 1775 426 78 194 -1 -1 -1 -1 
395 47 1773 426 75 189 -1 -1 -1 -1 
396 47 1771 426 75 190 -1 -1 -1 -1 
397 47 1769 427 73 186 -1 -1 -1 -1 
398 47 1767 425 73 188 -1 -1 -1 -1 
399 47 1764 424 74 188 -1 -1 -1 -1 
400 47 1762 423 74 188 -1 -1 -1 -1 
401 47 1760 422 72 182 -1 -1 -1 -1 
402 47 1757 420 72 182 -1 -1 -1 -1 
403 47 1753 418 73 184 -1 -1 -1 -1 
404 47 1750 413 72 184 -1 -1 -1 -1 
405 47 1749 410 71 183 -1 -1 -1 -1 
406 47 1748 408 72 181 -1 -1 -1 -1 
407 47 1746 408 72 180 -1 -1 -1 -1 
408 47 1744 407 71 180 -1 -1 -1 -1 
431 47 1697 381 72 180 -1 -1 -1 -1 
432 47 1695 380 71 179 -1 -1 -1 -1 
433 47 1695 380 69 176 -1 -1 -1 -1 
434 47 1694 379 68 173 -1 -1 -1 -1 
435 47 1694 380 65 168 -1 -1 -1 -1 
436 47 1691 380 67 168 -1 -1 -1 -1 
437 47 1689 379 69 170 -1 -1 -1 -1 
438 47 1688 379 68 170 -1 -1 -1 -1 
439 47 1686 380 67 167 -1 -1 -1 -1 
440 47 1683 378 69 168 -1 -1 -1 -1 
441 47 1679 375 71 170 -1 -1 -1 -1 
442 47 1675 372 70 173 -1 -1 -1 -1 
443 47 1673 369 70 175 -1 -1 -1 -1 
444 47 1671 366 71 178 -1 -1 -1 -1 
445 47 1671 365 72 179 -1 -1 -1 -1 
446 47 1672 365 71 178 -1 -1 -1 -1 
447 47 1672 365 71 177 -1 -1 -1 -1 
448 47 1671 363 71 180 -1 -1 -1 -1 
449 47 1669 361 73 182 -1 -1 -1 -1 
450 47 1667 360 73 183 -1 -1 -1 -1 
451 47 1664 360 72 181 -1 -1 -1 -1 
452 47 1662 359 72 180 -1 -1 -1 -1 
453 47 1662 359 69 176 -1 -1 -1 -1 
454 47 1661 360 69 173 -1 -1 -1 -1 
455 47 1660 360 69 174 -1 -1 -1 -1 
456 47 1659 361 68 172 -1 -1 -1 -1 
457 47 1657 361 69 172 -1 -1 -1 -1 
458 47 1655 360 70 174 -1 -1 -1 -1 
459 47 1653 358 71 177 -1 -1 -1 -1 
460 47 1652 357 70 175 -1 -1 -1 -1 
461 47 1650 356 70 174 -1 -1 -1 -1 
462 47 1649 355 68 170 -1 -1 -1 -1 
463 47 1649 353 69 170 -1 -1 -1 -1 
464 47 1648 350 67 168 -1 -1 -1 -1 
465 47 1647 348 67 169 -1 -1 -1 -1 
466 47 1644 347 67 169 -1 -1 -1 -1 
467 47 1642 344 70 176 -1 -1 -1 -1 
468 47 1640 343 71 179 -1 -1 -1 -1 
469 47 1640 343 71 179 -1 -1 -1 -1 
470 47 1639 341 72 181 -1 -1 -1 -1 
471 47 1639 339 72 183 -1 -1 -1 -1 
472 47 1638 341 71 179 -1 -1 -1 -1 
473 47 1637 341 72 179 -1 -1 -1 -1 
474 47 1637 341 72 178 -1 -1 -1 -1 
475 47 1637 341 72 178 -1 -1 -1 -1 
476 47 1636 340 72 180 -1 -1 -1 -1 
477 47 1636 340 72 179 -1 -1 -1 -1 
478 47 1636 339 71 179 -1 -1 -1 -1 
479 47 1634 337 73 179 -1 -1 -1 -1 
480 47 1632 334 72 180 -1 -1 -1 -1 
481 47 1632 333 70 175 -1 -1 -1 -1 
482 47 1629 329 71 176 -1 -1 -1 -1 
483 47 1629 327 71 177 -1 -1 -1 -1 
484 47 1628 328 71 174 -1 -1 -1 -1 
485 47 1626 325 73 177 -1 -1 -1 -1 
486 47 1626 325 72 177 -1 -1 -1 -1 
487 47 1625 323 72 180 -1 -1 -1 -1 
488 47 1625 323 72 179 -1 -1 -1 -1 
489 47 1625 323 71 179 -1 -1 -1 -1 
490 47 1623 323 71 179 -1 -1 -1 -1 
491 47 1622 321 72 181 -1 -1 -1 -1 
492 47 1621 319 73 183 -1 -1 -1 -1 
493 47 1621 319 72 182 -1 -1 -1 -1 
494 47 1621 319 72 182 -1 -1 -1 -1 
495 47 1621 319 72 182 -1 -1 -1 -1 
496 47 1621 319 72 181 -1 -1 -1 -1 
497 47 1621 319 72 180 -1 -1 -1 -1 
498 47 1620 318 71 181 -1 -1 -1 -1 
499 47 1618 315 72 182 -1 -1 -1 -1 
500 47 1619 313 71 177 -1 -1 -1 -1 
501 47 1618 312 71 179 -1 -1 -1 -1 
502 47 1618 311 71 176 -1 -1 -1 -1 
503 47 1618 308 70 175 -1 -1 -1 -1 
504 47 1618 306 69 174 -1 -1 -1 -1 
505 47 1617 305 69 175 -1 -1 -1 -1 
506 47 1615 304 70 174 -1 -1 -1 -1 
507 47 1614 303 70 176 -1 -1 -1 -1 
508 47 1613 303 71 176 -1 -1 -1 -1 
509 47 1612 302 71 177 -1 -1 -1 -1 
510 47 1612 301 71 179 -1 -1 -1 -1 
511 47 1611 301 72 179 -1 -1 -1 -1 
512 47 1610 300 73 181 -1 -1 -1 -1 
513 47 1609 300 73 180 -1 -1 -1 -1 
514 47 1608 300 73 181 -1 -1 -1 -1 
515 47 1606 300 72 180 -1 -1 -1 -1 
516 47 1604 300 72 177 -1 -1 -1 -1 
517 47 1603 300 71 175 -1 -1 -1 -1 
518 47 1602 298 70 176 -1 -1 -1 -1 
519 47 1600 297 71 176 -1 -1 -1 -1 
520 47 1600 295 69 175 -1 -1 -1 -1 
521 47 1599 294 69 174 -1 -1 -1 -1 
522 47 1598 292 69 174 -1 -1 -1 -1 
523 47 1596 289 69 174 -1 -1 -1 -1 
524 47 1595 287 68 173 -1 -1 -1 -1 
525 47 1594 287 68 170 -1 -1 -1 -1 
526 47 1594 288 67 169 -1 -1 -1 -1 
527 47 1593 287 67 169 -1 -1 -1 -1 
528 47 1592 286 67 170 -1 -1 -1 -1 
529 47 1590 285 68 171 -1 -1 -1 -1 
530 47 1589 284 68 172 -1 -1 -1 -1 
531 47 1589 284 68 173 -1 -1 -1 -1 
532 47 1588 284 68 173 -1 -1 -1 -1 
533 47 1587 284 66 168 -1 -1 -1 -1 
534 47 1586 283 66 167 -1 -1 -1 -1 
535 47 1586 282 65 163 -1 -1 -1 -1 
406 48 377 0 45 105 -1 -1 -1 -1 
407 48 377 0 45 105 -1 -1 -1 -1 
408 48 377 0 45 105 -1 -1 -1 -1 
409 48 377 0 45 106 -1 -1 -1 -1 
410 48 377 0 45 105 -1 -1 -1 -1 
411 48 378 0 44 104 -1 -1 -1 -1 
412 48 378 0 44 104 -1 -1 -1 -1 
413 48 377 0 45 104 -1 -1 -1 -1 
414 48 377 0 44 105 -1 -1 -1 -1 
415 48 377 0 45 106 -1 -1 -1 -1 
416 48 377 0 45 106 -1 -1 -1 -1 
417 48 376 0 45 107 -1 -1 -1 -1 
418 48 376 0 45 108 -1 -1 -1 -1 
419 48 376 0 46 110 -1 -1 -1 -1 
420 48 376 0 46 111 -1 -1 -1 -1 
421 48 375 0 47 111 -1 -1 -1 -1 
422 48 375 0 47 111 -1 -1 -1 -1 
423 48 375 0 46 111 -1 -1 -1 -1 
424 48 375 0 46 111 -1 -1 -1 -1 
425 48 374 0 46 111 -1 -1 -1 -1 
426 48 374 0 45 111 -1 -1 -1 -1 
427 48 373 0 45 111 -1 -1 -1 -1 
428 48 373 0 45 111 -1 -1 -1 -1 
429 48 372 0 46 112 -1 -1 -1 -1 
430 48 371 0 46 112 -1 -1 -1 -1 
431 48 370 0 47 112 -1 -1 -1 -1 
432 48 369 0 47 115 -1 -1 -1 -1 
433 48 368 0 48 117 -1 -1 -1 -1 
434 48 367 0 49 119 -1 -1 -1 -1 
435 48 367 0 50 121 -1 -1 -1 -1 
436 48 367 0 50 123 -1 -1 -1 -1 
437 48 367 0 50 124 -1 -1 -1 -1 
438 48 366 0 51 127 -1 -1 -1 -1 
439 48 366 0 50 128 -1 -1 -1 -1 
440 48 366 0 51 128 -1 -1 -1 -1 
441 48 367 0 51 128 -1 -1 -1 -1 
442 48 368 1 50 127 -1 -1 -1 -1 
443 48 368 1 50 126 -1 -1 -1 -1 
444 48 369 2 49 125 -1 -1 -1 -1 
445 48 369 2 49 125 -1 -1 -1 -1 
446 48 369 2 49 125 -1 -1 -1 -1 
447 48 369 1 49 125 -1 -1 -1 -1 
448 48 369 1 50 125 -1 -1 -1 -1 
449 48 369 1 49 123 -1 -1 -1 -1 
450 48 369 1 48 123 -1 -1 -1 -1 
451 48 369 2 48 122 -1 -1 -1 -1 
452 48 368 3 48 122 -1 -1 -1 -1 
453 48 368 3 48 121 -1 -1 -1 -1 
454 48 368 4 48 122 -1 -1 -1 -1 
455 48 368 4 48 121 -1 -1 -1 -1 
456 48 368 5 47 121 -1 -1 -1 -1 
457 48 367 7 47 120 -1 -1 -1 -1 
458 48 366 8 47 120 -1 -1 -1 -1 
459 48 365 9 47 119 -1 -1 -1 -1 
460 48 363 10 48 121 -1 -1 -1 -1 
461 48 362 11 49 123 -1 -1 -1 -1 
462 48 362 10 49 124 -1 -1 -1 -1 
463 48 361 10 50 127 -1 -1 -1 -1 
464 48 360 11 50 125 -1 -1 -1 -1 
465 48 360 10 49 123 -1 -1 -1 -1 
466 48 360 10 48 121 -1 -1 -1 -1 
467 48 359 11 49 124 -1 -1 -1 -1 
468 48 358 11 50 126 -1 -1 -1 -1 
469 48 356 11 52 129 -1 -1 -1 -1 
470 48 355 10 53 133 -1 -1 -1 -1 
471 48 355 10 53 133 -1 -1 -1 -1 
472 48 354 12 53 134 -1 -1 -1 -1 
473 48 352 13 55 139 -1 -1 -1 -1 
474 48 352 15 55 140 -1 -1 -1 -1 
475 48 352 16 55 139 -1 -1 -1 -1 
476 48 352 18 53 134 -1 -1 -1 -1 
477 48 353 18 53 133 -1 -1 -1 -1 
478 48 354 19 51 130 -1 -1 -1 -1 
479 48 354 19 51 129 -1 -1 -1 -1 
480 48 354 20 50 127 -1 -1 -1 -1 
481 48 354 20 49 124 -1 -1 -1 -1 
482 48 355 21 48 122 -1 -1 -1 -1 
483 48 354 20 48 122 -1 -1 -1 -1 
484 48 354 20 49 122 -1 -1 -1 -1 
485 48 354 20 49 122 -1 -1 -1 -1 
486 48 353 21 49 123 -1 -1 -1 -1 
487 48 353 21 50 125 -1 -1 -1 -1 
488 48 352 21 51 126 -1 -1 -1 -1 
489 48 351 21 51 126 -1 -1 -1 -1 
490 48 351 21 50 125 -1 -1 -1 -1 
491 48 351 21 49 122 -1 -1 -1 -1 
492 48 351 22 48 121 -1 -1 -1 -1 
493 48 349 22 49 122 -1 -1 -1 -1 
494 48 348 25 50 123 -1 -1 -1 -1 
495 48 347 27 52 128 -1 -1 -1 -1 
496 48 346 28 53 131 -1 -1 -1 -1 
497 48 344 30 54 132 -1 -1 -1 -1 
498 48 343 31 54 136 -1 -1 -1 -1 
499 48 340 32 57 143 -1 -1 -1 -1 
500 48 338 32 58 150 -1 -1 -1 -1 
501 48 338 33 58 145 -1 -1 -1 -1 
502 48 339 33 55 137 -1 -1 -1 -1 
410 49 1869 67 51 152 -1 -1 -1 -1 
411 49 1865 68 54 152 -1 -1 -1 -1 
412 49 1861 69 58 153 -1 -1 -1 -1 
413 49 1858 71 59 153 -1 -1 -1 -1 
414 49 1851 73 64 157 -1 -1 -1 -1 
415 49 1846 74 64 159 -1 -1 -1 -1 
416 49 1841 75 66 161 -1 -1 -1 -1 
417 49 1837 75 66 163 -1 -1 -1 -1 
418 49 1833 77 66 162 -1 -1 -1 -1 
419 49 1829 77 66 161 -1 -1 -1 -1 
420 49 1824 75 65 162 -1 -1 -1 -1 
421 49 1820 74 65 163 -1 -1 -1 -1 
422 49 1816 73 66 164 -1 -1 -1 -1 
423 49 1811 71 67 166 -1 -1 -1 -1 
424 49 1807 70 69 168 -1 -1 -1 -1 
425 49 1806 69 67 166 -1 -1 -1 -1 
426 49 1803 68 67 166 -1 -1 -1 -1 
427 49 1800 68 66 166 -1 -1 -1 -1 
428 49 1797 68 65 166 -1 -1 -1 -1 
429 49 1792 71 66 164 -1 -1 -1 -1 
430 49 1790 71 65 163 -1 -1 -1 -1 
431 49 1786 71 66 163 -1 -1 -1 -1 
432 49 1783 74 64 160 -1 -1 -1 -1 
433 49 1779 73 64 159 -1 -1 -1 -1 
434 49 1771 71 65 161 -1 -1 -1 -1 
435 49 1768 70 65 160 -1 -1 -1 -1 
436 49 1777 71 63 153 -1 -1 -1 -1 
437 49 1781 71 62 151 -1 -1 -1 -1 
438 49 1781 71 63 151 -1 -1 -1 -1 
439 49 1779 67 64 160 -1 -1 -1 -1 
440 49 1776 67 65 160 -1 -1 -1 -1 
441 49 1773 64 67 164 -1 -1 -1 -1 
442 49 1774 66 65 162 -1 -1 -1 -1 
443 49 1771 65 66 166 -1 -1 -1 -1 
444 49 1770 66 65 166 -1 -1 -1 -1 
445 49 1764 74 66 160 -1 -1 -1 -1 
446 49 1763 69 66 162 -1 -1 -1 -1 
458 49 1741 56 61 149 -1 -1 -1 -1 
459 49 1738 50 59 148 -1 -1 -1 -1 
460 49 1738 48 59 148 -1 -1 -1 -1 
461 49 1736 52 62 151 -1 -1 -1 -1 
462 49 1732 54 65 159 -1 -1 -1 -1 
463 49 1731 60 64 158 -1 -1 -1 -1 
473 49 1707 58 58 149 -1 -1 -1 -1 
474 49 1706 56 57 149 -1 -1 -1 -1 
475 49 1704 57 58 149 -1 -1 -1 -1 
476 49 1702 57 59 148 -1 -1 -1 -1 
477 49 1701 56 59 149 -1 -1 -1 -1 
478 49 1698 53 61 150 -1 -1 -1 -1 
479 49 1697 53 61 150 -1 -1 -1 -1 
480 49 1695 51 61 152 -1 -1 -1 -1 
481 49 1693 48 63 154 -1 -1 -1 -1 
482 49 1692 46 63 155 -1 -1 -1 -1 
483 49 1692 45 61 155 -1 -1 -1 -1 
484 49 1691 45 61 154 -1 -1 -1 -1 
485 49 1690 45 61 153 -1 -1 -1 -1 
486 49 1689 45 61 153 -1 -1 -1 -1 
487 49 1687 44 62 154 -1 -1 -1 -1 
488 49 1685 41 62 157 -1 -1 -1 -1 
489 49 1683 40 62 156 -1 -1 -1 -1 
490 49 1682 39 62 156 -1 -1 -1 -1 
491 49 1681 38 63 157 -1 -1 -1 -1 
492 49 1680 36 63 159 -1 -1 -1 -1 
493 49 1679 35 64 159 -1 -1 -1 -1 
494 49 1679 36 63 158 -1 -1 -1 -1 
495 49 1679 36 63 158 -1 -1 -1 -1 
496 49 1679 34 63 159 -1 -1 -1 -1 
497 49 1679 33 63 160 -1 -1 -1 -1 
498 49 1678 34 63 159 -1 -1 -1 -1 
499 49 1677 34 62 159 -1 -1 -1 -1 
500 49 1675 34 63 158 -1 -1 -1 -1 
501 49 1675 34 62 156 -1 -1 -1 -1 
502 49 1674 34 62 155 -1 -1 -1 -1 
503 49 1674 33 62 152 -1 -1 -1 -1 
504 49 1674 32 61 151 -1 -1 -1 -1 
505 49 1673 30 61 151 -1 -1 -1 -1 
506 49 1673 29 61 150 -1 -1 -1 -1 
507 49 1673 28 61 150 -1 -1 -1 -1 
508 49 1672 25 61 152 -1 -1 -1 -1 
509 49 1671 23 61 153 -1 -1 -1 -1 
510 49 1669 22 62 155 -1 -1 -1 -1 
511 49 1669 22 62 157 -1 -1 -1 -1 
512 49 1668 22 63 157 -1 -1 -1 -1 
513 49 1668 22 63 157 -1 -1 -1 -1 
514 49 1667 23 63 156 -1 -1 -1 -1 
515 49 1667 23 63 155 -1 -1 -1 -1 
516 49 1667 23 62 155 -1 -1 -1 -1 
517 49 1667 22 61 155 -1 -1 -1 -1 
518 49 1667 21 60 154 -1 -1 -1 -1 
519 49 1667 20 60 154 -1 -1 -1 -1 
520 49 1666 17 60 152 -1 -1 -1 -1 
521 49 1665 16 60 151 -1 -1 -1 -1 
522 49 1664 14 60 152 -1 -1 -1 -1 
523 49 1663 13 61 152 -1 -1 -1 -1 
524 49 1663 13 60 151 -1 -1 -1 -1 
525 49 1663 13 59 150 -1 -1 -1 -1 
526 49 1662 11 60 151 -1 -1 -1 -1 
527 49 1662 10 59 151 -1 -1 -1 -1 
528 49 1661 10 59 151 -1 -1 -1 -1 
529 49 1661 11 59 149 -1 -1 -1 -1 
530 49 1661 11 58 148 -1 -1 -1 -1 
531 49 1660 11 58 147 -1 -1 -1 -1 
532 49 1660 10 57 147 -1 -1 -1 -1 
533 49 1658 9 59 148 -1 -1 -1 -1 
534 49 1656 8 60 149 -1 -1 -1 -1 
535 49 1655 8 59 148 -1 -1 -1 -1 
536 49 1654 7 59 146 -1 -1 -1 -1 
537 49 1654 6 59 145 -1 -1 -1 -1 
538 49 1654 4 59 147 -1 -1 -1 -1 
539 49 1653 2 60 148 -1 -1 -1 -1 
540 49 1652 2 60 148 -1 -1 -1 -1 
541 49 1652 1 60 148 -1 -1 -1 -1 
542 49 1652 0 60 149 -1 -1 -1 -1 
543 49 1652 0 60 148 -1 -1 -1 -1 
544 49 1652 0 60 148 -1 -1 -1 -1 
545 49 1652 0 60 148 -1 -1 -1 -1 
546 49 1652 0 59 147 -1 -1 -1 -1 
547 49 1652 0 59 147 -1 -1 -1 -1 
548 49 1652 0 59 146 -1 -1 -1 -1 
549 49 1651 0 60 146 -1 -1 -1 -1 
550 49 1652 0 59 144 -1 -1 -1 -1 
551 49 1653 0 58 141 -1 -1 -1 -1 
552 49 1654 0 56 138 -1 -1 -1 -1 
553 49 1655 0 55 137 -1 -1 -1 -1 
554 49 1654 0 56 136 -1 -1 -1 -1 
555 49 1654 0 56 136 -1 -1 -1 -1 
556 49 1654 0 55 135 -1 -1 -1 -1 
557 49 1653 0 55 134 -1 -1 -1 -1 
558 49 1653 0 55 134 -1 -1 -1 -1 
559 49 1653 0 54 133 -1 -1 -1 -1 
560 49 1652 0 55 133 -1 -1 -1 -1 
561 49 1652 0 54 133 -1 -1 -1 -1 
562 49 1653 0 54 132 -1 -1 -1 -1 
563 49 1653 0 54 132 -1 -1 -1 -1 
564 49 1652 0 54 132 -1 -1 -1 -1 
565 49 1653 0 53 132 -1 -1 -1 -1 
566 49 1651 0 55 132 -1 -1 -1 -1 
567 49 1651 0 54 132 -1 -1 -1 -1 
568 49 1650 0 55 131 -1 -1 -1 -1 
569 49 1649 0 55 131 -1 -1 -1 -1 
570 49 1648 0 55 130 -1 -1 -1 -1 
571 49 1648 0 54 128 -1 -1 -1 -1 
572 49 1647 0 54 127 -1 -1 -1 -1 
573 49 1647 0 53 125 -1 -1 -1 -1 
574 49 1647 0 52 124 -1 -1 -1 -1 
575 49 1647 0 52 123 -1 -1 -1 -1 
576 49 1647 0 52 122 -1 -1 -1 -1 
577 49 1647 0 51 122 -1 -1 -1 -1 
578 49 1646 0 52 123 -1 -1 -1 -1 
579 49 1646 0 52 123 -1 -1 -1 -1 
580 49 1645 0 52 122 -1 -1 -1 -1 
581 49 1645 0 51 122 -1 -1 -1 -1 
582 49 1644 0 51 121 -1 -1 -1 -1 
583 49 1643 0 51 120 -1 -1 -1 -1 
584 49 1643 0 50 119 -1 -1 -1 -1 
585 49 1643 0 48 114 -1 -1 -1 -1 
424 50 423 0 51 111 -1 -1 -1 -1 
425 50 422 0 52 112 -1 -1 -1 -1 
426 50 422 0 51 112 -1 -1 -1 -1 
427 50 422 0 51 112 -1 -1 -1 -1 
428 50 422 0 51 114 -1 -1 -1 -1 
429 50 421 0 52 115 -1 -1 -1 -1 
430 50 421 0 52 116 -1 -1 -1 -1 
431 50 421 0 52 117 -1 -1 -1 -1 
432 50 420 0 53 118 -1 -1 -1 -1 
433 50 420 0 53 118 -1 -1 -1 -1 
434 50 420 0 53 118 -1 -1 -1 -1 
435 50 420 0 52 118 -1 -1 -1 -1 
436 50 419 0 53 119 -1 -1 -1 -1 
437 50 419 0 53 119 -1 -1 -1 -1 
438 50 419 0 53 121 -1 -1 -1 -1 
439 50 419 0 52 124 -1 -1 -1 -1 
440 50 419 0 51 124 -1 -1 -1 -1 
441 50 420 0 50 123 -1 -1 -1 -1 
442 50 420 0 49 120 -1 -1 -1 -1 
443 50 420 0 49 119 -1 -1 -1 -1 
444 50 420 0 48 118 -1 -1 -1 -1 
445 50 420 0 48 120 -1 -1 -1 -1 
446 50 420 0 48 121 -1 -1 -1 -1 
447 50 419 0 50 122 -1 -1 -1 -1 
448 50 419 0 49 123 -1 -1 -1 -1 
449 50 418 0 50 124 -1 -1 -1 -1 
450 50 417 0 51 126 -1 -1 -1 -1 
451 50 416 1 51 128 -1 -1 -1 -1 
452 50 416 4 50 126 -1 -1 -1 -1 
453 50 416 5 49 126 -1 -1 -1 -1 
454 50 416 2 51 130 -1 -1 -1 -1 
455 50 415 0 52 133 -1 -1 -1 -1 
456 50 414 0 54 135 -1 -1 -1 -1 
457 50 414 0 53 136 -1 -1 -1 -1 
458 50 413 0 54 137 -1 -1 -1 -1 
459 50 412 0 54 136 -1 -1 -1 -1 
460 50 411 0 55 136 -1 -1 -1 -1 
461 50 411 0 54 136 -1 -1 -1 -1 
462 50 411 0 54 136 -1 -1 -1 -1 
463 50 410 0 55 136 -1 -1 -1 -1 
464 50 410 0 55 137 -1 -1 -1 -1 
465 50 410 0 55 138 -1 -1 -1 -1 
466 50 410 0 55 137 -1 -1 -1 -1 
467 50 410 0 55 138 -1 -1 -1 -1 
468 50 410 0 55 139 -1 -1 -1 -1 
469 50 409 0 57 140 -1 -1 -1 -1 
470 50 409 0 58 141 -1 -1 -1 -1 
471 50 409 0 58 143 -1 -1 -1 -1 
472 50 408 0 59 146 -1 -1 -1 -1 
473 50 409 0 58 146 -1 -1 -1 -1 
474 50 410 0 57 145 -1 -1 -1 -1 
475 50 408 2 58 144 -1 -1 -1 -1 
476 50 409 0 57 146 -1 -1 -1 -1 
477 50 408 3 58 146 -1 -1 -1 -1 
478 50 408 2 58 148 -1 -1 -1 -1 
479 50 408 3 58 147 -1 -1 -1 -1 
480 50 408 3 57 148 -1 -1 -1 -1 
481 50 409 4 56 144 -1 -1 -1 -1 
482 50 408 5 56 143 -1 -1 -1 -1 
483 50 408 4 56 143 -1 -1 -1 -1 
484 50 407 4 56 142 -1 -1 -1 -1 
485 50 405 5 58 143 -1 -1 -1 -1 
486 50 404 6 58 144 -1 -1 -1 -1 
487 50 404 7 59 144 -1 -1 -1 -1 
488 50 403 7 59 144 -1 -1 -1 -1 
489 50 403 8 59 144 -1 -1 -1 -1 
490 50 403 10 59 145 -1 -1 -1 -1 
491 50 402 10 59 146 -1 -1 -1 -1 
492 50 402 11 59 145 -1 -1 -1 -1 
493 50 401 11 58 143 -1 -1 -1 -1 
494 50 401 13 57 141 -1 -1 -1 -1 
495 50 400 14 57 140 -1 -1 -1 -1 
496 50 399 15 57 141 -1 -1 -1 -1 
497 50 397 15 58 144 -1 -1 -1 -1 
498 50 397 16 58 145 -1 -1 -1 -1 
499 50 396 15 58 144 -1 -1 -1 -1 
500 50 397 14 57 144 -1 -1 -1 -1 
501 50 396 14 59 148 -1 -1 -1 -1 
502 50 396 14 59 149 -1 -1 -1 -1 
503 50 396 14 59 150 -1 -1 -1 -1 
504 50 396 14 59 149 -1 -1 -1 -1 
505 50 395 13 58 142 -1 -1 -1 -1 
506 50 396 15 57 143 -1 -1 -1 -1 
507 50 395 15 57 141 -1 -1 -1 -1 
508 50 396 14 56 142 -1 -1 -1 -1 
509 50 396 14 55 140 -1 -1 -1 -1 
510 50 397 17 54 139 -1 -1 -1 -1 
511 50 397 20 52 135 -1 -1 -1 -1 
512 50 396 20 54 137 -1 -1 -1 -1 
513 50 396 21 54 136 -1 -1 -1 -1 
514 50 396 22 55 138 -1 -1 -1 -1 
515 50 396 22 55 141 -1 -1 -1 -1 
516 50 395 22 56 143 -1 -1 -1 -1 
517 50 394 22 57 144 -1 -1 -1 -1 
518 50 393 23 58 147 -1 -1 -1 -1 
519 50 393 24 59 147 -1 -1 -1 -1 
520 50 393 23 59 149 -1 -1 -1 -1 
521 50 392 21 60 151 -1 -1 -1 -1 
522 50 391 22 61 152 -1 -1 -1 -1 
523 50 391 27 60 148 -1 -1 -1 -1 
524 50 391 30 59 146 -1 -1 -1 -1 
525 50 391 32 59 147 -1 -1 -1 -1 
526 50 391 32 60 148 -1 -1 -1 -1 
527 50 391 26 62 155 -1 -1 -1 -1 
528 50 392 31 61 151 -1 -1 -1 -1 
529 50 394 36 58 147 -1 -1 -1 -1 
530 50 395 45 56 140 -1 -1 -1 -1 
531 50 396 46 56 140 -1 -1 -1 -1 
532 50 397 53 54 134 -1 -1 -1 -1 
533 50 398 52 54 137 -1 -1 -1 -1 
534 50 398 53 55 135 -1 -1 -1 -1 
535 50 400 56 54 132 -1 -1 -1 -1 
536 50 402 57 54 134 -1 -1 -1 -1 
537 50 402 56 55 135 -1 -1 -1 -1 
538 50 403 56 57 142 -1 -1 -1 -1 
539 50 405 53 54 133 -1 -1 -1 -1 
540 50 406 52 52 125 -1 -1 -1 -1 
541 50 408 50 50 123 -1 -1 -1 -1 
542 50 409 56 50 122 -1 -1 -1 -1 
543 50 410 56 50 123 -1 -1 -1 -1 
544 50 406 48 55 134 -1 -1 -1 -1 
545 50 406 45 56 138 -1 -1 -1 -1 
546 50 407 43 57 141 -1 -1 -1 -1 
547 50 408 42 57 141 -1 -1 -1 -1 
548 50 408 43 57 138 -1 -1 -1 -1 
549 50 408 44 58 140 -1 -1 -1 -1 
550 50 407 45 61 155 -1 -1 -1 -1 
551 50 405 48 67 168 -1 -1 -1 -1 
552 50 406 49 68 171 -1 -1 -1 -1 
553 50 409 49 65 164 -1 -1 -1 -1 
554 50 408 57 69 180 -1 -1 -1 -1 
555 50 409 57 71 203 -1 -1 -1 -1 
556 50 411 53 65 175 -1 -1 -1 -1 
557 50 411 52 65 171 -1 -1 -1 -1 
558 50 412 51 64 162 -1 -1 -1 -1 
559 50 416 49 54 137 -1 -1 -1 -1 
560 50 418 48 51 128 -1 -1 -1 -1 
561 50 415 51 59 150 -1 -1 -1 -1 
562 50 413 51 61 155 -1 -1 -1 -1 
563 50 414 50 62 158 -1 -1 -1 -1 
564 50 414 51 61 157 -1 -1 -1 -1 
565 50 414 53 63 160 -1 -1 -1 -1 
566 50 414 54 61 155 -1 -1 -1 -1 
567 50 415 55 60 154 -1 -1 -1 -1 
568 50 415 56 61 155 -1 -1 -1 -1 
569 50 416 59 61 152 -1 -1 -1 -1 
570 50 416 60 59 150 -1 -1 -1 -1 
571 50 414 59 60 153 -1 -1 -1 -1 
572 50 414 59 60 153 -1 -1 -1 -1 
573 50 414 58 60 154 -1 -1 -1 -1 
574 50 413 57 61 155 -1 -1 -1 -1 
575 50 414 59 60 154 -1 -1 -1 -1 
576 50 415 62 58 149 -1 -1 -1 -1 
577 50 414 64 59 148 -1 -1 -1 -1 
578 50 415 66 59 148 -1 -1 -1 -1 
579 50 415 64 60 149 -1 -1 -1 -1 
580 50 416 63 60 150 -1 -1 -1 -1 
581 50 416 62 60 152 -1 -1 -1 -1 
582 50 416 61 61 153 -1 -1 -1 -1 
583 50 416 63 61 153 -1 -1 -1 -1 
584 50 416 63 62 154 -1 -1 -1 -1 
585 50 417 60 63 159 -1 -1 -1 -1 
586 50 418 62 64 160 -1 -1 -1 -1 
587 50 419 69 62 154 -1 -1 -1 -1 
588 50 420 69 60 154 -1 -1 -1 -1 
589 50 421 72 59 150 -1 -1 -1 -1 
590 50 421 71 60 151 -1 -1 -1 -1 
591 50 421 71 60 151 -1 -1 -1 -1 
592 50 422 74 59 148 -1 -1 -1 -1 
593 50 423 75 58 147 -1 -1 -1 -1 
594 50 423 78 58 145 -1 -1 -1 -1 
595 50 423 76 59 147 -1 -1 -1 -1 
596 50 423 77 59 147 -1 -1 -1 -1 
597 50 422 77 60 147 -1 -1 -1 -1 
598 50 423 75 59 150 -1 -1 -1 -1 
599 50 422 72 60 154 -1 -1 -1 -1 
600 50 421 72 60 154 -1 -1 -1 -1 
601 50 421 73 61 155 -1 -1 -1 -1 
602 50 420 71 64 159 -1 -1 -1 -1 
603 50 419 71 65 161 -1 -1 -1 -1 
604 50 420 71 65 163 -1 -1 -1 -1 
605 50 423 72 64 162 -1 -1 -1 -1 
606 50 426 73 63 160 -1 -1 -1 -1 
607 50 427 74 63 159 -1 -1 -1 -1 
608 50 426 76 64 159 -1 -1 -1 -1 
609 50 426 76 64 159 -1 -1 -1 -1 
610 50 426 75 65 161 -1 -1 -1 -1 
611 50 427 77 64 160 -1 -1 -1 -1 
612 50 428 79 62 157 -1 -1 -1 -1 
613 50 428 80 62 155 -1 -1 -1 -1 
614 50 429 80 62 156 -1 -1 -1 -1 
615 50 430 80 62 157 -1 -1 -1 -1 
616 50 430 79 62 158 -1 -1 -1 -1 
617 50 432 80 62 158 -1 -1 -1 -1 
618 50 433 79 63 159 -1 -1 -1 -1 
619 50 435 79 62 160 -1 -1 -1 -1 
620 50 436 80 62 159 -1 -1 -1 -1 
621 50 437 82 63 158 -1 -1 -1 -1 
622 50 438 83 62 159 -1 -1 -1 -1 
623 50 439 85 63 157 -1 -1 -1 -1 
624 50 439 84 64 160 -1 -1 -1 -1 
625 50 439 84 67 161 -1 -1 -1 -1 
626 50 442 95 64 153 -1 -1 -1 -1 
627 50 442 96 64 153 -1 -1 -1 -1 
628 50 442 95 65 155 -1 -1 -1 -1 
629 50 444 95 64 155 -1 -1 -1 -1 
630 50 445 92 64 158 -1 -1 -1 -1 
631 50 446 91 64 158 -1 -1 -1 -1 
632 50 448 90 64 160 -1 -1 -1 -1 
633 50 449 90 65 160 -1 -1 -1 -1 
634 50 450 91 64 160 -1 -1 -1 -1 
635 50 451 93 64 159 -1 -1 -1 -1 
636 50 452 97 62 155 -1 -1 -1 -1 
637 50 452 98 62 156 -1 -1 -1 -1 
638 50 450 96 64 160 -1 -1 -1 -1 
639 50 450 95 65 163 -1 -1 -1 -1 
640 50 451 95 66 165 -1 -1 -1 -1 
641 50 452 96 67 166 -1 -1 -1 -1 
642 50 454 99 66 165 -1 -1 -1 -1 
643 50 455 104 65 162 -1 -1 -1 -1 
644 50 455 101 66 166 -1 -1 -1 -1 
645 50 456 100 66 167 -1 -1 -1 -1 
646 50 457 101 66 168 -1 -1 -1 -1 
647 50 458 104 65 165 -1 -1 -1 -1 
648 50 458 105 65 164 -1 -1 -1 -1 
649 50 460 106 65 163 -1 -1 -1 -1 
650 50 461 107 64 161 -1 -1 -1 -1 
651 50 461 107 65 162 -1 -1 -1 -1 
652 50 462 106 64 163 -1 -1 -1 -1 
653 50 462 107 65 161 -1 -1 -1 -1 
654 50 464 107 63 161 -1 -1 -1 -1 
655 50 464 106 65 164 -1 -1 -1 -1 
656 50 464 105 66 167 -1 -1 -1 -1 
657 50 464 106 67 168 -1 -1 -1 -1 
658 50 465 107 66 169 -1 -1 -1 -1 
659 50 465 108 67 169 -1 -1 -1 -1 
660 50 465 111 66 166 -1 -1 -1 -1 
661 50 465 113 66 166 -1 -1 -1 -1 
662 50 466 114 66 166 -1 -1 -1 -1 
663 50 466 115 65 165 -1 -1 -1 -1 
664 50 466 116 66 164 -1 -1 -1 -1 
665 50 467 116 65 165 -1 -1 -1 -1 
666 50 467 118 65 163 -1 -1 -1 -1 
667 50 467 119 66 161 -1 -1 -1 -1 
668 50 468 119 65 162 -1 -1 -1 -1 
669 50 468 119 65 162 -1 -1 -1 -1 
670 50 468 119 65 161 -1 -1 -1 -1 
671 50 468 119 66 162 -1 -1 -1 -1 
672 50 469 118 65 164 -1 -1 -1 -1 
673 50 469 119 66 165 -1 -1 -1 -1 
674 50 468 120 67 167 -1 -1 -1 -1 
675 50 470 122 67 168 -1 -1 -1 -1 
676 50 471 123 68 170 -1 -1 -1 -1 
677 50 471 124 68 169 -1 -1 -1 -1 
678 50 472 126 67 168 -1 -1 -1 -1 
679 50 473 128 67 166 -1 -1 -1 -1 
680 50 474 129 67 166 -1 -1 -1 -1 
681 50 474 129 67 166 -1 -1 -1 -1 
682 50 475 130 66 166 -1 -1 -1 -1 
683 50 475 129 66 169 -1 -1 -1 -1 
684 50 476 130 66 169 -1 -1 -1 -1 
685 50 476 130 66 169 -1 -1 -1 -1 
686 50 477 131 65 168 -1 -1 -1 -1 
687 50 477 131 65 167 -1 -1 -1 -1 
688 50 478 131 65 167 -1 -1 -1 -1 
689 50 478 131 66 166 -1 -1 -1 -1 
690 50 478 132 66 166 -1 -1 -1 -1 
691 50 478 133 66 167 -1 -1 -1 -1 
692 50 478 137 66 166 -1 -1 -1 -1 
693 50 477 141 66 165 -1 -1 -1 -1 
694 50 476 142 67 167 -1 -1 -1 -1 
695 50 476 144 66 166 -1 -1 -1 -1 
696 50 476 145 66 166 -1 -1 -1 -1 
697 50 476 147 66 165 -1 -1 -1 -1 
698 50 476 148 66 165 -1 -1 -1 -1 
699 50 475 148 66 166 -1 -1 -1 -1 
700 50 475 148 66 166 -1 -1 -1 -1 
701 50 474 148 67 165 -1 -1 -1 -1 
702 50 474 148 66 165 -1 -1 -1 -1 
703 50 474 148 66 165 -1 -1 -1 -1 
704 50 473 147 66 166 -1 -1 -1 -1 
705 50 472 147 67 165 -1 -1 -1 -1 
706 50 472 147 66 165 -1 -1 -1 -1 
707 50 471 147 66 165 -1 -1 -1 -1 
708 50 471 148 66 166 -1 -1 -1 -1 
709 50 471 149 66 166 -1 -1 -1 -1 
710 50 469 147 68 171 -1 -1 -1 -1 
711 50 469 148 68 171 -1 -1 -1 -1 
712 50 470 151 67 170 -1 -1 -1 -1 
713 50 470 152 67 169 -1 -1 -1 -1 
714 50 470 153 67 171 -1 -1 -1 -1 
715 50 470 155 67 171 -1 -1 -1 -1 
716 50 469 156 67 171 -1 -1 -1 -1 
717 50 468 157 68 171 -1 -1 -1 -1 
718 50 468 160 68 169 -1 -1 -1 -1 
719 50 468 163 68 167 -1 -1 -1 -1 
720 50 468 163 67 168 -1 -1 -1 -1 
721 50 467 163 67 167 -1 -1 -1 -1 
722 50 468 163 67 166 -1 -1 -1 -1 
723 50 468 163 66 166 -1 -1 -1 -1 
724 50 469 164 66 165 -1 -1 -1 -1 
725 50 469 165 66 165 -1 -1 -1 -1 
726 50 467 166 68 168 -1 -1 -1 -1 
727 50 467 167 68 170 -1 -1 -1 -1 
728 50 465 167 71 174 -1 -1 -1 -1 
729 50 466 169 70 174 -1 -1 -1 -1 
730 50 465 171 70 173 -1 -1 -1 -1 
731 50 464 173 70 172 -1 -1 -1 -1 
732 50 463 174 70 173 -1 -1 -1 -1 
733 50 464 175 69 172 -1 -1 -1 -1 
734 50 463 176 69 171 -1 -1 -1 -1 
735 50 463 176 69 172 -1 -1 -1 -1 
736 50 464 177 68 171 -1 -1 -1 -1 
737 50 463 177 69 171 -1 -1 -1 -1 
738 50 462 174 69 174 -1 -1 -1 -1 
739 50 462 175 69 172 -1 -1 -1 -1 
740 50 462 175 69 171 -1 -1 -1 -1 
741 50 461 177 69 168 -1 -1 -1 -1 
742 50 460 177 69 168 -1 -1 -1 -1 
743 50 460 177 68 170 -1 -1 -1 -1 
744 50 459 180 68 167 -1 -1 -1 -1 
745 50 458 182 68 168 -1 -1 -1 -1 
746 50 458 184 68 167 -1 -1 -1 -1 
747 50 460 184 66 168 -1 -1 -1 -1 
748 50 459 187 67 166 -1 -1 -1 -1 
749 50 458 190 67 167 -1 -1 -1 -1 
750 50 456 192 68 168 -1 -1 -1 -1 
751 50 455 192 69 171 -1 -1 -1 -1 
752 50 454 192 70 173 -1 -1 -1 -1 
753 50 452 190 72 177 -1 -1 -1 -1 
754 50 451 190 72 178 -1 -1 -1 -1 
755 50 451 191 71 177 -1 -1 -1 -1 
756 50 452 193 70 174 -1 -1 -1 -1 
757 50 452 195 69 172 -1 -1 -1 -1 
758 50 452 194 69 173 -1 -1 -1 -1 
759 50 452 193 70 175 -1 -1 -1 -1 
760 50 452 195 70 175 -1 -1 -1 -1 
761 50 450 193 71 177 -1 -1 -1 -1 
762 50 449 194 72 177 -1 -1 -1 -1 
763 50 448 194 72 178 -1 -1 -1 -1 
764 50 446 196 72 179 -1 -1 -1 -1 
765 50 446 197 72 181 -1 -1 -1 -1 
766 50 445 197 72 183 -1 -1 -1 -1 
767 50 444 200 72 181 -1 -1 -1 -1 
768 50 444 203 71 180 -1 -1 -1 -1 
769 50 443 197 73 187 -1 -1 -1 -1 
770 50 444 204 71 181 -1 -1 -1 -1 
771 50 444 210 69 175 -1 -1 -1 -1 
772 50 444 213 69 173 -1 -1 -1 -1 
773 50 442 212 70 174 -1 -1 -1 -1 
774 50 442 209 70 177 -1 -1 -1 -1 
775 50 441 208 71 177 -1 -1 -1 -1 
776 50 440 208 71 178 -1 -1 -1 -1 
777 50 440 209 71 178 -1 -1 -1 -1 
778 50 439 210 71 176 -1 -1 -1 -1 
779 50 439 210 71 176 -1 -1 -1 -1 
780 50 438 210 72 177 -1 -1 -1 -1 
781 50 437 212 72 176 -1 -1 -1 -1 
782 50 436 213 72 177 -1 -1 -1 -1 
783 50 435 215 72 177 -1 -1 -1 -1 
784 50 435 218 71 175 -1 -1 -1 -1 
785 50 435 220 70 175 -1 -1 -1 -1 
786 50 433 221 70 174 -1 -1 -1 -1 
787 50 433 222 69 174 -1 -1 -1 -1 
788 50 432 223 69 172 -1 -1 -1 -1 
789 50 432 225 68 171 -1 -1 -1 -1 
790 50 433 227 67 169 -1 -1 -1 -1 
791 50 432 228 68 168 -1 -1 -1 -1 
792 50 433 230 67 166 -1 -1 -1 -1 
793 50 433 232 67 166 -1 -1 -1 -1 
794 50 433 235 66 164 -1 -1 -1 -1 
795 50 434 234 66 164 -1 -1 -1 -1 
796 50 434 233 67 166 -1 -1 -1 -1 
797 50 434 234 68 167 -1 -1 -1 -1 
798 50 435 237 69 169 -1 -1 -1 -1 
799 50 435 237 69 173 -1 -1 -1 -1 
800 50 432 237 71 176 -1 -1 -1 -1 
801 50 432 238 71 177 -1 -1 -1 -1 
802 50 430 237 72 180 -1 -1 -1 -1 
803 50 429 237 72 182 -1 -1 -1 -1 
804 50 428 238 73 182 -1 -1 -1 -1 
805 50 429 238 72 182 -1 -1 -1 -1 
806 50 429 238 73 182 -1 -1 -1 -1 
807 50 430 239 72 182 -1 -1 -1 -1 
808 50 430 240 72 181 -1 -1 -1 -1 
809 50 430 240 72 181 -1 -1 -1 -1 
810 50 430 241 72 180 -1 -1 -1 -1 
811 50 430 240 72 181 -1 -1 -1 -1 
812 50 429 241 72 179 -1 -1 -1 -1 
813 50 428 241 73 179 -1 -1 -1 -1 
814 50 428 241 72 179 -1 -1 -1 -1 
815 50 427 241 73 181 -1 -1 -1 -1 
816 50 427 243 73 183 -1 -1 -1 -1 
817 50 427 246 73 182 -1 -1 -1 -1 
818 50 427 249 73 181 -1 -1 -1 -1 
819 50 428 252 72 182 -1 -1 -1 -1 
820 50 427 254 73 182 -1 -1 -1 -1 
821 50 427 258 73 181 -1 -1 -1 -1 
822 50 428 260 72 181 -1 -1 -1 -1 
823 50 428 264 71 176 -1 -1 -1 -1 
824 50 428 265 71 175 -1 -1 -1 -1 
825 50 429 267 69 173 -1 -1 -1 -1 
826 50 428 268 70 172 -1 -1 -1 -1 
827 50 428 268 70 173 -1 -1 -1 -1 
828 50 428 267 70 174 -1 -1 -1 -1 
829 50 427 267 70 174 -1 -1 -1 -1 
830 50 428 266 70 175 -1 -1 -1 -1 
831 50 428 267 71 174 -1 -1 -1 -1 
832 50 429 267 71 175 -1 -1 -1 -1 
833 50 429 267 71 177 -1 -1 -1 -1 
834 50 429 268 72 178 -1 -1 -1 -1 
835 50 429 269 72 181 -1 -1 -1 -1 
836 50 428 270 73 183 -1 -1 -1 -1 
837 50 427 271 74 185 -1 -1 -1 -1 
838 50 427 271 75 188 -1 -1 -1 -1 
839 50 426 272 76 188 -1 -1 -1 -1 
840 50 426 273 75 188 -1 -1 -1 -1 
841 50 426 274 75 188 -1 -1 -1 -1 
842 50 426 275 75 187 -1 -1 -1 -1 
843 50 426 275 75 187 -1 -1 -1 -1 
844 50 426 277 74 185 -1 -1 -1 -1 
845 50 427 278 73 183 -1 -1 -1 -1 
846 50 427 278 73 183 -1 -1 -1 -1 
847 50 426 278 73 183 -1 -1 -1 -1 
848 50 425 279 72 179 -1 -1 -1 -1 
849 50 424 280 73 177 -1 -1 -1 -1 
850 50 424 282 72 178 -1 -1 -1 -1 
851 50 424 285 72 178 -1 -1 -1 -1 
852 50 424 287 72 178 -1 -1 -1 -1 
853 50 424 288 72 179 -1 -1 -1 -1 
854 50 424 287 73 182 -1 -1 -1 -1 
855 50 423 290 73 183 -1 -1 -1 -1 
856 50 422 292 74 185 -1 -1 -1 -1 
857 50 422 293 74 185 -1 -1 -1 -1 
858 50 422 295 73 185 -1 -1 -1 -1 
859 50 422 297 73 183 -1 -1 -1 -1 
860 50 421 298 73 182 -1 -1 -1 -1 
861 50 422 299 71 180 -1 -1 -1 -1 
862 50 421 300 72 179 -1 -1 -1 -1 
863 50 421 299 72 181 -1 -1 -1 -1 
864 50 421 299 72 180 -1 -1 -1 -1 
865 50 422 302 71 178 -1 -1 -1 -1 
866 50 422 303 71 178 -1 -1 -1 -1 
867 50 423 302 72 182 -1 -1 -1 -1 
868 50 422 302 73 185 -1 -1 -1 -1 
869 50 421 301 75 189 -1 -1 -1 -1 
870 50 421 304 75 190 -1 -1 -1 -1 
871 50 421 308 75 189 -1 -1 -1 -1 
872 50 420 311 76 187 -1 -1 -1 -1 
873 50 421 313 75 187 -1 -1 -1 -1 
874 50 420 314 74 186 -1 -1 -1 -1 
875 50 419 315 75 185 -1 -1 -1 -1 
876 50 419 314 75 186 -1 -1 -1 -1 
877 50 420 317 74 183 -1 -1 -1 -1 
878 50 418 315 75 186 -1 -1 -1 -1 
879 50 419 318 74 183 -1 -1 -1 -1 
880 50 419 319 73 181 -1 -1 -1 -1 
881 50 419 320 73 180 -1 -1 -1 -1 
882 50 418 318 73 180 -1 -1 -1 -1 
883 50 417 316 73 181 -1 -1 -1 -1 
884 50 418 321 71 178 -1 -1 -1 -1 
885 50 417 321 72 181 -1 -1 -1 -1 
886 50 415 322 73 182 -1 -1 -1 -1 
887 50 415 325 73 182 -1 -1 -1 -1 
888 50 415 327 72 180 -1 -1 -1 -1 
889 50 414 328 72 180 -1 -1 -1 -1 
890 50 414 329 72 179 -1 -1 -1 -1 
891 50 413 329 72 180 -1 -1 -1 -1 
892 50 412 329 73 180 -1 -1 -1 -1 
893 50 411 330 73 182 -1 -1 -1 -1 
894 50 410 333 74 183 -1 -1 -1 -1 
895 50 410 334 74 183 -1 -1 -1 -1 
896 50 409 333 75 186 -1 -1 -1 -1 
897 50 409 332 75 188 -1 -1 -1 -1 
898 50 410 335 74 185 -1 -1 -1 -1 
899 50 410 337 74 184 -1 -1 -1 -1 
900 50 411 341 72 182 -1 -1 -1 -1 
901 50 410 340 73 184 -1 -1 -1 -1 
902 50 409 342 75 188 -1 -1 -1 -1 
903 50 409 345 75 189 -1 -1 -1 -1 
904 50 407 346 76 191 -1 -1 -1 -1 
905 50 404 344 79 194 -1 -1 -1 -1 
906 50 401 342 80 198 -1 -1 -1 -1 
907 50 400 342 81 200 -1 -1 -1 -1 
908 50 400 343 81 200 -1 -1 -1 -1 
909 50 400 344 80 200 -1 -1 -1 -1 
910 50 399 346 80 198 -1 -1 -1 -1 
911 50 399 347 80 197 -1 -1 -1 -1 
912 50 400 348 79 196 -1 -1 -1 -1 
913 50 400 349 78 195 -1 -1 -1 -1 
914 50 399 350 79 195 -1 -1 -1 -1 
915 50 399 351 78 194 -1 -1 -1 -1 
916 50 398 349 77 193 -1 -1 -1 -1 
917 50 398 349 76 192 -1 -1 -1 -1 
918 50 397 352 76 190 -1 -1 -1 -1 
919 50 396 354 76 190 -1 -1 -1 -1 
920 50 396 359 75 187 -1 -1 -1 -1 
921 50 395 359 76 190 -1 -1 -1 -1 
922 50 394 359 76 191 -1 -1 -1 -1 
923 50 393 359 77 193 -1 -1 -1 -1 
924 50 392 361 78 193 -1 -1 -1 -1 
925 50 392 363 77 195 -1 -1 -1 -1 
926 50 391 364 78 197 -1 -1 -1 -1 
927 50 391 365 78 198 -1 -1 -1 -1 
928 50 390 368 78 194 -1 -1 -1 -1 
929 50 390 368 79 196 -1 -1 -1 -1 
930 50 390 368 79 197 -1 -1 -1 -1 
931 50 390 369 79 196 -1 -1 -1 -1 
932 50 390 371 78 193 -1 -1 -1 -1 
933 50 390 373 78 191 -1 -1 -1 -1 
934 50 391 374 78 190 -1 -1 -1 -1 
935 50 390 374 78 192 -1 -1 -1 -1 
936 50 389 375 79 194 -1 -1 -1 -1 
937 50 388 376 81 198 -1 -1 -1 -1 
938 50 387 378 82 200 -1 -1 -1 -1 
939 50 387 379 82 203 -1 -1 -1 -1 
940 50 387 383 81 201 -1 -1 -1 -1 
941 50 387 385 81 202 -1 -1 -1 -1 
942 50 386 385 82 204 -1 -1 -1 -1 
943 50 386 387 82 203 -1 -1 -1 -1 
944 50 386 388 82 201 -1 -1 -1 -1 
945 50 386 389 82 201 -1 -1 -1 -1 
946 50 387 390 81 199 -1 -1 -1 -1 
947 50 387 392 80 197 -1 -1 -1 -1 
948 50 387 393 80 196 -1 -1 -1 -1 
949 50 387 393 80 196 -1 -1 -1 -1 
950 50 387 394 79 195 -1 -1 -1 -1 
951 50 387 395 77 192 -1 -1 -1 -1 
952 50 386 396 76 190 -1 -1 -1 -1 
953 50 386 397 76 191 -1 -1 -1 -1 
954 50 385 398 77 192 -1 -1 -1 -1 
955 50 383 400 79 194 -1 -1 -1 -1 
956 50 382 402 79 195 -1 -1 -1 -1 
957 50 382 405 79 196 -1 -1 -1 -1 
958 50 380 406 81 198 -1 -1 -1 -1 
959 50 380 409 81 200 -1 -1 -1 -1 
960 50 381 412 81 200 -1 -1 -1 -1 
961 50 381 413 80 200 -1 -1 -1 -1 
962 50 381 414 80 200 -1 -1 -1 -1 
963 50 380 414 81 201 -1 -1 -1 -1 
964 50 380 415 80 199 -1 -1 -1 -1 
965 50 380 415 80 199 -1 -1 -1 -1 
966 50 380 416 80 197 -1 -1 -1 -1 
967 50 381 416 79 197 -1 -1 -1 -1 
968 50 382 416 78 197 -1 -1 -1 -1 
969 50 382 417 79 197 -1 -1 -1 -1 
970 50 382 419 79 197 -1 -1 -1 -1 
971 50 382 421 80 199 -1 -1 -1 -1 
972 50 381 422 81 202 -1 -1 -1 -1 
973 50 381 423 82 205 -1 -1 -1 -1 
974 50 381 424 81 206 -1 -1 -1 -1 
975 50 381 427 82 205 -1 -1 -1 -1 
976 50 381 430 82 205 -1 -1 -1 -1 
977 50 381 433 82 204 -1 -1 -1 -1 
978 50 381 433 83 204 -1 -1 -1 -1 
979 50 381 434 82 204 -1 -1 -1 -1 
980 50 381 434 83 205 -1 -1 -1 -1 
981 50 381 434 83 205 -1 -1 -1 -1 
982 50 381 435 83 203 -1 -1 -1 -1 
983 50 381 435 82 203 -1 -1 -1 -1 
984 50 381 436 82 202 -1 -1 -1 -1 
985 50 380 436 82 202 -1 -1 -1 -1 
986 50 380 437 81 200 -1 -1 -1 -1 
987 50 379 439 81 200 -1 -1 -1 -1 
988 50 378 440 82 201 -1 -1 -1 -1 
989 50 378 442 81 202 -1 -1 -1 -1 
990 50 378 443 81 204 -1 -1 -1 -1 
991 50 376 445 82 206 -1 -1 -1 -1 
992 50 376 447 82 204 -1 -1 -1 -1 
993 50 375 449 83 206 -1 -1 -1 -1 
994 50 374 452 83 204 -1 -1 -1 -1 
995 50 374 452 82 204 -1 -1 -1 -1 
996 50 374 453 81 201 -1 -1 -1 -1 
997 50 374 454 81 203 -1 -1 -1 -1 
998 50 374 455 82 204 -1 -1 -1 -1 
999 50 374 457 82 204 -1 -1 -1 -1 
1000 50 374 458 82 204 -1 -1 -1 -1 
1001 50 375 458 81 204 -1 -1 -1 -1 
1002 50 374 459 81 202 -1 -1 -1 -1 
1003 50 375 460 81 202 -1 -1 -1 -1 
1004 50 373 461 82 203 -1 -1 -1 -1 
1005 50 372 463 84 206 -1 -1 -1 -1 
1006 50 372 464 83 207 -1 -1 -1 -1 
1007 50 372 466 84 209 -1 -1 -1 -1 
1008 50 372 469 84 209 -1 -1 -1 -1 
1009 50 372 472 84 211 -1 -1 -1 -1 
1010 50 370 474 87 215 -1 -1 -1 -1 
1011 50 369 475 88 219 -1 -1 -1 -1 
1012 50 368 475 87 220 -1 -1 -1 -1 
1013 50 368 476 87 219 -1 -1 -1 -1 
1014 50 369 477 85 216 -1 -1 -1 -1 
1015 50 368 477 86 218 -1 -1 -1 -1 
1016 50 367 478 87 220 -1 -1 -1 -1 
1017 50 367 479 87 220 -1 -1 -1 -1 
1018 50 367 479 86 220 -1 -1 -1 -1 
1019 50 366 480 86 217 -1 -1 -1 -1 
1020 50 366 481 86 216 -1 -1 -1 -1 
1021 50 367 484 83 210 -1 -1 -1 -1 
1022 50 365 485 86 214 -1 -1 -1 -1 
1023 50 365 488 85 214 -1 -1 -1 -1 
1024 50 364 489 86 214 -1 -1 -1 -1 
1025 50 363 489 87 215 -1 -1 -1 -1 
1026 50 364 493 85 211 -1 -1 -1 -1 
1027 50 363 495 85 212 -1 -1 -1 -1 
1028 50 362 499 86 213 -1 -1 -1 -1 
1029 50 362 501 86 212 -1 -1 -1 -1 
1030 50 362 502 86 212 -1 -1 -1 -1 
1031 50 361 501 86 212 -1 -1 -1 -1 
1032 50 361 503 86 213 -1 -1 -1 -1 
1033 50 361 504 86 213 -1 -1 -1 -1 
1034 50 361 505 86 213 -1 -1 -1 -1 
1035 50 362 506 85 212 -1 -1 -1 -1 
1036 50 362 507 85 210 -1 -1 -1 -1 
1037 50 363 507 84 210 -1 -1 -1 -1 
1038 50 363 507 84 210 -1 -1 -1 -1 
1039 50 362 507 85 212 -1 -1 -1 -1 
1040 50 362 509 85 212 -1 -1 -1 -1 
1041 50 360 510 87 216 -1 -1 -1 -1 
1042 50 359 511 89 219 -1 -1 -1 -1 
1043 50 360 514 88 217 -1 -1 -1 -1 
1044 50 360 518 87 215 -1 -1 -1 -1 
1045 50 361 521 85 213 -1 -1 -1 -1 
1046 50 362 523 83 207 -1 -1 -1 -1 
1047 50 363 524 81 206 -1 -1 -1 -1 
1048 50 362 525 86 212 -1 -1 -1 -1 
1049 50 364 525 82 208 -1 -1 -1 -1 
1050 50 364 525 81 203 -1 -1 -1 -1 
426 51 1861 416 59 206 -1 -1 -1 -1 
427 51 1864 416 55 207 -1 -1 -1 -1 
428 51 1864 416 55 205 -1 -1 -1 -1 
429 51 1863 415 57 206 -1 -1 -1 -1 
430 51 1861 413 58 209 -1 -1 -1 -1 
431 51 1861 411 59 211 -1 -1 -1 -1 
432 51 1861 410 59 212 -1 -1 -1 -1 
433 51 1861 409 59 213 -1 -1 -1 -1 
434 51 1860 409 60 213 -1 -1 -1 -1 
435 51 1860 409 60 213 -1 -1 -1 -1 
436 51 1860 409 59 213 -1 -1 -1 -1 
437 51 1860 407 59 214 -1 -1 -1 -1 
438 51 1859 405 60 217 -1 -1 -1 -1 
439 51 1860 402 60 218 -1 -1 -1 -1 
440 51 1859 400 61 220 -1 -1 -1 -1 
441 51 1859 397 61 223 -1 -1 -1 -1 
442 51 1858 395 62 225 -1 -1 -1 -1 
443 51 1859 394 61 220 -1 -1 -1 -1 
444 51 1858 392 61 220 -1 -1 -1 -1 
445 51 1856 390 63 225 -1 -1 -1 -1 
446 51 1857 389 62 218 -1 -1 -1 -1 
447 51 1856 388 63 213 -1 -1 -1 -1 
448 51 1855 389 65 206 -1 -1 -1 -1 
449 51 1854 390 66 197 -1 -1 -1 -1 
450 51 1852 391 67 191 -1 -1 -1 -1 
451 51 1850 391 69 189 -1 -1 -1 -1 
452 51 1847 392 72 189 -1 -1 -1 -1 
453 51 1846 392 73 184 -1 -1 -1 -1 
454 51 1845 392 74 184 -1 -1 -1 -1 
455 51 1844 391 75 186 -1 -1 -1 -1 
456 51 1841 389 74 185 -1 -1 -1 -1 
457 51 1838 388 74 184 -1 -1 -1 -1 
458 51 1836 385 77 186 -1 -1 -1 -1 
459 51 1834 384 77 184 -1 -1 -1 -1 
460 51 1832 381 75 185 -1 -1 -1 -1 
461 51 1830 379 74 185 -1 -1 -1 -1 
462 51 1827 377 74 185 -1 -1 -1 -1 
463 51 1825 376 75 186 -1 -1 -1 -1 
464 51 1822 375 76 187 -1 -1 -1 -1 
465 51 1821 372 76 189 -1 -1 -1 -1 
466 51 1819 371 77 191 -1 -1 -1 -1 
467 51 1818 368 78 195 -1 -1 -1 -1 
468 51 1816 367 78 196 -1 -1 -1 -1 
469 51 1814 365 79 198 -1 -1 -1 -1 
470 51 1812 364 80 200 -1 -1 -1 -1 
471 51 1812 364 79 198 -1 -1 -1 -1 
472 51 1810 365 77 193 -1 -1 -1 -1 
473 51 1809 364 76 191 -1 -1 -1 -1 
474 51 1808 365 74 186 -1 -1 -1 -1 
475 51 1806 365 74 185 -1 -1 -1 -1 
476 51 1804 365 75 187 -1 -1 -1 -1 
477 51 1802 364 75 187 -1 -1 -1 -1 
478 51 1800 363 75 187 -1 -1 -1 -1 
479 51 1797 360 76 188 -1 -1 -1 -1 
480 51 1795 358 76 189 -1 -1 -1 -1 
481 51 1794 357 76 189 -1 -1 -1 -1 
482 51 1793 356 76 189 -1 -1 -1 -1 
483 51 1790 356 74 187 -1 -1 -1 -1 
484 51 1787 355 73 184 -1 -1 -1 -1 
485 51 1785 354 72 182 -1 -1 -1 -1 
486 51 1781 354 74 186 -1 -1 -1 -1 
487 51 1779 352 75 187 -1 -1 -1 -1 
488 51 1777 350 76 192 -1 -1 -1 -1 
489 51 1774 351 77 191 -1 -1 -1 -1 
490 51 1772 351 76 191 -1 -1 -1 -1 
491 51 1770 349 77 193 -1 -1 -1 -1 
492 51 1767 347 79 195 -1 -1 -1 -1 
493 51 1766 346 78 195 -1 -1 -1 -1 
494 51 1764 347 78 193 -1 -1 -1 -1 
495 51 1763 348 77 192 -1 -1 -1 -1 
496 51 1761 348 77 190 -1 -1 -1 -1 
497 51 1760 347 76 188 -1 -1 -1 -1 
498 51 1759 347 74 185 -1 -1 -1 -1 
499 51 1754 346 74 184 -1 -1 -1 -1 
500 51 1750 343 74 185 -1 -1 -1 -1 
501 51 1748 340 74 185 -1 -1 -1 -1 
502 51 1747 338 73 183 -1 -1 -1 -1 
503 51 1746 337 70 176 -1 -1 -1 -1 
504 51 1744 337 69 170 -1 -1 -1 -1 
505 51 1743 339 66 165 -1 -1 -1 -1 
506 51 1742 340 63 159 -1 -1 -1 -1 
507 51 1737 340 63 158 -1 -1 -1 -1 
508 51 1734 339 63 159 -1 -1 -1 -1 
509 51 1733 341 62 156 -1 -1 -1 -1 
510 51 1732 341 62 155 -1 -1 -1 -1 
511 51 1732 339 63 158 -1 -1 -1 -1 
512 51 1730 339 64 158 -1 -1 -1 -1 
513 51 1727 337 65 162 -1 -1 -1 -1 
514 51 1726 333 65 164 -1 -1 -1 -1 
515 51 1726 332 64 164 -1 -1 -1 -1 
516 51 1725 329 65 167 -1 -1 -1 -1 
517 51 1725 325 65 168 -1 -1 -1 -1 
518 51 1724 325 64 167 -1 -1 -1 -1 
519 51 1722 321 66 171 -1 -1 -1 -1 
520 51 1720 318 67 172 -1 -1 -1 -1 
521 51 1719 316 66 171 -1 -1 -1 -1 
522 51 1718 314 66 170 -1 -1 -1 -1 
523 51 1716 311 67 173 -1 -1 -1 -1 
524 51 1714 309 68 174 -1 -1 -1 -1 
525 51 1713 308 68 174 -1 -1 -1 -1 
526 51 1712 306 68 175 -1 -1 -1 -1 
527 51 1711 306 68 174 -1 -1 -1 -1 
528 51 1709 306 67 173 -1 -1 -1 -1 
529 51 1707 306 67 172 -1 -1 -1 -1 
530 51 1705 306 66 169 -1 -1 -1 -1 
531 51 1703 305 66 170 -1 -1 -1 -1 
532 51 1701 305 68 171 -1 -1 -1 -1 
533 51 1699 304 69 171 -1 -1 -1 -1 
534 51 1697 303 69 172 -1 -1 -1 -1 
535 51 1694 302 69 174 -1 -1 -1 -1 
536 51 1692 300 70 176 -1 -1 -1 -1 
537 51 1691 299 70 176 -1 -1 -1 -1 
538 51 1690 297 70 176 -1 -1 -1 -1 
539 51 1688 295 72 179 -1 -1 -1 -1 
540 51 1687 293 72 181 -1 -1 -1 -1 
541 51 1686 290 73 182 -1 -1 -1 -1 
542 51 1685 288 73 182 -1 -1 -1 -1 
543 51 1683 287 74 184 -1 -1 -1 -1 
544 51 1683 287 74 183 -1 -1 -1 -1 
545 51 1682 287 74 184 -1 -1 -1 -1 
546 51 1681 286 74 185 -1 -1 -1 -1 
547 51 1682 287 73 183 -1 -1 -1 -1 
548 51 1682 287 73 183 -1 -1 -1 -1 
549 51 1682 288 73 182 -1 -1 -1 -1 
550 51 1681 287 73 182 -1 -1 -1 -1 
551 51 1678 286 74 183 -1 -1 -1 -1 
552 51 1677 284 74 185 -1 -1 -1 -1 
553 51 1675 282 74 184 -1 -1 -1 -1 
554 51 1674 279 73 182 -1 -1 -1 -1 
555 51 1673 277 71 179 -1 -1 -1 -1 
556 51 1672 275 71 179 -1 -1 -1 -1 
557 51 1671 274 71 179 -1 -1 -1 -1 
558 51 1670 273 71 178 -1 -1 -1 -1 
559 51 1669 272 71 179 -1 -1 -1 -1 
560 51 1669 271 71 178 -1 -1 -1 -1 
561 51 1668 270 71 178 -1 -1 -1 -1 
562 51 1666 269 72 179 -1 -1 -1 -1 
563 51 1665 268 72 180 -1 -1 -1 -1 
564 51 1665 268 71 179 -1 -1 -1 -1 
565 51 1664 268 71 178 -1 -1 -1 -1 
566 51 1664 268 71 177 -1 -1 -1 -1 
567 51 1664 268 71 178 -1 -1 -1 -1 
568 51 1663 268 71 176 -1 -1 -1 -1 
569 51 1663 267 71 177 -1 -1 -1 -1 
570 51 1662 266 71 176 -1 -1 -1 -1 
571 51 1661 264 71 177 -1 -1 -1 -1 
572 51 1661 263 70 175 -1 -1 -1 -1 
573 51 1660 261 70 174 -1 -1 -1 -1 
574 51 1659 259 70 174 -1 -1 -1 -1 
575 51 1658 256 71 176 -1 -1 -1 -1 
576 51 1657 254 71 177 -1 -1 -1 -1 
577 51 1658 252 71 178 -1 -1 -1 -1 
578 51 1658 251 71 177 -1 -1 -1 -1 
579 51 1658 251 71 175 -1 -1 -1 -1 
580 51 1658 250 71 175 -1 -1 -1 -1 
581 51 1658 249 70 175 -1 -1 -1 -1 
582 51 1657 249 70 176 -1 -1 -1 -1 
583 51 1658 249 70 175 -1 -1 -1 -1 
584 51 1658 249 70 175 -1 -1 -1 -1 
585 51 1658 249 70 173 -1 -1 -1 -1 
586 51 1659 249 69 172 -1 -1 -1 -1 
587 51 1660 248 69 171 -1 -1 -1 -1 
588 51 1660 248 68 169 -1 -1 -1 -1 
589 51 1659 246 69 169 -1 -1 -1 -1 
590 51 1659 245 67 169 -1 -1 -1 -1 
591 51 1661 244 66 167 -1 -1 -1 -1 
592 51 1661 242 67 170 -1 -1 -1 -1 
593 51 1661 240 67 172 -1 -1 -1 -1 
594 51 1660 237 68 174 -1 -1 -1 -1 
595 51 1660 235 68 175 -1 -1 -1 -1 
596 51 1659 233 68 176 -1 -1 -1 -1 
597 51 1657 231 69 175 -1 -1 -1 -1 
598 51 1656 229 69 176 -1 -1 -1 -1 
599 51 1654 229 71 178 -1 -1 -1 -1 
600 51 1654 227 69 176 -1 -1 -1 -1 
601 51 1653 228 69 174 -1 -1 -1 -1 
602 51 1652 228 69 176 -1 -1 -1 -1 
603 51 1650 230 69 173 -1 -1 -1 -1 
604 51 1649 230 69 172 -1 -1 -1 -1 
605 51 1648 230 68 170 -1 -1 -1 -1 
606 51 1646 229 69 171 -1 -1 -1 -1 
607 51 1645 227 68 171 -1 -1 -1 -1 
608 51 1643 226 69 170 -1 -1 -1 -1 
609 51 1642 223 69 172 -1 -1 -1 -1 
610 51 1641 222 68 170 -1 -1 -1 -1 
611 51 1640 219 68 170 -1 -1 -1 -1 
612 51 1638 217 70 172 -1 -1 -1 -1 
613 51 1638 216 69 172 -1 -1 -1 -1 
614 51 1639 214 68 171 -1 -1 -1 -1 
615 51 1637 213 69 171 -1 -1 -1 -1 
616 51 1636 212 69 170 -1 -1 -1 -1 
617 51 1636 211 68 171 -1 -1 -1 -1 
618 51 1635 210 68 172 -1 -1 -1 -1 
619 51 1634 209 69 174 -1 -1 -1 -1 
620 51 1633 209 70 176 -1 -1 -1 -1 
621 51 1633 209 70 176 -1 -1 -1 -1 
622 51 1633 209 70 175 -1 -1 -1 -1 
623 51 1633 210 69 173 -1 -1 -1 -1 
624 51 1633 208 69 174 -1 -1 -1 -1 
625 51 1633 208 70 173 -1 -1 -1 -1 
626 51 1632 205 69 174 -1 -1 -1 -1 
627 51 1630 203 70 176 -1 -1 -1 -1 
628 51 1629 202 69 174 -1 -1 -1 -1 
629 51 1628 202 69 172 -1 -1 -1 -1 
630 51 1627 200 68 171 -1 -1 -1 -1 
631 51 1626 199 68 170 -1 -1 -1 -1 
632 51 1625 198 67 170 -1 -1 -1 -1 
633 51 1624 196 68 172 -1 -1 -1 -1 
634 51 1623 195 69 173 -1 -1 -1 -1 
635 51 1622 194 69 172 -1 -1 -1 -1 
636 51 1622 193 68 172 -1 -1 -1 -1 
637 51 1621 192 69 173 -1 -1 -1 -1 
638 51 1621 191 69 174 -1 -1 -1 -1 
639 51 1620 191 69 173 -1 -1 -1 -1 
640 51 1620 191 69 173 -1 -1 -1 -1 
641 51 1620 191 68 170 -1 -1 -1 -1 
642 51 1620 191 67 169 -1 -1 -1 -1 
643 51 1620 191 66 167 -1 -1 -1 -1 
644 51 1619 191 66 165 -1 -1 -1 -1 
645 51 1619 190 65 166 -1 -1 -1 -1 
646 51 1618 189 66 166 -1 -1 -1 -1 
647 51 1618 188 65 166 -1 -1 -1 -1 
648 51 1617 185 66 167 -1 -1 -1 -1 
649 51 1616 183 67 169 -1 -1 -1 -1 
650 51 1616 180 67 170 -1 -1 -1 -1 
651 51 1616 179 67 168 -1 -1 -1 -1 
652 51 1616 176 67 169 -1 -1 -1 -1 
653 51 1616 173 68 170 -1 -1 -1 -1 
654 51 1616 170 69 171 -1 -1 -1 -1 
655 51 1617 168 69 172 -1 -1 -1 -1 
656 51 1617 167 69 171 -1 -1 -1 -1 
657 51 1618 166 69 170 -1 -1 -1 -1 
658 51 1619 166 68 170 -1 -1 -1 -1 
659 51 1619 166 68 170 -1 -1 -1 -1 
660 51 1619 167 69 169 -1 -1 -1 -1 
661 51 1620 166 69 168 -1 -1 -1 -1 
662 51 1621 166 68 167 -1 -1 -1 -1 
663 51 1622 165 68 167 -1 -1 -1 -1 
664 51 1623 164 67 166 -1 -1 -1 -1 
665 51 1624 163 67 165 -1 -1 -1 -1 
666 51 1626 162 66 164 -1 -1 -1 -1 
667 51 1625 161 67 166 -1 -1 -1 -1 
668 51 1626 159 68 168 -1 -1 -1 -1 
669 51 1628 157 67 167 -1 -1 -1 -1 
670 51 1628 156 67 167 -1 -1 -1 -1 
671 51 1629 155 67 168 -1 -1 -1 -1 
672 51 1629 153 68 169 -1 -1 -1 -1 
673 51 1629 153 67 169 -1 -1 -1 -1 
674 51 1629 153 68 168 -1 -1 -1 -1 
675 51 1629 153 67 168 -1 -1 -1 -1 
676 51 1629 153 68 169 -1 -1 -1 -1 
677 51 1629 153 67 168 -1 -1 -1 -1 
678 51 1628 153 67 168 -1 -1 -1 -1 
679 51 1627 153 67 168 -1 -1 -1 -1 
680 51 1625 153 68 168 -1 -1 -1 -1 
681 51 1625 153 67 167 -1 -1 -1 -1 
682 51 1623 153 68 168 -1 -1 -1 -1 
683 51 1621 153 68 168 -1 -1 -1 -1 
684 51 1619 153 68 169 -1 -1 -1 -1 
685 51 1618 152 68 169 -1 -1 -1 -1 
686 51 1617 152 67 167 -1 -1 -1 -1 
687 51 1615 151 67 167 -1 -1 -1 -1 
688 51 1614 150 67 167 -1 -1 -1 -1 
689 51 1613 148 67 167 -1 -1 -1 -1 
690 51 1613 147 66 167 -1 -1 -1 -1 
691 51 1611 145 68 168 -1 -1 -1 -1 
692 51 1610 143 68 168 -1 -1 -1 -1 
693 51 1609 141 68 169 -1 -1 -1 -1 
694 51 1608 139 68 169 -1 -1 -1 -1 
695 51 1608 138 67 168 -1 -1 -1 -1 
696 51 1608 136 67 170 -1 -1 -1 -1 
697 51 1607 136 68 169 -1 -1 -1 -1 
698 51 1608 136 67 169 -1 -1 -1 -1 
699 51 1608 136 67 169 -1 -1 -1 -1 
700 51 1608 136 67 169 -1 -1 -1 -1 
701 51 1608 137 67 168 -1 -1 -1 -1 
702 51 1608 137 67 168 -1 -1 -1 -1 
703 51 1608 137 67 167 -1 -1 -1 -1 
704 51 1607 134 68 170 -1 -1 -1 -1 
705 51 1606 132 70 173 -1 -1 -1 -1 
706 51 1605 129 71 176 -1 -1 -1 -1 
707 51 1605 127 70 176 -1 -1 -1 -1 
708 51 1606 126 68 172 -1 -1 -1 -1 
709 51 1607 126 66 166 -1 -1 -1 -1 
710 51 1607 126 66 165 -1 -1 -1 -1 
711 51 1606 124 66 167 -1 -1 -1 -1 
712 51 1604 123 67 167 -1 -1 -1 -1 
713 51 1603 121 67 169 -1 -1 -1 -1 
714 51 1602 120 68 171 -1 -1 -1 -1 
715 51 1602 119 68 172 -1 -1 -1 -1 
716 51 1601 118 69 173 -1 -1 -1 -1 
717 51 1600 116 70 175 -1 -1 -1 -1 
718 51 1600 116 70 174 -1 -1 -1 -1 
719 51 1600 116 69 174 -1 -1 -1 -1 
720 51 1599 117 69 173 -1 -1 -1 -1 
721 51 1599 117 68 171 -1 -1 -1 -1 
722 51 1598 117 67 168 -1 -1 -1 -1 
723 51 1598 116 67 167 -1 -1 -1 -1 
724 51 1597 115 67 167 -1 -1 -1 -1 
725 51 1597 114 67 168 -1 -1 -1 -1 
726 51 1596 113 67 168 -1 -1 -1 -1 
727 51 1595 112 67 168 -1 -1 -1 -1 
728 51 1594 111 67 168 -1 -1 -1 -1 
729 51 1592 110 68 168 -1 -1 -1 -1 
730 51 1592 110 67 166 -1 -1 -1 -1 
731 51 1592 108 67 167 -1 -1 -1 -1 
732 51 1592 106 68 168 -1 -1 -1 -1 
733 51 1592 106 67 166 -1 -1 -1 -1 
734 51 1592 106 67 165 -1 -1 -1 -1 
735 51 1593 106 66 164 -1 -1 -1 -1 
736 51 1593 105 67 165 -1 -1 -1 -1 
737 51 1594 105 66 164 -1 -1 -1 -1 
738 51 1594 105 66 164 -1 -1 -1 -1 
739 51 1594 105 66 164 -1 -1 -1 -1 
740 51 1593 105 67 165 -1 -1 -1 -1 
741 51 1593 105 67 165 -1 -1 -1 -1 
742 51 1594 105 66 164 -1 -1 -1 -1 
743 51 1594 104 66 163 -1 -1 -1 -1 
744 51 1595 103 65 163 -1 -1 -1 -1 
745 51 1595 101 65 163 -1 -1 -1 -1 
746 51 1594 99 65 163 -1 -1 -1 -1 
747 51 1594 97 65 163 -1 -1 -1 -1 
748 51 1595 95 65 163 -1 -1 -1 -1 
749 51 1594 94 66 163 -1 -1 -1 -1 
750 51 1594 94 65 162 -1 -1 -1 -1 
751 51 1594 93 65 163 -1 -1 -1 -1 
752 51 1593 92 66 163 -1 -1 -1 -1 
753 51 1592 91 66 163 -1 -1 -1 -1 
754 51 1591 89 66 166 -1 -1 -1 -1 
755 51 1590 88 67 167 -1 -1 -1 -1 
756 51 1589 87 68 168 -1 -1 -1 -1 
757 51 1588 87 68 169 -1 -1 -1 -1 
758 51 1587 86 69 171 -1 -1 -1 -1 
759 51 1587 86 69 171 -1 -1 -1 -1 
760 51 1587 86 69 171 -1 -1 -1 -1 
761 51 1587 85 68 171 -1 -1 -1 -1 
762 51 1585 86 66 166 -1 -1 -1 -1 
763 51 1584 86 65 163 -1 -1 -1 -1 
764 51 1582 86 65 162 -1 -1 -1 -1 
428 52 839 0 55 125 -1 -1 -1 -1 
429 52 839 0 55 126 -1 -1 -1 -1 
430 52 841 0 53 125 -1 -1 -1 -1 
431 52 841 0 54 125 -1 -1 -1 -1 
432 52 843 0 53 125 -1 -1 -1 -1 
433 52 843 0 54 125 -1 -1 -1 -1 
434 52 844 0 54 127 -1 -1 -1 -1 
435 52 846 0 53 129 -1 -1 -1 -1 
436 52 847 0 52 129 -1 -1 -1 -1 
437 52 848 0 53 128 -1 -1 -1 -1 
438 52 849 0 53 128 -1 -1 -1 -1 
439 52 849 0 53 128 -1 -1 -1 -1 
440 52 850 0 54 129 -1 -1 -1 -1 
441 52 850 0 55 130 -1 -1 -1 -1 
442 52 851 0 56 131 -1 -1 -1 -1 
443 52 852 0 58 132 -1 -1 -1 -1 
444 52 853 0 59 132 -1 -1 -1 -1 
445 52 856 0 58 132 -1 -1 -1 -1 
446 52 858 0 57 129 -1 -1 -1 -1 
447 52 859 0 57 127 -1 -1 -1 -1 
448 52 861 0 56 126 -1 -1 -1 -1 
449 52 862 0 56 126 -1 -1 -1 -1 
450 52 863 0 56 126 -1 -1 -1 -1 
451 52 864 0 56 127 -1 -1 -1 -1 
452 52 865 0 56 126 -1 -1 -1 -1 
453 52 867 0 55 126 -1 -1 -1 -1 
454 52 868 0 54 126 -1 -1 -1 -1 
455 52 869 0 54 126 -1 -1 -1 -1 
456 52 869 0 55 126 -1 -1 -1 -1 
457 52 871 0 54 127 -1 -1 -1 -1 
458 52 872 0 54 127 -1 -1 -1 -1 
459 52 874 0 53 126 -1 -1 -1 -1 
460 52 874 0 54 127 -1 -1 -1 -1 
461 52 875 0 54 126 -1 -1 -1 -1 
462 52 877 0 53 126 -1 -1 -1 -1 
463 52 878 0 53 126 -1 -1 -1 -1 
464 52 880 0 52 125 -1 -1 -1 -1 
465 52 881 0 52 125 -1 -1 -1 -1 
466 52 881 0 53 126 -1 -1 -1 -1 
467 52 882 0 54 127 -1 -1 -1 -1 
468 52 883 0 54 127 -1 -1 -1 -1 
469 52 884 0 53 127 -1 -1 -1 -1 
470 52 884 0 53 127 -1 -1 -1 -1 
471 52 883 0 54 127 -1 -1 -1 -1 
472 52 882 0 54 127 -1 -1 -1 -1 
473 52 881 0 54 128 -1 -1 -1 -1 
474 52 881 0 54 128 -1 -1 -1 -1 
475 52 880 0 54 128 -1 -1 -1 -1 
476 52 878 0 56 128 -1 -1 -1 -1 
477 52 879 0 55 127 -1 -1 -1 -1 
478 52 878 0 55 127 -1 -1 -1 -1 
479 52 878 0 55 126 -1 -1 -1 -1 
480 52 878 0 55 126 -1 -1 -1 -1 
481 52 877 0 55 125 -1 -1 -1 -1 
482 52 877 0 55 124 -1 -1 -1 -1 
483 52 877 0 55 123 -1 -1 -1 -1 
484 52 877 0 55 122 -1 -1 -1 -1 
485 52 876 0 55 122 -1 -1 -1 -1 
486 52 876 0 56 122 -1 -1 -1 -1 
487 52 876 0 56 120 -1 -1 -1 -1 
488 52 876 0 55 119 -1 -1 -1 -1 
489 52 877 0 53 118 -1 -1 -1 -1 
490 52 876 0 53 118 -1 -1 -1 -1 
491 52 875 0 54 119 -1 -1 -1 -1 
492 52 875 0 54 119 -1 -1 -1 -1 
493 52 875 0 54 120 -1 -1 -1 -1 
429 53 491 60 65 161 -1 -1 -1 -1 
430 53 492 60 64 156 -1 -1 -1 -1 
431 53 494 59 62 153 -1 -1 -1 -1 
432 53 494 59 62 152 -1 -1 -1 -1 
433 53 494 59 62 151 -1 -1 -1 -1 
434 53 494 58 62 151 -1 -1 -1 -1 
435 53 494 58 63 151 -1 -1 -1 -1 
436 53 495 57 62 152 -1 -1 -1 -1 
437 53 495 57 63 153 -1 -1 -1 -1 
438 53 496 56 63 155 -1 -1 -1 -1 
439 53 496 56 64 155 -1 -1 -1 -1 
440 53 497 55 64 154 -1 -1 -1 -1 
441 53 498 54 64 155 -1 -1 -1 -1 
442 53 498 54 64 154 -1 -1 -1 -1 
443 53 500 53 63 153 -1 -1 -1 -1 
444 53 500 52 63 154 -1 -1 -1 -1 
445 53 502 52 62 154 -1 -1 -1 -1 
446 53 502 52 63 154 -1 -1 -1 -1 
447 53 504 52 62 154 -1 -1 -1 -1 
448 53 504 52 63 156 -1 -1 -1 -1 
449 53 504 52 65 158 -1 -1 -1 -1 
450 53 507 53 63 158 -1 -1 -1 -1 
451 53 509 54 62 157 -1 -1 -1 -1 
452 53 510 55 61 155 -1 -1 -1 -1 
453 53 510 55 61 154 -1 -1 -1 -1 
454 53 510 55 61 153 -1 -1 -1 -1 
455 53 511 56 60 151 -1 -1 -1 -1 
456 53 511 55 60 151 -1 -1 -1 -1 
457 53 511 56 60 150 -1 -1 -1 -1 
458 53 511 56 60 150 -1 -1 -1 -1 
459 53 512 55 59 150 -1 -1 -1 -1 
460 53 511 54 61 151 -1 -1 -1 -1 
461 53 511 55 61 152 -1 -1 -1 -1 
462 53 512 69 63 155 -1 -1 -1 -1 
463 53 512 74 64 157 -1 -1 -1 -1 
464 53 510 76 65 159 -1 -1 -1 -1 
465 53 509 71 67 165 -1 -1 -1 -1 
466 53 509 71 67 167 -1 -1 -1 -1 
467 53 508 71 68 169 -1 -1 -1 -1 
468 53 507 69 69 171 -1 -1 -1 -1 
469 53 507 70 69 171 -1 -1 -1 -1 
470 53 507 72 69 170 -1 -1 -1 -1 
471 53 506 76 68 167 -1 -1 -1 -1 
472 53 506 82 66 161 -1 -1 -1 -1 
473 53 505 84 65 161 -1 -1 -1 -1 
474 53 503 86 65 159 -1 -1 -1 -1 
475 53 504 85 64 160 -1 -1 -1 -1 
476 53 503 86 62 157 -1 -1 -1 -1 
477 53 502 86 63 158 -1 -1 -1 -1 
478 53 501 87 64 158 -1 -1 -1 -1 
479 53 501 87 62 156 -1 -1 -1 -1 
480 53 501 88 61 154 -1 -1 -1 -1 
481 53 501 89 61 153 -1 -1 -1 -1 
482 53 501 89 61 152 -1 -1 -1 -1 
483 53 501 88 61 154 -1 -1 -1 -1 
484 53 500 88 61 153 -1 -1 -1 -1 
485 53 500 88 61 153 -1 -1 -1 -1 
486 53 500 88 61 154 -1 -1 -1 -1 
487 53 500 88 61 155 -1 -1 -1 -1 
488 53 500 90 61 154 -1 -1 -1 -1 
489 53 501 92 61 154 -1 -1 -1 -1 
490 53 501 93 60 154 -1 -1 -1 -1 
491 53 501 93 60 155 -1 -1 -1 -1 
492 53 502 93 60 155 -1 -1 -1 -1 
493 53 501 93 61 155 -1 -1 -1 -1 
494 53 501 92 61 156 -1 -1 -1 -1 
495 53 501 92 62 158 -1 -1 -1 -1 
496 53 502 92 61 158 -1 -1 -1 -1 
497 53 500 93 63 159 -1 -1 -1 -1 
498 53 500 94 63 157 -1 -1 -1 -1 
499 53 500 94 62 155 -1 -1 -1 -1 
500 53 500 94 63 156 -1 -1 -1 -1 
501 53 501 94 62 156 -1 -1 -1 -1 
502 53 501 95 63 155 -1 -1 -1 -1 
503 53 501 96 63 154 -1 -1 -1 -1 
504 53 502 96 63 157 -1 -1 -1 -1 
505 53 505 96 63 155 -1 -1 -1 -1 
506 53 505 95 65 158 -1 -1 -1 -1 
507 53 506 95 66 160 -1 -1 -1 -1 
508 53 507 96 65 160 -1 -1 -1 -1 
509 53 507 96 66 160 -1 -1 -1 -1 
510 53 507 95 66 162 -1 -1 -1 -1 
511 53 508 95 65 163 -1 -1 -1 -1 
512 53 508 95 66 164 -1 -1 -1 -1 
513 53 508 95 67 166 -1 -1 -1 -1 
514 53 508 96 67 165 -1 -1 -1 -1 
515 53 509 96 67 166 -1 -1 -1 -1 
516 53 511 97 66 164 -1 -1 -1 -1 
517 53 512 98 65 163 -1 -1 -1 -1 
518 53 513 99 65 163 -1 -1 -1 -1 
519 53 514 99 65 163 -1 -1 -1 -1 
520 53 514 100 65 162 -1 -1 -1 -1 
521 53 514 100 66 163 -1 -1 -1 -1 
522 53 514 101 66 163 -1 -1 -1 -1 
523 53 515 103 65 162 -1 -1 -1 -1 
524 53 514 103 67 163 -1 -1 -1 -1 
525 53 514 103 68 165 -1 -1 -1 -1 
526 53 516 103 67 166 -1 -1 -1 -1 
527 53 517 103 66 167 -1 -1 -1 -1 
528 53 517 103 67 168 -1 -1 -1 -1 
529 53 517 104 67 166 -1 -1 -1 -1 
530 53 517 104 67 166 -1 -1 -1 -1 
531 53 518 104 66 165 -1 -1 -1 -1 
532 53 518 104 66 164 -1 -1 -1 -1 
533 53 519 105 65 163 -1 -1 -1 -1 
534 53 519 106 65 163 -1 -1 -1 -1 
535 53 519 108 65 162 -1 -1 -1 -1 
536 53 520 109 65 161 -1 -1 -1 -1 
537 53 520 108 66 161 -1 -1 -1 -1 
538 53 520 107 65 161 -1 -1 -1 -1 
539 53 520 107 65 162 -1 -1 -1 -1 
540 53 520 107 65 162 -1 -1 -1 -1 
541 53 520 107 65 162 -1 -1 -1 -1 
542 53 520 108 65 162 -1 -1 -1 -1 
543 53 520 109 66 162 -1 -1 -1 -1 
544 53 522 109 65 162 -1 -1 -1 -1 
545 53 522 108 65 164 -1 -1 -1 -1 
546 53 522 108 66 165 -1 -1 -1 -1 
547 53 522 109 67 165 -1 -1 -1 -1 
548 53 522 110 67 165 -1 -1 -1 -1 
549 53 523 110 67 165 -1 -1 -1 -1 
550 53 524 110 67 165 -1 -1 -1 -1 
551 53 525 110 67 165 -1 -1 -1 -1 
552 53 525 110 67 165 -1 -1 -1 -1 
553 53 526 111 66 164 -1 -1 -1 -1 
554 53 527 111 66 164 -1 -1 -1 -1 
555 53 526 111 66 165 -1 -1 -1 -1 
556 53 526 112 66 165 -1 -1 -1 -1 
557 53 527 112 66 164 -1 -1 -1 -1 
558 53 528 112 66 164 -1 -1 -1 -1 
559 53 529 113 66 163 -1 -1 -1 -1 
560 53 530 113 65 163 -1 -1 -1 -1 
561 53 531 114 65 162 -1 -1 -1 -1 
562 53 531 114 65 162 -1 -1 -1 -1 
563 53 532 115 65 161 -1 -1 -1 -1 
564 53 533 116 64 160 -1 -1 -1 -1 
565 53 534 114 65 162 -1 -1 -1 -1 
566 53 534 113 65 162 -1 -1 -1 -1 
567 53 536 114 65 161 -1 -1 -1 -1 
568 53 537 115 66 160 -1 -1 -1 -1 
569 53 540 117 65 160 -1 -1 -1 -1 
570 53 542 118 65 159 -1 -1 -1 -1 
571 53 542 118 66 159 -1 -1 -1 -1 
572 53 542 117 66 160 -1 -1 -1 -1 
573 53 541 116 66 161 -1 -1 -1 -1 
574 53 541 116 66 161 -1 -1 -1 -1 
575 53 542 116 65 161 -1 -1 -1 -1 
576 53 543 117 66 160 -1 -1 -1 -1 
577 53 545 117 66 160 -1 -1 -1 -1 
578 53 545 116 66 161 -1 -1 -1 -1 
579 53 547 119 65 159 -1 -1 -1 -1 
580 53 548 121 65 157 -1 -1 -1 -1 
581 53 549 121 64 157 -1 -1 -1 -1 
582 53 551 121 63 157 -1 -1 -1 -1 
583 53 551 120 64 157 -1 -1 -1 -1 
584 53 552 119 64 159 -1 -1 -1 -1 
585 53 552 118 64 160 -1 -1 -1 -1 
586 53 552 118 65 160 -1 -1 -1 -1 
587 53 553 118 65 160 -1 -1 -1 -1 
588 53 554 118 64 160 -1 -1 -1 -1 
589 53 554 118 65 159 -1 -1 -1 -1 
590 53 555 117 65 160 -1 -1 -1 -1 
591 53 555 116 65 161 -1 -1 -1 -1 
592 53 554 116 66 160 -1 -1 -1 -1 
593 53 555 114 65 162 -1 -1 -1 -1 
594 53 555 113 66 165 -1 -1 -1 -1 
595 53 554 112 68 167 -1 -1 -1 -1 
596 53 555 114 67 165 -1 -1 -1 -1 
597 53 556 117 66 162 -1 -1 -1 -1 
598 53 556 116 67 163 -1 -1 -1 -1 
599 53 556 115 67 164 -1 -1 -1 -1 
600 53 556 117 66 163 -1 -1 -1 -1 
601 53 556 117 66 163 -1 -1 -1 -1 
602 53 555 118 66 160 -1 -1 -1 -1 
603 53 555 119 66 159 -1 -1 -1 -1 
604 53 555 119 66 159 -1 -1 -1 -1 
605 53 557 119 65 160 -1 -1 -1 -1 
606 53 557 117 66 163 -1 -1 -1 -1 
607 53 557 117 66 162 -1 -1 -1 -1 
608 53 557 116 66 163 -1 -1 -1 -1 
609 53 556 115 67 164 -1 -1 -1 -1 
610 53 556 115 66 163 -1 -1 -1 -1 
611 53 556 116 65 162 -1 -1 -1 -1 
612 53 556 117 65 160 -1 -1 -1 -1 
613 53 555 116 65 161 -1 -1 -1 -1 
614 53 555 115 65 162 -1 -1 -1 -1 
615 53 555 115 65 162 -1 -1 -1 -1 
616 53 555 117 65 160 -1 -1 -1 -1 
617 53 555 116 64 161 -1 -1 -1 -1 
618 53 555 115 64 162 -1 -1 -1 -1 
619 53 555 116 64 161 -1 -1 -1 -1 
620 53 555 115 65 162 -1 -1 -1 -1 
621 53 555 116 65 161 -1 -1 -1 -1 
622 53 556 118 63 159 -1 -1 -1 -1 
623 53 555 118 64 159 -1 -1 -1 -1 
624 53 555 120 63 157 -1 -1 -1 -1 
625 53 555 118 64 159 -1 -1 -1 -1 
626 53 555 119 64 158 -1 -1 -1 -1 
627 53 554 119 64 158 -1 -1 -1 -1 
628 53 554 119 64 158 -1 -1 -1 -1 
629 53 554 119 64 158 -1 -1 -1 -1 
630 53 554 117 65 160 -1 -1 -1 -1 
631 53 554 115 65 162 -1 -1 -1 -1 
632 53 554 115 65 162 -1 -1 -1 -1 
633 53 554 117 65 160 -1 -1 -1 -1 
634 53 555 118 64 159 -1 -1 -1 -1 
635 53 555 118 64 159 -1 -1 -1 -1 
636 53 555 119 64 158 -1 -1 -1 -1 
637 53 554 118 65 160 -1 -1 -1 -1 
638 53 554 118 65 160 -1 -1 -1 -1 
639 53 554 118 65 160 -1 -1 -1 -1 
640 53 553 117 66 161 -1 -1 -1 -1 
641 53 553 116 66 162 -1 -1 -1 -1 
642 53 553 117 66 162 -1 -1 -1 -1 
643 53 553 115 66 164 -1 -1 -1 -1 
644 53 553 115 66 164 -1 -1 -1 -1 
645 53 553 115 66 163 -1 -1 -1 -1 
646 53 553 115 65 163 -1 -1 -1 -1 
647 53 552 115 66 164 -1 -1 -1 -1 
648 53 552 116 66 162 -1 -1 -1 -1 
649 53 552 115 66 163 -1 -1 -1 -1 
650 53 552 116 66 162 -1 -1 -1 -1 
651 53 552 116 66 163 -1 -1 -1 -1 
652 53 552 114 66 165 -1 -1 -1 -1 
653 53 553 115 66 164 -1 -1 -1 -1 
654 53 553 115 65 163 -1 -1 -1 -1 
655 53 553 115 66 163 -1 -1 -1 -1 
656 53 553 115 66 163 -1 -1 -1 -1 
657 53 554 113 66 165 -1 -1 -1 -1 
658 53 554 115 66 163 -1 -1 -1 -1 
659 53 555 114 65 163 -1 -1 -1 -1 
660 53 555 113 65 164 -1 -1 -1 -1 
661 53 554 113 66 164 -1 -1 -1 -1 
662 53 554 116 66 161 -1 -1 -1 -1 
663 53 555 116 65 162 -1 -1 -1 -1 
664 53 555 114 65 163 -1 -1 -1 -1 
665 53 555 114 65 163 -1 -1 -1 -1 
666 53 555 116 64 161 -1 -1 -1 -1 
667 53 555 115 64 162 -1 -1 -1 -1 
668 53 555 117 64 160 -1 -1 -1 -1 
669 53 554 116 65 161 -1 -1 -1 -1 
670 53 554 116 65 161 -1 -1 -1 -1 
671 53 554 116 65 161 -1 -1 -1 -1 
672 53 554 116 65 161 -1 -1 -1 -1 
673 53 553 116 65 161 -1 -1 -1 -1 
674 53 553 115 65 162 -1 -1 -1 -1 
675 53 553 116 66 162 -1 -1 -1 -1 
676 53 553 118 65 160 -1 -1 -1 -1 
677 53 552 116 66 163 -1 -1 -1 -1 
678 53 553 117 65 162 -1 -1 -1 -1 
679 53 553 118 65 161 -1 -1 -1 -1 
680 53 553 119 65 160 -1 -1 -1 -1 
681 53 553 120 65 159 -1 -1 -1 -1 
682 53 554 120 64 159 -1 -1 -1 -1 
683 53 554 120 64 159 -1 -1 -1 -1 
684 53 554 119 64 160 -1 -1 -1 -1 
685 53 554 120 64 159 -1 -1 -1 -1 
686 53 554 119 65 159 -1 -1 -1 -1 
687 53 554 118 64 160 -1 -1 -1 -1 
688 53 555 117 64 160 -1 -1 -1 -1 
689 53 555 118 64 159 -1 -1 -1 -1 
690 53 556 120 64 159 -1 -1 -1 -1 
691 53 556 120 63 158 -1 -1 -1 -1 
692 53 555 117 64 160 -1 -1 -1 -1 
693 53 555 115 65 162 -1 -1 -1 -1 
694 53 555 115 65 162 -1 -1 -1 -1 
695 53 555 115 64 162 -1 -1 -1 -1 
696 53 555 116 64 161 -1 -1 -1 -1 
697 53 555 116 64 161 -1 -1 -1 -1 
698 53 556 116 64 161 -1 -1 -1 -1 
699 53 555 117 66 160 -1 -1 -1 -1 
700 53 555 118 66 160 -1 -1 -1 -1 
701 53 555 119 66 159 -1 -1 -1 -1 
702 53 556 119 65 159 -1 -1 -1 -1 
703 53 556 119 65 158 -1 -1 -1 -1 
704 53 556 117 66 159 -1 -1 -1 -1 
705 53 556 117 66 160 -1 -1 -1 -1 
706 53 556 119 65 157 -1 -1 -1 -1 
707 53 556 118 64 159 -1 -1 -1 -1 
708 53 555 118 65 159 -1 -1 -1 -1 
709 53 555 115 66 163 -1 -1 -1 -1 
710 53 555 114 66 163 -1 -1 -1 -1 
711 53 554 114 67 163 -1 -1 -1 -1 
712 53 554 116 66 160 -1 -1 -1 -1 
713 53 555 118 65 158 -1 -1 -1 -1 
714 53 554 118 65 159 -1 -1 -1 -1 
715 53 553 118 65 159 -1 -1 -1 -1 
716 53 553 121 65 156 -1 -1 -1 -1 
717 53 552 119 66 158 -1 -1 -1 -1 
718 53 552 119 65 158 -1 -1 -1 -1 
719 53 552 120 65 157 -1 -1 -1 -1 
720 53 552 122 63 155 -1 -1 -1 -1 
721 53 552 123 63 155 -1 -1 -1 -1 
722 53 552 123 63 155 -1 -1 -1 -1 
723 53 551 122 64 156 -1 -1 -1 -1 
724 53 550 122 64 156 -1 -1 -1 -1 
725 53 550 123 63 155 -1 -1 -1 -1 
726 53 548 124 63 154 -1 -1 -1 -1 
727 53 547 124 64 155 -1 -1 -1 -1 
728 53 546 123 64 156 -1 -1 -1 -1 
729 53 547 123 64 156 -1 -1 -1 -1 
730 53 547 124 64 154 -1 -1 -1 -1 
731 53 548 124 63 154 -1 -1 -1 -1 
732 53 548 122 63 156 -1 -1 -1 -1 
733 53 548 123 63 155 -1 -1 -1 -1 
734 53 548 125 62 154 -1 -1 -1 -1 
735 53 548 126 62 154 -1 -1 -1 -1 
736 53 548 126 62 154 -1 -1 -1 -1 
737 53 547 126 63 155 -1 -1 -1 -1 
738 53 547 126 64 155 -1 -1 -1 -1 
739 53 548 126 63 156 -1 -1 -1 -1 
740 53 549 126 63 156 -1 -1 -1 -1 
741 53 550 128 62 154 -1 -1 -1 -1 
742 53 550 128 62 154 -1 -1 -1 -1 
743 53 550 127 62 154 -1 -1 -1 -1 
744 53 550 126 62 155 -1 -1 -1 -1 
745 53 551 127 62 154 -1 -1 -1 -1 
746 53 551 127 62 153 -1 -1 -1 -1 
747 53 551 126 62 155 -1 -1 -1 -1 
748 53 550 125 63 156 -1 -1 -1 -1 
749 53 548 122 65 160 -1 -1 -1 -1 
750 53 547 122 65 160 -1 -1 -1 -1 
751 53 547 123 64 160 -1 -1 -1 -1 
752 53 546 123 64 160 -1 -1 -1 -1 
753 53 546 122 64 162 -1 -1 -1 -1 
754 53 546 124 64 160 -1 -1 -1 -1 
755 53 546 123 64 161 -1 -1 -1 -1 
756 53 546 124 64 160 -1 -1 -1 -1 
757 53 546 124 64 160 -1 -1 -1 -1 
758 53 546 126 64 158 -1 -1 -1 -1 
759 53 546 126 64 159 -1 -1 -1 -1 
760 53 546 127 64 158 -1 -1 -1 -1 
761 53 546 126 64 159 -1 -1 -1 -1 
762 53 546 126 64 159 -1 -1 -1 -1 
763 53 545 126 64 159 -1 -1 -1 -1 
764 53 544 125 65 160 -1 -1 -1 -1 
765 53 544 125 65 160 -1 -1 -1 -1 
766 53 543 126 64 158 -1 -1 -1 -1 
767 53 544 128 63 157 -1 -1 -1 -1 
768 53 543 127 63 158 -1 -1 -1 -1 
769 53 543 126 64 158 -1 -1 -1 -1 
770 53 543 127 63 157 -1 -1 -1 -1 
771 53 544 128 62 156 -1 -1 -1 -1 
772 53 542 128 63 155 -1 -1 -1 -1 
773 53 543 128 62 155 -1 -1 -1 -1 
774 53 542 127 62 156 -1 -1 -1 -1 
775 53 542 127 63 156 -1 -1 -1 -1 
776 53 542 127 63 157 -1 -1 -1 -1 
777 53 543 128 62 155 -1 -1 -1 -1 
778 53 543 129 62 155 -1 -1 -1 -1 
779 53 542 128 63 156 -1 -1 -1 -1 
780 53 542 127 62 157 -1 -1 -1 -1 
781 53 542 126 63 156 -1 -1 -1 -1 
782 53 543 126 62 156 -1 -1 -1 -1 
783 53 543 127 62 155 -1 -1 -1 -1 
784 53 543 127 63 156 -1 -1 -1 -1 
785 53 544 127 62 156 -1 -1 -1 -1 
786 53 543 128 62 155 -1 -1 -1 -1 
787 53 543 128 63 156 -1 -1 -1 -1 
788 53 542 130 63 155 -1 -1 -1 -1 
789 53 542 130 63 156 -1 -1 -1 -1 
790 53 542 130 63 155 -1 -1 -1 -1 
791 53 542 130 63 156 -1 -1 -1 -1 
792 53 543 129 63 157 -1 -1 -1 -1 
793 53 542 129 63 156 -1 -1 -1 -1 
794 53 543 129 63 156 -1 -1 -1 -1 
795 53 544 129 62 156 -1 -1 -1 -1 
796 53 544 129 63 156 -1 -1 -1 -1 
797 53 544 129 63 156 -1 -1 -1 -1 
798 53 544 127 64 158 -1 -1 -1 -1 
799 53 544 127 64 158 -1 -1 -1 -1 
800 53 545 127 64 158 -1 -1 -1 -1 
801 53 545 126 64 159 -1 -1 -1 -1 
802 53 545 127 64 158 -1 -1 -1 -1 
803 53 545 126 64 158 -1 -1 -1 -1 
804 53 546 126 64 158 -1 -1 -1 -1 
805 53 545 125 65 159 -1 -1 -1 -1 
806 53 545 125 65 159 -1 -1 -1 -1 
807 53 545 124 65 160 -1 -1 -1 -1 
808 53 545 125 65 160 -1 -1 -1 -1 
809 53 546 125 64 159 -1 -1 -1 -1 
810 53 546 126 64 158 -1 -1 -1 -1 
811 53 546 126 64 157 -1 -1 -1 -1 
812 53 546 126 64 156 -1 -1 -1 -1 
813 53 546 126 64 157 -1 -1 -1 -1 
814 53 547 126 63 156 -1 -1 -1 -1 
815 53 547 126 63 156 -1 -1 -1 -1 
816 53 547 127 63 154 -1 -1 -1 -1 
817 53 549 126 62 155 -1 -1 -1 -1 
818 53 549 124 63 157 -1 -1 -1 -1 
819 53 549 124 63 157 -1 -1 -1 -1 
820 53 550 125 62 155 -1 -1 -1 -1 
821 53 550 125 63 156 -1 -1 -1 -1 
822 53 550 125 63 156 -1 -1 -1 -1 
823 53 550 125 62 156 -1 -1 -1 -1 
824 53 550 125 62 156 -1 -1 -1 -1 
825 53 549 122 64 158 -1 -1 -1 -1 
826 53 549 123 63 157 -1 -1 -1 -1 
827 53 549 123 64 158 -1 -1 -1 -1 
828 53 549 123 64 158 -1 -1 -1 -1 
829 53 549 121 64 160 -1 -1 -1 -1 
830 53 549 121 64 161 -1 -1 -1 -1 
831 53 549 121 65 161 -1 -1 -1 -1 
832 53 549 121 65 161 -1 -1 -1 -1 
833 53 549 120 65 161 -1 -1 -1 -1 
834 53 549 121 64 159 -1 -1 -1 -1 
835 53 548 120 65 160 -1 -1 -1 -1 
836 53 548 120 65 161 -1 -1 -1 -1 
837 53 548 120 65 162 -1 -1 -1 -1 
838 53 549 119 65 163 -1 -1 -1 -1 
839 53 549 119 65 162 -1 -1 -1 -1 
840 53 549 120 65 161 -1 -1 -1 -1 
841 53 549 120 65 162 -1 -1 -1 -1 
842 53 549 121 65 160 -1 -1 -1 -1 
843 53 549 122 64 159 -1 -1 -1 -1 
844 53 549 123 64 158 -1 -1 -1 -1 
845 53 550 122 63 158 -1 -1 -1 -1 
846 53 549 122 64 159 -1 -1 -1 -1 
847 53 550 123 63 159 -1 -1 -1 -1 
848 53 549 123 64 159 -1 -1 -1 -1 
849 53 549 122 64 159 -1 -1 -1 -1 
850 53 549 122 64 159 -1 -1 -1 -1 
851 53 549 121 64 160 -1 -1 -1 -1 
852 53 549 123 64 158 -1 -1 -1 -1 
853 53 549 123 64 158 -1 -1 -1 -1 
854 53 549 122 64 159 -1 -1 -1 -1 
855 53 548 121 65 160 -1 -1 -1 -1 
856 53 550 123 64 158 -1 -1 -1 -1 
857 53 550 125 63 155 -1 -1 -1 -1 
858 53 550 124 63 156 -1 -1 -1 -1 
859 53 550 124 63 155 -1 -1 -1 -1 
860 53 550 124 63 155 -1 -1 -1 -1 
861 53 549 124 63 155 -1 -1 -1 -1 
862 53 549 124 63 155 -1 -1 -1 -1 
863 53 550 125 62 154 -1 -1 -1 -1 
864 53 550 125 62 156 -1 -1 -1 -1 
865 53 549 125 64 156 -1 -1 -1 -1 
866 53 550 125 63 155 -1 -1 -1 -1 
867 53 549 123 64 156 -1 -1 -1 -1 
868 53 549 123 64 155 -1 -1 -1 -1 
869 53 550 122 63 156 -1 -1 -1 -1 
870 53 549 122 64 155 -1 -1 -1 -1 
871 53 550 123 63 154 -1 -1 -1 -1 
872 53 549 122 63 155 -1 -1 -1 -1 
873 53 549 122 63 155 -1 -1 -1 -1 
874 53 549 121 64 157 -1 -1 -1 -1 
875 53 549 121 64 156 -1 -1 -1 -1 
876 53 550 123 63 154 -1 -1 -1 -1 
877 53 550 123 63 155 -1 -1 -1 -1 
878 53 551 123 63 156 -1 -1 -1 -1 
879 53 551 123 63 156 -1 -1 -1 -1 
880 53 552 123 63 156 -1 -1 -1 -1 
881 53 551 123 63 157 -1 -1 -1 -1 
882 53 551 123 63 157 -1 -1 -1 -1 
883 53 551 124 63 156 -1 -1 -1 -1 
884 53 551 123 63 157 -1 -1 -1 -1 
885 53 550 124 63 156 -1 -1 -1 -1 
886 53 552 126 62 154 -1 -1 -1 -1 
887 53 553 126 61 153 -1 -1 -1 -1 
888 53 552 125 62 154 -1 -1 -1 -1 
889 53 552 126 62 153 -1 -1 -1 -1 
890 53 552 125 62 154 -1 -1 -1 -1 
891 53 552 125 61 154 -1 -1 -1 -1 
892 53 552 125 62 154 -1 -1 -1 -1 
893 53 550 126 63 153 -1 -1 -1 -1 
894 53 551 125 63 154 -1 -1 -1 -1 
895 53 550 125 64 155 -1 -1 -1 -1 
896 53 550 124 64 157 -1 -1 -1 -1 
897 53 549 123 65 158 -1 -1 -1 -1 
898 53 550 123 64 158 -1 -1 -1 -1 
899 53 551 123 64 158 -1 -1 -1 -1 
900 53 551 123 64 158 -1 -1 -1 -1 
901 53 552 124 63 156 -1 -1 -1 -1 
902 53 552 124 63 156 -1 -1 -1 -1 
903 53 552 125 62 155 -1 -1 -1 -1 
904 53 551 124 63 156 -1 -1 -1 -1 
905 53 552 125 63 155 -1 -1 -1 -1 
906 53 552 124 63 155 -1 -1 -1 -1 
907 53 552 125 63 154 -1 -1 -1 -1 
908 53 552 126 63 154 -1 -1 -1 -1 
909 53 552 126 62 154 -1 -1 -1 -1 
910 53 552 126 62 154 -1 -1 -1 -1 
911 53 552 126 62 154 -1 -1 -1 -1 
912 53 553 127 61 152 -1 -1 -1 -1 
913 53 552 126 62 153 -1 -1 -1 -1 
914 53 552 126 62 153 -1 -1 -1 -1 
915 53 552 125 63 154 -1 -1 -1 -1 
916 53 554 127 61 152 -1 -1 -1 -1 
917 53 554 127 61 152 -1 -1 -1 -1 
918 53 554 128 61 151 -1 -1 -1 -1 
919 53 554 128 61 151 -1 -1 -1 -1 
920 53 554 128 61 150 -1 -1 -1 -1 
921 53 553 126 63 153 -1 -1 -1 -1 
922 53 553 124 62 155 -1 -1 -1 -1 
923 53 552 125 62 154 -1 -1 -1 -1 
924 53 552 124 63 155 -1 -1 -1 -1 
925 53 551 124 63 155 -1 -1 -1 -1 
926 53 552 124 63 155 -1 -1 -1 -1 
927 53 552 123 63 156 -1 -1 -1 -1 
928 53 550 123 64 156 -1 -1 -1 -1 
929 53 550 123 63 156 -1 -1 -1 -1 
930 53 551 125 62 154 -1 -1 -1 -1 
931 53 550 123 63 156 -1 -1 -1 -1 
932 53 549 122 64 157 -1 -1 -1 -1 
933 53 549 122 65 158 -1 -1 -1 -1 
934 53 551 123 63 156 -1 -1 -1 -1 
935 53 551 122 63 157 -1 -1 -1 -1 
936 53 550 122 64 158 -1 -1 -1 -1 
937 53 551 122 64 158 -1 -1 -1 -1 
938 53 551 122 64 158 -1 -1 -1 -1 
939 53 552 122 63 158 -1 -1 -1 -1 
940 53 552 121 64 159 -1 -1 -1 -1 
941 53 551 120 65 160 -1 -1 -1 -1 
942 53 552 120 64 161 -1 -1 -1 -1 
943 53 551 120 65 160 -1 -1 -1 -1 
944 53 551 120 64 160 -1 -1 -1 -1 
945 53 551 120 64 160 -1 -1 -1 -1 
946 53 550 120 64 160 -1 -1 -1 -1 
947 53 549 120 64 160 -1 -1 -1 -1 
948 53 549 121 64 159 -1 -1 -1 -1 
949 53 549 120 64 160 -1 -1 -1 -1 
950 53 549 120 64 160 -1 -1 -1 -1 
951 53 549 120 64 160 -1 -1 -1 -1 
952 53 549 120 64 160 -1 -1 -1 -1 
953 53 549 121 64 159 -1 -1 -1 -1 
954 53 549 122 63 158 -1 -1 -1 -1 
955 53 547 123 63 156 -1 -1 -1 -1 
956 53 546 124 63 155 -1 -1 -1 -1 
957 53 546 124 62 155 -1 -1 -1 -1 
958 53 546 124 62 155 -1 -1 -1 -1 
959 53 546 123 62 156 -1 -1 -1 -1 
960 53 546 124 63 155 -1 -1 -1 -1 
961 53 546 124 62 155 -1 -1 -1 -1 
962 53 547 123 62 155 -1 -1 -1 -1 
963 53 547 123 63 155 -1 -1 -1 -1 
964 53 547 123 63 155 -1 -1 -1 -1 
965 53 547 122 63 156 -1 -1 -1 -1 
966 53 547 123 62 154 -1 -1 -1 -1 
967 53 547 124 62 153 -1 -1 -1 -1 
968 53 547 123 63 154 -1 -1 -1 -1 
969 53 548 123 61 154 -1 -1 -1 -1 
970 53 547 123 62 155 -1 -1 -1 -1 
971 53 547 123 62 155 -1 -1 -1 -1 
972 53 547 123 63 156 -1 -1 -1 -1 
973 53 547 123 63 156 -1 -1 -1 -1 
974 53 547 124 62 155 -1 -1 -1 -1 
975 53 546 123 63 155 -1 -1 -1 -1 
976 53 546 123 63 155 -1 -1 -1 -1 
977 53 546 124 62 155 -1 -1 -1 -1 
978 53 545 123 64 156 -1 -1 -1 -1 
979 53 544 124 64 155 -1 -1 -1 -1 
980 53 544 124 63 156 -1 -1 -1 -1 
981 53 544 125 63 155 -1 -1 -1 -1 
982 53 544 125 63 155 -1 -1 -1 -1 
983 53 544 125 63 154 -1 -1 -1 -1 
984 53 544 126 62 153 -1 -1 -1 -1 
985 53 544 126 62 153 -1 -1 -1 -1 
986 53 543 125 63 154 -1 -1 -1 -1 
987 53 543 126 62 153 -1 -1 -1 -1 
988 53 543 126 62 153 -1 -1 -1 -1 
989 53 543 126 63 153 -1 -1 -1 -1 
990 53 544 126 62 153 -1 -1 -1 -1 
991 53 544 127 62 151 -1 -1 -1 -1 
992 53 544 128 62 150 -1 -1 -1 -1 
993 53 544 126 61 152 -1 -1 -1 -1 
994 53 543 127 62 152 -1 -1 -1 -1 
995 53 543 126 62 153 -1 -1 -1 -1 
996 53 543 124 62 155 -1 -1 -1 -1 
997 53 542 125 62 154 -1 -1 -1 -1 
998 53 543 126 61 153 -1 -1 -1 -1 
999 53 542 126 62 153 -1 -1 -1 -1 
1000 53 542 125 62 154 -1 -1 -1 -1 
1001 53 541 124 62 155 -1 -1 -1 -1 
1002 53 542 125 62 155 -1 -1 -1 -1 
1003 53 542 124 62 155 -1 -1 -1 -1 
1004 53 542 124 61 155 -1 -1 -1 -1 
1005 53 541 124 62 155 -1 -1 -1 -1 
1006 53 541 124 62 155 -1 -1 -1 -1 
1007 53 542 124 61 156 -1 -1 -1 -1 
1008 53 542 125 62 155 -1 -1 -1 -1 
1009 53 541 125 62 154 -1 -1 -1 -1 
1010 53 542 124 62 155 -1 -1 -1 -1 
1011 53 541 124 63 156 -1 -1 -1 -1 
1012 53 540 123 64 158 -1 -1 -1 -1 
1013 53 540 125 63 156 -1 -1 -1 -1 
1014 53 540 125 63 156 -1 -1 -1 -1 
1015 53 540 124 63 157 -1 -1 -1 -1 
1016 53 540 124 63 157 -1 -1 -1 -1 
1017 53 541 125 63 156 -1 -1 -1 -1 
1018 53 542 126 63 155 -1 -1 -1 -1 
1019 53 542 126 63 154 -1 -1 -1 -1 
1020 53 542 126 63 154 -1 -1 -1 -1 
1021 53 542 126 62 154 -1 -1 -1 -1 
1022 53 542 127 62 153 -1 -1 -1 -1 
1023 53 542 127 62 153 -1 -1 -1 -1 
1024 53 542 126 62 154 -1 -1 -1 -1 
1025 53 542 127 62 153 -1 -1 -1 -1 
1026 53 541 125 62 155 -1 -1 -1 -1 
1027 53 542 125 62 155 -1 -1 -1 -1 
1028 53 541 125 62 155 -1 -1 -1 -1 
1029 53 543 125 61 155 -1 -1 -1 -1 
1030 53 543 125 62 157 -1 -1 -1 -1 
1031 53 542 124 63 157 -1 -1 -1 -1 
1032 53 543 125 62 157 -1 -1 -1 -1 
1033 53 543 126 63 157 -1 -1 -1 -1 
1034 53 543 125 62 157 -1 -1 -1 -1 
1035 53 543 125 61 156 -1 -1 -1 -1 
1036 53 542 125 62 156 -1 -1 -1 -1 
1037 53 541 126 64 156 -1 -1 -1 -1 
1038 53 541 124 63 158 -1 -1 -1 -1 
1039 53 541 124 62 158 -1 -1 -1 -1 
1040 53 540 125 63 155 -1 -1 -1 -1 
1041 53 541 125 63 156 -1 -1 -1 -1 
1042 53 539 125 62 153 -1 -1 -1 -1 
1043 53 538 124 63 155 -1 -1 -1 -1 
1044 53 538 124 62 156 -1 -1 -1 -1 
1045 53 539 126 61 152 -1 -1 -1 -1 
1046 53 540 126 61 154 -1 -1 -1 -1 
1047 53 539 126 60 152 -1 -1 -1 -1 
1048 53 540 125 60 149 -1 -1 -1 -1 
1049 53 541 125 61 152 -1 -1 -1 -1 
1050 53 544 124 61 152 -1 -1 -1 -1 
434 54 743 83 59 147 -1 -1 -1 -1 
435 54 742 83 60 148 -1 -1 -1 -1 
436 54 744 82 58 146 -1 -1 -1 -1 
437 54 744 81 59 146 -1 -1 -1 -1 
438 54 745 81 58 146 -1 -1 -1 -1 
439 54 745 81 58 146 -1 -1 -1 -1 
440 54 748 80 56 145 -1 -1 -1 -1 
441 54 749 81 55 142 -1 -1 -1 -1 
442 54 747 79 58 144 -1 -1 -1 -1 
443 54 748 78 57 142 -1 -1 -1 -1 
444 54 717 88 70 176 -1 -1 -1 -1 
445 54 706 91 75 190 -1 -1 -1 -1 
446 54 702 93 75 190 -1 -1 -1 -1 
447 54 701 95 73 184 -1 -1 -1 -1 
448 54 701 94 69 175 -1 -1 -1 -1 
449 54 700 95 69 172 -1 -1 -1 -1 
450 54 701 95 67 168 -1 -1 -1 -1 
451 54 701 94 67 166 -1 -1 -1 -1 
452 54 702 94 65 164 -1 -1 -1 -1 
453 54 700 93 67 165 -1 -1 -1 -1 
454 54 699 93 68 166 -1 -1 -1 -1 
455 54 700 93 66 163 -1 -1 -1 -1 
456 54 701 93 65 161 -1 -1 -1 -1 
457 54 701 92 65 160 -1 -1 -1 -1 
458 54 701 92 64 158 -1 -1 -1 -1 
459 54 701 93 64 156 -1 -1 -1 -1 
460 54 701 94 63 154 -1 -1 -1 -1 
461 54 701 94 63 154 -1 -1 -1 -1 
462 54 701 94 63 154 -1 -1 -1 -1 
463 54 702 92 63 157 -1 -1 -1 -1 
464 54 702 92 63 157 -1 -1 -1 -1 
465 54 703 93 62 153 -1 -1 -1 -1 
466 54 704 94 61 150 -1 -1 -1 -1 
467 54 703 92 63 156 -1 -1 -1 -1 
468 54 703 91 63 157 -1 -1 -1 -1 
469 54 703 91 63 157 -1 -1 -1 -1 
470 54 703 91 63 158 -1 -1 -1 -1 
471 54 703 91 63 157 -1 -1 -1 -1 
472 54 703 92 63 156 -1 -1 -1 -1 
473 54 702 92 64 157 -1 -1 -1 -1 
474 54 702 92 64 156 -1 -1 -1 -1 
475 54 702 92 64 156 -1 -1 -1 -1 
476 54 703 92 63 156 -1 -1 -1 -1 
477 54 703 92 62 155 -1 -1 -1 -1 
478 54 703 92 63 155 -1 -1 -1 -1 
479 54 704 93 61 151 -1 -1 -1 -1 
480 54 703 93 62 154 -1 -1 -1 -1 
481 54 702 93 63 157 -1 -1 -1 -1 
482 54 702 95 63 154 -1 -1 -1 -1 
483 54 701 94 64 159 -1 -1 -1 -1 
484 54 701 94 64 156 -1 -1 -1 -1 
485 54 701 94 65 158 -1 -1 -1 -1 
486 54 702 94 63 153 -1 -1 -1 -1 
487 54 702 93 63 154 -1 -1 -1 -1 
488 54 703 93 62 152 -1 -1 -1 -1 
489 54 702 92 64 155 -1 -1 -1 -1 
490 54 702 92 64 156 -1 -1 -1 -1 
491 54 702 92 64 156 -1 -1 -1 -1 
492 54 701 91 65 158 -1 -1 -1 -1 
493 54 702 91 65 160 -1 -1 -1 -1 
494 54 702 91 66 161 -1 -1 -1 -1 
495 54 704 92 65 157 -1 -1 -1 -1 
496 54 706 93 62 153 -1 -1 -1 -1 
497 54 708 93 61 152 -1 -1 -1 -1 
498 54 709 93 60 153 -1 -1 -1 -1 
499 54 709 92 61 154 -1 -1 -1 -1 
500 54 710 93 60 153 -1 -1 -1 -1 
501 54 710 92 61 153 -1 -1 -1 -1 
502 54 711 92 61 154 -1 -1 -1 -1 
503 54 710 92 63 158 -1 -1 -1 -1 
504 54 711 91 64 159 -1 -1 -1 -1 
505 54 713 90 63 157 -1 -1 -1 -1 
506 54 713 91 64 157 -1 -1 -1 -1 
507 54 717 90 63 157 -1 -1 -1 -1 
508 54 719 91 63 153 -1 -1 -1 -1 
509 54 722 91 63 155 -1 -1 -1 -1 
510 54 726 92 63 155 -1 -1 -1 -1 
511 54 728 93 63 155 -1 -1 -1 -1 
512 54 731 94 63 155 -1 -1 -1 -1 
513 54 733 94 62 154 -1 -1 -1 -1 
514 54 734 95 62 153 -1 -1 -1 -1 
515 54 737 96 62 152 -1 -1 -1 -1 
516 54 738 95 62 153 -1 -1 -1 -1 
517 54 739 94 62 153 -1 -1 -1 -1 
518 54 741 93 62 154 -1 -1 -1 -1 
519 54 741 91 63 156 -1 -1 -1 -1 
520 54 741 91 64 157 -1 -1 -1 -1 
521 54 742 90 65 159 -1 -1 -1 -1 
522 54 744 91 66 160 -1 -1 -1 -1 
523 54 745 92 68 161 -1 -1 -1 -1 
524 54 747 92 68 164 -1 -1 -1 -1 
525 54 749 92 66 161 -1 -1 -1 -1 
526 54 750 92 66 161 -1 -1 -1 -1 
527 54 748 91 67 161 -1 -1 -1 -1 
528 54 744 89 66 162 -1 -1 -1 -1 
529 54 743 88 62 155 -1 -1 -1 -1 
530 54 744 88 59 150 -1 -1 -1 -1 
531 54 744 87 61 154 -1 -1 -1 -1 
532 54 744 87 63 157 -1 -1 -1 -1 
533 54 743 87 62 157 -1 -1 -1 -1 
534 54 741 87 63 157 -1 -1 -1 -1 
535 54 741 86 63 159 -1 -1 -1 -1 
536 54 741 85 64 159 -1 -1 -1 -1 
537 54 742 83 60 153 -1 -1 -1 -1 
538 54 743 84 59 151 -1 -1 -1 -1 
539 54 743 85 59 148 -1 -1 -1 -1 
540 54 744 85 58 144 -1 -1 -1 -1 
541 54 745 85 56 139 -1 -1 -1 -1 
542 54 745 85 56 140 -1 -1 -1 -1 
543 54 744 85 58 143 -1 -1 -1 -1 
544 54 744 85 58 145 -1 -1 -1 -1 
545 54 744 85 59 147 -1 -1 -1 -1 
546 54 744 85 59 147 -1 -1 -1 -1 
547 54 744 85 59 147 -1 -1 -1 -1 
548 54 744 85 59 147 -1 -1 -1 -1 
549 54 745 85 59 148 -1 -1 -1 -1 
550 54 745 84 59 148 -1 -1 -1 -1 
551 54 745 84 59 147 -1 -1 -1 -1 
552 54 746 83 59 147 -1 -1 -1 -1 
553 54 746 83 59 146 -1 -1 -1 -1 
554 54 748 83 57 144 -1 -1 -1 -1 
555 54 748 83 57 143 -1 -1 -1 -1 
556 54 748 83 57 145 -1 -1 -1 -1 
557 54 749 83 57 145 -1 -1 -1 -1 
558 54 749 82 57 146 -1 -1 -1 -1 
559 54 749 82 58 146 -1 -1 -1 -1 
560 54 748 81 57 145 -1 -1 -1 -1 
561 54 748 81 57 144 -1 -1 -1 -1 
562 54 748 81 57 145 -1 -1 -1 -1 
563 54 747 80 57 146 -1 -1 -1 -1 
564 54 746 80 57 146 -1 -1 -1 -1 
565 54 746 80 56 145 -1 -1 -1 -1 
566 54 745 82 57 143 -1 -1 -1 -1 
567 54 744 82 58 144 -1 -1 -1 -1 
568 54 744 82 58 144 -1 -1 -1 -1 
569 54 744 82 58 145 -1 -1 -1 -1 
570 54 743 82 59 145 -1 -1 -1 -1 
571 54 743 82 59 145 -1 -1 -1 -1 
572 54 743 83 59 144 -1 -1 -1 -1 
573 54 744 81 57 144 -1 -1 -1 -1 
574 54 743 82 58 144 -1 -1 -1 -1 
575 54 743 82 59 145 -1 -1 -1 -1 
576 54 743 82 59 145 -1 -1 -1 -1 
577 54 743 82 59 144 -1 -1 -1 -1 
578 54 744 82 58 144 -1 -1 -1 -1 
579 54 744 82 58 144 -1 -1 -1 -1 
580 54 744 83 58 144 -1 -1 -1 -1 
581 54 744 83 58 144 -1 -1 -1 -1 
582 54 744 82 58 145 -1 -1 -1 -1 
583 54 743 82 59 145 -1 -1 -1 -1 
584 54 744 81 57 146 -1 -1 -1 -1 
585 54 744 81 57 146 -1 -1 -1 -1 
586 54 745 81 56 146 -1 -1 -1 -1 
587 54 745 82 57 146 -1 -1 -1 -1 
588 54 745 82 57 146 -1 -1 -1 -1 
589 54 745 83 57 146 -1 -1 -1 -1 
590 54 744 83 57 145 -1 -1 -1 -1 
591 54 744 83 57 145 -1 -1 -1 -1 
592 54 744 83 57 145 -1 -1 -1 -1 
593 54 745 83 57 146 -1 -1 -1 -1 
594 54 745 83 57 144 -1 -1 -1 -1 
595 54 745 83 57 144 -1 -1 -1 -1 
596 54 745 83 57 144 -1 -1 -1 -1 
597 54 745 83 57 144 -1 -1 -1 -1 
598 54 746 83 56 143 -1 -1 -1 -1 
599 54 746 83 55 142 -1 -1 -1 -1 
600 54 745 83 56 142 -1 -1 -1 -1 
601 54 745 83 56 141 -1 -1 -1 -1 
602 54 745 82 56 142 -1 -1 -1 -1 
603 54 744 83 56 142 -1 -1 -1 -1 
604 54 744 82 57 143 -1 -1 -1 -1 
605 54 744 82 57 143 -1 -1 -1 -1 
606 54 745 82 57 143 -1 -1 -1 -1 
607 54 745 82 58 144 -1 -1 -1 -1 
608 54 746 83 58 143 -1 -1 -1 -1 
609 54 746 82 57 143 -1 -1 -1 -1 
610 54 745 82 57 142 -1 -1 -1 -1 
611 54 745 81 56 140 -1 -1 -1 -1 
612 54 745 81 55 140 -1 -1 -1 -1 
613 54 745 81 55 139 -1 -1 -1 -1 
614 54 745 81 55 140 -1 -1 -1 -1 
615 54 746 80 54 140 -1 -1 -1 -1 
616 54 748 78 52 137 -1 -1 -1 -1 
617 54 748 78 52 138 -1 -1 -1 -1 
618 54 748 78 52 137 -1 -1 -1 -1 
619 54 746 80 53 137 -1 -1 -1 -1 
620 54 747 76 54 140 -1 -1 -1 -1 
621 54 744 72 58 147 -1 -1 -1 -1 
622 54 746 71 57 147 -1 -1 -1 -1 
623 54 744 73 56 144 -1 -1 -1 -1 
624 54 744 74 55 143 -1 -1 -1 -1 
625 54 742 72 59 148 -1 -1 -1 -1 
626 54 742 74 59 146 -1 -1 -1 -1 
627 54 742 75 58 145 -1 -1 -1 -1 
447 56 749 75 56 145 -1 -1 -1 -1 
448 56 749 76 55 144 -1 -1 -1 -1 
449 56 748 78 56 144 -1 -1 -1 -1 
450 56 747 80 57 145 -1 -1 -1 -1 
451 56 745 82 59 147 -1 -1 -1 -1 
452 56 746 84 58 145 -1 -1 -1 -1 
453 56 745 86 59 145 -1 -1 -1 -1 
454 56 746 87 58 144 -1 -1 -1 -1 
455 56 746 89 58 143 -1 -1 -1 -1 
456 56 747 91 56 140 -1 -1 -1 -1 
457 56 748 92 55 137 -1 -1 -1 -1 
458 56 749 94 54 136 -1 -1 -1 -1 
459 56 747 94 54 135 -1 -1 -1 -1 
460 56 748 94 54 135 -1 -1 -1 -1 
461 56 748 93 53 134 -1 -1 -1 -1 
462 56 748 93 54 135 -1 -1 -1 -1 
463 56 749 91 54 136 -1 -1 -1 -1 
464 56 750 90 53 135 -1 -1 -1 -1 
465 56 749 90 54 135 -1 -1 -1 -1 
466 56 748 91 55 135 -1 -1 -1 -1 
467 56 749 91 56 135 -1 -1 -1 -1 
468 56 750 91 54 134 -1 -1 -1 -1 
469 56 751 91 52 133 -1 -1 -1 -1 
470 56 751 91 52 134 -1 -1 -1 -1 
471 56 751 92 52 133 -1 -1 -1 -1 
472 56 748 93 55 135 -1 -1 -1 -1 
473 56 747 95 55 133 -1 -1 -1 -1 
474 56 747 94 55 133 -1 -1 -1 -1 
475 56 746 97 55 132 -1 -1 -1 -1 
476 56 746 94 55 134 -1 -1 -1 -1 
477 56 746 95 55 133 -1 -1 -1 -1 
478 56 746 93 55 133 -1 -1 -1 -1 
479 56 746 94 55 133 -1 -1 -1 -1 
480 56 746 96 55 133 -1 -1 -1 -1 
481 56 748 94 54 134 -1 -1 -1 -1 
482 56 747 95 55 134 -1 -1 -1 -1 
483 56 747 96 55 134 -1 -1 -1 -1 
484 56 748 97 53 132 -1 -1 -1 -1 
485 56 747 97 54 132 -1 -1 -1 -1 
486 56 747 98 54 132 -1 -1 -1 -1 
487 56 747 97 54 134 -1 -1 -1 -1 
488 56 747 99 54 132 -1 -1 -1 -1 
489 56 747 98 54 133 -1 -1 -1 -1 
490 56 746 98 55 134 -1 -1 -1 -1 
491 56 748 98 54 132 -1 -1 -1 -1 
492 56 748 97 54 134 -1 -1 -1 -1 
493 56 748 96 55 137 -1 -1 -1 -1 
494 56 748 96 55 135 -1 -1 -1 -1 
495 56 749 94 54 137 -1 -1 -1 -1 
496 56 749 96 54 133 -1 -1 -1 -1 
497 56 749 96 54 134 -1 -1 -1 -1 
498 56 749 100 53 131 -1 -1 -1 -1 
499 56 748 102 54 132 -1 -1 -1 -1 
469 57 1768 36 69 173 -1 -1 -1 -1 
470 57 1761 119 67 164 -1 -1 -1 -1 
471 57 1761 147 64 160 -1 -1 -1 -1 
472 57 1762 155 65 161 -1 -1 -1 -1 
473 57 1763 156 65 161 -1 -1 -1 -1 
474 57 1767 154 65 163 -1 -1 -1 -1 
475 57 1770 152 66 166 -1 -1 -1 -1 
476 57 1771 152 65 164 -1 -1 -1 -1 
477 57 1773 154 65 163 -1 -1 -1 -1 
478 57 1775 152 68 170 -1 -1 -1 -1 
479 57 1778 153 68 170 -1 -1 -1 -1 
480 57 1782 150 68 171 -1 -1 -1 -1 
481 57 1785 150 69 171 -1 -1 -1 -1 
482 57 1787 149 70 173 -1 -1 -1 -1 
483 57 1790 149 70 175 -1 -1 -1 -1 
484 57 1794 152 68 170 -1 -1 -1 -1 
485 57 1798 155 68 169 -1 -1 -1 -1 
486 57 1801 160 67 166 -1 -1 -1 -1 
487 57 1805 163 67 166 -1 -1 -1 -1 
488 57 1807 167 67 165 -1 -1 -1 -1 
489 57 1809 169 68 167 -1 -1 -1 -1 
490 57 1812 170 66 166 -1 -1 -1 -1 
491 57 1814 172 66 167 -1 -1 -1 -1 
492 57 1816 173 66 166 -1 -1 -1 -1 
493 57 1817 173 67 168 -1 -1 -1 -1 
494 57 1818 173 67 169 -1 -1 -1 -1 
495 57 1820 175 67 168 -1 -1 -1 -1 
496 57 1821 176 68 171 -1 -1 -1 -1 
497 57 1821 176 71 175 -1 -1 -1 -1 
498 57 1823 179 70 175 -1 -1 -1 -1 
499 57 1825 181 70 173 -1 -1 -1 -1 
500 57 1827 183 69 173 -1 -1 -1 -1 
501 57 1828 185 70 175 -1 -1 -1 -1 
502 57 1829 187 70 176 -1 -1 -1 -1 
503 57 1831 188 70 180 -1 -1 -1 -1 
504 57 1831 190 72 182 -1 -1 -1 -1 
505 57 1833 190 72 182 -1 -1 -1 -1 
506 57 1834 191 72 181 -1 -1 -1 -1 
507 57 1837 191 70 180 -1 -1 -1 -1 
508 57 1839 192 70 179 -1 -1 -1 -1 
509 57 1840 192 70 177 -1 -1 -1 -1 
510 57 1841 192 71 179 -1 -1 -1 -1 
511 57 1843 195 71 179 -1 -1 -1 -1 
512 57 1844 196 72 180 -1 -1 -1 -1 
513 57 1848 200 70 177 -1 -1 -1 -1 
514 57 1850 204 68 174 -1 -1 -1 -1 
515 57 1854 208 65 173 -1 -1 -1 -1 
516 57 1856 210 64 173 -1 -1 -1 -1 
517 57 1858 213 62 175 -1 -1 -1 -1 
518 57 1858 215 62 169 -1 -1 -1 -1 
519 57 1859 214 61 170 -1 -1 -1 -1 
520 57 1861 215 59 168 -1 -1 -1 -1 
521 57 1862 216 58 167 -1 -1 -1 -1 
522 57 1863 217 57 168 -1 -1 -1 -1 
523 57 1863 217 57 172 -1 -1 -1 -1 
524 57 1863 219 57 175 -1 -1 -1 -1 
525 57 1864 220 56 178 -1 -1 -1 -1 
526 57 1868 220 52 181 -1 -1 -1 -1 
527 57 1870 221 49 182 -1 -1 -1 -1 
528 57 1869 224 50 180 -1 -1 -1 -1 
529 57 1870 227 49 184 -1 -1 -1 -1 
530 57 1873 229 46 185 -1 -1 -1 -1 
531 57 1873 233 46 185 -1 -1 -1 -1 
532 57 1874 235 45 185 -1 -1 -1 -1 
533 57 1876 240 43 183 -1 -1 -1 -1 
534 57 1878 243 41 180 -1 -1 -1 -1 
535 57 1880 247 40 178 -1 -1 -1 -1 
536 57 1881 251 39 174 -1 -1 -1 -1 
537 57 1881 249 39 174 -1 -1 -1 -1 
538 57 1881 253 39 168 -1 -1 -1 -1 
539 57 1882 255 38 166 -1 -1 -1 -1 
540 57 1882 259 38 163 -1 -1 -1 -1 
541 57 1884 259 36 161 -1 -1 -1 -1 
542 57 1885 259 35 159 -1 -1 -1 -1 
543 57 1886 262 34 156 -1 -1 -1 -1 
544 57 1887 262 33 156 -1 -1 -1 -1 
545 57 1888 261 32 159 -1 -1 -1 -1 
546 57 1889 260 31 159 -1 -1 -1 -1 
547 57 1890 260 30 163 -1 -1 -1 -1 
481 58 526 64 64 156 -1 -1 -1 -1 
482 58 526 65 64 157 -1 -1 -1 -1 
483 58 526 66 64 160 -1 -1 -1 -1 
484 58 526 65 65 165 -1 -1 -1 -1 
485 58 526 64 66 167 -1 -1 -1 -1 
486 58 525 63 68 171 -1 -1 -1 -1 
487 58 526 62 67 171 -1 -1 -1 -1 
488 58 527 62 67 172 -1 -1 -1 -1 
489 58 527 62 68 170 -1 -1 -1 -1 
490 58 528 61 67 168 -1 -1 -1 -1 
491 58 528 60 67 169 -1 -1 -1 -1 
492 58 529 60 67 171 -1 -1 -1 -1 
493 58 530 61 68 172 -1 -1 -1 -1 
494 58 530 62 68 172 -1 -1 -1 -1 
495 58 531 64 68 171 -1 -1 -1 -1 
496 58 532 63 68 171 -1 -1 -1 -1 
497 58 533 64 68 171 -1 -1 -1 -1 
498 58 533 62 69 173 -1 -1 -1 -1 
499 58 533 62 70 175 -1 -1 -1 -1 
500 58 533 63 71 176 -1 -1 -1 -1 
501 58 535 64 70 174 -1 -1 -1 -1 
502 58 537 64 68 173 -1 -1 -1 -1 
503 58 538 64 68 172 -1 -1 -1 -1 
504 58 539 65 67 172 -1 -1 -1 -1 
505 58 543 65 65 167 -1 -1 -1 -1 
506 58 546 64 64 166 -1 -1 -1 -1 
507 58 548 63 64 165 -1 -1 -1 -1 
508 58 551 65 63 160 -1 -1 -1 -1 
524 58 578 24 51 128 -1 -1 -1 -1 
525 58 578 24 52 128 -1 -1 -1 -1 
526 58 578 20 52 130 -1 -1 -1 -1 
527 58 578 18 54 132 -1 -1 -1 -1 
528 58 578 16 54 134 -1 -1 -1 -1 
529 58 579 16 54 134 -1 -1 -1 -1 
530 58 580 16 54 136 -1 -1 -1 -1 
531 58 580 16 55 136 -1 -1 -1 -1 
532 58 581 15 54 136 -1 -1 -1 -1 
533 58 582 15 54 135 -1 -1 -1 -1 
534 58 583 15 54 132 -1 -1 -1 -1 
535 58 584 15 53 131 -1 -1 -1 -1 
536 58 584 15 53 132 -1 -1 -1 -1 
537 58 584 15 53 133 -1 -1 -1 -1 
538 58 584 16 53 132 -1 -1 -1 -1 
539 58 584 19 53 131 -1 -1 -1 -1 
540 58 584 18 53 131 -1 -1 -1 -1 
552 58 604 66 60 148 -1 -1 -1 -1 
553 58 606 69 58 146 -1 -1 -1 -1 
554 58 606 70 59 147 -1 -1 -1 -1 
555 58 606 70 59 148 -1 -1 -1 -1 
556 58 607 70 59 149 -1 -1 -1 -1 
557 58 607 69 59 150 -1 -1 -1 -1 
558 58 607 69 59 148 -1 -1 -1 -1 
559 58 607 69 59 146 -1 -1 -1 -1 
560 58 608 69 58 145 -1 -1 -1 -1 
561 58 608 68 59 148 -1 -1 -1 -1 
562 58 608 68 59 147 -1 -1 -1 -1 
563 58 609 68 58 145 -1 -1 -1 -1 
564 58 609 69 57 142 -1 -1 -1 -1 
485 59 125 342 72 175 -1 -1 -1 -1 
486 59 126 340 72 177 -1 -1 -1 -1 
487 59 128 339 72 178 -1 -1 -1 -1 
488 59 128 337 74 181 -1 -1 -1 -1 
489 59 125 329 78 188 -1 -1 -1 -1 
490 59 128 328 75 187 -1 -1 -1 -1 
491 59 129 328 75 186 -1 -1 -1 -1 
492 59 127 323 77 191 -1 -1 -1 -1 
493 59 127 325 78 190 -1 -1 -1 -1 
494 59 130 332 75 182 -1 -1 -1 -1 
495 59 132 334 73 179 -1 -1 -1 -1 
496 59 132 334 73 178 -1 -1 -1 -1 
497 59 132 333 73 179 -1 -1 -1 -1 
498 59 133 333 73 179 -1 -1 -1 -1 
499 59 134 334 73 178 -1 -1 -1 -1 
500 59 135 335 73 176 -1 -1 -1 -1 
501 59 136 335 73 176 -1 -1 -1 -1 
502 59 139 334 72 177 -1 -1 -1 -1 
503 59 140 334 72 177 -1 -1 -1 -1 
504 59 141 333 72 178 -1 -1 -1 -1 
505 59 142 331 73 180 -1 -1 -1 -1 
506 59 143 330 73 181 -1 -1 -1 -1 
507 59 144 330 73 180 -1 -1 -1 -1 
508 59 145 330 73 179 -1 -1 -1 -1 
509 59 147 329 72 180 -1 -1 -1 -1 
510 59 149 330 72 178 -1 -1 -1 -1 
511 59 149 329 72 178 -1 -1 -1 -1 
512 59 151 328 72 177 -1 -1 -1 -1 
513 59 153 328 70 176 -1 -1 -1 -1 
514 59 153 327 71 177 -1 -1 -1 -1 
515 59 154 328 71 175 -1 -1 -1 -1 
516 59 156 328 71 177 -1 -1 -1 -1 
517 59 157 329 70 175 -1 -1 -1 -1 
518 59 158 327 71 176 -1 -1 -1 -1 
519 59 159 326 71 178 -1 -1 -1 -1 
520 59 160 326 71 180 -1 -1 -1 -1 
521 59 160 325 72 181 -1 -1 -1 -1 
522 59 160 324 73 182 -1 -1 -1 -1 
523 59 160 323 73 183 -1 -1 -1 -1 
524 59 161 323 73 182 -1 -1 -1 -1 
525 59 161 323 74 182 -1 -1 -1 -1 
526 59 162 323 73 182 -1 -1 -1 -1 
527 59 162 322 74 183 -1 -1 -1 -1 
528 59 162 321 74 183 -1 -1 -1 -1 
529 59 162 319 73 183 -1 -1 -1 -1 
530 59 162 317 74 183 -1 -1 -1 -1 
531 59 163 316 74 183 -1 -1 -1 -1 
532 59 163 315 74 183 -1 -1 -1 -1 
533 59 163 314 74 181 -1 -1 -1 -1 
534 59 165 313 73 179 -1 -1 -1 -1 
535 59 167 313 71 176 -1 -1 -1 -1 
536 59 168 312 71 177 -1 -1 -1 -1 
537 59 168 311 72 178 -1 -1 -1 -1 
538 59 169 310 73 179 -1 -1 -1 -1 
539 59 169 309 73 180 -1 -1 -1 -1 
540 59 170 308 73 181 -1 -1 -1 -1 
541 59 171 307 74 182 -1 -1 -1 -1 
542 59 172 306 74 183 -1 -1 -1 -1 
543 59 172 305 74 185 -1 -1 -1 -1 
544 59 172 305 75 185 -1 -1 -1 -1 
545 59 172 305 75 184 -1 -1 -1 -1 
546 59 172 305 75 184 -1 -1 -1 -1 
547 59 173 306 74 182 -1 -1 -1 -1 
548 59 175 305 73 182 -1 -1 -1 -1 
549 59 176 304 73 183 -1 -1 -1 -1 
550 59 176 303 74 183 -1 -1 -1 -1 
551 59 178 302 73 183 -1 -1 -1 -1 
552 59 180 302 73 180 -1 -1 -1 -1 
553 59 184 304 72 177 -1 -1 -1 -1 
554 59 186 301 72 177 -1 -1 -1 -1 
555 59 188 298 71 177 -1 -1 -1 -1 
556 59 189 296 71 175 -1 -1 -1 -1 
557 59 192 294 71 176 -1 -1 -1 -1 
558 59 194 293 70 175 -1 -1 -1 -1 
559 59 196 293 71 175 -1 -1 -1 -1 
560 59 197 292 70 176 -1 -1 -1 -1 
561 59 199 290 72 179 -1 -1 -1 -1 
562 59 201 289 72 180 -1 -1 -1 -1 
563 59 201 289 72 180 -1 -1 -1 -1 
564 59 202 288 72 179 -1 -1 -1 -1 
565 59 202 287 72 179 -1 -1 -1 -1 
566 59 201 287 73 180 -1 -1 -1 -1 
567 59 201 287 73 180 -1 -1 -1 -1 
568 59 203 288 72 179 -1 -1 -1 -1 
569 59 203 288 72 178 -1 -1 -1 -1 
570 59 203 287 72 179 -1 -1 -1 -1 
571 59 203 286 71 178 -1 -1 -1 -1 
572 59 203 284 72 178 -1 -1 -1 -1 
573 59 204 284 71 175 -1 -1 -1 -1 
574 59 206 282 69 174 -1 -1 -1 -1 
575 59 208 283 69 171 -1 -1 -1 -1 
576 59 210 284 69 170 -1 -1 -1 -1 
577 59 213 284 69 171 -1 -1 -1 -1 
578 59 214 284 69 170 -1 -1 -1 -1 
579 59 215 284 69 168 -1 -1 -1 -1 
580 59 215 284 68 168 -1 -1 -1 -1 
581 59 215 282 69 169 -1 -1 -1 -1 
582 59 214 281 70 170 -1 -1 -1 -1 
583 59 212 277 71 174 -1 -1 -1 -1 
584 59 210 276 71 175 -1 -1 -1 -1 
585 59 210 277 71 173 -1 -1 -1 -1 
586 59 210 278 70 170 -1 -1 -1 -1 
587 59 212 278 69 170 -1 -1 -1 -1 
588 59 213 277 69 170 -1 -1 -1 -1 
589 59 219 278 67 165 -1 -1 -1 -1 
590 59 214 277 69 169 -1 -1 -1 -1 
591 59 216 275 70 170 -1 -1 -1 -1 
592 59 218 275 69 169 -1 -1 -1 -1 
593 59 221 274 68 167 -1 -1 -1 -1 
594 59 223 272 68 168 -1 -1 -1 -1 
595 59 223 273 68 166 -1 -1 -1 -1 
596 59 223 271 67 167 -1 -1 -1 -1 
597 59 225 269 68 169 -1 -1 -1 -1 
598 59 225 269 69 169 -1 -1 -1 -1 
599 59 227 270 68 168 -1 -1 -1 -1 
600 59 229 270 67 168 -1 -1 -1 -1 
601 59 230 269 68 168 -1 -1 -1 -1 
602 59 232 267 68 169 -1 -1 -1 -1 
603 59 231 267 68 168 -1 -1 -1 -1 
604 59 232 266 68 170 -1 -1 -1 -1 
605 59 232 266 68 170 -1 -1 -1 -1 
606 59 233 265 68 170 -1 -1 -1 -1 
607 59 233 265 68 170 -1 -1 -1 -1 
608 59 234 265 68 169 -1 -1 -1 -1 
609 59 239 266 68 167 -1 -1 -1 -1 
610 59 239 264 68 168 -1 -1 -1 -1 
611 59 240 263 68 167 -1 -1 -1 -1 
612 59 243 266 67 164 -1 -1 -1 -1 
613 59 245 267 66 161 -1 -1 -1 -1 
614 59 246 268 66 160 -1 -1 -1 -1 
615 59 248 268 65 157 -1 -1 -1 -1 
616 59 248 268 64 156 -1 -1 -1 -1 
617 59 247 266 65 159 -1 -1 -1 -1 
618 59 247 266 65 159 -1 -1 -1 -1 
619 59 249 265 64 159 -1 -1 -1 -1 
620 59 249 264 64 160 -1 -1 -1 -1 
621 59 252 265 63 158 -1 -1 -1 -1 
622 59 252 264 63 158 -1 -1 -1 -1 
623 59 251 261 64 161 -1 -1 -1 -1 
624 59 251 260 65 162 -1 -1 -1 -1 
625 59 249 260 65 161 -1 -1 -1 -1 
626 59 250 260 64 161 -1 -1 -1 -1 
627 59 251 257 64 162 -1 -1 -1 -1 
628 59 250 256 65 162 -1 -1 -1 -1 
629 59 249 254 65 163 -1 -1 -1 -1 
630 59 249 254 64 161 -1 -1 -1 -1 
631 59 245 253 67 163 -1 -1 -1 -1 
632 59 244 252 67 164 -1 -1 -1 -1 
633 59 244 252 67 165 -1 -1 -1 -1 
634 59 244 252 67 163 -1 -1 -1 -1 
635 59 246 250 66 164 -1 -1 -1 -1 
636 59 247 246 66 167 -1 -1 -1 -1 
637 59 248 245 67 169 -1 -1 -1 -1 
638 59 249 246 67 168 -1 -1 -1 -1 
639 59 251 245 66 168 -1 -1 -1 -1 
640 59 250 244 67 168 -1 -1 -1 -1 
641 59 251 244 67 166 -1 -1 -1 -1 
642 59 251 243 69 168 -1 -1 -1 -1 
643 59 251 244 69 166 -1 -1 -1 -1 
644 59 252 244 68 165 -1 -1 -1 -1 
645 59 252 244 67 164 -1 -1 -1 -1 
646 59 253 244 67 164 -1 -1 -1 -1 
647 59 254 243 66 165 -1 -1 -1 -1 
648 59 255 244 66 162 -1 -1 -1 -1 
649 59 256 243 67 164 -1 -1 -1 -1 
650 59 258 243 67 164 -1 -1 -1 -1 
651 59 260 245 66 162 -1 -1 -1 -1 
652 59 260 245 66 162 -1 -1 -1 -1 
653 59 265 249 64 157 -1 -1 -1 -1 
654 59 268 249 63 156 -1 -1 -1 -1 
655 59 268 249 63 155 -1 -1 -1 -1 
656 59 269 247 63 157 -1 -1 -1 -1 
657 59 269 247 64 156 -1 -1 -1 -1 
658 59 268 248 64 155 -1 -1 -1 -1 
659 59 261 243 64 158 -1 -1 -1 -1 
660 59 257 241 65 160 -1 -1 -1 -1 
661 59 256 239 64 159 -1 -1 -1 -1 
662 59 266 241 64 156 -1 -1 -1 -1 
663 59 273 242 62 154 -1 -1 -1 -1 
664 59 277 241 60 151 -1 -1 -1 -1 
665 59 278 241 61 151 -1 -1 -1 -1 
666 59 275 238 63 155 -1 -1 -1 -1 
667 59 274 234 65 160 -1 -1 -1 -1 
668 59 274 233 64 160 -1 -1 -1 -1 
669 59 272 234 65 160 -1 -1 -1 -1 
670 59 270 233 64 159 -1 -1 -1 -1 
671 59 269 231 65 160 -1 -1 -1 -1 
672 59 268 230 65 160 -1 -1 -1 -1 
673 59 268 228 65 160 -1 -1 -1 -1 
674 59 269 225 65 163 -1 -1 -1 -1 
675 59 270 224 66 164 -1 -1 -1 -1 
676 59 270 228 64 159 -1 -1 -1 -1 
677 59 271 226 64 160 -1 -1 -1 -1 
678 59 272 224 66 162 -1 -1 -1 -1 
679 59 274 224 64 161 -1 -1 -1 -1 
680 59 275 222 66 164 -1 -1 -1 -1 
681 59 276 221 66 164 -1 -1 -1 -1 
682 59 278 220 66 165 -1 -1 -1 -1 
683 59 280 219 65 166 -1 -1 -1 -1 
684 59 281 222 64 161 -1 -1 -1 -1 
685 59 284 222 64 161 -1 -1 -1 -1 
686 59 285 221 65 162 -1 -1 -1 -1 
687 59 286 222 64 160 -1 -1 -1 -1 
688 59 287 222 63 159 -1 -1 -1 -1 
689 59 288 222 64 158 -1 -1 -1 -1 
690 59 290 221 65 162 -1 -1 -1 -1 
691 59 292 222 65 162 -1 -1 -1 -1 
692 59 292 221 65 160 -1 -1 -1 -1 
693 59 293 217 66 163 -1 -1 -1 -1 
694 59 295 215 65 163 -1 -1 -1 -1 
695 59 295 215 66 165 -1 -1 -1 -1 
696 59 296 214 66 165 -1 -1 -1 -1 
697 59 297 215 66 164 -1 -1 -1 -1 
698 59 298 214 66 164 -1 -1 -1 -1 
699 59 299 215 66 162 -1 -1 -1 -1 
700 59 299 215 65 163 -1 -1 -1 -1 
701 59 297 214 67 165 -1 -1 -1 -1 
702 59 297 214 67 166 -1 -1 -1 -1 
703 59 297 215 67 166 -1 -1 -1 -1 
704 59 296 214 68 167 -1 -1 -1 -1 
705 59 296 213 67 168 -1 -1 -1 -1 
706 59 296 212 68 168 -1 -1 -1 -1 
707 59 297 211 67 166 -1 -1 -1 -1 
708 59 298 210 66 163 -1 -1 -1 -1 
709 59 298 207 66 164 -1 -1 -1 -1 
710 59 298 205 66 164 -1 -1 -1 -1 
711 59 299 204 65 164 -1 -1 -1 -1 
712 59 300 206 65 161 -1 -1 -1 -1 
713 59 302 208 64 159 -1 -1 -1 -1 
714 59 303 208 64 160 -1 -1 -1 -1 
715 59 303 208 65 161 -1 -1 -1 -1 
716 59 302 206 66 163 -1 -1 -1 -1 
717 59 302 205 66 164 -1 -1 -1 -1 
718 59 302 204 67 164 -1 -1 -1 -1 
719 59 302 203 67 165 -1 -1 -1 -1 
720 59 302 201 68 167 -1 -1 -1 -1 
721 59 305 202 67 166 -1 -1 -1 -1 
722 59 305 200 68 169 -1 -1 -1 -1 
723 59 309 202 66 165 -1 -1 -1 -1 
724 59 310 203 66 164 -1 -1 -1 -1 
725 59 311 204 64 162 -1 -1 -1 -1 
726 59 312 204 64 162 -1 -1 -1 -1 
727 59 313 202 65 164 -1 -1 -1 -1 
728 59 313 202 66 164 -1 -1 -1 -1 
729 59 313 202 67 164 -1 -1 -1 -1 
730 59 315 201 66 164 -1 -1 -1 -1 
731 59 316 201 66 164 -1 -1 -1 -1 
732 59 316 200 67 165 -1 -1 -1 -1 
733 59 316 200 67 165 -1 -1 -1 -1 
734 59 317 200 67 164 -1 -1 -1 -1 
735 59 317 199 67 166 -1 -1 -1 -1 
736 59 317 198 68 168 -1 -1 -1 -1 
737 59 319 197 68 169 -1 -1 -1 -1 
738 59 320 195 68 170 -1 -1 -1 -1 
739 59 321 194 68 171 -1 -1 -1 -1 
740 59 322 194 68 170 -1 -1 -1 -1 
741 59 322 195 67 168 -1 -1 -1 -1 
742 59 323 196 66 165 -1 -1 -1 -1 
743 59 323 196 66 164 -1 -1 -1 -1 
744 59 324 196 66 164 -1 -1 -1 -1 
745 59 325 197 66 163 -1 -1 -1 -1 
746 59 326 197 65 162 -1 -1 -1 -1 
747 59 326 197 65 162 -1 -1 -1 -1 
748 59 326 197 66 162 -1 -1 -1 -1 
749 59 326 200 65 159 -1 -1 -1 -1 
750 59 326 201 65 157 -1 -1 -1 -1 
751 59 327 201 64 157 -1 -1 -1 -1 
752 59 328 199 64 159 -1 -1 -1 -1 
753 59 327 197 64 160 -1 -1 -1 -1 
754 59 327 196 64 162 -1 -1 -1 -1 
755 59 325 196 66 163 -1 -1 -1 -1 
756 59 325 195 66 163 -1 -1 -1 -1 
757 59 325 194 65 164 -1 -1 -1 -1 
758 59 325 194 65 164 -1 -1 -1 -1 
759 59 325 194 65 163 -1 -1 -1 -1 
760 59 324 192 66 166 -1 -1 -1 -1 
761 59 324 193 67 167 -1 -1 -1 -1 
762 59 324 193 66 166 -1 -1 -1 -1 
763 59 323 193 66 166 -1 -1 -1 -1 
764 59 323 192 65 165 -1 -1 -1 -1 
765 59 323 192 65 165 -1 -1 -1 -1 
766 59 322 192 65 163 -1 -1 -1 -1 
767 59 321 192 65 161 -1 -1 -1 -1 
768 59 321 191 64 161 -1 -1 -1 -1 
769 59 320 189 65 161 -1 -1 -1 -1 
770 59 320 189 64 160 -1 -1 -1 -1 
771 59 320 189 64 159 -1 -1 -1 -1 
772 59 320 189 64 160 -1 -1 -1 -1 
773 59 321 189 64 160 -1 -1 -1 -1 
774 59 322 189 64 160 -1 -1 -1 -1 
775 59 322 187 64 163 -1 -1 -1 -1 
776 59 322 186 65 164 -1 -1 -1 -1 
777 59 322 185 66 165 -1 -1 -1 -1 
778 59 322 186 65 163 -1 -1 -1 -1 
779 59 320 187 66 162 -1 -1 -1 -1 
780 59 321 187 65 161 -1 -1 -1 -1 
781 59 321 188 65 160 -1 -1 -1 -1 
782 59 320 186 65 163 -1 -1 -1 -1 
783 59 321 185 65 164 -1 -1 -1 -1 
784 59 322 186 65 163 -1 -1 -1 -1 
785 59 324 186 65 164 -1 -1 -1 -1 
786 59 325 188 65 161 -1 -1 -1 -1 
787 59 327 189 64 161 -1 -1 -1 -1 
788 59 328 190 63 160 -1 -1 -1 -1 
789 59 329 191 63 159 -1 -1 -1 -1 
790 59 330 191 64 159 -1 -1 -1 -1 
791 59 331 190 63 160 -1 -1 -1 -1 
792 59 332 190 63 159 -1 -1 -1 -1 
793 59 332 190 64 159 -1 -1 -1 -1 
794 59 332 189 65 160 -1 -1 -1 -1 
795 59 333 188 65 162 -1 -1 -1 -1 
796 59 334 188 65 162 -1 -1 -1 -1 
797 59 333 188 66 162 -1 -1 -1 -1 
798 59 333 187 66 162 -1 -1 -1 -1 
799 59 334 187 66 162 -1 -1 -1 -1 
800 59 335 187 65 162 -1 -1 -1 -1 
801 59 336 187 65 161 -1 -1 -1 -1 
802 59 336 189 65 159 -1 -1 -1 -1 
803 59 336 190 64 157 -1 -1 -1 -1 
804 59 337 190 63 157 -1 -1 -1 -1 
805 59 337 189 64 157 -1 -1 -1 -1 
806 59 337 188 64 156 -1 -1 -1 -1 
807 59 337 187 63 156 -1 -1 -1 -1 
808 59 338 186 63 155 -1 -1 -1 -1 
809 59 338 184 64 158 -1 -1 -1 -1 
810 59 339 184 64 157 -1 -1 -1 -1 
811 59 339 184 64 156 -1 -1 -1 -1 
812 59 340 183 63 155 -1 -1 -1 -1 
813 59 340 183 63 154 -1 -1 -1 -1 
814 59 340 183 62 153 -1 -1 -1 -1 
815 59 340 183 62 153 -1 -1 -1 -1 
816 59 340 183 62 153 -1 -1 -1 -1 
817 59 340 182 63 154 -1 -1 -1 -1 
818 59 340 182 63 155 -1 -1 -1 -1 
819 59 339 182 65 157 -1 -1 -1 -1 
820 59 338 182 66 159 -1 -1 -1 -1 
821 59 338 182 65 159 -1 -1 -1 -1 
822 59 338 181 65 161 -1 -1 -1 -1 
823 59 336 181 66 162 -1 -1 -1 -1 
824 59 335 181 67 163 -1 -1 -1 -1 
825 59 335 179 67 164 -1 -1 -1 -1 
826 59 335 180 66 164 -1 -1 -1 -1 
827 59 335 182 66 161 -1 -1 -1 -1 
828 59 335 182 65 161 -1 -1 -1 -1 
829 59 335 182 66 162 -1 -1 -1 -1 
830 59 335 184 66 162 -1 -1 -1 -1 
831 59 335 184 67 164 -1 -1 -1 -1 
832 59 336 180 65 165 -1 -1 -1 -1 
833 59 335 177 67 171 -1 -1 -1 -1 
834 59 335 176 67 170 -1 -1 -1 -1 
835 59 335 176 68 168 -1 -1 -1 -1 
836 59 335 176 68 172 -1 -1 -1 -1 
837 59 334 177 69 176 -1 -1 -1 -1 
838 59 336 177 66 165 -1 -1 -1 -1 
839 59 336 178 66 168 -1 -1 -1 -1 
840 59 337 178 65 167 -1 -1 -1 -1 
841 59 338 176 64 165 -1 -1 -1 -1 
842 59 338 176 65 166 -1 -1 -1 -1 
843 59 339 176 65 165 -1 -1 -1 -1 
844 59 340 176 64 163 -1 -1 -1 -1 
845 59 341 175 64 163 -1 -1 -1 -1 
846 59 341 176 64 162 -1 -1 -1 -1 
847 59 341 176 64 160 -1 -1 -1 -1 
848 59 341 175 63 158 -1 -1 -1 -1 
849 59 340 174 65 159 -1 -1 -1 -1 
850 59 341 175 64 158 -1 -1 -1 -1 
851 59 342 174 63 158 -1 -1 -1 -1 
852 59 342 174 64 158 -1 -1 -1 -1 
853 59 342 174 63 159 -1 -1 -1 -1 
854 59 342 175 63 158 -1 -1 -1 -1 
855 59 342 175 64 160 -1 -1 -1 -1 
856 59 342 175 64 159 -1 -1 -1 -1 
857 59 342 175 63 158 -1 -1 -1 -1 
858 59 342 175 63 159 -1 -1 -1 -1 
859 59 342 175 63 159 -1 -1 -1 -1 
860 59 341 174 63 160 -1 -1 -1 -1 
861 59 341 175 65 161 -1 -1 -1 -1 
862 59 342 175 65 162 -1 -1 -1 -1 
863 59 342 174 66 164 -1 -1 -1 -1 
864 59 341 173 66 164 -1 -1 -1 -1 
865 59 341 173 67 165 -1 -1 -1 -1 
866 59 341 173 67 167 -1 -1 -1 -1 
867 59 341 173 67 166 -1 -1 -1 -1 
868 59 340 173 67 167 -1 -1 -1 -1 
869 59 340 173 68 168 -1 -1 -1 -1 
870 59 340 173 68 169 -1 -1 -1 -1 
871 59 340 173 67 167 -1 -1 -1 -1 
872 59 340 173 67 167 -1 -1 -1 -1 
873 59 340 173 68 168 -1 -1 -1 -1 
874 59 341 173 67 166 -1 -1 -1 -1 
875 59 341 174 66 164 -1 -1 -1 -1 
876 59 341 175 66 162 -1 -1 -1 -1 
877 59 342 177 64 159 -1 -1 -1 -1 
878 59 342 178 65 160 -1 -1 -1 -1 
879 59 342 178 65 161 -1 -1 -1 -1 
880 59 343 179 63 159 -1 -1 -1 -1 
881 59 342 179 65 161 -1 -1 -1 -1 
882 59 341 179 65 160 -1 -1 -1 -1 
883 59 342 180 64 159 -1 -1 -1 -1 
884 59 342 180 64 158 -1 -1 -1 -1 
885 59 343 180 63 157 -1 -1 -1 -1 
886 59 344 182 62 154 -1 -1 -1 -1 
887 59 344 183 62 151 -1 -1 -1 -1 
888 59 345 182 60 150 -1 -1 -1 -1 
889 59 344 181 61 152 -1 -1 -1 -1 
890 59 358 135 60 150 -1 -1 -1 -1 
891 59 363 117 59 149 -1 -1 -1 -1 
892 59 365 109 58 147 -1 -1 -1 -1 
893 59 366 107 58 148 -1 -1 -1 -1 
894 59 365 106 60 150 -1 -1 -1 -1 
895 59 365 106 61 151 -1 -1 -1 -1 
896 59 365 106 61 155 -1 -1 -1 -1 
897 59 364 106 63 157 -1 -1 -1 -1 
898 59 364 106 63 158 -1 -1 -1 -1 
899 59 366 107 61 152 -1 -1 -1 -1 
900 59 366 108 60 150 -1 -1 -1 -1 
901 59 366 110 60 147 -1 -1 -1 -1 
902 59 366 110 59 149 -1 -1 -1 -1 
903 59 366 111 59 150 -1 -1 -1 -1 
904 59 366 111 60 151 -1 -1 -1 -1 
905 59 366 110 59 150 -1 -1 -1 -1 
906 59 366 109 59 149 -1 -1 -1 -1 
907 59 366 110 58 147 -1 -1 -1 -1 
908 59 366 111 58 146 -1 -1 -1 -1 
909 59 367 111 58 146 -1 -1 -1 -1 
910 59 367 111 58 146 -1 -1 -1 -1 
911 59 368 111 57 144 -1 -1 -1 -1 
912 59 368 111 58 146 -1 -1 -1 -1 
913 59 369 111 56 140 -1 -1 -1 -1 
914 59 368 111 56 137 -1 -1 -1 -1 
915 59 368 110 56 138 -1 -1 -1 -1 
916 59 368 110 56 138 -1 -1 -1 -1 
917 59 368 110 56 138 -1 -1 -1 -1 
918 59 367 109 57 141 -1 -1 -1 -1 
919 59 367 109 57 140 -1 -1 -1 -1 
920 59 367 109 58 142 -1 -1 -1 -1 
921 59 366 108 59 145 -1 -1 -1 -1 
922 59 366 109 59 147 -1 -1 -1 -1 
923 59 366 109 59 146 -1 -1 -1 -1 
924 59 366 110 61 152 -1 -1 -1 -1 
925 59 365 110 61 149 -1 -1 -1 -1 
926 59 365 110 61 150 -1 -1 -1 -1 
927 59 364 110 61 149 -1 -1 -1 -1 
928 59 364 110 61 148 -1 -1 -1 -1 
929 59 365 110 60 146 -1 -1 -1 -1 
930 59 366 111 59 143 -1 -1 -1 -1 
931 59 367 112 58 142 -1 -1 -1 -1 
932 59 367 111 58 147 -1 -1 -1 -1 
933 59 366 112 60 150 -1 -1 -1 -1 
934 59 366 113 60 148 -1 -1 -1 -1 
935 59 366 113 59 146 -1 -1 -1 -1 
936 59 364 112 62 153 -1 -1 -1 -1 
937 59 364 114 62 156 -1 -1 -1 -1 
938 59 362 112 65 164 -1 -1 -1 -1 
939 59 360 109 67 164 -1 -1 -1 -1 
940 59 359 108 68 168 -1 -1 -1 -1 
941 59 358 107 67 162 -1 -1 -1 -1 
942 59 360 106 65 159 -1 -1 -1 -1 
943 59 361 109 63 154 -1 -1 -1 -1 
944 59 362 114 62 153 -1 -1 -1 -1 
945 59 361 114 64 159 -1 -1 -1 -1 
946 59 360 113 66 168 -1 -1 -1 -1 
947 59 359 111 65 163 -1 -1 -1 -1 
948 59 359 110 64 162 -1 -1 -1 -1 
949 59 356 106 65 161 -1 -1 -1 -1 
950 59 355 108 65 160 -1 -1 -1 -1 
492 60 1496 0 55 124 -1 -1 -1 -1 
493 60 1496 0 55 127 -1 -1 -1 -1 
494 60 1495 0 56 127 -1 -1 -1 -1 
495 60 1495 0 56 127 -1 -1 -1 -1 
496 60 1495 0 55 126 -1 -1 -1 -1 
497 60 1495 0 55 127 -1 -1 -1 -1 
498 60 1495 0 55 128 -1 -1 -1 -1 
499 60 1495 0 56 130 -1 -1 -1 -1 
500 60 1495 0 56 131 -1 -1 -1 -1 
501 60 1494 0 57 133 -1 -1 -1 -1 
502 60 1494 0 57 133 -1 -1 -1 -1 
503 60 1494 0 57 133 -1 -1 -1 -1 
504 60 1493 0 57 132 -1 -1 -1 -1 
505 60 1493 0 56 132 -1 -1 -1 -1 
506 60 1493 0 56 132 -1 -1 -1 -1 
507 60 1493 0 55 129 -1 -1 -1 -1 
508 60 1492 0 56 127 -1 -1 -1 -1 
509 60 1492 0 55 125 -1 -1 -1 -1 
510 60 1491 0 55 124 -1 -1 -1 -1 
511 60 1491 0 55 123 -1 -1 -1 -1 
512 60 1491 0 55 124 -1 -1 -1 -1 
513 60 1491 0 55 125 -1 -1 -1 -1 
514 60 1490 0 55 125 -1 -1 -1 -1 
515 60 1490 0 55 125 -1 -1 -1 -1 
516 60 1490 0 55 125 -1 -1 -1 -1 
517 60 1490 0 55 126 -1 -1 -1 -1 
518 60 1490 0 54 126 -1 -1 -1 -1 
519 60 1489 0 55 127 -1 -1 -1 -1 
520 60 1489 0 55 128 -1 -1 -1 -1 
521 60 1488 0 55 129 -1 -1 -1 -1 
522 60 1487 0 56 130 -1 -1 -1 -1 
523 60 1486 0 55 130 -1 -1 -1 -1 
524 60 1485 0 55 130 -1 -1 -1 -1 
525 60 1485 0 55 131 -1 -1 -1 -1 
526 60 1485 0 54 133 -1 -1 -1 -1 
527 60 1485 0 53 132 -1 -1 -1 -1 
528 60 1485 0 53 132 -1 -1 -1 -1 
529 60 1484 0 54 132 -1 -1 -1 -1 
530 60 1484 0 53 133 -1 -1 -1 -1 
531 60 1485 0 52 134 -1 -1 -1 -1 
532 60 1485 0 53 135 -1 -1 -1 -1 
533 60 1486 0 53 135 -1 -1 -1 -1 
534 60 1486 0 53 135 -1 -1 -1 -1 
535 60 1487 0 52 134 -1 -1 -1 -1 
536 60 1488 0 52 134 -1 -1 -1 -1 
537 60 1488 0 53 132 -1 -1 -1 -1 
538 60 1488 0 54 131 -1 -1 -1 -1 
539 60 1489 0 53 132 -1 -1 -1 -1 
540 60 1489 0 54 131 -1 -1 -1 -1 
541 60 1490 0 53 132 -1 -1 -1 -1 
542 60 1490 0 54 132 -1 -1 -1 -1 
543 60 1491 0 53 132 -1 -1 -1 -1 
544 60 1491 0 53 132 -1 -1 -1 -1 
545 60 1491 0 53 132 -1 -1 -1 -1 
546 60 1492 0 52 132 -1 -1 -1 -1 
547 60 1492 0 53 132 -1 -1 -1 -1 
548 60 1492 0 53 132 -1 -1 -1 -1 
549 60 1492 0 53 132 -1 -1 -1 -1 
550 60 1492 0 52 132 -1 -1 -1 -1 
551 60 1492 1 53 131 -1 -1 -1 -1 
552 60 1492 1 52 132 -1 -1 -1 -1 
553 60 1492 1 52 132 -1 -1 -1 -1 
554 60 1491 2 53 131 -1 -1 -1 -1 
555 60 1491 2 52 132 -1 -1 -1 -1 
556 60 1491 3 52 131 -1 -1 -1 -1 
557 60 1490 3 53 131 -1 -1 -1 -1 
558 60 1489 4 52 130 -1 -1 -1 -1 
559 60 1488 4 53 131 -1 -1 -1 -1 
560 60 1487 4 53 131 -1 -1 -1 -1 
561 60 1485 5 54 131 -1 -1 -1 -1 
562 60 1484 5 54 131 -1 -1 -1 -1 
563 60 1483 5 54 132 -1 -1 -1 -1 
564 60 1483 4 54 133 -1 -1 -1 -1 
565 60 1482 4 54 133 -1 -1 -1 -1 
566 60 1482 4 54 133 -1 -1 -1 -1 
567 60 1482 4 53 132 -1 -1 -1 -1 
568 60 1481 4 54 132 -1 -1 -1 -1 
569 60 1481 4 54 132 -1 -1 -1 -1 
570 60 1481 4 53 132 -1 -1 -1 -1 
571 60 1480 4 54 132 -1 -1 -1 -1 
572 60 1480 3 53 133 -1 -1 -1 -1 
573 60 1480 3 54 133 -1 -1 -1 -1 
574 60 1480 4 54 133 -1 -1 -1 -1 
575 60 1480 4 55 133 -1 -1 -1 -1 
576 60 1481 4 54 133 -1 -1 -1 -1 
577 60 1480 4 55 133 -1 -1 -1 -1 
578 60 1481 4 53 133 -1 -1 -1 -1 
579 60 1481 5 54 131 -1 -1 -1 -1 
580 60 1481 5 53 131 -1 -1 -1 -1 
581 60 1481 5 54 132 -1 -1 -1 -1 
582 60 1481 5 54 132 -1 -1 -1 -1 
583 60 1481 4 54 133 -1 -1 -1 -1 
584 60 1481 4 54 133 -1 -1 -1 -1 
585 60 1481 4 54 133 -1 -1 -1 -1 
586 60 1481 4 54 133 -1 -1 -1 -1 
587 60 1481 4 54 133 -1 -1 -1 -1 
588 60 1482 4 53 132 -1 -1 -1 -1 
589 60 1482 4 53 133 -1 -1 -1 -1 
590 60 1482 4 53 133 -1 -1 -1 -1 
591 60 1482 4 53 133 -1 -1 -1 -1 
592 60 1482 4 54 132 -1 -1 -1 -1 
593 60 1482 4 54 133 -1 -1 -1 -1 
594 60 1483 4 53 133 -1 -1 -1 -1 
595 60 1483 4 53 133 -1 -1 -1 -1 
596 60 1482 4 53 133 -1 -1 -1 -1 
597 60 1482 4 53 133 -1 -1 -1 -1 
598 60 1482 4 53 133 -1 -1 -1 -1 
599 60 1482 4 53 133 -1 -1 -1 -1 
600 60 1482 4 53 133 -1 -1 -1 -1 
601 60 1482 4 53 133 -1 -1 -1 -1 
602 60 1482 4 54 133 -1 -1 -1 -1 
603 60 1482 4 54 133 -1 -1 -1 -1 
604 60 1482 4 54 133 -1 -1 -1 -1 
605 60 1482 4 54 133 -1 -1 -1 -1 
606 60 1482 4 54 133 -1 -1 -1 -1 
607 60 1482 4 54 133 -1 -1 -1 -1 
608 60 1483 5 53 132 -1 -1 -1 -1 
609 60 1483 5 53 132 -1 -1 -1 -1 
610 60 1482 4 54 133 -1 -1 -1 -1 
611 60 1482 4 54 133 -1 -1 -1 -1 
612 60 1482 4 53 133 -1 -1 -1 -1 
613 60 1482 3 54 134 -1 -1 -1 -1 
614 60 1482 3 54 134 -1 -1 -1 -1 
615 60 1481 2 54 134 -1 -1 -1 -1 
616 60 1481 3 55 134 -1 -1 -1 -1 
617 60 1482 3 54 134 -1 -1 -1 -1 
618 60 1482 3 54 135 -1 -1 -1 -1 
619 60 1482 3 53 134 -1 -1 -1 -1 
620 60 1482 3 54 134 -1 -1 -1 -1 
621 60 1482 2 55 135 -1 -1 -1 -1 
622 60 1482 2 55 135 -1 -1 -1 -1 
623 60 1482 2 55 135 -1 -1 -1 -1 
624 60 1482 2 55 135 -1 -1 -1 -1 
625 60 1482 2 55 135 -1 -1 -1 -1 
626 60 1482 3 54 133 -1 -1 -1 -1 
627 60 1482 3 54 133 -1 -1 -1 -1 
628 60 1482 3 54 133 -1 -1 -1 -1 
629 60 1482 3 54 133 -1 -1 -1 -1 
630 60 1482 3 54 133 -1 -1 -1 -1 
631 60 1482 3 54 133 -1 -1 -1 -1 
632 60 1482 3 54 133 -1 -1 -1 -1 
633 60 1482 3 54 134 -1 -1 -1 -1 
634 60 1482 4 54 133 -1 -1 -1 -1 
635 60 1482 5 54 132 -1 -1 -1 -1 
636 60 1482 5 55 133 -1 -1 -1 -1 
637 60 1483 5 55 134 -1 -1 -1 -1 
638 60 1483 4 56 136 -1 -1 -1 -1 
639 60 1482 4 56 136 -1 -1 -1 -1 
640 60 1482 3 56 137 -1 -1 -1 -1 
641 60 1482 2 56 139 -1 -1 -1 -1 
642 60 1482 1 56 139 -1 -1 -1 -1 
643 60 1481 1 57 140 -1 -1 -1 -1 
644 60 1482 2 56 137 -1 -1 -1 -1 
645 60 1482 2 55 137 -1 -1 -1 -1 
646 60 1482 2 55 136 -1 -1 -1 -1 
647 60 1481 2 56 136 -1 -1 -1 -1 
648 60 1481 1 56 137 -1 -1 -1 -1 
649 60 1481 1 56 137 -1 -1 -1 -1 
650 60 1481 0 56 138 -1 -1 -1 -1 
651 60 1480 0 58 140 -1 -1 -1 -1 
652 60 1480 0 57 139 -1 -1 -1 -1 
653 60 1480 0 56 138 -1 -1 -1 -1 
654 60 1480 0 56 138 -1 -1 -1 -1 
655 60 1480 0 57 139 -1 -1 -1 -1 
656 60 1479 0 58 139 -1 -1 -1 -1 
657 60 1480 0 57 137 -1 -1 -1 -1 
658 60 1481 0 56 136 -1 -1 -1 -1 
659 60 1482 0 55 136 -1 -1 -1 -1 
660 60 1482 0 55 136 -1 -1 -1 -1 
661 60 1482 1 55 135 -1 -1 -1 -1 
662 60 1482 1 55 135 -1 -1 -1 -1 
663 60 1482 1 55 134 -1 -1 -1 -1 
664 60 1482 1 55 134 -1 -1 -1 -1 
665 60 1482 1 55 134 -1 -1 -1 -1 
666 60 1481 0 56 137 -1 -1 -1 -1 
667 60 1481 0 56 138 -1 -1 -1 -1 
668 60 1481 0 56 139 -1 -1 -1 -1 
669 60 1480 0 57 140 -1 -1 -1 -1 
670 60 1481 0 55 139 -1 -1 -1 -1 
671 60 1480 0 55 137 -1 -1 -1 -1 
672 60 1480 1 55 135 -1 -1 -1 -1 
673 60 1479 0 56 136 -1 -1 -1 -1 
674 60 1481 1 55 136 -1 -1 -1 -1 
675 60 1481 2 55 135 -1 -1 -1 -1 
676 60 1482 3 54 134 -1 -1 -1 -1 
677 60 1482 3 54 134 -1 -1 -1 -1 
678 60 1482 3 54 134 -1 -1 -1 -1 
679 60 1481 4 54 134 -1 -1 -1 -1 
680 60 1481 4 54 134 -1 -1 -1 -1 
681 60 1481 4 54 134 -1 -1 -1 -1 
682 60 1481 4 54 134 -1 -1 -1 -1 
683 60 1481 4 54 135 -1 -1 -1 -1 
684 60 1481 4 54 135 -1 -1 -1 -1 
685 60 1481 3 54 136 -1 -1 -1 -1 
686 60 1481 3 54 136 -1 -1 -1 -1 
687 60 1481 3 55 135 -1 -1 -1 -1 
688 60 1482 3 54 135 -1 -1 -1 -1 
689 60 1481 2 55 136 -1 -1 -1 -1 
690 60 1481 2 55 136 -1 -1 -1 -1 
691 60 1481 2 55 137 -1 -1 -1 -1 
692 60 1481 2 55 137 -1 -1 -1 -1 
693 60 1481 1 55 137 -1 -1 -1 -1 
694 60 1481 0 55 139 -1 -1 -1 -1 
695 60 1480 1 56 137 -1 -1 -1 -1 
696 60 1480 0 56 137 -1 -1 -1 -1 
697 60 1480 1 55 136 -1 -1 -1 -1 
698 60 1480 0 55 137 -1 -1 -1 -1 
699 60 1480 1 55 136 -1 -1 -1 -1 
700 60 1480 0 55 138 -1 -1 -1 -1 
701 60 1479 0 57 138 -1 -1 -1 -1 
702 60 1479 1 56 137 -1 -1 -1 -1 
703 60 1479 1 56 137 -1 -1 -1 -1 
704 60 1479 0 56 137 -1 -1 -1 -1 
705 60 1479 0 56 137 -1 -1 -1 -1 
706 60 1479 0 56 137 -1 -1 -1 -1 
707 60 1478 0 57 137 -1 -1 -1 -1 
708 60 1478 0 56 137 -1 -1 -1 -1 
709 60 1478 0 56 137 -1 -1 -1 -1 
710 60 1478 0 56 137 -1 -1 -1 -1 
711 60 1478 0 55 137 -1 -1 -1 -1 
712 60 1478 0 56 138 -1 -1 -1 -1 
713 60 1477 0 57 138 -1 -1 -1 -1 
714 60 1477 0 57 139 -1 -1 -1 -1 
715 60 1477 0 56 138 -1 -1 -1 -1 
716 60 1477 0 56 137 -1 -1 -1 -1 
717 60 1477 0 56 138 -1 -1 -1 -1 
718 60 1477 0 56 136 -1 -1 -1 -1 
719 60 1477 0 56 136 -1 -1 -1 -1 
720 60 1478 0 55 135 -1 -1 -1 -1 
721 60 1478 0 54 135 -1 -1 -1 -1 
722 60 1478 0 54 136 -1 -1 -1 -1 
723 60 1478 0 55 136 -1 -1 -1 -1 
724 60 1478 0 55 137 -1 -1 -1 -1 
725 60 1477 0 56 139 -1 -1 -1 -1 
726 60 1477 0 56 140 -1 -1 -1 -1 
727 60 1477 0 56 140 -1 -1 -1 -1 
728 60 1477 0 56 140 -1 -1 -1 -1 
729 60 1478 0 55 138 -1 -1 -1 -1 
730 60 1478 0 55 138 -1 -1 -1 -1 
731 60 1478 0 56 138 -1 -1 -1 -1 
732 60 1478 0 56 138 -1 -1 -1 -1 
733 60 1478 0 57 138 -1 -1 -1 -1 
734 60 1480 0 55 138 -1 -1 -1 -1 
735 60 1480 1 55 137 -1 -1 -1 -1 
736 60 1480 1 55 136 -1 -1 -1 -1 
737 60 1480 0 56 140 -1 -1 -1 -1 
738 60 1481 3 58 144 -1 -1 -1 -1 
739 60 1482 4 58 143 -1 -1 -1 -1 
740 60 1482 6 56 137 -1 -1 -1 -1 
751 60 1491 3 53 134 -1 -1 -1 -1 
752 60 1493 4 53 131 -1 -1 -1 -1 
753 60 1495 4 52 129 -1 -1 -1 -1 
754 60 1497 7 48 124 -1 -1 -1 -1 
755 60 1496 7 49 126 -1 -1 -1 -1 
756 60 1495 5 51 128 -1 -1 -1 -1 
757 60 1495 5 51 131 -1 -1 -1 -1 
758 60 1494 5 53 136 -1 -1 -1 -1 
759 60 1495 4 53 137 -1 -1 -1 -1 
760 60 1495 3 54 140 -1 -1 -1 -1 
761 60 1496 3 54 140 -1 -1 -1 -1 
503 61 273 128 64 156 -1 -1 -1 -1 
504 61 274 129 63 155 -1 -1 -1 -1 
505 61 275 131 62 153 -1 -1 -1 -1 
506 61 276 129 62 155 -1 -1 -1 -1 
507 61 276 128 64 156 -1 -1 -1 -1 
508 61 277 128 64 156 -1 -1 -1 -1 
509 61 276 117 67 164 -1 -1 -1 -1 
510 61 276 115 67 166 -1 -1 -1 -1 
511 61 276 121 66 161 -1 -1 -1 -1 
512 61 276 116 67 165 -1 -1 -1 -1 
513 61 276 124 65 158 -1 -1 -1 -1 
514 61 276 128 65 155 -1 -1 -1 -1 
515 61 274 128 65 155 -1 -1 -1 -1 
516 61 274 126 66 157 -1 -1 -1 -1 
517 61 273 121 68 162 -1 -1 -1 -1 
518 61 273 123 68 160 -1 -1 -1 -1 
519 61 272 123 68 161 -1 -1 -1 -1 
520 61 272 123 67 161 -1 -1 -1 -1 
521 61 271 117 69 167 -1 -1 -1 -1 
522 61 271 120 69 164 -1 -1 -1 -1 
523 61 270 105 72 179 -1 -1 -1 -1 
524 61 271 114 70 170 -1 -1 -1 -1 
525 61 272 120 69 164 -1 -1 -1 -1 
526 61 272 118 69 166 -1 -1 -1 -1 
527 61 270 105 73 178 -1 -1 -1 -1 
528 61 270 104 73 179 -1 -1 -1 -1 
529 61 271 110 71 173 -1 -1 -1 -1 
530 61 271 109 70 173 -1 -1 -1 -1 
531 61 271 106 70 175 -1 -1 -1 -1 
532 61 272 113 69 169 -1 -1 -1 -1 
533 61 273 117 68 165 -1 -1 -1 -1 
534 61 274 115 67 167 -1 -1 -1 -1 
535 61 277 125 64 158 -1 -1 -1 -1 
536 61 277 126 64 157 -1 -1 -1 -1 
537 61 277 120 65 162 -1 -1 -1 -1 
538 61 276 115 67 168 -1 -1 -1 -1 
539 61 274 109 69 173 -1 -1 -1 -1 
540 61 273 106 71 177 -1 -1 -1 -1 
541 61 273 105 71 178 -1 -1 -1 -1 
542 61 273 104 72 178 -1 -1 -1 -1 
543 61 275 107 69 175 -1 -1 -1 -1 
544 61 275 111 69 171 -1 -1 -1 -1 
545 61 274 110 69 173 -1 -1 -1 -1 
546 61 272 106 71 176 -1 -1 -1 -1 
547 61 272 105 71 177 -1 -1 -1 -1 
548 61 273 106 71 176 -1 -1 -1 -1 
549 61 273 107 71 175 -1 -1 -1 -1 
550 61 276 112 68 171 -1 -1 -1 -1 
551 61 276 111 68 171 -1 -1 -1 -1 
552 61 275 110 69 172 -1 -1 -1 -1 
553 61 276 110 68 172 -1 -1 -1 -1 
554 61 277 112 68 170 -1 -1 -1 -1 
555 61 277 113 67 168 -1 -1 -1 -1 
556 61 277 116 66 166 -1 -1 -1 -1 
557 61 277 117 66 165 -1 -1 -1 -1 
558 61 277 120 65 162 -1 -1 -1 -1 
559 61 278 120 64 161 -1 -1 -1 -1 
560 61 277 116 66 165 -1 -1 -1 -1 
561 61 276 109 69 172 -1 -1 -1 -1 
562 61 276 109 68 171 -1 -1 -1 -1 
563 61 276 109 69 171 -1 -1 -1 -1 
564 61 277 112 67 168 -1 -1 -1 -1 
565 61 276 112 67 168 -1 -1 -1 -1 
566 61 276 111 67 168 -1 -1 -1 -1 
567 61 275 111 68 168 -1 -1 -1 -1 
568 61 276 116 66 164 -1 -1 -1 -1 
569 61 276 119 65 162 -1 -1 -1 -1 
570 61 275 115 67 166 -1 -1 -1 -1 
571 61 275 116 67 165 -1 -1 -1 -1 
572 61 275 116 66 165 -1 -1 -1 -1 
573 61 274 115 67 166 -1 -1 -1 -1 
574 61 274 112 68 169 -1 -1 -1 -1 
575 61 274 110 69 171 -1 -1 -1 -1 
576 61 275 112 67 168 -1 -1 -1 -1 
577 61 274 113 68 168 -1 -1 -1 -1 
578 61 273 110 70 173 -1 -1 -1 -1 
579 61 273 108 70 176 -1 -1 -1 -1 
580 61 273 109 70 175 -1 -1 -1 -1 
581 61 273 108 70 177 -1 -1 -1 -1 
582 61 273 110 70 175 -1 -1 -1 -1 
583 61 273 112 70 172 -1 -1 -1 -1 
584 61 274 116 68 168 -1 -1 -1 -1 
585 61 275 119 67 166 -1 -1 -1 -1 
586 61 275 121 67 164 -1 -1 -1 -1 
587 61 275 121 67 164 -1 -1 -1 -1 
588 61 276 124 65 162 -1 -1 -1 -1 
589 61 277 125 64 160 -1 -1 -1 -1 
590 61 277 126 64 160 -1 -1 -1 -1 
591 61 277 126 64 160 -1 -1 -1 -1 
592 61 277 127 64 159 -1 -1 -1 -1 
593 61 277 126 65 160 -1 -1 -1 -1 
594 61 277 125 65 161 -1 -1 -1 -1 
595 61 277 124 65 162 -1 -1 -1 -1 
596 61 278 123 65 163 -1 -1 -1 -1 
597 61 277 123 66 163 -1 -1 -1 -1 
598 61 277 122 65 164 -1 -1 -1 -1 
599 61 277 123 65 163 -1 -1 -1 -1 
600 61 278 124 64 161 -1 -1 -1 -1 
601 61 279 126 63 159 -1 -1 -1 -1 
602 61 279 126 63 159 -1 -1 -1 -1 
603 61 278 126 63 159 -1 -1 -1 -1 
604 61 277 124 64 161 -1 -1 -1 -1 
605 61 276 124 65 161 -1 -1 -1 -1 
606 61 275 120 66 165 -1 -1 -1 -1 
607 61 274 117 67 168 -1 -1 -1 -1 
608 61 274 114 68 170 -1 -1 -1 -1 
609 61 276 118 66 166 -1 -1 -1 -1 
610 61 276 119 66 166 -1 -1 -1 -1 
611 61 277 121 66 163 -1 -1 -1 -1 
612 61 279 124 64 161 -1 -1 -1 -1 
613 61 279 126 63 157 -1 -1 -1 -1 
614 61 279 128 63 155 -1 -1 -1 -1 
615 61 280 128 63 156 -1 -1 -1 -1 
616 61 279 128 63 156 -1 -1 -1 -1 
617 61 279 128 63 156 -1 -1 -1 -1 
618 61 279 128 63 156 -1 -1 -1 -1 
619 61 279 127 63 158 -1 -1 -1 -1 
620 61 279 127 63 157 -1 -1 -1 -1 
621 61 278 127 64 157 -1 -1 -1 -1 
622 61 279 128 62 156 -1 -1 -1 -1 
623 61 278 127 63 157 -1 -1 -1 -1 
624 61 277 126 64 160 -1 -1 -1 -1 
625 61 277 127 63 158 -1 -1 -1 -1 
626 61 277 127 63 157 -1 -1 -1 -1 
627 61 276 126 63 157 -1 -1 -1 -1 
628 61 277 126 63 158 -1 -1 -1 -1 
629 61 277 126 63 159 -1 -1 -1 -1 
630 61 275 124 64 160 -1 -1 -1 -1 
631 61 274 124 65 159 -1 -1 -1 -1 
632 61 274 124 64 159 -1 -1 -1 -1 
633 61 273 123 65 160 -1 -1 -1 -1 
634 61 275 123 64 160 -1 -1 -1 -1 
635 61 277 121 64 161 -1 -1 -1 -1 
636 61 278 123 64 158 -1 -1 -1 -1 
637 61 277 125 63 158 -1 -1 -1 -1 
638 61 279 125 63 157 -1 -1 -1 -1 
639 61 279 125 64 157 -1 -1 -1 -1 
640 61 278 123 66 160 -1 -1 -1 -1 
641 61 278 122 66 162 -1 -1 -1 -1 
642 61 278 122 66 162 -1 -1 -1 -1 
643 61 280 124 65 160 -1 -1 -1 -1 
644 61 281 125 65 159 -1 -1 -1 -1 
645 61 281 126 64 158 -1 -1 -1 -1 
646 61 282 129 63 154 -1 -1 -1 -1 
647 61 283 131 61 153 -1 -1 -1 -1 
648 61 282 132 62 152 -1 -1 -1 -1 
649 61 282 131 62 153 -1 -1 -1 -1 
650 61 281 131 63 154 -1 -1 -1 -1 
651 61 281 131 63 154 -1 -1 -1 -1 
652 61 281 132 63 153 -1 -1 -1 -1 
653 61 281 132 63 153 -1 -1 -1 -1 
654 61 282 133 62 151 -1 -1 -1 -1 
655 61 282 133 62 151 -1 -1 -1 -1 
656 61 282 133 62 150 -1 -1 -1 -1 
657 61 282 132 62 151 -1 -1 -1 -1 
658 61 282 132 62 151 -1 -1 -1 -1 
659 61 282 133 62 151 -1 -1 -1 -1 
660 61 282 133 63 153 -1 -1 -1 -1 
661 61 282 133 64 154 -1 -1 -1 -1 
662 61 283 132 62 152 -1 -1 -1 -1 
663 61 284 131 62 152 -1 -1 -1 -1 
664 61 284 129 63 156 -1 -1 -1 -1 
665 61 283 129 63 158 -1 -1 -1 -1 
666 61 282 129 64 159 -1 -1 -1 -1 
667 61 283 129 63 158 -1 -1 -1 -1 
668 61 285 130 61 151 -1 -1 -1 -1 
669 61 285 130 60 149 -1 -1 -1 -1 
670 61 285 130 60 148 -1 -1 -1 -1 
671 61 285 129 60 148 -1 -1 -1 -1 
672 61 285 129 61 150 -1 -1 -1 -1 
673 61 285 127 61 150 -1 -1 -1 -1 
674 61 284 126 62 153 -1 -1 -1 -1 
675 61 284 125 63 155 -1 -1 -1 -1 
676 61 284 125 63 154 -1 -1 -1 -1 
677 61 283 126 64 157 -1 -1 -1 -1 
678 61 283 128 64 159 -1 -1 -1 -1 
679 61 281 128 66 165 -1 -1 -1 -1 
680 61 282 129 62 156 -1 -1 -1 -1 
681 61 282 130 61 153 -1 -1 -1 -1 
682 61 283 131 59 146 -1 -1 -1 -1 
683 61 284 132 58 145 -1 -1 -1 -1 
684 61 285 131 59 149 -1 -1 -1 -1 
685 61 285 132 57 145 -1 -1 -1 -1 
686 61 285 130 58 146 -1 -1 -1 -1 
687 61 285 130 57 142 -1 -1 -1 -1 
688 61 284 130 57 145 -1 -1 -1 -1 
689 61 283 131 58 145 -1 -1 -1 -1 
690 61 283 131 58 148 -1 -1 -1 -1 
691 61 282 130 59 146 -1 -1 -1 -1 
692 61 283 131 59 147 -1 -1 -1 -1 
693 61 284 131 59 145 -1 -1 -1 -1 
694 61 285 131 58 146 -1 -1 -1 -1 
695 61 285 130 57 145 -1 -1 -1 -1 
696 61 284 130 58 146 -1 -1 -1 -1 
697 61 283 131 58 146 -1 -1 -1 -1 
698 61 283 131 58 146 -1 -1 -1 -1 
699 61 283 129 60 151 -1 -1 -1 -1 
700 61 283 129 61 152 -1 -1 -1 -1 
701 61 283 128 62 155 -1 -1 -1 -1 
702 61 283 127 63 156 -1 -1 -1 -1 
703 61 283 127 63 158 -1 -1 -1 -1 
704 61 283 128 64 157 -1 -1 -1 -1 
705 61 283 128 64 159 -1 -1 -1 -1 
706 61 279 131 63 156 -1 -1 -1 -1 
707 61 277 129 64 160 -1 -1 -1 -1 
708 61 280 129 64 158 -1 -1 -1 -1 
709 61 280 128 65 160 -1 -1 -1 -1 
710 61 280 128 65 162 -1 -1 -1 -1 
711 61 279 127 67 164 -1 -1 -1 -1 
712 61 280 127 66 162 -1 -1 -1 -1 
713 61 278 130 65 155 -1 -1 -1 -1 
714 61 279 130 63 153 -1 -1 -1 -1 
715 61 282 128 64 157 -1 -1 -1 -1 
716 61 284 127 65 158 -1 -1 -1 -1 
717 61 284 128 64 158 -1 -1 -1 -1 
730 61 281 127 60 150 -1 -1 -1 -1 
731 61 280 127 60 149 -1 -1 -1 -1 
732 61 281 127 59 148 -1 -1 -1 -1 
733 61 282 128 60 148 -1 -1 -1 -1 
734 61 285 133 58 145 -1 -1 -1 -1 
735 61 286 133 58 146 -1 -1 -1 -1 
736 61 286 132 58 147 -1 -1 -1 -1 
737 61 284 129 59 149 -1 -1 -1 -1 
738 61 283 129 60 149 -1 -1 -1 -1 
739 61 283 128 61 150 -1 -1 -1 -1 
740 61 283 128 61 150 -1 -1 -1 -1 
741 61 283 129 61 149 -1 -1 -1 -1 
742 61 283 128 60 149 -1 -1 -1 -1 
743 61 284 129 60 149 -1 -1 -1 -1 
744 61 285 129 58 147 -1 -1 -1 -1 
745 61 286 129 57 146 -1 -1 -1 -1 
746 61 284 128 58 146 -1 -1 -1 -1 
747 61 286 125 56 147 -1 -1 -1 -1 
748 61 286 124 56 147 -1 -1 -1 -1 
749 61 285 126 57 146 -1 -1 -1 -1 
750 61 287 129 56 140 -1 -1 -1 -1 
751 61 284 125 57 144 -1 -1 -1 -1 
752 61 284 125 58 145 -1 -1 -1 -1 
753 61 283 123 59 148 -1 -1 -1 -1 
754 61 283 122 60 150 -1 -1 -1 -1 
755 61 282 120 61 154 -1 -1 -1 -1 
756 61 282 121 61 151 -1 -1 -1 -1 
757 61 282 121 61 152 -1 -1 -1 -1 
758 61 281 120 62 154 -1 -1 -1 -1 
759 61 281 115 63 157 -1 -1 -1 -1 
760 61 282 115 64 158 -1 -1 -1 -1 
761 61 283 114 63 159 -1 -1 -1 -1 
762 61 283 109 64 161 -1 -1 -1 -1 
763 61 283 99 64 164 -1 -1 -1 -1 
764 61 283 93 64 164 -1 -1 -1 -1 
765 61 284 100 63 160 -1 -1 -1 -1 
766 61 262 95 58 150 -1 -1 -1 -1 
767 61 254 93 59 146 -1 -1 -1 -1 
768 61 252 91 58 147 -1 -1 -1 -1 
769 61 249 91 60 154 -1 -1 -1 -1 
770 61 249 91 59 154 -1 -1 -1 -1 
771 61 249 91 60 149 -1 -1 -1 -1 
772 61 251 92 58 141 -1 -1 -1 -1 
773 61 251 93 58 141 -1 -1 -1 -1 
774 61 251 92 59 148 -1 -1 -1 -1 
775 61 250 93 61 151 -1 -1 -1 -1 
776 61 249 92 62 157 -1 -1 -1 -1 
777 61 248 92 63 158 -1 -1 -1 -1 
778 61 248 92 63 159 -1 -1 -1 -1 
779 61 247 92 64 160 -1 -1 -1 -1 
780 61 246 92 65 162 -1 -1 -1 -1 
781 61 247 92 63 159 -1 -1 -1 -1 
782 61 247 93 64 158 -1 -1 -1 -1 
783 61 247 93 63 158 -1 -1 -1 -1 
784 61 247 93 63 159 -1 -1 -1 -1 
785 61 247 93 63 160 -1 -1 -1 -1 
786 61 247 92 63 159 -1 -1 -1 -1 
787 61 248 93 62 156 -1 -1 -1 -1 
788 61 248 93 62 155 -1 -1 -1 -1 
789 61 249 94 61 153 -1 -1 -1 -1 
790 61 249 94 61 154 -1 -1 -1 -1 
791 61 249 95 61 153 -1 -1 -1 -1 
792 61 249 95 61 154 -1 -1 -1 -1 
793 61 249 95 61 155 -1 -1 -1 -1 
794 61 249 95 62 155 -1 -1 -1 -1 
795 61 249 95 62 157 -1 -1 -1 -1 
796 61 250 96 61 156 -1 -1 -1 -1 
797 61 250 96 61 155 -1 -1 -1 -1 
798 61 250 95 61 155 -1 -1 -1 -1 
799 61 250 94 62 157 -1 -1 -1 -1 
800 61 250 95 62 155 -1 -1 -1 -1 
801 61 250 95 62 155 -1 -1 -1 -1 
802 61 251 96 60 152 -1 -1 -1 -1 
803 61 251 96 61 152 -1 -1 -1 -1 
804 61 251 96 61 152 -1 -1 -1 -1 
805 61 251 96 61 152 -1 -1 -1 -1 
806 61 252 96 59 149 -1 -1 -1 -1 
807 61 252 97 60 148 -1 -1 -1 -1 
808 61 252 97 60 150 -1 -1 -1 -1 
809 61 252 97 60 150 -1 -1 -1 -1 
810 61 253 97 59 149 -1 -1 -1 -1 
811 61 254 98 59 148 -1 -1 -1 -1 
812 61 254 97 60 151 -1 -1 -1 -1 
813 61 255 99 60 151 -1 -1 -1 -1 
814 61 233 118 64 156 -1 -1 -1 -1 
816 61 249 101 61 153 -1 -1 -1 -1 
817 61 253 98 60 151 -1 -1 -1 -1 
818 61 254 95 60 154 -1 -1 -1 -1 
819 61 254 95 60 154 -1 -1 -1 -1 
820 61 254 93 60 156 -1 -1 -1 -1 
821 61 254 94 60 156 -1 -1 -1 -1 
822 61 255 95 60 153 -1 -1 -1 -1 
823 61 255 95 60 152 -1 -1 -1 -1 
824 61 255 95 60 152 -1 -1 -1 -1 
825 61 254 95 61 154 -1 -1 -1 -1 
826 61 255 95 60 153 -1 -1 -1 -1 
827 61 256 96 60 150 -1 -1 -1 -1 
828 61 259 97 58 145 -1 -1 -1 -1 
829 61 259 97 57 143 -1 -1 -1 -1 
830 61 261 99 58 143 -1 -1 -1 -1 
831 61 262 99 59 145 -1 -1 -1 -1 
832 61 264 100 58 142 -1 -1 -1 -1 
833 61 265 101 61 150 -1 -1 -1 -1 
834 61 265 106 63 156 -1 -1 -1 -1 
835 61 266 109 62 157 -1 -1 -1 -1 
836 61 266 115 65 159 -1 -1 -1 -1 
837 61 266 117 65 161 -1 -1 -1 -1 
838 61 265 118 66 161 -1 -1 -1 -1 
839 61 265 120 66 159 -1 -1 -1 -1 
840 61 264 115 68 166 -1 -1 -1 -1 
841 61 264 111 70 170 -1 -1 -1 -1 
842 61 266 110 68 169 -1 -1 -1 -1 
843 61 267 113 67 163 -1 -1 -1 -1 
844 61 269 115 64 159 -1 -1 -1 -1 
845 61 270 116 64 157 -1 -1 -1 -1 
846 61 270 112 65 163 -1 -1 -1 -1 
847 61 270 114 64 159 -1 -1 -1 -1 
848 61 270 116 63 157 -1 -1 -1 -1 
849 61 268 116 64 159 -1 -1 -1 -1 
850 61 264 115 67 165 -1 -1 -1 -1 
851 61 259 115 69 165 -1 -1 -1 -1 
852 61 260 113 69 167 -1 -1 -1 -1 
853 61 259 116 68 164 -1 -1 -1 -1 
854 61 261 114 68 166 -1 -1 -1 -1 
855 61 258 110 71 171 -1 -1 -1 -1 
856 61 264 118 67 163 -1 -1 -1 -1 
869 61 273 127 62 150 -1 -1 -1 -1 
870 61 274 127 59 150 -1 -1 -1 -1 
871 61 274 128 59 148 -1 -1 -1 -1 
872 61 275 128 58 147 -1 -1 -1 -1 
873 61 275 128 59 148 -1 -1 -1 -1 
874 61 275 129 59 146 -1 -1 -1 -1 
875 61 275 130 58 144 -1 -1 -1 -1 
876 61 274 130 57 144 -1 -1 -1 -1 
877 61 274 131 57 143 -1 -1 -1 -1 
878 61 275 131 56 144 -1 -1 -1 -1 
879 61 274 133 57 143 -1 -1 -1 -1 
880 61 274 133 59 144 -1 -1 -1 -1 
881 61 274 132 59 146 -1 -1 -1 -1 
882 61 274 131 58 147 -1 -1 -1 -1 
883 61 273 131 59 149 -1 -1 -1 -1 
884 61 273 131 60 150 -1 -1 -1 -1 
885 61 274 132 59 149 -1 -1 -1 -1 
886 61 274 133 58 146 -1 -1 -1 -1 
887 61 274 133 58 146 -1 -1 -1 -1 
888 61 274 133 58 146 -1 -1 -1 -1 
889 61 274 134 57 145 -1 -1 -1 -1 
890 61 274 136 57 143 -1 -1 -1 -1 
891 61 275 134 58 147 -1 -1 -1 -1 
892 61 275 134 59 147 -1 -1 -1 -1 
893 61 276 135 58 147 -1 -1 -1 -1 
894 61 276 134 59 148 -1 -1 -1 -1 
895 61 276 134 59 148 -1 -1 -1 -1 
896 61 276 133 60 150 -1 -1 -1 -1 
897 61 276 133 60 150 -1 -1 -1 -1 
898 61 276 134 60 149 -1 -1 -1 -1 
899 61 276 133 60 150 -1 -1 -1 -1 
900 61 276 133 60 150 -1 -1 -1 -1 
901 61 276 135 60 148 -1 -1 -1 -1 
902 61 276 135 60 149 -1 -1 -1 -1 
903 61 277 136 58 147 -1 -1 -1 -1 
904 61 277 136 58 147 -1 -1 -1 -1 
905 61 277 136 58 147 -1 -1 -1 -1 
906 61 276 135 59 148 -1 -1 -1 -1 
907 61 275 135 59 148 -1 -1 -1 -1 
908 61 275 133 60 151 -1 -1 -1 -1 
909 61 274 131 61 153 -1 -1 -1 -1 
910 61 274 131 61 153 -1 -1 -1 -1 
911 61 273 130 62 154 -1 -1 -1 -1 
912 61 273 130 62 155 -1 -1 -1 -1 
913 61 273 130 61 154 -1 -1 -1 -1 
914 61 273 130 62 154 -1 -1 -1 -1 
915 61 273 130 62 154 -1 -1 -1 -1 
916 61 273 129 61 155 -1 -1 -1 -1 
917 61 273 129 61 155 -1 -1 -1 -1 
918 61 273 128 62 156 -1 -1 -1 -1 
919 61 273 128 63 156 -1 -1 -1 -1 
920 61 273 128 63 156 -1 -1 -1 -1 
921 61 274 128 62 157 -1 -1 -1 -1 
922 61 273 127 63 158 -1 -1 -1 -1 
923 61 274 128 62 157 -1 -1 -1 -1 
924 61 274 128 63 157 -1 -1 -1 -1 
925 61 275 127 62 157 -1 -1 -1 -1 
926 61 275 127 63 157 -1 -1 -1 -1 
927 61 275 126 63 159 -1 -1 -1 -1 
928 61 275 127 63 157 -1 -1 -1 -1 
929 61 274 127 63 157 -1 -1 -1 -1 
930 61 274 127 63 156 -1 -1 -1 -1 
931 61 274 128 63 155 -1 -1 -1 -1 
932 61 274 128 63 156 -1 -1 -1 -1 
933 61 274 128 63 156 -1 -1 -1 -1 
934 61 273 128 64 157 -1 -1 -1 -1 
935 61 273 127 64 158 -1 -1 -1 -1 
936 61 274 127 63 158 -1 -1 -1 -1 
937 61 274 127 63 157 -1 -1 -1 -1 
938 61 274 128 62 156 -1 -1 -1 -1 
939 61 274 127 63 158 -1 -1 -1 -1 
940 61 274 128 63 157 -1 -1 -1 -1 
941 61 275 127 63 159 -1 -1 -1 -1 
942 61 274 128 64 157 -1 -1 -1 -1 
943 61 275 129 62 154 -1 -1 -1 -1 
944 61 275 129 61 153 -1 -1 -1 -1 
945 61 275 129 61 153 -1 -1 -1 -1 
946 61 276 128 61 154 -1 -1 -1 -1 
947 61 275 128 62 154 -1 -1 -1 -1 
948 61 275 129 61 153 -1 -1 -1 -1 
949 61 276 130 61 153 -1 -1 -1 -1 
950 61 276 130 61 152 -1 -1 -1 -1 
951 61 276 128 62 155 -1 -1 -1 -1 
952 61 276 129 62 155 -1 -1 -1 -1 
953 61 276 129 62 155 -1 -1 -1 -1 
954 61 277 129 62 155 -1 -1 -1 -1 
955 61 278 130 61 154 -1 -1 -1 -1 
956 61 277 128 63 157 -1 -1 -1 -1 
957 61 278 127 63 158 -1 -1 -1 -1 
958 61 278 127 63 159 -1 -1 -1 -1 
959 61 278 127 63 159 -1 -1 -1 -1 
960 61 278 128 63 158 -1 -1 -1 -1 
961 61 278 128 63 158 -1 -1 -1 -1 
962 61 279 128 63 158 -1 -1 -1 -1 
963 61 279 128 63 158 -1 -1 -1 -1 
964 61 279 127 63 160 -1 -1 -1 -1 
965 61 279 127 64 159 -1 -1 -1 -1 
966 61 279 127 63 159 -1 -1 -1 -1 
967 61 279 127 63 159 -1 -1 -1 -1 
968 61 281 126 63 158 -1 -1 -1 -1 
969 61 280 126 64 159 -1 -1 -1 -1 
970 61 280 127 64 158 -1 -1 -1 -1 
971 61 280 127 64 158 -1 -1 -1 -1 
972 61 280 126 63 159 -1 -1 -1 -1 
973 61 281 126 63 158 -1 -1 -1 -1 
974 61 281 127 63 155 -1 -1 -1 -1 
975 61 282 126 61 155 -1 -1 -1 -1 
976 61 282 127 61 153 -1 -1 -1 -1 
977 61 282 127 61 153 -1 -1 -1 -1 
978 61 282 126 61 155 -1 -1 -1 -1 
979 61 282 127 61 154 -1 -1 -1 -1 
980 61 282 127 61 154 -1 -1 -1 -1 
981 61 282 127 62 154 -1 -1 -1 -1 
982 61 281 126 62 155 -1 -1 -1 -1 
983 61 280 125 63 156 -1 -1 -1 -1 
984 61 280 125 63 157 -1 -1 -1 -1 
985 61 281 126 62 155 -1 -1 -1 -1 
986 61 282 127 61 153 -1 -1 -1 -1 
987 61 282 127 61 153 -1 -1 -1 -1 
988 61 281 126 62 155 -1 -1 -1 -1 
989 61 282 126 61 154 -1 -1 -1 -1 
990 61 282 127 61 153 -1 -1 -1 -1 
991 61 281 125 62 155 -1 -1 -1 -1 
992 61 282 127 61 153 -1 -1 -1 -1 
993 61 281 126 62 155 -1 -1 -1 -1 
994 61 281 126 62 155 -1 -1 -1 -1 
995 61 280 125 63 157 -1 -1 -1 -1 
996 61 280 125 63 157 -1 -1 -1 -1 
997 61 280 126 63 156 -1 -1 -1 -1 
998 61 280 125 63 157 -1 -1 -1 -1 
999 61 280 125 63 157 -1 -1 -1 -1 
1000 61 280 125 63 157 -1 -1 -1 -1 
1001 61 280 125 62 157 -1 -1 -1 -1 
1002 61 280 126 62 155 -1 -1 -1 -1 
1003 61 280 126 62 156 -1 -1 -1 -1 
1004 61 280 126 62 155 -1 -1 -1 -1 
1005 61 280 127 62 155 -1 -1 -1 -1 
1006 61 280 127 62 155 -1 -1 -1 -1 
1007 61 280 127 61 155 -1 -1 -1 -1 
1008 61 279 127 62 155 -1 -1 -1 -1 
1009 61 279 127 62 155 -1 -1 -1 -1 
1010 61 279 127 62 155 -1 -1 -1 -1 
1011 61 279 127 62 155 -1 -1 -1 -1 
1012 61 279 127 62 156 -1 -1 -1 -1 
1013 61 279 127 62 156 -1 -1 -1 -1 
1014 61 278 128 63 155 -1 -1 -1 -1 
1015 61 278 128 62 155 -1 -1 -1 -1 
1016 61 279 128 62 156 -1 -1 -1 -1 
1017 61 279 128 62 155 -1 -1 -1 -1 
1018 61 278 127 62 155 -1 -1 -1 -1 
1019 61 278 127 62 155 -1 -1 -1 -1 
1020 61 278 126 62 157 -1 -1 -1 -1 
1021 61 278 126 63 158 -1 -1 -1 -1 
1022 61 278 127 62 157 -1 -1 -1 -1 
1023 61 279 128 61 155 -1 -1 -1 -1 
1024 61 278 128 62 155 -1 -1 -1 -1 
1025 61 278 128 62 156 -1 -1 -1 -1 
1026 61 278 128 62 156 -1 -1 -1 -1 
1027 61 278 128 61 156 -1 -1 -1 -1 
1028 61 277 127 62 158 -1 -1 -1 -1 
1029 61 277 128 62 157 -1 -1 -1 -1 
1030 61 277 128 62 157 -1 -1 -1 -1 
1031 61 277 128 62 157 -1 -1 -1 -1 
1032 61 277 128 62 157 -1 -1 -1 -1 
1033 61 277 129 62 156 -1 -1 -1 -1 
1034 61 277 129 62 156 -1 -1 -1 -1 
1035 61 277 129 62 156 -1 -1 -1 -1 
1036 61 277 129 62 156 -1 -1 -1 -1 
1037 61 277 129 63 156 -1 -1 -1 -1 
1038 61 277 128 63 157 -1 -1 -1 -1 
1039 61 278 129 62 156 -1 -1 -1 -1 
1040 61 277 128 63 157 -1 -1 -1 -1 
1041 61 277 129 63 155 -1 -1 -1 -1 
1042 61 278 129 62 156 -1 -1 -1 -1 
1043 61 278 130 62 155 -1 -1 -1 -1 
1044 61 278 129 62 156 -1 -1 -1 -1 
1045 61 278 128 62 156 -1 -1 -1 -1 
1046 61 278 128 62 156 -1 -1 -1 -1 
1047 61 277 127 63 157 -1 -1 -1 -1 
1048 61 277 127 63 157 -1 -1 -1 -1 
1049 61 277 127 62 156 -1 -1 -1 -1 
1050 61 277 127 62 156 -1 -1 -1 -1 
503 62 221 130 63 157 -1 -1 -1 -1 
504 62 221 129 63 158 -1 -1 -1 -1 
505 62 221 129 63 158 -1 -1 -1 -1 
506 62 220 126 64 161 -1 -1 -1 -1 
507 62 220 123 65 163 -1 -1 -1 -1 
508 62 220 127 64 159 -1 -1 -1 -1 
509 62 220 129 63 158 -1 -1 -1 -1 
510 62 221 132 61 155 -1 -1 -1 -1 
511 62 221 134 60 152 -1 -1 -1 -1 
512 62 221 133 61 153 -1 -1 -1 -1 
513 62 221 136 60 149 -1 -1 -1 -1 
514 62 221 138 59 147 -1 -1 -1 -1 
515 62 221 135 60 150 -1 -1 -1 -1 
516 62 220 134 61 152 -1 -1 -1 -1 
517 62 220 131 61 155 -1 -1 -1 -1 
518 62 220 131 62 156 -1 -1 -1 -1 
519 62 220 131 62 156 -1 -1 -1 -1 
520 62 220 130 62 156 -1 -1 -1 -1 
521 62 220 125 63 161 -1 -1 -1 -1 
522 62 220 130 62 156 -1 -1 -1 -1 
523 62 220 127 62 159 -1 -1 -1 -1 
524 62 220 133 61 153 -1 -1 -1 -1 
525 62 221 135 60 151 -1 -1 -1 -1 
526 62 220 134 61 153 -1 -1 -1 -1 
527 62 219 130 63 157 -1 -1 -1 -1 
528 62 219 131 63 156 -1 -1 -1 -1 
529 62 219 131 63 157 -1 -1 -1 -1 
530 62 220 134 61 153 -1 -1 -1 -1 
531 62 220 132 61 154 -1 -1 -1 -1 
532 62 220 133 60 153 -1 -1 -1 -1 
533 62 220 136 60 150 -1 -1 -1 -1 
534 62 221 139 59 148 -1 -1 -1 -1 
535 62 221 140 58 146 -1 -1 -1 -1 
536 62 220 137 59 149 -1 -1 -1 -1 
537 62 219 135 61 151 -1 -1 -1 -1 
538 62 220 136 60 151 -1 -1 -1 -1 
539 62 219 135 61 152 -1 -1 -1 -1 
540 62 219 132 62 155 -1 -1 -1 -1 
541 62 218 131 63 157 -1 -1 -1 -1 
542 62 218 130 62 157 -1 -1 -1 -1 
543 62 218 129 63 158 -1 -1 -1 -1 
544 62 218 128 63 159 -1 -1 -1 -1 
545 62 218 130 62 157 -1 -1 -1 -1 
546 62 219 132 61 154 -1 -1 -1 -1 
547 62 218 124 63 162 -1 -1 -1 -1 
548 62 218 121 64 165 -1 -1 -1 -1 
549 62 217 117 66 170 -1 -1 -1 -1 
550 62 217 116 66 171 -1 -1 -1 -1 
551 62 217 116 66 170 -1 -1 -1 -1 
552 62 218 117 65 169 -1 -1 -1 -1 
553 62 218 117 65 169 -1 -1 -1 -1 
554 62 218 117 65 169 -1 -1 -1 -1 
555 62 218 116 65 169 -1 -1 -1 -1 
556 62 218 118 65 167 -1 -1 -1 -1 
557 62 218 119 64 166 -1 -1 -1 -1 
558 62 218 120 64 165 -1 -1 -1 -1 
559 62 218 121 64 164 -1 -1 -1 -1 
560 62 218 120 64 165 -1 -1 -1 -1 
561 62 217 116 65 168 -1 -1 -1 -1 
562 62 217 118 65 166 -1 -1 -1 -1 
563 62 216 116 67 166 -1 -1 -1 -1 
564 62 215 117 67 165 -1 -1 -1 -1 
565 62 215 118 66 164 -1 -1 -1 -1 
566 62 215 120 65 162 -1 -1 -1 -1 
567 62 214 121 65 161 -1 -1 -1 -1 
568 62 214 124 64 159 -1 -1 -1 -1 
569 62 213 124 64 159 -1 -1 -1 -1 
570 62 212 120 65 163 -1 -1 -1 -1 
571 62 209 114 69 170 -1 -1 -1 -1 
572 62 208 110 69 172 -1 -1 -1 -1 
573 62 207 109 69 175 -1 -1 -1 -1 
574 62 206 108 70 178 -1 -1 -1 -1 
575 62 205 107 71 180 -1 -1 -1 -1 
576 62 205 107 71 178 -1 -1 -1 -1 
577 62 204 106 72 180 -1 -1 -1 -1 
578 62 204 105 72 182 -1 -1 -1 -1 
579 62 204 104 72 181 -1 -1 -1 -1 
580 62 204 104 72 182 -1 -1 -1 -1 
581 62 204 105 71 181 -1 -1 -1 -1 
582 62 203 105 71 180 -1 -1 -1 -1 
583 62 203 104 71 181 -1 -1 -1 -1 
584 62 204 105 70 178 -1 -1 -1 -1 
585 62 204 111 68 175 -1 -1 -1 -1 
586 62 205 117 67 170 -1 -1 -1 -1 
587 62 204 112 68 174 -1 -1 -1 -1 
588 62 204 116 67 170 -1 -1 -1 -1 
589 62 204 118 66 168 -1 -1 -1 -1 
590 62 205 129 64 161 -1 -1 -1 -1 
591 62 205 131 65 161 -1 -1 -1 -1 
592 62 204 123 66 169 -1 -1 -1 -1 
593 62 203 124 68 169 -1 -1 -1 -1 
594 62 204 127 66 166 -1 -1 -1 -1 
595 62 203 124 68 168 -1 -1 -1 -1 
596 62 206 132 64 159 -1 -1 -1 -1 
597 62 204 121 66 167 -1 -1 -1 -1 
598 62 204 119 65 166 -1 -1 -1 -1 
599 62 204 118 65 166 -1 -1 -1 -1 
600 62 207 132 62 156 -1 -1 -1 -1 
601 62 208 136 61 151 -1 -1 -1 -1 
602 62 208 137 61 151 -1 -1 -1 -1 
603 62 207 136 63 155 -1 -1 -1 -1 
604 62 207 135 64 158 -1 -1 -1 -1 
605 62 207 135 64 159 -1 -1 -1 -1 
606 62 207 133 65 160 -1 -1 -1 -1 
607 62 208 135 64 156 -1 -1 -1 -1 
608 62 211 138 62 154 -1 -1 -1 -1 
609 62 212 140 62 152 -1 -1 -1 -1 
610 62 211 138 64 157 -1 -1 -1 -1 
611 62 213 135 64 158 -1 -1 -1 -1 
612 62 214 136 63 155 -1 -1 -1 -1 
613 62 217 136 63 154 -1 -1 -1 -1 
614 62 218 138 63 152 -1 -1 -1 -1 
615 62 220 140 62 148 -1 -1 -1 -1 
616 62 206 119 57 142 -1 -1 -1 -1 
617 62 201 111 56 141 -1 -1 -1 -1 
618 62 199 107 56 142 -1 -1 -1 -1 
619 62 198 106 57 143 -1 -1 -1 -1 
620 62 198 106 58 144 -1 -1 -1 -1 
621 62 197 106 59 145 -1 -1 -1 -1 
622 62 198 106 58 145 -1 -1 -1 -1 
623 62 199 107 57 143 -1 -1 -1 -1 
624 62 216 125 62 157 -1 -1 -1 -1 
625 62 223 132 63 160 -1 -1 -1 -1 
626 62 226 134 63 159 -1 -1 -1 -1 
627 62 227 131 63 160 -1 -1 -1 -1 
628 62 228 130 62 159 -1 -1 -1 -1 
629 62 228 131 62 159 -1 -1 -1 -1 
630 62 229 133 62 156 -1 -1 -1 -1 
631 62 230 133 61 155 -1 -1 -1 -1 
632 62 230 133 62 154 -1 -1 -1 -1 
633 62 230 128 62 157 -1 -1 -1 -1 
634 62 230 129 61 154 -1 -1 -1 -1 
635 62 230 130 60 150 -1 -1 -1 -1 
636 62 229 128 60 151 -1 -1 -1 -1 
637 62 228 124 60 154 -1 -1 -1 -1 
638 62 228 125 60 151 -1 -1 -1 -1 
639 62 224 115 64 161 -1 -1 -1 -1 
640 62 222 113 67 166 -1 -1 -1 -1 
641 62 220 109 69 171 -1 -1 -1 -1 
642 62 219 107 69 170 -1 -1 -1 -1 
643 62 242 99 67 169 -1 -1 -1 -1 
644 62 249 96 68 168 -1 -1 -1 -1 
645 62 252 95 68 168 -1 -1 -1 -1 
646 62 252 95 69 167 -1 -1 -1 -1 
647 62 252 96 68 167 -1 -1 -1 -1 
648 62 252 96 68 166 -1 -1 -1 -1 
649 62 252 96 68 166 -1 -1 -1 -1 
650 62 252 98 67 164 -1 -1 -1 -1 
651 62 252 98 67 165 -1 -1 -1 -1 
652 62 251 99 68 163 -1 -1 -1 -1 
653 62 251 100 67 163 -1 -1 -1 -1 
654 62 252 101 66 161 -1 -1 -1 -1 
655 62 251 101 67 162 -1 -1 -1 -1 
656 62 251 101 67 161 -1 -1 -1 -1 
657 62 251 103 67 160 -1 -1 -1 -1 
658 62 251 103 66 159 -1 -1 -1 -1 
659 62 252 104 64 156 -1 -1 -1 -1 
660 62 254 107 60 150 -1 -1 -1 -1 
661 62 253 105 62 152 -1 -1 -1 -1 
662 62 254 104 59 149 -1 -1 -1 -1 
663 62 254 105 57 146 -1 -1 -1 -1 
664 62 254 104 57 146 -1 -1 -1 -1 
665 62 254 105 57 144 -1 -1 -1 -1 
666 62 253 104 58 145 -1 -1 -1 -1 
667 62 252 99 60 152 -1 -1 -1 -1 
668 62 252 98 60 153 -1 -1 -1 -1 
669 62 252 97 60 156 -1 -1 -1 -1 
670 62 253 97 60 155 -1 -1 -1 -1 
671 62 253 96 61 157 -1 -1 -1 -1 
672 62 253 96 61 158 -1 -1 -1 -1 
673 62 253 95 61 159 -1 -1 -1 -1 
674 62 252 95 62 159 -1 -1 -1 -1 
675 62 252 95 62 160 -1 -1 -1 -1 
676 62 252 94 62 161 -1 -1 -1 -1 
677 62 251 94 65 164 -1 -1 -1 -1 
678 62 251 95 64 163 -1 -1 -1 -1 
679 62 250 97 64 160 -1 -1 -1 -1 
680 62 249 99 65 159 -1 -1 -1 -1 
681 62 250 98 62 157 -1 -1 -1 -1 
682 62 251 99 60 154 -1 -1 -1 -1 
683 62 251 102 61 151 -1 -1 -1 -1 
684 62 251 101 60 151 -1 -1 -1 -1 
685 62 251 101 59 150 -1 -1 -1 -1 
686 62 251 102 60 150 -1 -1 -1 -1 
687 62 251 102 59 146 -1 -1 -1 -1 
688 62 251 102 58 142 -1 -1 -1 -1 
689 62 251 101 59 143 -1 -1 -1 -1 
690 62 251 102 59 142 -1 -1 -1 -1 
691 62 252 101 58 142 -1 -1 -1 -1 
692 62 252 100 58 141 -1 -1 -1 -1 
693 62 252 98 59 144 -1 -1 -1 -1 
694 62 252 97 59 145 -1 -1 -1 -1 
695 62 252 98 59 144 -1 -1 -1 -1 
696 62 252 97 59 146 -1 -1 -1 -1 
697 62 252 98 58 142 -1 -1 -1 -1 
698 62 252 97 58 142 -1 -1 -1 -1 
699 62 252 96 60 145 -1 -1 -1 -1 
700 62 252 95 60 145 -1 -1 -1 -1 
701 62 251 94 62 149 -1 -1 -1 -1 
536 63 121 298 71 177 -1 -1 -1 -1 
537 63 122 297 71 179 -1 -1 -1 -1 
538 63 124 296 70 180 -1 -1 -1 -1 
539 63 126 300 70 176 -1 -1 -1 -1 
540 63 126 296 70 179 -1 -1 -1 -1 
541 63 129 296 70 179 -1 -1 -1 -1 
542 63 128 293 71 181 -1 -1 -1 -1 
543 63 128 292 72 181 -1 -1 -1 -1 
544 63 127 292 71 180 -1 -1 -1 -1 
545 63 128 295 70 178 -1 -1 -1 -1 
546 63 129 297 69 175 -1 -1 -1 -1 
547 63 129 296 69 175 -1 -1 -1 -1 
548 63 129 294 69 178 -1 -1 -1 -1 
549 63 128 294 71 178 -1 -1 -1 -1 
550 63 127 293 72 180 -1 -1 -1 -1 
551 63 129 294 70 179 -1 -1 -1 -1 
552 63 130 296 69 176 -1 -1 -1 -1 
553 63 130 298 69 173 -1 -1 -1 -1 
554 63 131 298 68 170 -1 -1 -1 -1 
555 63 133 299 67 167 -1 -1 -1 -1 
556 63 134 297 66 167 -1 -1 -1 -1 
557 63 132 285 69 177 -1 -1 -1 -1 
558 63 130 278 72 182 -1 -1 -1 -1 
559 63 131 278 71 180 -1 -1 -1 -1 
560 63 133 280 70 177 -1 -1 -1 -1 
561 63 134 277 72 183 -1 -1 -1 -1 
562 63 135 274 74 185 -1 -1 -1 -1 
563 63 136 272 75 187 -1 -1 -1 -1 
564 63 136 270 75 189 -1 -1 -1 -1 
565 63 136 271 75 189 -1 -1 -1 -1 
566 63 136 271 75 189 -1 -1 -1 -1 
567 63 137 272 75 188 -1 -1 -1 -1 
568 63 138 274 74 186 -1 -1 -1 -1 
569 63 139 273 74 187 -1 -1 -1 -1 
570 63 138 269 76 189 -1 -1 -1 -1 
571 63 139 269 75 190 -1 -1 -1 -1 
572 63 139 266 77 191 -1 -1 -1 -1 
573 63 139 266 77 190 -1 -1 -1 -1 
574 63 139 264 78 192 -1 -1 -1 -1 
575 63 139 263 78 193 -1 -1 -1 -1 
576 63 139 261 78 194 -1 -1 -1 -1 
577 63 140 262 78 192 -1 -1 -1 -1 
578 63 142 263 77 190 -1 -1 -1 -1 
579 63 145 265 75 186 -1 -1 -1 -1 
580 63 145 265 76 185 -1 -1 -1 -1 
581 63 146 264 76 186 -1 -1 -1 -1 
582 63 147 264 75 185 -1 -1 -1 -1 
583 63 147 261 77 187 -1 -1 -1 -1 
584 63 148 261 76 186 -1 -1 -1 -1 
585 63 150 264 73 180 -1 -1 -1 -1 
586 63 151 267 71 177 -1 -1 -1 -1 
587 63 151 268 71 176 -1 -1 -1 -1 
588 63 151 269 71 175 -1 -1 -1 -1 
589 63 151 271 71 174 -1 -1 -1 -1 
590 63 153 269 71 178 -1 -1 -1 -1 
591 63 156 270 71 176 -1 -1 -1 -1 
592 63 156 270 71 177 -1 -1 -1 -1 
593 63 157 269 71 177 -1 -1 -1 -1 
594 63 159 268 70 176 -1 -1 -1 -1 
595 63 160 269 70 174 -1 -1 -1 -1 
596 63 161 267 70 176 -1 -1 -1 -1 
597 63 162 263 72 179 -1 -1 -1 -1 
598 63 162 260 73 183 -1 -1 -1 -1 
599 63 163 259 73 184 -1 -1 -1 -1 
600 63 164 261 72 180 -1 -1 -1 -1 
601 63 165 262 71 178 -1 -1 -1 -1 
602 63 165 260 72 180 -1 -1 -1 -1 
603 63 164 257 73 182 -1 -1 -1 -1 
604 63 164 256 73 182 -1 -1 -1 -1 
605 63 164 256 73 182 -1 -1 -1 -1 
606 63 165 255 72 180 -1 -1 -1 -1 
607 63 166 255 71 178 -1 -1 -1 -1 
608 63 168 256 69 173 -1 -1 -1 -1 
609 63 169 256 68 171 -1 -1 -1 -1 
610 63 170 256 69 172 -1 -1 -1 -1 
611 63 171 255 69 173 -1 -1 -1 -1 
612 63 171 255 70 174 -1 -1 -1 -1 
613 63 171 256 71 173 -1 -1 -1 -1 
614 63 171 255 71 174 -1 -1 -1 -1 
615 63 171 255 72 174 -1 -1 -1 -1 
616 63 171 253 73 176 -1 -1 -1 -1 
617 63 171 252 73 178 -1 -1 -1 -1 
618 63 171 253 72 177 -1 -1 -1 -1 
619 63 172 253 71 177 -1 -1 -1 -1 
620 63 173 251 72 178 -1 -1 -1 -1 
621 63 174 250 72 179 -1 -1 -1 -1 
622 63 175 250 73 180 -1 -1 -1 -1 
623 63 177 249 72 179 -1 -1 -1 -1 
624 63 178 249 72 178 -1 -1 -1 -1 
625 63 179 249 72 178 -1 -1 -1 -1 
626 63 181 249 71 178 -1 -1 -1 -1 
627 63 184 249 71 176 -1 -1 -1 -1 
628 63 186 249 71 176 -1 -1 -1 -1 
629 63 187 249 71 175 -1 -1 -1 -1 
630 63 188 249 70 173 -1 -1 -1 -1 
631 63 189 249 70 172 -1 -1 -1 -1 
632 63 191 248 70 172 -1 -1 -1 -1 
633 63 192 247 70 173 -1 -1 -1 -1 
634 63 194 246 69 170 -1 -1 -1 -1 
635 63 195 246 69 169 -1 -1 -1 -1 
636 63 197 243 69 172 -1 -1 -1 -1 
637 63 199 243 68 172 -1 -1 -1 -1 
638 63 200 244 68 171 -1 -1 -1 -1 
639 63 202 242 68 172 -1 -1 -1 -1 
640 63 203 241 69 173 -1 -1 -1 -1 
641 63 205 241 69 174 -1 -1 -1 -1 
642 63 207 239 69 175 -1 -1 -1 -1 
643 63 208 241 68 172 -1 -1 -1 -1 
644 63 209 242 67 171 -1 -1 -1 -1 
645 63 209 241 68 171 -1 -1 -1 -1 
646 63 210 241 69 170 -1 -1 -1 -1 
647 63 211 242 69 169 -1 -1 -1 -1 
648 63 211 241 69 170 -1 -1 -1 -1 
649 63 212 240 69 170 -1 -1 -1 -1 
650 63 213 239 69 171 -1 -1 -1 -1 
651 63 213 238 70 172 -1 -1 -1 -1 
652 63 213 238 70 171 -1 -1 -1 -1 
653 63 214 238 70 171 -1 -1 -1 -1 
654 63 215 238 70 170 -1 -1 -1 -1 
655 63 216 238 69 170 -1 -1 -1 -1 
656 63 216 237 69 171 -1 -1 -1 -1 
657 63 216 237 69 170 -1 -1 -1 -1 
658 63 216 236 69 169 -1 -1 -1 -1 
659 63 217 235 68 169 -1 -1 -1 -1 
660 63 217 236 68 166 -1 -1 -1 -1 
661 63 218 236 67 165 -1 -1 -1 -1 
662 63 219 236 66 161 -1 -1 -1 -1 
663 63 221 235 64 158 -1 -1 -1 -1 
664 63 221 235 64 156 -1 -1 -1 -1 
665 63 222 233 64 158 -1 -1 -1 -1 
666 63 223 233 63 156 -1 -1 -1 -1 
667 63 223 234 64 157 -1 -1 -1 -1 
668 63 224 234 65 158 -1 -1 -1 -1 
669 63 226 231 66 163 -1 -1 -1 -1 
670 63 227 228 67 165 -1 -1 -1 -1 
671 63 229 227 66 167 -1 -1 -1 -1 
672 63 229 226 67 169 -1 -1 -1 -1 
673 63 229 224 68 172 -1 -1 -1 -1 
674 63 230 221 70 176 -1 -1 -1 -1 
675 63 230 220 71 178 -1 -1 -1 -1 
676 63 231 219 70 179 -1 -1 -1 -1 
677 63 230 218 73 180 -1 -1 -1 -1 
678 63 231 220 72 177 -1 -1 -1 -1 
679 63 233 223 69 174 -1 -1 -1 -1 
680 63 234 224 68 172 -1 -1 -1 -1 
681 63 234 224 69 172 -1 -1 -1 -1 
682 63 235 222 69 174 -1 -1 -1 -1 
683 63 236 222 69 173 -1 -1 -1 -1 
684 63 237 220 70 175 -1 -1 -1 -1 
685 63 237 219 70 174 -1 -1 -1 -1 
686 63 237 220 70 172 -1 -1 -1 -1 
687 63 238 217 70 173 -1 -1 -1 -1 
688 63 240 215 69 173 -1 -1 -1 -1 
689 63 240 209 72 177 -1 -1 -1 -1 
690 63 241 205 72 181 -1 -1 -1 -1 
691 63 242 206 72 181 -1 -1 -1 -1 
692 63 243 209 71 177 -1 -1 -1 -1 
693 63 244 209 70 175 -1 -1 -1 -1 
694 63 244 209 70 175 -1 -1 -1 -1 
695 63 244 208 71 176 -1 -1 -1 -1 
696 63 244 206 71 178 -1 -1 -1 -1 
697 63 244 208 71 175 -1 -1 -1 -1 
698 63 245 207 70 176 -1 -1 -1 -1 
699 63 246 208 69 174 -1 -1 -1 -1 
700 63 245 208 70 174 -1 -1 -1 -1 
701 63 246 207 69 174 -1 -1 -1 -1 
702 63 246 207 70 174 -1 -1 -1 -1 
703 63 246 204 71 177 -1 -1 -1 -1 
704 63 247 202 72 178 -1 -1 -1 -1 
705 63 248 200 72 180 -1 -1 -1 -1 
706 63 248 203 71 176 -1 -1 -1 -1 
707 63 248 203 71 176 -1 -1 -1 -1 
708 63 248 203 70 175 -1 -1 -1 -1 
709 63 248 203 70 175 -1 -1 -1 -1 
710 63 249 203 70 175 -1 -1 -1 -1 
711 63 249 202 70 175 -1 -1 -1 -1 
712 63 250 201 70 175 -1 -1 -1 -1 
713 63 250 203 69 173 -1 -1 -1 -1 
714 63 250 203 69 173 -1 -1 -1 -1 
715 63 251 202 70 174 -1 -1 -1 -1 
716 63 252 202 69 174 -1 -1 -1 -1 
717 63 253 199 70 178 -1 -1 -1 -1 
718 63 254 198 71 179 -1 -1 -1 -1 
719 63 255 197 72 180 -1 -1 -1 -1 
720 63 255 196 72 182 -1 -1 -1 -1 
721 63 256 198 72 180 -1 -1 -1 -1 
722 63 256 197 73 182 -1 -1 -1 -1 
723 63 256 197 73 182 -1 -1 -1 -1 
724 63 255 196 74 184 -1 -1 -1 -1 
725 63 255 196 73 183 -1 -1 -1 -1 
726 63 254 193 75 185 -1 -1 -1 -1 
727 63 253 192 76 187 -1 -1 -1 -1 
728 63 253 193 75 185 -1 -1 -1 -1 
729 63 252 194 75 185 -1 -1 -1 -1 
730 63 252 195 74 183 -1 -1 -1 -1 
731 63 253 197 73 180 -1 -1 -1 -1 
732 63 253 200 71 175 -1 -1 -1 -1 
733 63 253 200 71 174 -1 -1 -1 -1 
734 63 253 201 69 171 -1 -1 -1 -1 
735 63 254 203 68 169 -1 -1 -1 -1 
736 63 254 200 68 171 -1 -1 -1 -1 
737 63 254 197 68 173 -1 -1 -1 -1 
738 63 253 194 70 177 -1 -1 -1 -1 
739 63 253 194 71 177 -1 -1 -1 -1 
740 63 253 193 71 177 -1 -1 -1 -1 
741 63 254 191 71 178 -1 -1 -1 -1 
742 63 255 192 71 177 -1 -1 -1 -1 
743 63 255 191 70 177 -1 -1 -1 -1 
744 63 256 194 70 175 -1 -1 -1 -1 
745 63 257 197 69 172 -1 -1 -1 -1 
746 63 256 199 68 170 -1 -1 -1 -1 
747 63 257 198 68 170 -1 -1 -1 -1 
748 63 257 197 69 171 -1 -1 -1 -1 
749 63 258 197 68 170 -1 -1 -1 -1 
750 63 258 197 69 170 -1 -1 -1 -1 
751 63 257 195 69 173 -1 -1 -1 -1 
752 63 259 197 67 170 -1 -1 -1 -1 
753 63 260 198 68 169 -1 -1 -1 -1 
754 63 260 197 69 170 -1 -1 -1 -1 
755 63 260 196 69 171 -1 -1 -1 -1 
756 63 261 196 69 170 -1 -1 -1 -1 
757 63 261 196 69 170 -1 -1 -1 -1 
758 63 262 196 69 170 -1 -1 -1 -1 
759 63 263 196 68 170 -1 -1 -1 -1 
760 63 263 195 69 171 -1 -1 -1 -1 
761 63 263 194 69 172 -1 -1 -1 -1 
762 63 263 190 70 174 -1 -1 -1 -1 
763 63 264 190 70 172 -1 -1 -1 -1 
764 63 264 188 71 173 -1 -1 -1 -1 
765 63 265 189 70 174 -1 -1 -1 -1 
766 63 266 190 70 171 -1 -1 -1 -1 
767 63 268 190 67 167 -1 -1 -1 -1 
768 63 268 188 68 168 -1 -1 -1 -1 
769 63 269 187 67 168 -1 -1 -1 -1 
770 63 269 188 67 168 -1 -1 -1 -1 
771 63 269 190 67 164 -1 -1 -1 -1 
772 63 270 193 64 159 -1 -1 -1 -1 
773 63 270 190 66 162 -1 -1 -1 -1 
774 63 271 188 65 164 -1 -1 -1 -1 
775 63 271 189 66 162 -1 -1 -1 -1 
776 63 271 189 67 163 -1 -1 -1 -1 
777 63 272 189 66 162 -1 -1 -1 -1 
778 63 272 188 67 164 -1 -1 -1 -1 
779 63 272 185 68 167 -1 -1 -1 -1 
780 63 272 183 68 170 -1 -1 -1 -1 
781 63 272 182 69 171 -1 -1 -1 -1 
782 63 273 181 69 172 -1 -1 -1 -1 
783 63 273 181 68 172 -1 -1 -1 -1 
784 63 273 182 68 170 -1 -1 -1 -1 
785 63 273 178 69 176 -1 -1 -1 -1 
786 63 273 178 70 175 -1 -1 -1 -1 
787 63 273 178 70 175 -1 -1 -1 -1 
788 63 273 179 70 174 -1 -1 -1 -1 
789 63 273 179 70 174 -1 -1 -1 -1 
790 63 273 180 70 173 -1 -1 -1 -1 
791 63 273 180 70 173 -1 -1 -1 -1 
792 63 273 180 70 173 -1 -1 -1 -1 
793 63 273 180 69 173 -1 -1 -1 -1 
794 63 273 180 70 173 -1 -1 -1 -1 
795 63 273 180 70 173 -1 -1 -1 -1 
796 63 273 180 70 174 -1 -1 -1 -1 
797 63 272 182 70 172 -1 -1 -1 -1 
798 63 272 181 70 173 -1 -1 -1 -1 
799 63 273 181 69 173 -1 -1 -1 -1 
800 63 273 182 69 172 -1 -1 -1 -1 
801 63 273 182 69 172 -1 -1 -1 -1 
802 63 273 182 69 172 -1 -1 -1 -1 
803 63 272 182 70 172 -1 -1 -1 -1 
804 63 272 181 70 173 -1 -1 -1 -1 
805 63 272 182 70 172 -1 -1 -1 -1 
806 63 272 182 70 172 -1 -1 -1 -1 
807 63 272 182 70 172 -1 -1 -1 -1 
808 63 272 179 70 174 -1 -1 -1 -1 
809 63 273 178 70 174 -1 -1 -1 -1 
810 63 274 177 69 173 -1 -1 -1 -1 
811 63 275 180 67 169 -1 -1 -1 -1 
812 63 275 178 67 171 -1 -1 -1 -1 
813 63 276 179 66 168 -1 -1 -1 -1 
814 63 276 178 67 169 -1 -1 -1 -1 
815 63 277 178 67 170 -1 -1 -1 -1 
816 63 277 178 68 169 -1 -1 -1 -1 
817 63 278 178 68 170 -1 -1 -1 -1 
818 63 278 177 69 172 -1 -1 -1 -1 
819 63 280 176 69 173 -1 -1 -1 -1 
820 63 282 173 69 175 -1 -1 -1 -1 
821 63 283 173 69 175 -1 -1 -1 -1 
822 63 283 176 70 173 -1 -1 -1 -1 
823 63 283 176 70 173 -1 -1 -1 -1 
824 63 284 176 71 174 -1 -1 -1 -1 
825 63 285 174 71 175 -1 -1 -1 -1 
826 63 286 173 71 177 -1 -1 -1 -1 
827 63 287 176 70 173 -1 -1 -1 -1 
828 63 288 178 69 172 -1 -1 -1 -1 
829 63 289 178 70 171 -1 -1 -1 -1 
830 63 291 178 69 171 -1 -1 -1 -1 
831 63 293 175 69 173 -1 -1 -1 -1 
832 63 295 175 69 173 -1 -1 -1 -1 
833 63 296 172 69 175 -1 -1 -1 -1 
834 63 297 173 69 174 -1 -1 -1 -1 
835 63 298 175 68 171 -1 -1 -1 -1 
836 63 298 171 69 175 -1 -1 -1 -1 
837 63 299 172 69 173 -1 -1 -1 -1 
838 63 299 171 69 173 -1 -1 -1 -1 
839 63 300 174 68 170 -1 -1 -1 -1 
840 63 300 175 67 170 -1 -1 -1 -1 
841 63 299 174 68 171 -1 -1 -1 -1 
842 63 300 175 67 170 -1 -1 -1 -1 
843 63 300 174 69 172 -1 -1 -1 -1 
844 63 301 175 68 171 -1 -1 -1 -1 
845 63 301 173 69 173 -1 -1 -1 -1 
846 63 301 175 68 172 -1 -1 -1 -1 
847 63 302 178 67 169 -1 -1 -1 -1 
848 63 302 177 68 169 -1 -1 -1 -1 
849 63 302 177 68 169 -1 -1 -1 -1 
850 63 303 177 67 170 -1 -1 -1 -1 
851 63 304 180 67 167 -1 -1 -1 -1 
852 63 304 179 67 167 -1 -1 -1 -1 
853 63 304 180 67 166 -1 -1 -1 -1 
854 63 304 179 66 168 -1 -1 -1 -1 
855 63 303 177 68 170 -1 -1 -1 -1 
856 63 301 174 69 172 -1 -1 -1 -1 
857 63 300 173 69 173 -1 -1 -1 -1 
858 63 300 172 70 174 -1 -1 -1 -1 
859 63 300 172 69 174 -1 -1 -1 -1 
860 63 300 173 69 173 -1 -1 -1 -1 
861 63 300 172 69 174 -1 -1 -1 -1 
862 63 299 170 70 176 -1 -1 -1 -1 
863 63 300 169 70 176 -1 -1 -1 -1 
864 63 300 168 71 177 -1 -1 -1 -1 
865 63 300 168 71 177 -1 -1 -1 -1 
866 63 300 167 71 178 -1 -1 -1 -1 
867 63 299 167 72 179 -1 -1 -1 -1 
868 63 300 166 72 180 -1 -1 -1 -1 
869 63 300 166 72 181 -1 -1 -1 -1 
870 63 301 166 72 181 -1 -1 -1 -1 
871 63 302 166 72 181 -1 -1 -1 -1 
872 63 302 166 72 181 -1 -1 -1 -1 
873 63 302 165 73 182 -1 -1 -1 -1 
874 63 302 167 73 179 -1 -1 -1 -1 
875 63 303 167 72 179 -1 -1 -1 -1 
876 63 303 166 72 180 -1 -1 -1 -1 
877 63 303 165 72 180 -1 -1 -1 -1 
878 63 303 165 72 181 -1 -1 -1 -1 
879 63 302 165 73 181 -1 -1 -1 -1 
880 63 302 165 74 181 -1 -1 -1 -1 
881 63 303 165 73 182 -1 -1 -1 -1 
882 63 302 165 74 182 -1 -1 -1 -1 
883 63 302 165 74 182 -1 -1 -1 -1 
884 63 303 165 74 182 -1 -1 -1 -1 
885 63 303 165 73 182 -1 -1 -1 -1 
886 63 304 166 72 181 -1 -1 -1 -1 
887 63 304 167 72 179 -1 -1 -1 -1 
888 63 305 167 71 178 -1 -1 -1 -1 
889 63 305 167 71 178 -1 -1 -1 -1 
890 63 305 166 72 179 -1 -1 -1 -1 
891 63 305 165 72 180 -1 -1 -1 -1 
892 63 304 165 73 180 -1 -1 -1 -1 
893 63 305 166 71 179 -1 -1 -1 -1 
894 63 305 166 72 178 -1 -1 -1 -1 
895 63 305 165 72 179 -1 -1 -1 -1 
896 63 304 165 73 179 -1 -1 -1 -1 
897 63 305 167 72 179 -1 -1 -1 -1 
898 63 304 167 73 179 -1 -1 -1 -1 
899 63 305 167 72 179 -1 -1 -1 -1 
900 63 305 168 71 178 -1 -1 -1 -1 
901 63 304 168 72 178 -1 -1 -1 -1 
902 63 304 168 72 178 -1 -1 -1 -1 
903 63 305 169 71 177 -1 -1 -1 -1 
904 63 304 169 72 178 -1 -1 -1 -1 
905 63 304 169 72 178 -1 -1 -1 -1 
906 63 304 169 72 178 -1 -1 -1 -1 
907 63 304 169 72 178 -1 -1 -1 -1 
908 63 304 169 72 178 -1 -1 -1 -1 
909 63 303 169 72 178 -1 -1 -1 -1 
910 63 303 169 73 178 -1 -1 -1 -1 
911 63 303 168 73 179 -1 -1 -1 -1 
912 63 304 168 72 179 -1 -1 -1 -1 
913 63 304 168 73 178 -1 -1 -1 -1 
914 63 305 170 72 176 -1 -1 -1 -1 
915 63 305 171 72 175 -1 -1 -1 -1 
916 63 305 168 73 178 -1 -1 -1 -1 
917 63 305 169 72 177 -1 -1 -1 -1 
918 63 305 169 72 177 -1 -1 -1 -1 
919 63 305 169 72 178 -1 -1 -1 -1 
920 63 305 168 73 178 -1 -1 -1 -1 
921 63 304 166 74 180 -1 -1 -1 -1 
922 63 304 165 74 181 -1 -1 -1 -1 
923 63 305 166 73 180 -1 -1 -1 -1 
924 63 304 166 74 180 -1 -1 -1 -1 
925 63 305 166 73 180 -1 -1 -1 -1 
926 63 304 166 74 180 -1 -1 -1 -1 
927 63 304 167 74 179 -1 -1 -1 -1 
928 63 305 168 72 178 -1 -1 -1 -1 
929 63 305 167 72 179 -1 -1 -1 -1 
930 63 305 168 73 179 -1 -1 -1 -1 
931 63 305 169 72 177 -1 -1 -1 -1 
932 63 306 167 72 179 -1 -1 -1 -1 
933 63 305 168 72 177 -1 -1 -1 -1 
934 63 305 168 72 178 -1 -1 -1 -1 
935 63 305 167 73 180 -1 -1 -1 -1 
936 63 306 168 72 179 -1 -1 -1 -1 
937 63 307 168 73 178 -1 -1 -1 -1 
938 63 307 167 74 179 -1 -1 -1 -1 
939 63 308 168 74 178 -1 -1 -1 -1 
940 63 309 169 73 177 -1 -1 -1 -1 
941 63 309 170 73 175 -1 -1 -1 -1 
942 63 310 172 71 173 -1 -1 -1 -1 
943 63 312 173 69 170 -1 -1 -1 -1 
944 63 313 174 68 168 -1 -1 -1 -1 
945 63 315 172 68 168 -1 -1 -1 -1 
946 63 317 171 68 168 -1 -1 -1 -1 
947 63 317 172 68 166 -1 -1 -1 -1 
948 63 317 174 68 166 -1 -1 -1 -1 
949 63 318 173 68 166 -1 -1 -1 -1 
950 63 317 173 69 167 -1 -1 -1 -1 
951 63 318 173 68 166 -1 -1 -1 -1 
952 63 319 173 68 166 -1 -1 -1 -1 
953 63 318 175 68 164 -1 -1 -1 -1 
954 63 318 176 66 160 -1 -1 -1 -1 
955 63 319 176 64 157 -1 -1 -1 -1 
956 63 319 174 65 160 -1 -1 -1 -1 
957 63 322 174 64 158 -1 -1 -1 -1 
958 63 323 172 64 158 -1 -1 -1 -1 
959 63 323 172 63 157 -1 -1 -1 -1 
960 63 323 171 64 159 -1 -1 -1 -1 
961 63 325 170 63 158 -1 -1 -1 -1 
962 63 327 170 63 159 -1 -1 -1 -1 
963 63 326 171 63 159 -1 -1 -1 -1 
964 63 328 172 63 157 -1 -1 -1 -1 
965 63 329 169 64 159 -1 -1 -1 -1 
966 63 330 169 63 158 -1 -1 -1 -1 
967 63 331 171 62 154 -1 -1 -1 -1 
968 63 332 169 63 157 -1 -1 -1 -1 
969 63 335 169 63 156 -1 -1 -1 -1 
970 63 337 169 64 159 -1 -1 -1 -1 
971 63 338 169 62 155 -1 -1 -1 -1 
972 63 339 169 61 150 -1 -1 -1 -1 
973 63 340 167 62 158 -1 -1 -1 -1 
974 63 343 168 64 167 -1 -1 -1 -1 
975 63 347 169 66 168 -1 -1 -1 -1 
976 63 348 171 67 169 -1 -1 -1 -1 
977 63 349 173 69 172 -1 -1 -1 -1 
978 63 353 173 66 166 -1 -1 -1 -1 
979 63 355 172 65 164 -1 -1 -1 -1 
980 63 356 171 65 167 -1 -1 -1 -1 
981 63 359 171 65 164 -1 -1 -1 -1 
982 63 362 173 65 161 -1 -1 -1 -1 
983 63 364 178 64 161 -1 -1 -1 -1 
984 63 363 177 65 165 -1 -1 -1 -1 
985 63 362 179 66 164 -1 -1 -1 -1 
986 63 364 180 65 163 -1 -1 -1 -1 
987 63 363 178 66 164 -1 -1 -1 -1 
988 63 365 177 65 161 -1 -1 -1 -1 
989 63 367 176 65 159 -1 -1 -1 -1 
990 63 367 178 64 157 -1 -1 -1 -1 
991 63 368 180 62 154 -1 -1 -1 -1 
992 63 372 176 63 157 -1 -1 -1 -1 
993 63 374 174 64 158 -1 -1 -1 -1 
994 63 371 179 63 155 -1 -1 -1 -1 
995 63 368 183 62 152 -1 -1 -1 -1 
996 63 366 184 61 149 -1 -1 -1 -1 
997 63 363 186 59 148 -1 -1 -1 -1 
998 63 365 183 61 153 -1 -1 -1 -1 
999 63 366 182 62 156 -1 -1 -1 -1 
1000 63 366 183 61 153 -1 -1 -1 -1 
1001 63 367 185 60 152 -1 -1 -1 -1 
1002 63 367 186 60 149 -1 -1 -1 -1 
1003 63 368 185 60 150 -1 -1 -1 -1 
1004 63 369 185 59 149 -1 -1 -1 -1 
1005 63 369 187 59 146 -1 -1 -1 -1 
1006 63 370 189 57 144 -1 -1 -1 -1 
1007 63 371 188 58 146 -1 -1 -1 -1 
1008 63 372 188 59 145 -1 -1 -1 -1 
1009 63 376 188 57 140 -1 -1 -1 -1 
1010 63 379 189 57 138 -1 -1 -1 -1 
1011 63 381 187 57 140 -1 -1 -1 -1 
1012 63 384 185 57 140 -1 -1 -1 -1 
1013 63 387 183 55 135 -1 -1 -1 -1 
1014 63 390 185 54 133 -1 -1 -1 -1 
1015 63 393 186 54 133 -1 -1 -1 -1 
1016 63 395 190 55 133 -1 -1 -1 -1 
1017 63 397 187 55 140 -1 -1 -1 -1 
1018 63 398 181 59 149 -1 -1 -1 -1 
1019 63 401 182 59 149 -1 -1 -1 -1 
1020 63 404 181 60 152 -1 -1 -1 -1 
1021 63 407 178 63 160 -1 -1 -1 -1 
1022 63 408 176 66 161 -1 -1 -1 -1 
1023 63 409 176 66 163 -1 -1 -1 -1 
1024 63 412 177 65 163 -1 -1 -1 -1 
1025 63 416 177 64 159 -1 -1 -1 -1 
1026 63 420 178 61 155 -1 -1 -1 -1 
1027 63 422 180 61 153 -1 -1 -1 -1 
1028 63 426 179 60 152 -1 -1 -1 -1 
1029 63 428 178 60 151 -1 -1 -1 -1 
1030 63 430 177 60 152 -1 -1 -1 -1 
1031 63 432 177 59 150 -1 -1 -1 -1 
1032 63 434 180 58 146 -1 -1 -1 -1 
1033 63 435 181 59 144 -1 -1 -1 -1 
1034 63 439 184 57 141 -1 -1 -1 -1 
1035 63 440 184 58 143 -1 -1 -1 -1 
1036 63 442 187 57 139 -1 -1 -1 -1 
1037 63 447 181 59 145 -1 -1 -1 -1 
1038 63 449 178 58 146 -1 -1 -1 -1 
1039 63 451 178 57 145 -1 -1 -1 -1 
1040 63 454 178 57 141 -1 -1 -1 -1 
1041 63 457 183 57 134 -1 -1 -1 -1 
1042 63 459 184 56 132 -1 -1 -1 -1 
1043 63 465 173 60 142 -1 -1 -1 -1 
1044 63 467 178 58 140 -1 -1 -1 -1 
1045 63 467 178 58 143 -1 -1 -1 -1 
1046 63 468 182 57 140 -1 -1 -1 -1 
1047 63 468 181 59 144 -1 -1 -1 -1 
1048 63 469 185 60 147 -1 -1 -1 -1 
1049 63 470 181 61 151 -1 -1 -1 -1 
1050 63 471 180 61 155 -1 -1 -1 -1 
559 64 808 80 62 155 -1 -1 -1 -1 
560 64 810 79 61 152 -1 -1 -1 -1 
561 64 810 76 62 157 -1 -1 -1 -1 
562 64 812 74 62 157 -1 -1 -1 -1 
563 64 812 72 62 159 -1 -1 -1 -1 
564 64 813 71 61 159 -1 -1 -1 -1 
565 64 813 71 62 159 -1 -1 -1 -1 
566 64 813 71 62 157 -1 -1 -1 -1 
567 64 814 71 60 154 -1 -1 -1 -1 
568 64 815 69 60 152 -1 -1 -1 -1 
569 64 815 68 60 153 -1 -1 -1 -1 
570 64 815 67 60 155 -1 -1 -1 -1 
571 64 815 67 60 157 -1 -1 -1 -1 
572 64 816 67 59 151 -1 -1 -1 -1 
573 64 814 67 61 158 -1 -1 -1 -1 
574 64 814 66 62 161 -1 -1 -1 -1 
575 64 814 66 62 159 -1 -1 -1 -1 
576 64 815 66 61 156 -1 -1 -1 -1 
577 64 814 66 61 158 -1 -1 -1 -1 
578 64 813 66 63 160 -1 -1 -1 -1 
579 64 814 66 62 157 -1 -1 -1 -1 
580 64 813 65 63 160 -1 -1 -1 -1 
581 64 812 64 64 163 -1 -1 -1 -1 
582 64 811 63 65 165 -1 -1 -1 -1 
583 64 809 62 67 169 -1 -1 -1 -1 
584 64 809 62 66 167 -1 -1 -1 -1 
585 64 807 62 67 168 -1 -1 -1 -1 
586 64 807 62 66 167 -1 -1 -1 -1 
587 64 810 61 63 158 -1 -1 -1 -1 
588 64 809 61 63 155 -1 -1 -1 -1 
589 64 808 61 63 155 -1 -1 -1 -1 
590 64 806 61 64 161 -1 -1 -1 -1 
591 64 805 61 64 158 -1 -1 -1 -1 
592 64 806 61 61 152 -1 -1 -1 -1 
593 64 803 61 65 162 -1 -1 -1 -1 
594 64 803 60 65 163 -1 -1 -1 -1 
595 64 800 60 68 171 -1 -1 -1 -1 
596 64 800 60 66 163 -1 -1 -1 -1 
597 64 798 60 68 165 -1 -1 -1 -1 
598 64 799 59 64 157 -1 -1 -1 -1 
599 64 798 58 63 155 -1 -1 -1 -1 
600 64 796 57 63 157 -1 -1 -1 -1 
601 64 793 55 63 159 -1 -1 -1 -1 
602 64 789 54 64 163 -1 -1 -1 -1 
603 64 787 53 64 163 -1 -1 -1 -1 
604 64 786 52 65 167 -1 -1 -1 -1 
605 64 785 52 67 167 -1 -1 -1 -1 
606 64 784 51 66 166 -1 -1 -1 -1 
607 64 782 51 67 166 -1 -1 -1 -1 
608 64 780 51 69 170 -1 -1 -1 -1 
609 64 780 51 67 167 -1 -1 -1 -1 
610 64 778 52 67 165 -1 -1 -1 -1 
611 64 779 53 63 158 -1 -1 -1 -1 
612 64 778 53 63 156 -1 -1 -1 -1 
613 64 777 53 62 155 -1 -1 -1 -1 
614 64 775 53 62 155 -1 -1 -1 -1 
615 64 773 54 62 153 -1 -1 -1 -1 
616 64 771 54 62 152 -1 -1 -1 -1 
617 64 770 54 62 151 -1 -1 -1 -1 
618 64 768 54 62 151 -1 -1 -1 -1 
619 64 767 54 62 153 -1 -1 -1 -1 
620 64 765 54 62 154 -1 -1 -1 -1 
621 64 762 53 64 156 -1 -1 -1 -1 
622 64 761 53 63 155 -1 -1 -1 -1 
623 64 762 53 62 154 -1 -1 -1 -1 
624 64 762 52 62 155 -1 -1 -1 -1 
625 64 760 52 63 158 -1 -1 -1 -1 
626 64 759 52 63 158 -1 -1 -1 -1 
627 64 758 51 63 158 -1 -1 -1 -1 
628 64 755 49 65 160 -1 -1 -1 -1 
629 64 754 48 65 163 -1 -1 -1 -1 
630 64 753 49 65 163 -1 -1 -1 -1 
631 64 753 49 64 163 -1 -1 -1 -1 
632 64 751 49 65 164 -1 -1 -1 -1 
633 64 749 48 65 164 -1 -1 -1 -1 
634 64 749 48 64 163 -1 -1 -1 -1 
635 64 747 48 65 164 -1 -1 -1 -1 
636 64 746 48 65 163 -1 -1 -1 -1 
637 64 745 48 66 164 -1 -1 -1 -1 
638 64 745 48 65 163 -1 -1 -1 -1 
639 64 743 48 67 164 -1 -1 -1 -1 
640 64 742 48 67 166 -1 -1 -1 -1 
641 64 742 47 67 167 -1 -1 -1 -1 
642 64 741 47 67 167 -1 -1 -1 -1 
643 64 741 46 67 167 -1 -1 -1 -1 
644 64 740 46 67 168 -1 -1 -1 -1 
645 64 740 46 68 170 -1 -1 -1 -1 
646 64 740 46 68 169 -1 -1 -1 -1 
647 64 739 46 68 170 -1 -1 -1 -1 
648 64 740 46 67 169 -1 -1 -1 -1 
649 64 739 46 68 169 -1 -1 -1 -1 
650 64 740 46 67 168 -1 -1 -1 -1 
651 64 739 46 68 168 -1 -1 -1 -1 
652 64 739 46 67 167 -1 -1 -1 -1 
653 64 739 47 67 167 -1 -1 -1 -1 
654 64 739 47 67 168 -1 -1 -1 -1 
655 64 739 47 67 166 -1 -1 -1 -1 
656 64 740 48 66 166 -1 -1 -1 -1 
657 64 741 50 65 164 -1 -1 -1 -1 
658 64 741 49 65 164 -1 -1 -1 -1 
659 64 740 48 65 165 -1 -1 -1 -1 
660 64 740 48 65 164 -1 -1 -1 -1 
661 64 739 48 66 165 -1 -1 -1 -1 
662 64 739 48 66 165 -1 -1 -1 -1 
663 64 739 48 66 164 -1 -1 -1 -1 
664 64 737 48 67 166 -1 -1 -1 -1 
665 64 739 48 66 164 -1 -1 -1 -1 
666 64 744 57 63 157 -1 -1 -1 -1 
667 64 747 66 61 150 -1 -1 -1 -1 
668 64 749 71 59 145 -1 -1 -1 -1 
669 64 750 75 59 142 -1 -1 -1 -1 
670 64 751 78 58 140 -1 -1 -1 -1 
671 64 751 78 58 140 -1 -1 -1 -1 
672 64 751 78 58 140 -1 -1 -1 -1 
673 64 751 77 58 141 -1 -1 -1 -1 
674 64 751 76 58 142 -1 -1 -1 -1 
675 64 750 75 59 143 -1 -1 -1 -1 
676 64 748 68 62 149 -1 -1 -1 -1 
677 64 740 54 63 160 -1 -1 -1 -1 
678 64 743 55 62 159 -1 -1 -1 -1 
679 64 744 56 62 158 -1 -1 -1 -1 
680 64 745 56 62 158 -1 -1 -1 -1 
681 64 745 55 62 158 -1 -1 -1 -1 
682 64 745 56 62 158 -1 -1 -1 -1 
683 64 744 54 63 159 -1 -1 -1 -1 
684 64 739 51 63 162 -1 -1 -1 -1 
685 64 735 48 64 164 -1 -1 -1 -1 
686 64 736 49 63 163 -1 -1 -1 -1 
687 64 734 48 64 162 -1 -1 -1 -1 
688 64 735 49 62 161 -1 -1 -1 -1 
689 64 744 59 60 153 -1 -1 -1 -1 
690 64 748 64 59 150 -1 -1 -1 -1 
691 64 750 67 58 147 -1 -1 -1 -1 
692 64 752 72 57 143 -1 -1 -1 -1 
693 64 752 74 57 141 -1 -1 -1 -1 
694 64 751 74 59 143 -1 -1 -1 -1 
695 64 752 76 58 143 -1 -1 -1 -1 
696 64 752 76 58 143 -1 -1 -1 -1 
697 64 753 77 56 140 -1 -1 -1 -1 
698 64 740 59 61 154 -1 -1 -1 -1 
699 64 736 53 62 160 -1 -1 -1 -1 
700 64 734 50 63 162 -1 -1 -1 -1 
701 64 733 49 63 162 -1 -1 -1 -1 
702 64 733 49 63 161 -1 -1 -1 -1 
703 64 733 48 63 162 -1 -1 -1 -1 
704 64 732 47 64 161 -1 -1 -1 -1 
705 64 733 47 63 162 -1 -1 -1 -1 
706 64 734 47 62 160 -1 -1 -1 -1 
707 64 733 47 63 160 -1 -1 -1 -1 
708 64 733 46 63 161 -1 -1 -1 -1 
709 64 733 47 63 161 -1 -1 -1 -1 
710 64 734 48 62 161 -1 -1 -1 -1 
711 64 734 48 62 162 -1 -1 -1 -1 
712 64 733 48 63 162 -1 -1 -1 -1 
713 64 734 49 62 161 -1 -1 -1 -1 
714 64 733 49 62 161 -1 -1 -1 -1 
715 64 733 48 62 162 -1 -1 -1 -1 
716 64 734 48 61 160 -1 -1 -1 -1 
717 64 734 48 61 160 -1 -1 -1 -1 
718 64 734 49 61 160 -1 -1 -1 -1 
719 64 734 49 61 159 -1 -1 -1 -1 
720 64 734 49 61 159 -1 -1 -1 -1 
721 64 734 49 61 159 -1 -1 -1 -1 
722 64 734 48 61 159 -1 -1 -1 -1 
723 64 734 48 61 159 -1 -1 -1 -1 
724 64 734 48 61 161 -1 -1 -1 -1 
725 64 734 49 61 159 -1 -1 -1 -1 
726 64 734 50 61 160 -1 -1 -1 -1 
727 64 733 50 63 162 -1 -1 -1 -1 
728 64 733 49 63 163 -1 -1 -1 -1 
729 64 733 50 62 162 -1 -1 -1 -1 
730 64 732 50 64 164 -1 -1 -1 -1 
731 64 732 49 64 165 -1 -1 -1 -1 
732 64 731 49 65 165 -1 -1 -1 -1 
733 64 738 72 61 151 -1 -1 -1 -1 
734 64 742 81 58 143 -1 -1 -1 -1 
735 64 736 59 62 156 -1 -1 -1 -1 
736 64 737 65 62 154 -1 -1 -1 -1 
737 64 735 54 62 156 -1 -1 -1 -1 
738 64 733 49 63 157 -1 -1 -1 -1 
739 64 734 47 61 156 -1 -1 -1 -1 
740 64 734 46 61 154 -1 -1 -1 -1 
741 64 734 45 61 152 -1 -1 -1 -1 
742 64 734 44 60 149 -1 -1 -1 -1 
743 64 735 45 59 147 -1 -1 -1 -1 
744 64 735 45 59 147 -1 -1 -1 -1 
745 64 736 46 59 148 -1 -1 -1 -1 
746 64 736 46 59 149 -1 -1 -1 -1 
747 64 736 46 60 148 -1 -1 -1 -1 
748 64 737 46 59 147 -1 -1 -1 -1 
749 64 738 46 58 145 -1 -1 -1 -1 
750 64 738 46 60 151 -1 -1 -1 -1 
751 64 739 45 61 152 -1 -1 -1 -1 
752 64 740 43 61 154 -1 -1 -1 -1 
753 64 739 42 65 161 -1 -1 -1 -1 
754 64 740 43 64 159 -1 -1 -1 -1 
755 64 741 42 65 161 -1 -1 -1 -1 
756 64 742 42 64 160 -1 -1 -1 -1 
757 64 743 42 62 153 -1 -1 -1 -1 
758 64 745 43 61 150 -1 -1 -1 -1 
759 64 747 42 59 145 -1 -1 -1 -1 
760 64 747 42 60 149 -1 -1 -1 -1 
761 64 748 42 60 150 -1 -1 -1 -1 
762 64 747 43 62 151 -1 -1 -1 -1 
763 64 747 43 64 155 -1 -1 -1 -1 
764 64 745 42 65 158 -1 -1 -1 -1 
765 64 743 42 67 163 -1 -1 -1 -1 
766 64 741 43 67 165 -1 -1 -1 -1 
767 64 741 42 66 158 -1 -1 -1 -1 
768 64 741 42 64 158 -1 -1 -1 -1 
769 64 740 41 65 162 -1 -1 -1 -1 
770 64 742 40 63 159 -1 -1 -1 -1 
771 64 741 40 64 160 -1 -1 -1 -1 
772 64 743 39 62 156 -1 -1 -1 -1 
773 64 742 39 63 159 -1 -1 -1 -1 
774 64 738 41 67 169 -1 -1 -1 -1 
775 64 737 42 68 171 -1 -1 -1 -1 
776 64 738 41 69 171 -1 -1 -1 -1 
777 64 739 39 67 169 -1 -1 -1 -1 
778 64 738 40 69 172 -1 -1 -1 -1 
779 64 738 40 70 173 -1 -1 -1 -1 
780 64 739 40 69 172 -1 -1 -1 -1 
781 64 739 37 68 174 -1 -1 -1 -1 
782 64 739 39 68 172 -1 -1 -1 -1 
783 64 738 40 69 172 -1 -1 -1 -1 
784 64 737 42 68 170 -1 -1 -1 -1 
785 64 737 42 69 173 -1 -1 -1 -1 
786 64 736 42 69 174 -1 -1 -1 -1 
787 64 735 43 69 172 -1 -1 -1 -1 
788 64 736 43 68 171 -1 -1 -1 -1 
789 64 736 43 68 170 -1 -1 -1 -1 
790 64 736 44 67 169 -1 -1 -1 -1 
791 64 735 44 68 169 -1 -1 -1 -1 
792 64 735 43 69 171 -1 -1 -1 -1 
793 64 735 44 69 171 -1 -1 -1 -1 
794 64 734 43 69 171 -1 -1 -1 -1 
795 64 734 43 69 172 -1 -1 -1 -1 
796 64 734 44 68 171 -1 -1 -1 -1 
797 64 734 44 69 171 -1 -1 -1 -1 
798 64 734 44 68 170 -1 -1 -1 -1 
799 64 733 43 68 169 -1 -1 -1 -1 
800 64 735 44 67 170 -1 -1 -1 -1 
801 64 733 44 66 165 -1 -1 -1 -1 
802 64 733 45 65 161 -1 -1 -1 -1 
803 64 733 46 64 158 -1 -1 -1 -1 
804 64 733 45 64 160 -1 -1 -1 -1 
805 64 733 45 64 159 -1 -1 -1 -1 
806 64 732 45 65 160 -1 -1 -1 -1 
807 64 734 50 62 152 -1 -1 -1 -1 
808 64 734 48 62 154 -1 -1 -1 -1 
809 64 735 46 61 154 -1 -1 -1 -1 
810 64 734 45 62 156 -1 -1 -1 -1 
811 64 735 44 62 159 -1 -1 -1 -1 
812 64 735 44 64 160 -1 -1 -1 -1 
813 64 733 43 67 164 -1 -1 -1 -1 
814 64 733 43 65 161 -1 -1 -1 -1 
815 64 734 44 65 161 -1 -1 -1 -1 
816 64 735 44 63 160 -1 -1 -1 -1 
817 64 734 43 64 160 -1 -1 -1 -1 
818 64 735 44 62 158 -1 -1 -1 -1 
819 64 735 45 62 154 -1 -1 -1 -1 
820 64 735 45 61 155 -1 -1 -1 -1 
821 64 735 46 61 153 -1 -1 -1 -1 
822 64 735 46 61 154 -1 -1 -1 -1 
823 64 734 45 61 155 -1 -1 -1 -1 
824 64 734 44 62 157 -1 -1 -1 -1 
825 64 733 44 63 158 -1 -1 -1 -1 
826 64 733 44 63 158 -1 -1 -1 -1 
827 64 733 44 64 162 -1 -1 -1 -1 
828 64 733 45 64 160 -1 -1 -1 -1 
829 64 733 44 64 161 -1 -1 -1 -1 
830 64 733 44 64 160 -1 -1 -1 -1 
831 64 733 44 64 162 -1 -1 -1 -1 
832 64 733 44 64 161 -1 -1 -1 -1 
833 64 733 45 65 161 -1 -1 -1 -1 
834 64 733 45 64 159 -1 -1 -1 -1 
835 64 733 46 64 160 -1 -1 -1 -1 
836 64 733 45 64 159 -1 -1 -1 -1 
837 64 733 46 64 160 -1 -1 -1 -1 
838 64 732 45 66 163 -1 -1 -1 -1 
839 64 732 44 65 164 -1 -1 -1 -1 
840 64 732 43 64 162 -1 -1 -1 -1 
841 64 731 44 65 161 -1 -1 -1 -1 
842 64 731 44 65 161 -1 -1 -1 -1 
843 64 731 43 65 162 -1 -1 -1 -1 
844 64 731 43 65 163 -1 -1 -1 -1 
845 64 731 43 65 162 -1 -1 -1 -1 
846 64 730 42 66 164 -1 -1 -1 -1 
847 64 730 42 66 163 -1 -1 -1 -1 
848 64 731 44 64 161 -1 -1 -1 -1 
849 64 729 41 67 165 -1 -1 -1 -1 
850 64 730 40 66 165 -1 -1 -1 -1 
851 64 730 42 66 165 -1 -1 -1 -1 
852 64 730 44 65 162 -1 -1 -1 -1 
853 64 731 46 63 159 -1 -1 -1 -1 
854 64 733 52 63 157 -1 -1 -1 -1 
855 64 733 54 64 157 -1 -1 -1 -1 
856 64 735 56 63 156 -1 -1 -1 -1 
857 64 739 62 62 150 -1 -1 -1 -1 
858 64 738 61 63 153 -1 -1 -1 -1 
859 64 738 60 63 153 -1 -1 -1 -1 
860 64 737 57 63 156 -1 -1 -1 -1 
861 64 736 55 64 158 -1 -1 -1 -1 
862 64 736 56 64 157 -1 -1 -1 -1 
863 64 737 56 63 155 -1 -1 -1 -1 
864 64 737 56 63 158 -1 -1 -1 -1 
865 64 737 57 63 156 -1 -1 -1 -1 
866 64 737 57 63 156 -1 -1 -1 -1 
867 64 737 55 63 159 -1 -1 -1 -1 
868 64 737 57 64 158 -1 -1 -1 -1 
869 64 736 56 65 159 -1 -1 -1 -1 
870 64 737 58 64 156 -1 -1 -1 -1 
871 64 741 62 63 153 -1 -1 -1 -1 
872 64 739 62 63 154 -1 -1 -1 -1 
873 64 739 62 63 153 -1 -1 -1 -1 
874 64 740 62 62 151 -1 -1 -1 -1 
875 64 738 61 64 157 -1 -1 -1 -1 
876 64 733 53 63 155 -1 -1 -1 -1 
877 64 732 54 61 150 -1 -1 -1 -1 
878 64 732 50 61 152 -1 -1 -1 -1 
879 64 731 48 62 155 -1 -1 -1 -1 
880 64 731 51 61 153 -1 -1 -1 -1 
881 64 733 56 59 148 -1 -1 -1 -1 
882 64 734 59 61 150 -1 -1 -1 -1 
883 64 734 61 59 147 -1 -1 -1 -1 
884 64 735 60 60 150 -1 -1 -1 -1 
885 64 734 59 59 147 -1 -1 -1 -1 
886 64 733 60 58 144 -1 -1 -1 -1 
887 64 734 60 57 142 -1 -1 -1 -1 
888 64 734 62 57 142 -1 -1 -1 -1 
889 64 734 61 58 143 -1 -1 -1 -1 
890 64 735 57 62 153 -1 -1 -1 -1 
891 64 735 52 63 159 -1 -1 -1 -1 
892 64 734 54 61 154 -1 -1 -1 -1 
893 64 734 52 63 156 -1 -1 -1 -1 
894 64 732 49 66 160 -1 -1 -1 -1 
895 64 732 45 66 160 -1 -1 -1 -1 
896 64 733 50 64 160 -1 -1 -1 -1 
897 64 740 56 64 158 -1 -1 -1 -1 
898 64 740 55 65 162 -1 -1 -1 -1 
899 64 739 55 66 161 -1 -1 -1 -1 
900 64 739 55 66 162 -1 -1 -1 -1 
901 64 737 55 66 163 -1 -1 -1 -1 
902 64 737 56 66 163 -1 -1 -1 -1 
903 64 737 56 65 163 -1 -1 -1 -1 
904 64 738 58 65 161 -1 -1 -1 -1 
905 64 737 57 65 161 -1 -1 -1 -1 
906 64 737 57 65 161 -1 -1 -1 -1 
907 64 736 56 66 162 -1 -1 -1 -1 
908 64 735 55 65 161 -1 -1 -1 -1 
909 64 735 57 64 159 -1 -1 -1 -1 
910 64 735 57 65 159 -1 -1 -1 -1 
911 64 737 58 65 158 -1 -1 -1 -1 
912 64 737 59 64 156 -1 -1 -1 -1 
913 64 736 61 64 155 -1 -1 -1 -1 
914 64 737 63 62 154 -1 -1 -1 -1 
915 64 736 63 62 155 -1 -1 -1 -1 
916 64 737 63 62 154 -1 -1 -1 -1 
917 64 737 63 62 154 -1 -1 -1 -1 
918 64 738 64 62 155 -1 -1 -1 -1 
919 64 738 65 62 155 -1 -1 -1 -1 
920 64 737 64 63 157 -1 -1 -1 -1 
921 64 737 63 62 158 -1 -1 -1 -1 
922 64 735 60 62 159 -1 -1 -1 -1 
923 64 736 60 63 160 -1 -1 -1 -1 
924 64 736 58 64 162 -1 -1 -1 -1 
925 64 736 57 64 163 -1 -1 -1 -1 
926 64 735 58 64 162 -1 -1 -1 -1 
927 64 736 60 63 159 -1 -1 -1 -1 
928 64 736 59 64 160 -1 -1 -1 -1 
929 64 738 61 62 158 -1 -1 -1 -1 
930 64 738 59 64 159 -1 -1 -1 -1 
931 64 739 62 62 157 -1 -1 -1 -1 
932 64 740 65 62 156 -1 -1 -1 -1 
933 64 740 66 62 155 -1 -1 -1 -1 
934 64 739 65 63 156 -1 -1 -1 -1 
935 64 739 63 63 158 -1 -1 -1 -1 
936 64 739 64 63 158 -1 -1 -1 -1 
937 64 739 64 62 158 -1 -1 -1 -1 
938 64 739 65 62 157 -1 -1 -1 -1 
939 64 739 64 62 157 -1 -1 -1 -1 
940 64 739 65 62 157 -1 -1 -1 -1 
941 64 739 65 62 157 -1 -1 -1 -1 
942 64 739 65 62 156 -1 -1 -1 -1 
943 64 738 65 62 156 -1 -1 -1 -1 
944 64 737 66 62 155 -1 -1 -1 -1 
945 64 737 66 61 155 -1 -1 -1 -1 
946 64 737 65 62 156 -1 -1 -1 -1 
947 64 738 62 63 157 -1 -1 -1 -1 
948 64 738 57 64 162 -1 -1 -1 -1 
949 64 736 59 64 162 -1 -1 -1 -1 
950 64 736 63 63 159 -1 -1 -1 -1 
951 64 735 62 63 159 -1 -1 -1 -1 
952 64 735 65 62 155 -1 -1 -1 -1 
953 64 735 68 61 152 -1 -1 -1 -1 
954 64 735 64 62 155 -1 -1 -1 -1 
955 64 736 63 61 155 -1 -1 -1 -1 
956 64 736 63 61 154 -1 -1 -1 -1 
957 64 736 63 61 153 -1 -1 -1 -1 
958 64 736 61 62 154 -1 -1 -1 -1 
959 64 737 62 62 152 -1 -1 -1 -1 
960 64 738 62 62 152 -1 -1 -1 -1 
961 64 737 55 64 158 -1 -1 -1 -1 
962 64 738 47 63 160 -1 -1 -1 -1 
963 64 737 45 64 164 -1 -1 -1 -1 
964 64 736 44 64 166 -1 -1 -1 -1 
965 64 736 45 64 166 -1 -1 -1 -1 
966 64 736 48 66 166 -1 -1 -1 -1 
967 64 737 53 66 163 -1 -1 -1 -1 
968 64 736 55 65 161 -1 -1 -1 -1 
969 64 738 59 64 158 -1 -1 -1 -1 
970 64 739 63 63 155 -1 -1 -1 -1 
971 64 740 66 63 153 -1 -1 -1 -1 
972 64 738 64 64 155 -1 -1 -1 -1 
973 64 737 61 64 157 -1 -1 -1 -1 
974 64 735 56 65 162 -1 -1 -1 -1 
975 64 732 50 65 161 -1 -1 -1 -1 
976 64 730 47 66 160 -1 -1 -1 -1 
977 64 729 44 66 162 -1 -1 -1 -1 
978 64 728 43 67 164 -1 -1 -1 -1 
979 64 728 43 66 163 -1 -1 -1 -1 
980 64 729 43 65 162 -1 -1 -1 -1 
981 64 730 44 64 160 -1 -1 -1 -1 
982 64 732 47 63 161 -1 -1 -1 -1 
983 64 733 48 63 162 -1 -1 -1 -1 
984 64 733 48 63 160 -1 -1 -1 -1 
985 64 733 48 64 163 -1 -1 -1 -1 
986 64 733 49 64 162 -1 -1 -1 -1 
987 64 733 46 62 157 -1 -1 -1 -1 
988 64 733 47 62 156 -1 -1 -1 -1 
989 64 732 46 63 157 -1 -1 -1 -1 
990 64 732 45 63 159 -1 -1 -1 -1 
991 64 731 42 62 154 -1 -1 -1 -1 
992 64 730 41 63 155 -1 -1 -1 -1 
993 64 730 40 62 156 -1 -1 -1 -1 
994 64 729 41 63 157 -1 -1 -1 -1 
995 64 729 41 63 157 -1 -1 -1 -1 
996 64 729 42 63 155 -1 -1 -1 -1 
997 64 730 42 61 153 -1 -1 -1 -1 
998 64 731 42 60 150 -1 -1 -1 -1 
999 64 730 46 63 155 -1 -1 -1 -1 
1000 64 731 48 62 154 -1 -1 -1 -1 
1001 64 732 53 62 155 -1 -1 -1 -1 
1002 64 732 53 64 162 -1 -1 -1 -1 
1003 64 731 51 64 162 -1 -1 -1 -1 
1004 64 728 46 67 165 -1 -1 -1 -1 
1005 64 730 48 65 163 -1 -1 -1 -1 
1006 64 730 50 64 162 -1 -1 -1 -1 
1007 64 730 49 65 163 -1 -1 -1 -1 
1008 64 730 50 65 164 -1 -1 -1 -1 
1009 64 730 47 65 166 -1 -1 -1 -1 
1010 64 729 48 67 169 -1 -1 -1 -1 
1011 64 729 47 67 169 -1 -1 -1 -1 
1012 64 731 53 66 165 -1 -1 -1 -1 
1013 64 732 56 65 164 -1 -1 -1 -1 
1014 64 732 57 65 163 -1 -1 -1 -1 
1015 64 733 59 65 162 -1 -1 -1 -1 
1016 64 730 50 65 162 -1 -1 -1 -1 
1017 64 733 61 65 158 -1 -1 -1 -1 
1018 64 736 65 63 155 -1 -1 -1 -1 
1019 64 735 64 64 157 -1 -1 -1 -1 
1020 64 735 65 64 157 -1 -1 -1 -1 
1021 64 736 67 63 156 -1 -1 -1 -1 
1022 64 735 65 64 158 -1 -1 -1 -1 
1023 64 736 67 63 156 -1 -1 -1 -1 
1024 64 736 67 63 156 -1 -1 -1 -1 
1025 64 735 66 64 157 -1 -1 -1 -1 
1026 64 736 68 64 156 -1 -1 -1 -1 
1027 64 736 70 64 155 -1 -1 -1 -1 
1028 64 735 69 64 156 -1 -1 -1 -1 
1029 64 734 66 65 158 -1 -1 -1 -1 
1030 64 734 64 65 161 -1 -1 -1 -1 
1031 64 735 66 65 158 -1 -1 -1 -1 
1032 64 738 73 63 152 -1 -1 -1 -1 
1033 64 738 74 63 151 -1 -1 -1 -1 
1034 64 741 80 60 146 -1 -1 -1 -1 
1035 64 742 79 60 147 -1 -1 -1 -1 
1036 64 742 79 61 147 -1 -1 -1 -1 
1037 64 744 82 59 144 -1 -1 -1 -1 
1038 64 743 79 60 147 -1 -1 -1 -1 
1039 64 743 78 61 148 -1 -1 -1 -1 
1040 64 743 78 61 148 -1 -1 -1 -1 
1041 64 743 78 61 148 -1 -1 -1 -1 
1042 64 745 81 59 146 -1 -1 -1 -1 
1043 64 745 83 59 144 -1 -1 -1 -1 
1044 64 745 82 59 144 -1 -1 -1 -1 
1045 64 743 78 61 148 -1 -1 -1 -1 
1046 64 742 76 63 150 -1 -1 -1 -1 
1047 64 741 74 63 152 -1 -1 -1 -1 
1048 64 741 77 62 150 -1 -1 -1 -1 
1049 64 740 73 63 153 -1 -1 -1 -1 
1050 64 741 77 62 150 -1 -1 -1 -1 
582 65 299 20 55 141 -1 -1 -1 -1 
583 65 299 21 54 137 -1 -1 -1 -1 
584 65 298 21 55 137 -1 -1 -1 -1 
585 65 298 20 54 136 -1 -1 -1 -1 
586 65 297 21 55 137 -1 -1 -1 -1 
587 65 296 21 55 137 -1 -1 -1 -1 
588 65 295 20 55 136 -1 -1 -1 -1 
589 65 294 19 55 135 -1 -1 -1 -1 
590 65 293 19 54 134 -1 -1 -1 -1 
591 65 292 18 54 135 -1 -1 -1 -1 
592 65 291 18 55 134 -1 -1 -1 -1 
593 65 291 17 55 135 -1 -1 -1 -1 
594 65 290 17 56 136 -1 -1 -1 -1 
595 65 290 16 56 137 -1 -1 -1 -1 
596 65 290 16 56 137 -1 -1 -1 -1 
597 65 289 16 56 137 -1 -1 -1 -1 
598 65 289 15 56 137 -1 -1 -1 -1 
599 65 289 13 55 137 -1 -1 -1 -1 
600 65 289 12 54 136 -1 -1 -1 -1 
601 65 289 11 54 136 -1 -1 -1 -1 
602 65 289 9 55 138 -1 -1 -1 -1 
603 65 289 7 57 145 -1 -1 -1 -1 
604 65 288 6 57 146 -1 -1 -1 -1 
605 65 288 7 58 145 -1 -1 -1 -1 
606 65 287 8 59 147 -1 -1 -1 -1 
607 65 288 7 57 147 -1 -1 -1 -1 
608 65 287 7 59 147 -1 -1 -1 -1 
609 65 287 7 59 147 -1 -1 -1 -1 
610 65 286 6 59 147 -1 -1 -1 -1 
611 65 286 5 58 145 -1 -1 -1 -1 
612 65 287 5 55 138 -1 -1 -1 -1 
613 65 287 5 54 135 -1 -1 -1 -1 
614 65 286 5 54 136 -1 -1 -1 -1 
615 65 285 5 54 136 -1 -1 -1 -1 
616 65 285 4 53 137 -1 -1 -1 -1 
617 65 283 4 53 137 -1 -1 -1 -1 
618 65 278 3 53 136 -1 -1 -1 -1 
619 65 275 2 54 135 -1 -1 -1 -1 
620 65 275 1 54 138 -1 -1 -1 -1 
621 65 274 1 53 137 -1 -1 -1 -1 
622 65 274 0 53 138 -1 -1 -1 -1 
623 65 274 0 53 138 -1 -1 -1 -1 
624 65 273 0 54 138 -1 -1 -1 -1 
625 65 273 0 53 137 -1 -1 -1 -1 
626 65 273 0 52 133 -1 -1 -1 -1 
627 65 271 0 51 130 -1 -1 -1 -1 
628 65 271 0 51 130 -1 -1 -1 -1 
629 65 271 0 50 129 -1 -1 -1 -1 
630 65 271 0 50 127 -1 -1 -1 -1 
631 65 270 0 51 128 -1 -1 -1 -1 
632 65 271 0 50 127 -1 -1 -1 -1 
633 65 271 0 50 128 -1 -1 -1 -1 
634 65 270 0 50 126 -1 -1 -1 -1 
635 65 271 0 50 125 -1 -1 -1 -1 
636 65 271 0 50 125 -1 -1 -1 -1 
637 65 271 0 51 126 -1 -1 -1 -1 
638 65 271 0 51 126 -1 -1 -1 -1 
639 65 272 0 50 127 -1 -1 -1 -1 
640 65 272 0 51 126 -1 -1 -1 -1 
641 65 273 0 51 128 -1 -1 -1 -1 
642 65 274 0 52 130 -1 -1 -1 -1 
643 65 276 0 51 130 -1 -1 -1 -1 
644 65 278 0 52 130 -1 -1 -1 -1 
645 65 280 0 51 130 -1 -1 -1 -1 
646 65 280 0 52 129 -1 -1 -1 -1 
647 65 281 0 51 129 -1 -1 -1 -1 
648 65 282 0 51 129 -1 -1 -1 -1 
649 65 283 0 52 130 -1 -1 -1 -1 
650 65 284 0 52 129 -1 -1 -1 -1 
651 65 285 0 53 132 -1 -1 -1 -1 
652 65 286 0 53 132 -1 -1 -1 -1 
653 65 285 0 54 132 -1 -1 -1 -1 
654 65 286 0 54 132 -1 -1 -1 -1 
655 65 286 0 55 132 -1 -1 -1 -1 
656 65 285 0 56 132 -1 -1 -1 -1 
657 65 285 0 58 132 -1 -1 -1 -1 
658 65 287 0 56 131 -1 -1 -1 -1 
659 65 288 0 55 131 -1 -1 -1 -1 
660 65 289 0 56 132 -1 -1 -1 -1 
661 65 289 0 57 133 -1 -1 -1 -1 
662 65 290 0 56 130 -1 -1 -1 -1 
663 65 290 0 55 130 -1 -1 -1 -1 
664 65 289 0 55 129 -1 -1 -1 -1 
665 65 290 0 55 134 -1 -1 -1 -1 
666 65 289 0 57 137 -1 -1 -1 -1 
667 65 290 0 57 139 -1 -1 -1 -1 
610 66 388 94 57 140 -1 -1 -1 -1 
611 66 389 96 55 138 -1 -1 -1 -1 
612 66 391 97 54 137 -1 -1 -1 -1 
613 66 392 98 53 137 -1 -1 -1 -1 
614 66 391 98 55 140 -1 -1 -1 -1 
615 66 392 97 56 140 -1 -1 -1 -1 
616 66 393 97 56 141 -1 -1 -1 -1 
617 66 393 99 57 140 -1 -1 -1 -1 
618 66 394 101 58 139 -1 -1 -1 -1 
619 66 396 102 57 140 -1 -1 -1 -1 
620 66 397 103 57 139 -1 -1 -1 -1 
621 66 401 103 56 140 -1 -1 -1 -1 
622 66 404 105 55 138 -1 -1 -1 -1 
623 66 406 105 56 140 -1 -1 -1 -1 
624 66 408 104 57 142 -1 -1 -1 -1 
625 66 408 102 58 146 -1 -1 -1 -1 
626 66 409 104 58 143 -1 -1 -1 -1 
627 66 411 104 57 142 -1 -1 -1 -1 
628 66 410 104 57 141 -1 -1 -1 -1 
629 66 411 105 56 139 -1 -1 -1 -1 
630 66 414 105 56 139 -1 -1 -1 -1 
631 66 415 101 58 144 -1 -1 -1 -1 
632 66 415 102 58 144 -1 -1 -1 -1 
633 66 415 103 59 145 -1 -1 -1 -1 
634 66 415 103 59 147 -1 -1 -1 -1 
635 66 415 104 59 148 -1 -1 -1 -1 
636 66 416 106 58 147 -1 -1 -1 -1 
637 66 418 107 58 146 -1 -1 -1 -1 
638 66 419 106 59 148 -1 -1 -1 -1 
639 66 420 109 59 148 -1 -1 -1 -1 
640 66 421 110 60 149 -1 -1 -1 -1 
641 66 421 111 60 149 -1 -1 -1 -1 
642 66 422 114 58 146 -1 -1 -1 -1 
643 66 423 116 57 145 -1 -1 -1 -1 
644 66 422 115 59 147 -1 -1 -1 -1 
645 66 422 115 59 148 -1 -1 -1 -1 
646 66 422 118 59 145 -1 -1 -1 -1 
647 66 423 119 57 143 -1 -1 -1 -1 
648 66 423 118 57 143 -1 -1 -1 -1 
649 66 423 118 57 143 -1 -1 -1 -1 
650 66 423 118 57 143 -1 -1 -1 -1 
651 66 424 119 56 142 -1 -1 -1 -1 
652 66 424 120 57 142 -1 -1 -1 -1 
653 66 425 122 56 142 -1 -1 -1 -1 
654 66 425 123 56 142 -1 -1 -1 -1 
655 66 425 123 56 143 -1 -1 -1 -1 
656 66 425 122 57 145 -1 -1 -1 -1 
657 66 425 122 57 147 -1 -1 -1 -1 
658 66 425 122 59 150 -1 -1 -1 -1 
659 66 425 123 59 150 -1 -1 -1 -1 
660 66 425 124 60 151 -1 -1 -1 -1 
661 66 425 126 60 148 -1 -1 -1 -1 
662 66 425 126 59 148 -1 -1 -1 -1 
663 66 425 127 60 146 -1 -1 -1 -1 
664 66 426 127 59 146 -1 -1 -1 -1 
665 66 426 128 59 144 -1 -1 -1 -1 
666 66 427 128 58 143 -1 -1 -1 -1 
667 66 426 129 59 142 -1 -1 -1 -1 
668 66 426 129 58 143 -1 -1 -1 -1 
669 66 427 130 57 141 -1 -1 -1 -1 
670 66 426 130 58 143 -1 -1 -1 -1 
671 66 426 131 58 143 -1 -1 -1 -1 
672 66 425 132 59 144 -1 -1 -1 -1 
673 66 424 131 60 147 -1 -1 -1 -1 
674 66 425 134 59 145 -1 -1 -1 -1 
675 66 425 137 58 145 -1 -1 -1 -1 
676 66 424 137 59 146 -1 -1 -1 -1 
677 66 423 137 60 148 -1 -1 -1 -1 
678 66 422 140 59 146 -1 -1 -1 -1 
679 66 423 142 58 144 -1 -1 -1 -1 
680 66 423 142 58 145 -1 -1 -1 -1 
681 66 422 141 59 146 -1 -1 -1 -1 
682 66 422 142 59 145 -1 -1 -1 -1 
683 66 421 140 60 146 -1 -1 -1 -1 
684 66 421 141 59 146 -1 -1 -1 -1 
685 66 421 141 58 146 -1 -1 -1 -1 
686 66 421 141 59 147 -1 -1 -1 -1 
687 66 421 143 59 146 -1 -1 -1 -1 
688 66 421 143 59 147 -1 -1 -1 -1 
689 66 421 142 60 150 -1 -1 -1 -1 
690 66 422 145 60 149 -1 -1 -1 -1 
691 66 422 147 61 148 -1 -1 -1 -1 
692 66 424 149 59 147 -1 -1 -1 -1 
693 66 424 151 60 146 -1 -1 -1 -1 
694 66 423 151 61 149 -1 -1 -1 -1 
695 66 424 153 60 147 -1 -1 -1 -1 
696 66 424 152 60 148 -1 -1 -1 -1 
697 66 425 155 59 145 -1 -1 -1 -1 
698 66 426 155 59 145 -1 -1 -1 -1 
699 66 426 155 59 145 -1 -1 -1 -1 
700 66 426 155 60 145 -1 -1 -1 -1 
701 66 426 154 60 146 -1 -1 -1 -1 
702 66 426 154 60 145 -1 -1 -1 -1 
703 66 425 155 60 145 -1 -1 -1 -1 
704 66 425 155 60 146 -1 -1 -1 -1 
705 66 425 157 59 146 -1 -1 -1 -1 
706 66 425 159 59 146 -1 -1 -1 -1 
707 66 423 160 60 148 -1 -1 -1 -1 
708 66 423 161 60 150 -1 -1 -1 -1 
709 66 422 159 61 153 -1 -1 -1 -1 
710 66 421 159 62 155 -1 -1 -1 -1 
711 66 421 161 61 156 -1 -1 -1 -1 
712 66 422 166 61 152 -1 -1 -1 -1 
713 66 423 171 58 147 -1 -1 -1 -1 
714 66 423 174 57 144 -1 -1 -1 -1 
715 66 423 176 57 142 -1 -1 -1 -1 
716 66 422 176 57 143 -1 -1 -1 -1 
717 66 421 175 58 145 -1 -1 -1 -1 
718 66 421 172 59 147 -1 -1 -1 -1 
719 66 421 170 60 148 -1 -1 -1 -1 
720 66 421 174 58 145 -1 -1 -1 -1 
721 66 421 179 57 140 -1 -1 -1 -1 
722 66 420 176 58 143 -1 -1 -1 -1 
723 66 419 177 59 143 -1 -1 -1 -1 
724 66 419 180 59 144 -1 -1 -1 -1 
725 66 419 184 58 143 -1 -1 -1 -1 
726 66 418 185 59 144 -1 -1 -1 -1 
727 66 417 183 60 147 -1 -1 -1 -1 
728 66 416 186 59 146 -1 -1 -1 -1 
729 66 415 188 59 146 -1 -1 -1 -1 
730 66 415 190 58 145 -1 -1 -1 -1 
731 66 415 190 58 146 -1 -1 -1 -1 
732 66 415 190 59 146 -1 -1 -1 -1 
733 66 416 190 58 146 -1 -1 -1 -1 
734 66 416 191 57 145 -1 -1 -1 -1 
735 66 415 192 57 143 -1 -1 -1 -1 
736 66 414 191 58 143 -1 -1 -1 -1 
737 66 414 191 57 143 -1 -1 -1 -1 
738 66 412 191 59 143 -1 -1 -1 -1 
739 66 410 190 60 146 -1 -1 -1 -1 
740 66 409 191 60 147 -1 -1 -1 -1 
741 66 409 195 59 146 -1 -1 -1 -1 
742 66 409 197 58 145 -1 -1 -1 -1 
743 66 409 197 58 146 -1 -1 -1 -1 
744 66 409 198 58 146 -1 -1 -1 -1 
745 66 408 199 59 148 -1 -1 -1 -1 
746 66 407 201 59 149 -1 -1 -1 -1 
747 66 407 201 59 151 -1 -1 -1 -1 
748 66 406 202 60 151 -1 -1 -1 -1 
749 66 405 203 60 151 -1 -1 -1 -1 
750 66 404 202 61 152 -1 -1 -1 -1 
751 66 401 199 64 156 -1 -1 -1 -1 
752 66 401 199 64 155 -1 -1 -1 -1 
753 66 401 200 63 153 -1 -1 -1 -1 
754 66 401 201 62 152 -1 -1 -1 -1 
755 66 401 203 61 151 -1 -1 -1 -1 
756 66 401 205 60 149 -1 -1 -1 -1 
757 66 401 205 61 150 -1 -1 -1 -1 
758 66 401 206 61 151 -1 -1 -1 -1 
759 66 401 208 61 151 -1 -1 -1 -1 
760 66 401 208 61 155 -1 -1 -1 -1 
761 66 400 210 63 155 -1 -1 -1 -1 
762 66 400 210 63 158 -1 -1 -1 -1 
763 66 399 211 63 158 -1 -1 -1 -1 
764 66 398 213 64 157 -1 -1 -1 -1 
765 66 398 212 63 158 -1 -1 -1 -1 
766 66 397 212 64 158 -1 -1 -1 -1 
767 66 398 212 63 158 -1 -1 -1 -1 
768 66 397 211 64 159 -1 -1 -1 -1 
769 66 397 210 64 160 -1 -1 -1 -1 
770 66 397 211 64 158 -1 -1 -1 -1 
771 66 398 212 63 157 -1 -1 -1 -1 
772 66 398 213 63 155 -1 -1 -1 -1 
773 66 398 215 63 154 -1 -1 -1 -1 
774 66 398 215 62 157 -1 -1 -1 -1 
775 66 398 216 63 159 -1 -1 -1 -1 
776 66 398 217 62 160 -1 -1 -1 -1 
777 66 399 219 62 160 -1 -1 -1 -1 
778 66 398 221 63 159 -1 -1 -1 -1 
779 66 396 220 66 163 -1 -1 -1 -1 
780 66 396 224 65 161 -1 -1 -1 -1 
781 66 395 222 66 163 -1 -1 -1 -1 
782 66 397 226 64 160 -1 -1 -1 -1 
783 66 397 228 64 158 -1 -1 -1 -1 
784 66 397 229 64 157 -1 -1 -1 -1 
785 66 397 228 64 158 -1 -1 -1 -1 
786 66 397 226 64 160 -1 -1 -1 -1 
787 66 396 224 65 162 -1 -1 -1 -1 
788 66 396 222 66 164 -1 -1 -1 -1 
789 66 395 224 66 162 -1 -1 -1 -1 
790 66 396 228 64 159 -1 -1 -1 -1 
791 66 396 225 65 164 -1 -1 -1 -1 
792 66 396 227 65 164 -1 -1 -1 -1 
793 66 396 229 65 165 -1 -1 -1 -1 
794 66 395 235 63 162 -1 -1 -1 -1 
795 66 394 237 63 162 -1 -1 -1 -1 
796 66 394 240 64 161 -1 -1 -1 -1 
797 66 393 243 65 160 -1 -1 -1 -1 
798 66 393 244 65 160 -1 -1 -1 -1 
799 66 393 247 64 157 -1 -1 -1 -1 
800 66 393 246 64 159 -1 -1 -1 -1 
801 66 394 242 65 162 -1 -1 -1 -1 
802 66 393 244 64 159 -1 -1 -1 -1 
803 66 393 244 64 158 -1 -1 -1 -1 
804 66 393 248 62 154 -1 -1 -1 -1 
805 66 392 248 62 154 -1 -1 -1 -1 
806 66 391 249 63 154 -1 -1 -1 -1 
807 66 391 249 62 155 -1 -1 -1 -1 
808 66 390 249 64 157 -1 -1 -1 -1 
809 66 389 250 65 159 -1 -1 -1 -1 
810 66 388 249 67 162 -1 -1 -1 -1 
811 66 388 245 68 167 -1 -1 -1 -1 
812 66 387 244 69 170 -1 -1 -1 -1 
813 66 388 253 66 163 -1 -1 -1 -1 
814 66 386 257 66 163 -1 -1 -1 -1 
815 66 386 261 65 162 -1 -1 -1 -1 
816 66 385 266 64 158 -1 -1 -1 -1 
817 66 385 267 64 156 -1 -1 -1 -1 
818 66 384 267 64 156 -1 -1 -1 -1 
819 66 383 266 63 157 -1 -1 -1 -1 
820 66 383 266 62 157 -1 -1 -1 -1 
821 66 381 266 64 158 -1 -1 -1 -1 
822 66 379 262 65 162 -1 -1 -1 -1 
823 66 379 263 64 159 -1 -1 -1 -1 
824 66 380 265 63 157 -1 -1 -1 -1 
825 66 379 265 63 157 -1 -1 -1 -1 
826 66 378 266 63 159 -1 -1 -1 -1 
827 66 376 268 65 160 -1 -1 -1 -1 
828 66 376 272 64 160 -1 -1 -1 -1 
829 66 375 274 65 161 -1 -1 -1 -1 
830 66 373 275 66 163 -1 -1 -1 -1 
831 66 372 276 67 165 -1 -1 -1 -1 
832 66 371 277 66 165 -1 -1 -1 -1 
833 66 372 279 65 164 -1 -1 -1 -1 
834 66 372 280 65 162 -1 -1 -1 -1 
835 66 371 281 65 162 -1 -1 -1 -1 
836 66 372 281 64 161 -1 -1 -1 -1 
837 66 371 282 65 162 -1 -1 -1 -1 
838 66 370 283 65 161 -1 -1 -1 -1 
839 66 369 283 65 161 -1 -1 -1 -1 
840 66 368 283 65 160 -1 -1 -1 -1 
841 66 367 283 65 159 -1 -1 -1 -1 
842 66 366 285 64 157 -1 -1 -1 -1 
843 66 363 285 66 160 -1 -1 -1 -1 
844 66 362 288 65 161 -1 -1 -1 -1 
845 66 360 286 68 165 -1 -1 -1 -1 
846 66 359 288 69 166 -1 -1 -1 -1 
847 66 359 289 68 167 -1 -1 -1 -1 
848 66 357 290 69 168 -1 -1 -1 -1 
849 66 355 293 69 168 -1 -1 -1 -1 
850 66 354 290 70 172 -1 -1 -1 -1 
851 66 353 296 68 167 -1 -1 -1 -1 
852 66 353 299 66 164 -1 -1 -1 -1 
853 66 353 299 65 164 -1 -1 -1 -1 
854 66 352 300 65 163 -1 -1 -1 -1 
855 66 352 301 64 162 -1 -1 -1 -1 
856 66 352 301 63 161 -1 -1 -1 -1 
857 66 352 301 64 160 -1 -1 -1 -1 
858 66 352 303 64 159 -1 -1 -1 -1 
859 66 352 304 63 159 -1 -1 -1 -1 
860 66 352 306 63 159 -1 -1 -1 -1 
861 66 351 306 64 161 -1 -1 -1 -1 
862 66 350 307 65 163 -1 -1 -1 -1 
863 66 350 309 65 164 -1 -1 -1 -1 
864 66 349 311 66 164 -1 -1 -1 -1 
865 66 349 314 66 163 -1 -1 -1 -1 
866 66 348 314 67 165 -1 -1 -1 -1 
867 66 349 316 66 163 -1 -1 -1 -1 
868 66 350 318 66 161 -1 -1 -1 -1 
869 66 351 318 65 162 -1 -1 -1 -1 
870 66 351 319 65 161 -1 -1 -1 -1 
871 66 351 320 65 161 -1 -1 -1 -1 
872 66 351 320 65 161 -1 -1 -1 -1 
873 66 351 320 64 160 -1 -1 -1 -1 
874 66 351 321 63 159 -1 -1 -1 -1 
875 66 350 322 64 159 -1 -1 -1 -1 
876 66 350 325 63 158 -1 -1 -1 -1 
877 66 349 326 64 159 -1 -1 -1 -1 
878 66 348 328 65 161 -1 -1 -1 -1 
879 66 348 331 63 159 -1 -1 -1 -1 
880 66 347 333 64 159 -1 -1 -1 -1 
881 66 346 334 64 159 -1 -1 -1 -1 
882 66 345 337 64 158 -1 -1 -1 -1 
883 66 345 338 65 158 -1 -1 -1 -1 
884 66 344 339 65 160 -1 -1 -1 -1 
885 66 345 340 64 159 -1 -1 -1 -1 
886 66 343 339 66 161 -1 -1 -1 -1 
887 66 342 340 66 161 -1 -1 -1 -1 
888 66 342 341 65 161 -1 -1 -1 -1 
889 66 342 342 64 160 -1 -1 -1 -1 
890 66 341 341 65 162 -1 -1 -1 -1 
891 66 341 340 65 163 -1 -1 -1 -1 
892 66 341 341 65 162 -1 -1 -1 -1 
893 66 341 343 65 163 -1 -1 -1 -1 
894 66 340 345 66 163 -1 -1 -1 -1 
895 66 339 345 68 166 -1 -1 -1 -1 
896 66 340 349 67 164 -1 -1 -1 -1 
897 66 340 351 67 164 -1 -1 -1 -1 
898 66 340 353 68 165 -1 -1 -1 -1 
899 66 339 354 68 166 -1 -1 -1 -1 
900 66 340 356 67 165 -1 -1 -1 -1 
901 66 341 359 67 162 -1 -1 -1 -1 
902 66 341 358 67 163 -1 -1 -1 -1 
903 66 343 358 66 164 -1 -1 -1 -1 
904 66 343 357 67 165 -1 -1 -1 -1 
905 66 342 355 67 167 -1 -1 -1 -1 
906 66 342 356 67 165 -1 -1 -1 -1 
907 66 341 357 67 165 -1 -1 -1 -1 
908 66 340 357 67 165 -1 -1 -1 -1 
909 66 339 359 67 166 -1 -1 -1 -1 
910 66 339 360 67 168 -1 -1 -1 -1 
911 66 337 363 68 169 -1 -1 -1 -1 
912 66 336 364 70 172 -1 -1 -1 -1 
913 66 335 366 71 172 -1 -1 -1 -1 
914 66 335 367 71 174 -1 -1 -1 -1 
915 66 335 367 72 176 -1 -1 -1 -1 
916 66 336 368 72 176 -1 -1 -1 -1 
917 66 337 372 70 173 -1 -1 -1 -1 
918 66 337 373 70 173 -1 -1 -1 -1 
919 66 337 375 69 171 -1 -1 -1 -1 
920 66 337 378 69 168 -1 -1 -1 -1 
921 66 337 378 68 168 -1 -1 -1 -1 
922 66 337 378 68 168 -1 -1 -1 -1 
923 66 337 380 68 165 -1 -1 -1 -1 
924 66 338 381 66 163 -1 -1 -1 -1 
925 66 337 384 66 162 -1 -1 -1 -1 
926 66 336 385 67 163 -1 -1 -1 -1 
927 66 336 386 66 164 -1 -1 -1 -1 
928 66 336 388 67 166 -1 -1 -1 -1 
929 66 336 391 68 165 -1 -1 -1 -1 
930 66 336 392 69 167 -1 -1 -1 -1 
931 66 337 393 69 169 -1 -1 -1 -1 
932 66 337 392 71 172 -1 -1 -1 -1 
933 66 338 393 71 172 -1 -1 -1 -1 
934 66 339 395 70 171 -1 -1 -1 -1 
935 66 339 394 70 172 -1 -1 -1 -1 
936 66 339 398 69 168 -1 -1 -1 -1 
937 66 340 401 67 165 -1 -1 -1 -1 
938 66 339 400 68 166 -1 -1 -1 -1 
939 66 338 398 69 168 -1 -1 -1 -1 
940 66 338 397 69 169 -1 -1 -1 -1 
941 66 338 395 69 171 -1 -1 -1 -1 
942 66 337 395 70 172 -1 -1 -1 -1 
943 66 336 395 71 175 -1 -1 -1 -1 
944 66 335 397 71 176 -1 -1 -1 -1 
945 66 334 402 70 175 -1 -1 -1 -1 
946 66 333 406 70 175 -1 -1 -1 -1 
947 66 331 409 71 175 -1 -1 -1 -1 
948 66 330 411 71 176 -1 -1 -1 -1 
949 66 328 412 72 178 -1 -1 -1 -1 
950 66 327 413 72 177 -1 -1 -1 -1 
951 66 327 415 71 176 -1 -1 -1 -1 
952 66 327 416 71 176 -1 -1 -1 -1 
953 66 326 416 71 176 -1 -1 -1 -1 
954 66 326 414 71 178 -1 -1 -1 -1 
955 66 325 415 71 177 -1 -1 -1 -1 
956 66 325 416 71 176 -1 -1 -1 -1 
957 66 325 416 70 176 -1 -1 -1 -1 
958 66 325 417 71 175 -1 -1 -1 -1 
959 66 325 420 70 174 -1 -1 -1 -1 
960 66 325 423 69 173 -1 -1 -1 -1 
961 66 324 424 70 174 -1 -1 -1 -1 
962 66 323 424 70 177 -1 -1 -1 -1 
963 66 323 426 71 180 -1 -1 -1 -1 
964 66 321 424 73 185 -1 -1 -1 -1 
965 66 321 426 74 186 -1 -1 -1 -1 
966 66 321 430 74 183 -1 -1 -1 -1 
967 66 322 433 72 181 -1 -1 -1 -1 
968 66 322 433 73 181 -1 -1 -1 -1 
969 66 322 434 73 181 -1 -1 -1 -1 
970 66 323 435 73 180 -1 -1 -1 -1 
971 66 322 434 74 181 -1 -1 -1 -1 
972 66 323 436 72 179 -1 -1 -1 -1 
973 66 322 437 72 178 -1 -1 -1 -1 
974 66 321 437 72 177 -1 -1 -1 -1 
975 66 320 437 71 176 -1 -1 -1 -1 
976 66 319 437 71 176 -1 -1 -1 -1 
977 66 318 437 72 180 -1 -1 -1 -1 
978 66 318 440 72 179 -1 -1 -1 -1 
979 66 317 443 73 180 -1 -1 -1 -1 
980 66 317 445 73 180 -1 -1 -1 -1 
981 66 315 442 76 186 -1 -1 -1 -1 
982 66 315 443 75 184 -1 -1 -1 -1 
983 66 316 453 73 180 -1 -1 -1 -1 
984 66 316 455 73 181 -1 -1 -1 -1 
985 66 315 456 73 180 -1 -1 -1 -1 
986 66 314 457 73 179 -1 -1 -1 -1 
987 66 314 459 72 179 -1 -1 -1 -1 
988 66 313 460 72 179 -1 -1 -1 -1 
989 66 311 458 73 182 -1 -1 -1 -1 
990 66 311 457 73 183 -1 -1 -1 -1 
991 66 311 457 74 182 -1 -1 -1 -1 
992 66 309 449 77 189 -1 -1 -1 -1 
993 66 310 456 74 183 -1 -1 -1 -1 
994 66 311 460 73 181 -1 -1 -1 -1 
995 66 312 467 72 177 -1 -1 -1 -1 
996 66 313 473 72 176 -1 -1 -1 -1 
997 66 312 475 73 179 -1 -1 -1 -1 
998 66 311 474 75 182 -1 -1 -1 -1 
999 66 311 474 75 185 -1 -1 -1 -1 
1000 66 311 475 76 185 -1 -1 -1 -1 
1001 66 312 477 75 184 -1 -1 -1 -1 
1002 66 313 478 75 184 -1 -1 -1 -1 
1003 66 313 478 75 184 -1 -1 -1 -1 
1004 66 314 478 75 183 -1 -1 -1 -1 
1005 66 314 476 75 186 -1 -1 -1 -1 
1006 66 315 476 75 186 -1 -1 -1 -1 
1007 66 315 477 75 185 -1 -1 -1 -1 
1008 66 315 480 74 181 -1 -1 -1 -1 
1009 66 316 484 71 177 -1 -1 -1 -1 
1010 66 315 485 72 178 -1 -1 -1 -1 
1011 66 314 487 72 178 -1 -1 -1 -1 
1012 66 314 490 72 180 -1 -1 -1 -1 
1013 66 313 493 73 180 -1 -1 -1 -1 
1014 66 312 493 74 181 -1 -1 -1 -1 
1015 66 311 493 75 184 -1 -1 -1 -1 
1016 66 308 496 76 187 -1 -1 -1 -1 
1017 66 307 500 76 187 -1 -1 -1 -1 
1018 66 306 502 76 189 -1 -1 -1 -1 
1019 66 304 503 76 190 -1 -1 -1 -1 
1020 66 302 504 77 189 -1 -1 -1 -1 
1021 66 302 506 76 187 -1 -1 -1 -1 
1022 66 301 507 76 187 -1 -1 -1 -1 
1023 66 301 507 75 188 -1 -1 -1 -1 
1024 66 301 509 75 187 -1 -1 -1 -1 
1025 66 301 509 74 186 -1 -1 -1 -1 
1026 66 300 508 75 186 -1 -1 -1 -1 
1027 66 300 511 74 184 -1 -1 -1 -1 
1028 66 300 512 74 183 -1 -1 -1 -1 
1029 66 299 513 75 184 -1 -1 -1 -1 
1030 66 298 517 75 185 -1 -1 -1 -1 
1031 66 297 520 75 188 -1 -1 -1 -1 
1032 66 296 525 75 187 -1 -1 -1 -1 
1033 66 295 527 75 189 -1 -1 -1 -1 
1034 66 294 531 76 191 -1 -1 -1 -1 
1035 66 293 531 77 193 -1 -1 -1 -1 
1036 66 292 532 77 193 -1 -1 -1 -1 
1037 66 292 534 77 191 -1 -1 -1 -1 
1038 66 292 534 77 190 -1 -1 -1 -1 
1039 66 293 535 77 189 -1 -1 -1 -1 
1040 66 293 535 76 189 -1 -1 -1 -1 
1041 66 292 535 76 189 -1 -1 -1 -1 
1042 66 291 533 77 190 -1 -1 -1 -1 
1043 66 290 534 76 188 -1 -1 -1 -1 
1044 66 290 538 75 186 -1 -1 -1 -1 
1045 66 289 542 74 184 -1 -1 -1 -1 
1046 66 288 543 75 184 -1 -1 -1 -1 
1047 66 286 546 75 185 -1 -1 -1 -1 
1048 66 283 550 77 191 -1 -1 -1 -1 
1049 66 281 552 78 195 -1 -1 -1 -1 
1050 66 279 554 79 195 -1 -1 -1 -1 
633 67 199 105 62 156 -1 -1 -1 -1 
634 67 199 105 62 156 -1 -1 -1 -1 
635 67 199 105 63 158 -1 -1 -1 -1 
636 67 200 105 63 157 -1 -1 -1 -1 
637 67 200 106 62 157 -1 -1 -1 -1 
638 67 201 105 62 156 -1 -1 -1 -1 
639 67 200 105 64 157 -1 -1 -1 -1 
640 67 200 105 65 159 -1 -1 -1 -1 
641 67 200 105 64 158 -1 -1 -1 -1 
642 67 202 104 65 160 -1 -1 -1 -1 
643 67 202 105 63 155 -1 -1 -1 -1 
644 67 202 104 64 158 -1 -1 -1 -1 
645 67 202 106 63 153 -1 -1 -1 -1 
646 67 208 105 65 158 -1 -1 -1 -1 
647 67 205 105 64 158 -1 -1 -1 -1 
648 67 209 105 64 160 -1 -1 -1 -1 
649 67 210 107 65 159 -1 -1 -1 -1 
650 67 210 107 66 161 -1 -1 -1 -1 
651 67 210 107 67 165 -1 -1 -1 -1 
652 67 210 106 67 165 -1 -1 -1 -1 
653 67 210 106 67 165 -1 -1 -1 -1 
654 67 210 105 67 162 -1 -1 -1 -1 
655 67 211 105 66 165 -1 -1 -1 -1 
656 67 210 105 68 170 -1 -1 -1 -1 
657 67 209 105 68 170 -1 -1 -1 -1 
658 67 209 106 68 168 -1 -1 -1 -1 
659 67 209 106 67 168 -1 -1 -1 -1 
660 67 210 107 64 158 -1 -1 -1 -1 
661 67 210 106 63 155 -1 -1 -1 -1 
662 67 210 106 62 153 -1 -1 -1 -1 
663 67 208 107 63 156 -1 -1 -1 -1 
664 67 209 107 62 155 -1 -1 -1 -1 
665 67 209 107 63 155 -1 -1 -1 -1 
666 67 209 107 63 157 -1 -1 -1 -1 
667 67 208 107 64 157 -1 -1 -1 -1 
668 67 208 106 64 159 -1 -1 -1 -1 
669 67 207 107 64 163 -1 -1 -1 -1 
670 67 207 107 64 162 -1 -1 -1 -1 
671 67 207 108 64 162 -1 -1 -1 -1 
672 67 205 107 66 164 -1 -1 -1 -1 
673 67 204 106 67 167 -1 -1 -1 -1 
674 67 204 107 68 170 -1 -1 -1 -1 
675 67 204 108 68 171 -1 -1 -1 -1 
676 67 204 108 68 171 -1 -1 -1 -1 
677 67 203 108 70 173 -1 -1 -1 -1 
678 67 204 108 69 173 -1 -1 -1 -1 
679 67 204 108 69 173 -1 -1 -1 -1 
680 67 205 108 69 171 -1 -1 -1 -1 
681 67 206 108 67 169 -1 -1 -1 -1 
682 67 206 107 67 168 -1 -1 -1 -1 
683 67 207 108 66 166 -1 -1 -1 -1 
684 67 207 109 66 165 -1 -1 -1 -1 
685 67 209 114 64 162 -1 -1 -1 -1 
686 67 210 122 62 154 -1 -1 -1 -1 
687 67 210 126 61 151 -1 -1 -1 -1 
688 67 209 127 62 151 -1 -1 -1 -1 
689 67 209 126 62 152 -1 -1 -1 -1 
690 67 209 127 63 152 -1 -1 -1 -1 
691 67 212 134 60 148 -1 -1 -1 -1 
692 67 211 135 61 151 -1 -1 -1 -1 
693 67 210 133 63 155 -1 -1 -1 -1 
694 67 211 132 62 155 -1 -1 -1 -1 
695 67 211 133 62 154 -1 -1 -1 -1 
696 67 211 134 61 152 -1 -1 -1 -1 
697 67 210 135 62 155 -1 -1 -1 -1 
698 67 210 135 62 154 -1 -1 -1 -1 
699 67 209 133 63 157 -1 -1 -1 -1 
700 67 209 132 63 158 -1 -1 -1 -1 
701 67 209 129 64 161 -1 -1 -1 -1 
702 67 210 130 65 160 -1 -1 -1 -1 
703 67 210 130 65 160 -1 -1 -1 -1 
704 67 211 132 64 158 -1 -1 -1 -1 
705 67 212 132 63 156 -1 -1 -1 -1 
706 67 211 128 65 161 -1 -1 -1 -1 
707 67 209 120 68 169 -1 -1 -1 -1 
708 67 207 113 71 177 -1 -1 -1 -1 
709 67 207 108 70 176 -1 -1 -1 -1 
710 67 207 106 70 176 -1 -1 -1 -1 
711 67 208 106 68 174 -1 -1 -1 -1 
712 67 207 105 69 174 -1 -1 -1 -1 
713 67 208 105 67 172 -1 -1 -1 -1 
714 67 208 105 67 171 -1 -1 -1 -1 
715 67 207 106 67 166 -1 -1 -1 -1 
716 67 206 105 67 165 -1 -1 -1 -1 
717 67 206 104 67 167 -1 -1 -1 -1 
718 67 206 104 68 169 -1 -1 -1 -1 
719 67 206 103 68 171 -1 -1 -1 -1 
720 67 206 103 68 171 -1 -1 -1 -1 
721 67 206 103 68 171 -1 -1 -1 -1 
722 67 205 103 69 173 -1 -1 -1 -1 
723 67 205 102 69 173 -1 -1 -1 -1 
724 67 206 102 68 172 -1 -1 -1 -1 
725 67 206 102 67 171 -1 -1 -1 -1 
726 67 205 103 67 168 -1 -1 -1 -1 
727 67 205 103 66 168 -1 -1 -1 -1 
728 67 204 104 67 167 -1 -1 -1 -1 
729 67 203 105 65 161 -1 -1 -1 -1 
730 67 204 104 66 166 -1 -1 -1 -1 
731 67 204 104 66 168 -1 -1 -1 -1 
732 67 204 103 67 169 -1 -1 -1 -1 
733 67 204 103 68 171 -1 -1 -1 -1 
734 67 203 104 66 161 -1 -1 -1 -1 
735 67 203 104 65 159 -1 -1 -1 -1 
736 67 202 104 64 156 -1 -1 -1 -1 
737 67 202 105 63 152 -1 -1 -1 -1 
738 67 202 105 62 149 -1 -1 -1 -1 
739 67 202 106 61 148 -1 -1 -1 -1 
740 67 203 106 59 146 -1 -1 -1 -1 
741 67 203 107 57 142 -1 -1 -1 -1 
742 67 203 107 56 141 -1 -1 -1 -1 
743 67 202 107 56 140 -1 -1 -1 -1 
744 67 203 107 56 143 -1 -1 -1 -1 
745 67 203 108 57 144 -1 -1 -1 -1 
746 67 203 108 57 145 -1 -1 -1 -1 
747 67 203 108 58 148 -1 -1 -1 -1 
748 67 203 108 59 149 -1 -1 -1 -1 
749 67 204 109 57 145 -1 -1 -1 -1 
750 67 204 109 56 142 -1 -1 -1 -1 
751 67 204 109 56 142 -1 -1 -1 -1 
752 67 204 109 56 141 -1 -1 -1 -1 
753 67 203 108 57 143 -1 -1 -1 -1 
754 67 202 109 58 144 -1 -1 -1 -1 
755 67 203 108 57 146 -1 -1 -1 -1 
756 67 203 109 59 148 -1 -1 -1 -1 
757 67 203 109 58 148 -1 -1 -1 -1 
758 67 203 110 58 145 -1 -1 -1 -1 
759 67 203 111 57 143 -1 -1 -1 -1 
760 67 203 109 58 146 -1 -1 -1 -1 
761 67 202 108 59 149 -1 -1 -1 -1 
775 67 210 104 71 177 -1 -1 -1 -1 
776 67 211 104 72 177 -1 -1 -1 -1 
777 67 212 103 71 178 -1 -1 -1 -1 
778 67 212 103 72 179 -1 -1 -1 -1 
779 67 211 101 73 181 -1 -1 -1 -1 
780 67 211 100 73 181 -1 -1 -1 -1 
781 67 211 99 73 183 -1 -1 -1 -1 
782 67 211 98 74 185 -1 -1 -1 -1 
783 67 211 98 74 184 -1 -1 -1 -1 
784 67 211 99 74 183 -1 -1 -1 -1 
785 67 212 99 73 183 -1 -1 -1 -1 
786 67 213 100 74 183 -1 -1 -1 -1 
787 67 213 100 73 183 -1 -1 -1 -1 
788 67 213 101 72 182 -1 -1 -1 -1 
789 67 212 102 73 182 -1 -1 -1 -1 
790 67 212 102 72 181 -1 -1 -1 -1 
791 67 212 104 72 180 -1 -1 -1 -1 
792 67 212 104 71 180 -1 -1 -1 -1 
793 67 211 104 72 181 -1 -1 -1 -1 
794 67 212 105 71 180 -1 -1 -1 -1 
795 67 211 105 72 181 -1 -1 -1 -1 
796 67 212 105 71 180 -1 -1 -1 -1 
797 67 213 106 71 179 -1 -1 -1 -1 
798 67 213 105 72 180 -1 -1 -1 -1 
799 67 214 105 71 180 -1 -1 -1 -1 
800 67 213 105 71 180 -1 -1 -1 -1 
801 67 210 104 72 181 -1 -1 -1 -1 
802 67 211 103 72 182 -1 -1 -1 -1 
803 67 212 105 71 180 -1 -1 -1 -1 
804 67 213 105 71 180 -1 -1 -1 -1 
805 67 214 107 71 178 -1 -1 -1 -1 
806 67 216 109 70 177 -1 -1 -1 -1 
807 67 217 109 69 177 -1 -1 -1 -1 
808 67 216 109 70 176 -1 -1 -1 -1 
809 67 216 109 70 177 -1 -1 -1 -1 
810 67 216 110 70 176 -1 -1 -1 -1 
811 67 218 111 68 174 -1 -1 -1 -1 
812 67 218 111 68 174 -1 -1 -1 -1 
813 67 220 121 67 165 -1 -1 -1 -1 
814 67 215 112 69 173 -1 -1 -1 -1 
815 67 220 123 66 163 -1 -1 -1 -1 
816 67 223 129 64 157 -1 -1 -1 -1 
817 67 223 131 64 155 -1 -1 -1 -1 
818 67 222 124 65 162 -1 -1 -1 -1 
819 67 219 116 66 168 -1 -1 -1 -1 
820 67 224 132 62 153 -1 -1 -1 -1 
821 67 226 139 61 147 -1 -1 -1 -1 
822 67 227 139 61 147 -1 -1 -1 -1 
823 67 228 141 60 145 -1 -1 -1 -1 
824 67 222 122 64 162 -1 -1 -1 -1 
825 67 220 114 65 170 -1 -1 -1 -1 
826 67 224 124 64 161 -1 -1 -1 -1 
827 67 226 128 63 158 -1 -1 -1 -1 
828 67 228 130 62 156 -1 -1 -1 -1 
829 67 229 131 62 155 -1 -1 -1 -1 
830 67 229 130 63 156 -1 -1 -1 -1 
831 67 229 132 62 154 -1 -1 -1 -1 
832 67 229 132 62 153 -1 -1 -1 -1 
833 67 227 125 63 159 -1 -1 -1 -1 
834 67 226 125 64 159 -1 -1 -1 -1 
835 67 226 123 64 161 -1 -1 -1 -1 
836 67 225 119 65 166 -1 -1 -1 -1 
837 67 225 119 65 166 -1 -1 -1 -1 
838 67 223 118 66 168 -1 -1 -1 -1 
839 67 221 114 67 172 -1 -1 -1 -1 
840 67 223 120 66 166 -1 -1 -1 -1 
841 67 224 123 64 163 -1 -1 -1 -1 
842 67 225 126 63 160 -1 -1 -1 -1 
843 67 227 130 61 156 -1 -1 -1 -1 
844 67 227 130 62 156 -1 -1 -1 -1 
845 67 228 132 62 155 -1 -1 -1 -1 
846 67 229 133 61 154 -1 -1 -1 -1 
847 67 229 134 61 152 -1 -1 -1 -1 
848 67 229 134 61 152 -1 -1 -1 -1 
849 67 230 133 61 153 -1 -1 -1 -1 
850 67 230 133 62 154 -1 -1 -1 -1 
851 67 230 133 62 154 -1 -1 -1 -1 
852 67 230 132 62 154 -1 -1 -1 -1 
853 67 231 133 61 153 -1 -1 -1 -1 
854 67 231 133 61 153 -1 -1 -1 -1 
855 67 231 132 62 155 -1 -1 -1 -1 
856 67 231 133 61 153 -1 -1 -1 -1 
857 67 231 134 60 151 -1 -1 -1 -1 
858 67 230 134 61 152 -1 -1 -1 -1 
859 67 230 135 61 150 -1 -1 -1 -1 
860 67 231 136 60 149 -1 -1 -1 -1 
861 67 231 136 60 149 -1 -1 -1 -1 
862 67 231 137 60 149 -1 -1 -1 -1 
863 67 231 135 60 151 -1 -1 -1 -1 
864 67 228 132 63 154 -1 -1 -1 -1 
865 67 228 132 62 154 -1 -1 -1 -1 
866 67 226 129 63 157 -1 -1 -1 -1 
867 67 223 124 65 162 -1 -1 -1 -1 
868 67 222 123 66 164 -1 -1 -1 -1 
869 67 221 121 67 166 -1 -1 -1 -1 
870 67 222 123 66 163 -1 -1 -1 -1 
871 67 225 128 63 159 -1 -1 -1 -1 
872 67 225 129 63 158 -1 -1 -1 -1 
873 67 225 129 63 158 -1 -1 -1 -1 
874 67 226 132 62 155 -1 -1 -1 -1 
875 67 225 131 62 156 -1 -1 -1 -1 
876 67 226 132 61 155 -1 -1 -1 -1 
877 67 226 133 63 154 -1 -1 -1 -1 
878 67 225 131 64 157 -1 -1 -1 -1 
879 67 225 132 64 156 -1 -1 -1 -1 
880 67 226 133 63 155 -1 -1 -1 -1 
881 67 225 133 64 154 -1 -1 -1 -1 
882 67 224 130 65 158 -1 -1 -1 -1 
883 67 225 130 65 158 -1 -1 -1 -1 
884 67 228 133 63 154 -1 -1 -1 -1 
885 67 231 136 61 151 -1 -1 -1 -1 
886 67 233 138 59 148 -1 -1 -1 -1 
887 67 234 139 59 147 -1 -1 -1 -1 
888 67 235 138 58 147 -1 -1 -1 -1 
889 67 236 138 59 148 -1 -1 -1 -1 
890 67 237 138 59 148 -1 -1 -1 -1 
891 67 237 138 59 149 -1 -1 -1 -1 
892 67 237 139 60 149 -1 -1 -1 -1 
893 67 237 137 61 150 -1 -1 -1 -1 
894 67 237 136 62 150 -1 -1 -1 -1 
895 67 238 137 61 149 -1 -1 -1 -1 
896 67 238 136 62 150 -1 -1 -1 -1 
897 67 239 137 61 150 -1 -1 -1 -1 
898 67 239 137 61 150 -1 -1 -1 -1 
899 67 239 137 61 149 -1 -1 -1 -1 
900 67 238 137 62 149 -1 -1 -1 -1 
901 67 238 136 62 151 -1 -1 -1 -1 
902 67 238 136 62 150 -1 -1 -1 -1 
903 67 238 137 62 149 -1 -1 -1 -1 
904 67 238 137 62 149 -1 -1 -1 -1 
905 67 238 137 61 149 -1 -1 -1 -1 
906 67 238 137 62 149 -1 -1 -1 -1 
907 67 239 137 60 150 -1 -1 -1 -1 
908 67 238 136 61 150 -1 -1 -1 -1 
909 67 237 136 63 150 -1 -1 -1 -1 
910 67 237 135 62 151 -1 -1 -1 -1 
911 67 237 135 62 150 -1 -1 -1 -1 
912 67 237 136 62 149 -1 -1 -1 -1 
913 67 237 137 62 148 -1 -1 -1 -1 
914 67 236 137 62 148 -1 -1 -1 -1 
915 67 237 138 60 148 -1 -1 -1 -1 
916 67 237 138 60 148 -1 -1 -1 -1 
917 67 237 138 59 148 -1 -1 -1 -1 
918 67 235 137 60 149 -1 -1 -1 -1 
919 67 235 137 61 149 -1 -1 -1 -1 
920 67 235 137 62 149 -1 -1 -1 -1 
921 67 235 136 61 150 -1 -1 -1 -1 
922 67 233 133 62 153 -1 -1 -1 -1 
923 67 230 126 64 160 -1 -1 -1 -1 
924 67 229 122 65 164 -1 -1 -1 -1 
925 67 228 120 66 165 -1 -1 -1 -1 
926 67 228 117 67 169 -1 -1 -1 -1 
927 67 228 116 67 170 -1 -1 -1 -1 
928 67 229 119 66 167 -1 -1 -1 -1 
929 67 230 124 66 163 -1 -1 -1 -1 
930 67 232 127 64 160 -1 -1 -1 -1 
931 67 234 130 63 157 -1 -1 -1 -1 
932 67 235 131 62 155 -1 -1 -1 -1 
933 67 236 132 62 155 -1 -1 -1 -1 
934 67 236 133 62 154 -1 -1 -1 -1 
935 67 237 133 62 154 -1 -1 -1 -1 
936 67 237 133 62 154 -1 -1 -1 -1 
937 67 237 133 62 154 -1 -1 -1 -1 
938 67 237 133 62 154 -1 -1 -1 -1 
939 67 237 132 62 156 -1 -1 -1 -1 
940 67 237 132 62 155 -1 -1 -1 -1 
941 67 236 132 62 155 -1 -1 -1 -1 
942 67 236 133 61 154 -1 -1 -1 -1 
943 67 235 133 61 154 -1 -1 -1 -1 
944 67 233 129 63 159 -1 -1 -1 -1 
945 67 231 123 65 165 -1 -1 -1 -1 
946 67 228 118 68 170 -1 -1 -1 -1 
947 67 227 115 68 173 -1 -1 -1 -1 
948 67 226 112 69 176 -1 -1 -1 -1 
949 67 225 109 70 179 -1 -1 -1 -1 
950 67 224 107 71 181 -1 -1 -1 -1 
951 67 224 106 70 181 -1 -1 -1 -1 
952 67 223 106 70 181 -1 -1 -1 -1 
953 67 222 106 70 181 -1 -1 -1 -1 
954 67 222 106 69 181 -1 -1 -1 -1 
955 67 222 106 69 181 -1 -1 -1 -1 
956 67 222 108 68 180 -1 -1 -1 -1 
957 67 220 111 69 176 -1 -1 -1 -1 
958 67 219 111 69 177 -1 -1 -1 -1 
959 67 219 114 69 174 -1 -1 -1 -1 
960 67 219 115 69 174 -1 -1 -1 -1 
961 67 220 118 68 170 -1 -1 -1 -1 
962 67 219 115 68 173 -1 -1 -1 -1 
963 67 218 113 69 175 -1 -1 -1 -1 
964 67 219 112 68 175 -1 -1 -1 -1 
965 67 219 112 68 175 -1 -1 -1 -1 
966 67 219 113 68 174 -1 -1 -1 -1 
967 67 221 115 67 172 -1 -1 -1 -1 
968 67 224 124 64 163 -1 -1 -1 -1 
969 67 227 133 61 154 -1 -1 -1 -1 
970 67 229 137 59 150 -1 -1 -1 -1 
971 67 230 138 58 149 -1 -1 -1 -1 
972 67 231 140 58 147 -1 -1 -1 -1 
973 67 231 140 58 147 -1 -1 -1 -1 
974 67 231 140 58 147 -1 -1 -1 -1 
975 67 230 140 58 148 -1 -1 -1 -1 
976 67 229 140 58 147 -1 -1 -1 -1 
977 67 228 138 60 150 -1 -1 -1 -1 
978 67 227 136 60 152 -1 -1 -1 -1 
979 67 226 137 61 151 -1 -1 -1 -1 
980 67 226 136 60 151 -1 -1 -1 -1 
981 67 227 138 59 150 -1 -1 -1 -1 
982 67 227 139 59 149 -1 -1 -1 -1 
983 67 228 140 58 148 -1 -1 -1 -1 
984 67 228 141 58 147 -1 -1 -1 -1 
985 67 228 140 59 148 -1 -1 -1 -1 
986 67 228 139 59 148 -1 -1 -1 -1 
987 67 228 139 59 149 -1 -1 -1 -1 
988 67 228 139 59 149 -1 -1 -1 -1 
989 67 228 138 59 150 -1 -1 -1 -1 
990 67 229 139 59 149 -1 -1 -1 -1 
991 67 230 140 59 148 -1 -1 -1 -1 
992 67 230 141 58 148 -1 -1 -1 -1 
993 67 230 140 59 148 -1 -1 -1 -1 
994 67 230 138 59 150 -1 -1 -1 -1 
995 67 230 138 59 151 -1 -1 -1 -1 
996 67 230 138 59 151 -1 -1 -1 -1 
997 67 230 138 60 151 -1 -1 -1 -1 
998 67 230 138 60 151 -1 -1 -1 -1 
999 67 230 138 60 151 -1 -1 -1 -1 
1000 67 231 138 59 151 -1 -1 -1 -1 
1001 67 230 138 59 150 -1 -1 -1 -1 
1002 67 229 138 60 150 -1 -1 -1 -1 
1003 67 230 140 60 147 -1 -1 -1 -1 
1004 67 230 141 59 146 -1 -1 -1 -1 
1005 67 231 143 59 145 -1 -1 -1 -1 
1006 67 231 144 59 144 -1 -1 -1 -1 
1007 67 231 145 59 143 -1 -1 -1 -1 
1008 67 231 146 59 142 -1 -1 -1 -1 
1009 67 231 147 58 141 -1 -1 -1 -1 
1010 67 231 146 58 142 -1 -1 -1 -1 
1011 67 230 142 59 148 -1 -1 -1 -1 
1012 67 229 139 61 150 -1 -1 -1 -1 
1013 67 229 139 61 149 -1 -1 -1 -1 
1014 67 230 140 60 148 -1 -1 -1 -1 
1015 67 229 140 61 148 -1 -1 -1 -1 
1016 67 230 141 60 147 -1 -1 -1 -1 
1017 67 230 144 60 144 -1 -1 -1 -1 
1018 67 231 144 59 144 -1 -1 -1 -1 
1019 67 231 145 58 143 -1 -1 -1 -1 
1020 67 231 144 59 144 -1 -1 -1 -1 
1021 67 231 143 59 145 -1 -1 -1 -1 
1022 67 231 144 59 144 -1 -1 -1 -1 
1023 67 232 145 58 144 -1 -1 -1 -1 
1024 67 233 145 58 144 -1 -1 -1 -1 
1025 67 233 146 58 143 -1 -1 -1 -1 
1026 67 233 145 59 145 -1 -1 -1 -1 
1027 67 234 145 59 145 -1 -1 -1 -1 
1028 67 234 143 59 148 -1 -1 -1 -1 
1029 67 234 142 60 149 -1 -1 -1 -1 
1030 67 234 141 60 150 -1 -1 -1 -1 
1031 67 234 141 60 150 -1 -1 -1 -1 
1032 67 234 141 60 150 -1 -1 -1 -1 
1033 67 234 142 60 148 -1 -1 -1 -1 
1034 67 234 142 60 148 -1 -1 -1 -1 
1035 67 234 144 60 146 -1 -1 -1 -1 
1036 67 234 145 60 145 -1 -1 -1 -1 
1037 67 233 145 60 145 -1 -1 -1 -1 
1038 67 232 145 60 144 -1 -1 -1 -1 
1039 67 232 146 60 143 -1 -1 -1 -1 
1040 67 232 146 59 143 -1 -1 -1 -1 
1041 67 231 147 59 142 -1 -1 -1 -1 
1042 67 231 147 59 142 -1 -1 -1 -1 
1043 67 230 144 59 146 -1 -1 -1 -1 
1044 67 229 143 60 147 -1 -1 -1 -1 
1045 67 229 142 59 147 -1 -1 -1 -1 
1046 67 228 141 60 148 -1 -1 -1 -1 
1047 67 228 141 59 147 -1 -1 -1 -1 
1048 67 227 140 60 147 -1 -1 -1 -1 
1049 67 227 141 59 146 -1 -1 -1 -1 
1050 67 228 140 58 146 -1 -1 -1 -1 
642 68 417 0 60 141 -1 -1 -1 -1 
643 68 416 0 60 141 -1 -1 -1 -1 
644 68 415 0 61 142 -1 -1 -1 -1 
645 68 414 0 61 142 -1 -1 -1 -1 
646 68 415 0 57 138 -1 -1 -1 -1 
647 68 413 0 58 140 -1 -1 -1 -1 
648 68 413 0 59 139 -1 -1 -1 -1 
649 68 413 0 58 140 -1 -1 -1 -1 
650 68 412 0 59 141 -1 -1 -1 -1 
651 68 412 0 58 141 -1 -1 -1 -1 
652 68 411 0 58 140 -1 -1 -1 -1 
653 68 409 0 58 139 -1 -1 -1 -1 
654 68 409 0 57 139 -1 -1 -1 -1 
655 68 409 0 58 141 -1 -1 -1 -1 
656 68 409 0 58 141 -1 -1 -1 -1 
657 68 408 0 58 141 -1 -1 -1 -1 
658 68 407 0 58 141 -1 -1 -1 -1 
659 68 407 0 59 145 -1 -1 -1 -1 
660 68 408 0 58 145 -1 -1 -1 -1 
661 68 408 0 58 146 -1 -1 -1 -1 
662 68 409 0 57 147 -1 -1 -1 -1 
663 68 409 0 56 145 -1 -1 -1 -1 
664 68 409 0 56 144 -1 -1 -1 -1 
665 68 409 0 56 144 -1 -1 -1 -1 
666 68 409 0 57 145 -1 -1 -1 -1 
667 68 408 0 59 147 -1 -1 -1 -1 
668 68 408 0 58 148 -1 -1 -1 -1 
669 68 407 0 58 147 -1 -1 -1 -1 
670 68 407 1 58 148 -1 -1 -1 -1 
671 68 406 2 58 148 -1 -1 -1 -1 
672 68 405 2 59 150 -1 -1 -1 -1 
673 68 404 3 61 154 -1 -1 -1 -1 
674 68 402 2 63 158 -1 -1 -1 -1 
675 68 400 2 64 161 -1 -1 -1 -1 
676 68 400 4 64 159 -1 -1 -1 -1 
677 68 400 5 64 160 -1 -1 -1 -1 
678 68 400 5 64 160 -1 -1 -1 -1 
679 68 399 6 65 160 -1 -1 -1 -1 
680 68 399 7 65 160 -1 -1 -1 -1 
681 68 399 5 63 157 -1 -1 -1 -1 
682 68 399 5 63 157 -1 -1 -1 -1 
683 68 400 5 62 157 -1 -1 -1 -1 
684 68 401 6 62 155 -1 -1 -1 -1 
685 68 402 6 62 156 -1 -1 -1 -1 
686 68 402 6 63 158 -1 -1 -1 -1 
687 68 402 6 63 158 -1 -1 -1 -1 
688 68 403 5 63 159 -1 -1 -1 -1 
689 68 403 3 63 161 -1 -1 -1 -1 
690 68 402 2 65 165 -1 -1 -1 -1 
691 68 402 4 65 167 -1 -1 -1 -1 
692 68 403 4 64 169 -1 -1 -1 -1 
693 68 403 4 65 172 -1 -1 -1 -1 
694 68 403 4 65 172 -1 -1 -1 -1 
695 68 404 2 64 164 -1 -1 -1 -1 
696 68 406 3 61 157 -1 -1 -1 -1 
697 68 406 6 62 154 -1 -1 -1 -1 
698 68 406 11 60 159 -1 -1 -1 -1 
699 68 405 12 62 165 -1 -1 -1 -1 
700 68 405 15 64 166 -1 -1 -1 -1 
701 68 406 15 64 168 -1 -1 -1 -1 
702 68 407 15 64 166 -1 -1 -1 -1 
703 68 409 15 63 162 -1 -1 -1 -1 
704 68 409 17 62 160 -1 -1 -1 -1 
705 68 411 19 60 157 -1 -1 -1 -1 
706 68 411 21 59 155 -1 -1 -1 -1 
707 68 411 22 60 158 -1 -1 -1 -1 
708 68 411 22 62 161 -1 -1 -1 -1 
709 68 411 23 62 162 -1 -1 -1 -1 
710 68 412 22 64 163 -1 -1 -1 -1 
711 68 413 21 66 167 -1 -1 -1 -1 
712 68 413 22 66 169 -1 -1 -1 -1 
713 68 415 23 61 158 -1 -1 -1 -1 
714 68 413 25 62 158 -1 -1 -1 -1 
715 68 413 29 60 152 -1 -1 -1 -1 
716 68 413 32 57 148 -1 -1 -1 -1 
717 68 411 35 59 151 -1 -1 -1 -1 
718 68 411 36 60 156 -1 -1 -1 -1 
719 68 411 36 62 159 -1 -1 -1 -1 
720 68 411 32 66 168 -1 -1 -1 -1 
721 68 412 29 66 170 -1 -1 -1 -1 
722 68 413 27 67 171 -1 -1 -1 -1 
723 68 415 26 65 167 -1 -1 -1 -1 
724 68 415 25 66 171 -1 -1 -1 -1 
725 68 416 24 66 170 -1 -1 -1 -1 
726 68 419 25 63 160 -1 -1 -1 -1 
727 68 421 25 62 155 -1 -1 -1 -1 
728 68 422 24 62 160 -1 -1 -1 -1 
729 68 424 25 62 159 -1 -1 -1 -1 
730 68 423 26 65 165 -1 -1 -1 -1 
731 68 425 28 65 165 -1 -1 -1 -1 
732 68 426 29 67 167 -1 -1 -1 -1 
733 68 427 33 66 164 -1 -1 -1 -1 
734 68 428 36 65 162 -1 -1 -1 -1 
735 68 431 39 64 158 -1 -1 -1 -1 
736 68 434 39 63 158 -1 -1 -1 -1 
737 68 434 40 64 158 -1 -1 -1 -1 
738 68 432 41 64 158 -1 -1 -1 -1 
739 68 434 40 64 159 -1 -1 -1 -1 
740 68 436 41 64 161 -1 -1 -1 -1 
741 68 439 40 67 167 -1 -1 -1 -1 
742 68 442 39 66 166 -1 -1 -1 -1 
743 68 443 38 66 166 -1 -1 -1 -1 
744 68 442 40 67 167 -1 -1 -1 -1 
745 68 443 42 65 162 -1 -1 -1 -1 
746 68 444 47 61 149 -1 -1 -1 -1 
747 68 450 42 55 139 -1 -1 -1 -1 
748 68 445 46 63 155 -1 -1 -1 -1 
749 68 443 47 66 164 -1 -1 -1 -1 
750 68 441 47 68 169 -1 -1 -1 -1 
751 68 441 49 68 172 -1 -1 -1 -1 
752 68 442 49 67 171 -1 -1 -1 -1 
753 68 442 49 68 174 -1 -1 -1 -1 
754 68 442 48 68 175 -1 -1 -1 -1 
755 68 443 48 66 165 -1 -1 -1 -1 
756 68 444 48 65 160 -1 -1 -1 -1 
757 68 444 48 67 168 -1 -1 -1 -1 
758 68 444 48 69 176 -1 -1 -1 -1 
759 68 444 47 72 185 -1 -1 -1 -1 
760 68 445 48 72 184 -1 -1 -1 -1 
761 68 447 48 70 178 -1 -1 -1 -1 
762 68 448 47 71 180 -1 -1 -1 -1 
763 68 451 48 69 173 -1 -1 -1 -1 
764 68 452 50 69 176 -1 -1 -1 -1 
765 68 452 52 70 176 -1 -1 -1 -1 
766 68 456 54 66 164 -1 -1 -1 -1 
767 68 459 55 64 157 -1 -1 -1 -1 
768 68 461 56 62 155 -1 -1 -1 -1 
769 68 461 56 63 157 -1 -1 -1 -1 
770 68 461 57 64 158 -1 -1 -1 -1 
771 68 461 57 65 163 -1 -1 -1 -1 
772 68 463 58 64 159 -1 -1 -1 -1 
773 68 465 58 63 157 -1 -1 -1 -1 
774 68 464 57 67 163 -1 -1 -1 -1 
775 68 465 58 68 165 -1 -1 -1 -1 
776 68 466 58 68 167 -1 -1 -1 -1 
777 68 467 58 67 166 -1 -1 -1 -1 
778 68 467 59 69 168 -1 -1 -1 -1 
779 68 467 62 70 175 -1 -1 -1 -1 
780 68 468 62 69 173 -1 -1 -1 -1 
781 68 471 61 66 166 -1 -1 -1 -1 
782 68 473 62 62 152 -1 -1 -1 -1 
783 68 473 64 59 145 -1 -1 -1 -1 
784 68 472 66 60 147 -1 -1 -1 -1 
785 68 470 69 63 159 -1 -1 -1 -1 
786 68 469 71 66 164 -1 -1 -1 -1 
787 68 469 71 68 171 -1 -1 -1 -1 
788 68 468 71 69 174 -1 -1 -1 -1 
789 68 468 72 69 175 -1 -1 -1 -1 
790 68 468 73 70 175 -1 -1 -1 -1 
791 68 469 76 69 174 -1 -1 -1 -1 
792 68 470 79 67 170 -1 -1 -1 -1 
793 68 470 81 67 167 -1 -1 -1 -1 
794 68 469 81 67 168 -1 -1 -1 -1 
795 68 470 83 66 166 -1 -1 -1 -1 
796 68 472 87 65 161 -1 -1 -1 -1 
797 68 474 88 63 158 -1 -1 -1 -1 
798 68 475 86 63 159 -1 -1 -1 -1 
799 68 474 84 65 161 -1 -1 -1 -1 
800 68 475 84 64 162 -1 -1 -1 -1 
801 68 474 85 66 165 -1 -1 -1 -1 
802 68 474 84 66 163 -1 -1 -1 -1 
803 68 473 82 68 171 -1 -1 -1 -1 
804 68 473 81 69 172 -1 -1 -1 -1 
805 68 474 81 69 171 -1 -1 -1 -1 
806 68 477 81 66 165 -1 -1 -1 -1 
807 68 478 84 64 163 -1 -1 -1 -1 
808 68 482 84 59 148 -1 -1 -1 -1 
809 68 481 87 61 153 -1 -1 -1 -1 
810 68 477 94 63 160 -1 -1 -1 -1 
811 68 474 96 65 166 -1 -1 -1 -1 
812 68 472 94 68 171 -1 -1 -1 -1 
813 68 471 96 67 168 -1 -1 -1 -1 
814 68 469 98 67 167 -1 -1 -1 -1 
815 68 468 98 67 168 -1 -1 -1 -1 
816 68 468 98 66 168 -1 -1 -1 -1 
817 68 467 100 66 167 -1 -1 -1 -1 
818 68 466 101 66 167 -1 -1 -1 -1 
819 68 466 101 66 167 -1 -1 -1 -1 
820 68 466 99 69 173 -1 -1 -1 -1 
821 68 466 97 71 179 -1 -1 -1 -1 
822 68 466 97 71 181 -1 -1 -1 -1 
823 68 465 99 72 181 -1 -1 -1 -1 
824 68 464 99 73 184 -1 -1 -1 -1 
825 68 463 99 74 185 -1 -1 -1 -1 
826 68 463 98 73 183 -1 -1 -1 -1 
827 68 464 98 72 182 -1 -1 -1 -1 
828 68 465 98 71 179 -1 -1 -1 -1 
829 68 465 100 71 178 -1 -1 -1 -1 
830 68 465 101 71 177 -1 -1 -1 -1 
831 68 466 102 70 173 -1 -1 -1 -1 
832 68 468 103 68 169 -1 -1 -1 -1 
833 68 473 105 61 153 -1 -1 -1 -1 
834 68 470 110 66 166 -1 -1 -1 -1 
835 68 472 107 65 160 -1 -1 -1 -1 
836 68 474 106 63 153 -1 -1 -1 -1 
837 68 474 111 64 159 -1 -1 -1 -1 
838 68 473 112 66 163 -1 -1 -1 -1 
839 68 471 111 68 167 -1 -1 -1 -1 
840 68 470 111 69 172 -1 -1 -1 -1 
841 68 470 114 69 174 -1 -1 -1 -1 
842 68 471 115 67 168 -1 -1 -1 -1 
843 68 470 115 68 168 -1 -1 -1 -1 
844 68 468 120 69 171 -1 -1 -1 -1 
845 68 468 120 69 172 -1 -1 -1 -1 
846 68 467 122 69 173 -1 -1 -1 -1 
847 68 468 124 67 171 -1 -1 -1 -1 
848 68 468 127 66 169 -1 -1 -1 -1 
849 68 469 125 64 162 -1 -1 -1 -1 
850 68 468 127 63 155 -1 -1 -1 -1 
851 68 466 131 64 157 -1 -1 -1 -1 
852 68 463 133 68 166 -1 -1 -1 -1 
853 68 462 135 70 172 -1 -1 -1 -1 
854 68 461 136 72 178 -1 -1 -1 -1 
855 68 461 136 73 180 -1 -1 -1 -1 
856 68 464 137 71 178 -1 -1 -1 -1 
857 68 466 143 69 172 -1 -1 -1 -1 
858 68 468 146 68 171 -1 -1 -1 -1 
859 68 470 150 66 168 -1 -1 -1 -1 
860 68 471 152 65 164 -1 -1 -1 -1 
861 68 471 154 64 160 -1 -1 -1 -1 
862 68 471 154 63 159 -1 -1 -1 -1 
863 68 471 154 64 158 -1 -1 -1 -1 
864 68 471 153 64 159 -1 -1 -1 -1 
865 68 471 152 65 160 -1 -1 -1 -1 
866 68 472 150 64 162 -1 -1 -1 -1 
867 68 472 149 65 162 -1 -1 -1 -1 
868 68 472 149 65 162 -1 -1 -1 -1 
869 68 473 149 65 161 -1 -1 -1 -1 
870 68 474 149 64 159 -1 -1 -1 -1 
871 68 470 150 68 171 -1 -1 -1 -1 
872 68 467 150 71 177 -1 -1 -1 -1 
873 68 467 152 71 178 -1 -1 -1 -1 
874 68 469 157 70 176 -1 -1 -1 -1 
875 68 469 161 71 175 -1 -1 -1 -1 
876 68 470 163 70 175 -1 -1 -1 -1 
877 68 471 164 69 173 -1 -1 -1 -1 
878 68 472 165 69 173 -1 -1 -1 -1 
879 68 472 165 69 174 -1 -1 -1 -1 
880 68 472 166 69 175 -1 -1 -1 -1 
881 68 471 167 69 174 -1 -1 -1 -1 
882 68 471 167 69 174 -1 -1 -1 -1 
883 68 472 169 68 172 -1 -1 -1 -1 
884 68 472 170 68 172 -1 -1 -1 -1 
885 68 473 170 68 171 -1 -1 -1 -1 
886 68 475 172 66 168 -1 -1 -1 -1 
887 68 475 173 67 168 -1 -1 -1 -1 
888 68 476 176 68 170 -1 -1 -1 -1 
889 68 476 177 68 172 -1 -1 -1 -1 
890 68 476 180 68 169 -1 -1 -1 -1 
891 68 477 182 66 167 -1 -1 -1 -1 
892 68 477 182 66 167 -1 -1 -1 -1 
893 68 477 184 66 165 -1 -1 -1 -1 
894 68 476 184 66 165 -1 -1 -1 -1 
895 68 476 185 66 165 -1 -1 -1 -1 
896 68 475 184 67 167 -1 -1 -1 -1 
897 68 473 179 69 171 -1 -1 -1 -1 
898 68 474 179 68 169 -1 -1 -1 -1 
899 68 474 175 67 170 -1 -1 -1 -1 
900 68 473 176 68 170 -1 -1 -1 -1 
901 68 473 182 67 169 -1 -1 -1 -1 
902 68 475 187 65 166 -1 -1 -1 -1 
903 68 475 191 64 162 -1 -1 -1 -1 
904 68 473 193 66 167 -1 -1 -1 -1 
905 68 473 193 66 166 -1 -1 -1 -1 
906 68 470 189 68 171 -1 -1 -1 -1 
907 68 470 188 67 171 -1 -1 -1 -1 
908 68 466 189 70 176 -1 -1 -1 -1 
909 68 464 188 72 180 -1 -1 -1 -1 
910 68 464 187 72 182 -1 -1 -1 -1 
911 68 464 188 72 181 -1 -1 -1 -1 
912 68 463 189 72 180 -1 -1 -1 -1 
913 68 464 190 69 174 -1 -1 -1 -1 
914 68 465 191 67 170 -1 -1 -1 -1 
915 68 462 192 70 175 -1 -1 -1 -1 
916 68 461 192 70 176 -1 -1 -1 -1 
917 68 460 193 70 176 -1 -1 -1 -1 
918 68 459 191 73 181 -1 -1 -1 -1 
919 68 459 192 73 183 -1 -1 -1 -1 
920 68 459 192 73 184 -1 -1 -1 -1 
921 68 456 194 75 189 -1 -1 -1 -1 
922 68 457 193 75 190 -1 -1 -1 -1 
923 68 457 195 73 185 -1 -1 -1 -1 
924 68 457 198 71 182 -1 -1 -1 -1 
925 68 463 198 68 169 -1 -1 -1 -1 
926 68 467 198 65 164 -1 -1 -1 -1 
927 68 468 199 64 161 -1 -1 -1 -1 
928 68 469 200 64 159 -1 -1 -1 -1 
929 68 470 201 64 158 -1 -1 -1 -1 
930 68 471 202 64 157 -1 -1 -1 -1 
931 68 472 202 64 156 -1 -1 -1 -1 
932 68 474 202 63 158 -1 -1 -1 -1 
933 68 476 203 61 155 -1 -1 -1 -1 
934 68 477 203 61 156 -1 -1 -1 -1 
935 68 477 205 62 153 -1 -1 -1 -1 
936 68 479 205 62 157 -1 -1 -1 -1 
937 68 477 204 64 159 -1 -1 -1 -1 
938 68 476 205 65 162 -1 -1 -1 -1 
939 68 477 206 66 165 -1 -1 -1 -1 
940 68 477 207 66 167 -1 -1 -1 -1 
941 68 477 208 66 168 -1 -1 -1 -1 
942 68 476 211 67 168 -1 -1 -1 -1 
943 68 476 213 67 169 -1 -1 -1 -1 
944 68 475 215 67 170 -1 -1 -1 -1 
945 68 474 216 68 169 -1 -1 -1 -1 
946 68 475 218 66 167 -1 -1 -1 -1 
947 68 475 219 67 168 -1 -1 -1 -1 
948 68 475 221 68 169 -1 -1 -1 -1 
949 68 475 221 67 167 -1 -1 -1 -1 
950 68 476 223 67 165 -1 -1 -1 -1 
951 68 476 223 67 165 -1 -1 -1 -1 
952 68 477 224 66 164 -1 -1 -1 -1 
953 68 478 226 65 162 -1 -1 -1 -1 
954 68 478 225 66 163 -1 -1 -1 -1 
955 68 479 226 64 163 -1 -1 -1 -1 
956 68 480 228 63 162 -1 -1 -1 -1 
957 68 481 229 63 160 -1 -1 -1 -1 
958 68 481 230 64 160 -1 -1 -1 -1 
959 68 482 232 65 159 -1 -1 -1 -1 
960 68 483 233 64 159 -1 -1 -1 -1 
961 68 484 234 65 159 -1 -1 -1 -1 
962 68 486 233 65 162 -1 -1 -1 -1 
963 68 487 234 65 163 -1 -1 -1 -1 
964 68 488 235 66 162 -1 -1 -1 -1 
965 68 489 235 65 164 -1 -1 -1 -1 
966 68 489 236 66 163 -1 -1 -1 -1 
967 68 490 237 66 164 -1 -1 -1 -1 
968 68 490 237 66 166 -1 -1 -1 -1 
969 68 491 238 66 166 -1 -1 -1 -1 
970 68 491 240 66 166 -1 -1 -1 -1 
971 68 491 241 67 169 -1 -1 -1 -1 
972 68 491 242 68 169 -1 -1 -1 -1 
973 68 492 243 67 169 -1 -1 -1 -1 
974 68 492 245 68 168 -1 -1 -1 -1 
975 68 493 247 67 168 -1 -1 -1 -1 
976 68 493 249 68 170 -1 -1 -1 -1 
977 68 493 250 68 170 -1 -1 -1 -1 
978 68 493 251 68 169 -1 -1 -1 -1 
979 68 493 252 68 169 -1 -1 -1 -1 
980 68 493 252 68 169 -1 -1 -1 -1 
981 68 494 252 68 170 -1 -1 -1 -1 
982 68 494 252 68 170 -1 -1 -1 -1 
983 68 494 252 68 170 -1 -1 -1 -1 
984 68 494 252 68 171 -1 -1 -1 -1 
985 68 495 252 68 173 -1 -1 -1 -1 
986 68 495 253 69 172 -1 -1 -1 -1 
987 68 495 254 69 173 -1 -1 -1 -1 
988 68 496 255 67 172 -1 -1 -1 -1 
989 68 496 257 67 171 -1 -1 -1 -1 
990 68 496 260 67 169 -1 -1 -1 -1 
991 68 498 263 66 168 -1 -1 -1 -1 
992 68 498 265 66 167 -1 -1 -1 -1 
993 68 499 266 66 168 -1 -1 -1 -1 
994 68 500 267 67 168 -1 -1 -1 -1 
995 68 500 266 68 170 -1 -1 -1 -1 
996 68 500 267 69 169 -1 -1 -1 -1 
997 68 500 267 69 170 -1 -1 -1 -1 
998 68 500 268 69 171 -1 -1 -1 -1 
999 68 500 268 70 171 -1 -1 -1 -1 
1000 68 500 269 69 170 -1 -1 -1 -1 
1001 68 500 270 69 170 -1 -1 -1 -1 
1002 68 499 271 70 173 -1 -1 -1 -1 
1003 68 499 273 70 173 -1 -1 -1 -1 
1004 68 499 276 69 175 -1 -1 -1 -1 
1005 68 498 277 69 175 -1 -1 -1 -1 
1006 68 497 280 69 173 -1 -1 -1 -1 
1007 68 496 283 70 173 -1 -1 -1 -1 
1008 68 496 286 69 172 -1 -1 -1 -1 
1009 68 496 287 68 172 -1 -1 -1 -1 
1010 68 495 288 69 171 -1 -1 -1 -1 
1011 68 494 289 69 170 -1 -1 -1 -1 
1012 68 493 289 69 171 -1 -1 -1 -1 
1013 68 493 289 68 171 -1 -1 -1 -1 
1014 68 492 290 69 170 -1 -1 -1 -1 
1015 68 493 289 68 171 -1 -1 -1 -1 
1016 68 492 288 69 173 -1 -1 -1 -1 
1017 68 492 289 69 172 -1 -1 -1 -1 
1018 68 491 290 70 173 -1 -1 -1 -1 
1019 68 491 291 70 176 -1 -1 -1 -1 
1020 68 491 294 69 174 -1 -1 -1 -1 
1021 68 491 297 69 172 -1 -1 -1 -1 
1022 68 491 298 69 172 -1 -1 -1 -1 
1023 68 491 299 69 172 -1 -1 -1 -1 
1024 68 491 301 69 172 -1 -1 -1 -1 
1025 68 491 301 70 176 -1 -1 -1 -1 
1026 68 491 302 70 175 -1 -1 -1 -1 
1027 68 491 303 70 175 -1 -1 -1 -1 
1028 68 491 304 70 176 -1 -1 -1 -1 
1029 68 491 305 69 175 -1 -1 -1 -1 
1030 68 490 306 70 176 -1 -1 -1 -1 
1031 68 489 308 71 174 -1 -1 -1 -1 
1032 68 489 309 70 175 -1 -1 -1 -1 
1033 68 488 310 71 176 -1 -1 -1 -1 
1034 68 488 312 71 176 -1 -1 -1 -1 
1035 68 486 311 72 179 -1 -1 -1 -1 
1036 68 487 313 71 178 -1 -1 -1 -1 
1037 68 486 316 71 176 -1 -1 -1 -1 
1038 68 484 319 72 176 -1 -1 -1 -1 
1039 68 482 322 71 177 -1 -1 -1 -1 
1040 68 480 324 72 178 -1 -1 -1 -1 
1041 68 479 325 72 179 -1 -1 -1 -1 
1042 68 478 326 73 178 -1 -1 -1 -1 
1043 68 478 327 72 178 -1 -1 -1 -1 
1044 68 477 327 73 180 -1 -1 -1 -1 
1045 68 476 328 73 179 -1 -1 -1 -1 
1046 68 476 328 73 180 -1 -1 -1 -1 
1047 68 476 329 72 179 -1 -1 -1 -1 
1048 68 475 329 73 180 -1 -1 -1 -1 
1049 68 474 330 74 182 -1 -1 -1 -1 
1050 68 475 333 72 178 -1 -1 -1 -1 
644 69 359 0 53 125 -1 -1 -1 -1 
645 69 359 0 52 125 -1 -1 -1 -1 
646 69 358 0 53 127 -1 -1 -1 -1 
647 69 358 0 53 129 -1 -1 -1 -1 
648 69 357 0 53 129 -1 -1 -1 -1 
649 69 355 0 55 130 -1 -1 -1 -1 
650 69 355 0 55 131 -1 -1 -1 -1 
651 69 354 0 55 130 -1 -1 -1 -1 
652 69 351 0 56 133 -1 -1 -1 -1 
653 69 350 0 56 133 -1 -1 -1 -1 
654 69 350 0 55 133 -1 -1 -1 -1 
655 69 351 0 54 132 -1 -1 -1 -1 
656 69 350 0 55 133 -1 -1 -1 -1 
657 69 349 0 57 135 -1 -1 -1 -1 
658 69 349 0 56 136 -1 -1 -1 -1 
659 69 349 0 56 137 -1 -1 -1 -1 
660 69 348 0 56 138 -1 -1 -1 -1 
661 69 347 1 55 139 -1 -1 -1 -1 
662 69 347 1 54 138 -1 -1 -1 -1 
663 69 347 2 53 137 -1 -1 -1 -1 
664 69 348 3 52 136 -1 -1 -1 -1 
665 69 348 3 53 137 -1 -1 -1 -1 
666 69 348 2 54 139 -1 -1 -1 -1 
667 69 348 2 55 140 -1 -1 -1 -1 
668 69 348 2 55 142 -1 -1 -1 -1 
669 69 348 2 55 142 -1 -1 -1 -1 
670 69 348 2 56 142 -1 -1 -1 -1 
671 69 348 1 55 143 -1 -1 -1 -1 
672 69 347 2 56 142 -1 -1 -1 -1 
673 69 347 2 56 142 -1 -1 -1 -1 
674 69 349 3 57 143 -1 -1 -1 -1 
675 69 348 6 56 140 -1 -1 -1 -1 
676 69 349 7 57 142 -1 -1 -1 -1 
677 69 349 9 58 144 -1 -1 -1 -1 
678 69 349 11 59 145 -1 -1 -1 -1 
679 69 347 12 60 146 -1 -1 -1 -1 
680 69 347 14 60 147 -1 -1 -1 -1 
681 69 346 14 60 147 -1 -1 -1 -1 
682 69 346 15 60 148 -1 -1 -1 -1 
683 69 346 16 60 148 -1 -1 -1 -1 
684 69 346 16 60 149 -1 -1 -1 -1 
685 69 346 16 60 149 -1 -1 -1 -1 
686 69 346 15 60 150 -1 -1 -1 -1 
687 69 348 14 57 148 -1 -1 -1 -1 
688 69 348 14 57 147 -1 -1 -1 -1 
689 69 348 14 58 147 -1 -1 -1 -1 
690 69 349 14 57 147 -1 -1 -1 -1 
691 69 349 14 57 147 -1 -1 -1 -1 
692 69 349 16 57 146 -1 -1 -1 -1 
693 69 349 18 58 147 -1 -1 -1 -1 
694 69 350 19 57 144 -1 -1 -1 -1 
695 69 352 21 57 144 -1 -1 -1 -1 
696 69 352 22 58 146 -1 -1 -1 -1 
697 69 354 24 56 143 -1 -1 -1 -1 
698 69 355 25 56 143 -1 -1 -1 -1 
699 69 356 26 58 149 -1 -1 -1 -1 
700 69 357 27 60 151 -1 -1 -1 -1 
701 69 357 27 61 153 -1 -1 -1 -1 
702 69 359 27 60 152 -1 -1 -1 -1 
703 69 361 27 58 147 -1 -1 -1 -1 
704 69 362 27 57 147 -1 -1 -1 -1 
705 69 361 28 57 144 -1 -1 -1 -1 
706 69 362 29 56 142 -1 -1 -1 -1 
707 69 362 29 56 141 -1 -1 -1 -1 
708 69 362 29 56 142 -1 -1 -1 -1 
709 69 362 29 57 143 -1 -1 -1 -1 
710 69 362 30 57 143 -1 -1 -1 -1 
711 69 361 31 58 145 -1 -1 -1 -1 
712 69 361 32 58 145 -1 -1 -1 -1 
713 69 362 33 56 142 -1 -1 -1 -1 
714 69 361 34 57 143 -1 -1 -1 -1 
715 69 362 36 56 139 -1 -1 -1 -1 
716 69 362 37 56 137 -1 -1 -1 -1 
717 69 362 39 56 138 -1 -1 -1 -1 
718 69 362 39 57 142 -1 -1 -1 -1 
719 69 361 40 59 144 -1 -1 -1 -1 
720 69 360 40 60 147 -1 -1 -1 -1 
721 69 360 40 60 147 -1 -1 -1 -1 
722 69 360 40 60 147 -1 -1 -1 -1 
723 69 361 40 59 147 -1 -1 -1 -1 
724 69 361 40 60 146 -1 -1 -1 -1 
725 69 362 40 60 146 -1 -1 -1 -1 
726 69 363 40 59 146 -1 -1 -1 -1 
727 69 363 40 61 147 -1 -1 -1 -1 
728 69 363 42 62 149 -1 -1 -1 -1 
729 69 364 43 62 150 -1 -1 -1 -1 
730 69 366 44 64 154 -1 -1 -1 -1 
731 69 369 45 62 153 -1 -1 -1 -1 
732 69 370 46 63 154 -1 -1 -1 -1 
733 69 371 47 63 155 -1 -1 -1 -1 
734 69 374 48 62 155 -1 -1 -1 -1 
735 69 376 49 62 155 -1 -1 -1 -1 
736 69 378 51 62 154 -1 -1 -1 -1 
737 69 378 51 64 159 -1 -1 -1 -1 
738 69 379 51 64 159 -1 -1 -1 -1 
739 69 380 51 64 158 -1 -1 -1 -1 
740 69 382 52 62 154 -1 -1 -1 -1 
741 69 382 53 63 154 -1 -1 -1 -1 
742 69 383 54 63 153 -1 -1 -1 -1 
743 69 384 54 63 153 -1 -1 -1 -1 
744 69 385 54 62 153 -1 -1 -1 -1 
745 69 387 55 62 153 -1 -1 -1 -1 
746 69 388 56 62 153 -1 -1 -1 -1 
747 69 390 58 61 153 -1 -1 -1 -1 
748 69 389 59 64 158 -1 -1 -1 -1 
749 69 390 60 65 160 -1 -1 -1 -1 
750 69 393 61 62 157 -1 -1 -1 -1 
751 69 394 61 61 155 -1 -1 -1 -1 
752 69 395 62 61 153 -1 -1 -1 -1 
753 69 395 63 61 153 -1 -1 -1 -1 
754 69 395 64 63 160 -1 -1 -1 -1 
755 69 394 66 65 164 -1 -1 -1 -1 
756 69 394 67 65 165 -1 -1 -1 -1 
757 69 394 67 66 167 -1 -1 -1 -1 
758 69 395 67 66 167 -1 -1 -1 -1 
759 69 395 67 67 168 -1 -1 -1 -1 
760 69 396 66 67 171 -1 -1 -1 -1 
761 69 395 66 68 172 -1 -1 -1 -1 
762 69 396 66 68 172 -1 -1 -1 -1 
763 69 397 66 68 172 -1 -1 -1 -1 
764 69 400 67 67 170 -1 -1 -1 -1 
765 69 402 68 67 168 -1 -1 -1 -1 
766 69 402 70 67 166 -1 -1 -1 -1 
767 69 403 70 66 165 -1 -1 -1 -1 
768 69 404 72 65 162 -1 -1 -1 -1 
769 69 406 74 63 160 -1 -1 -1 -1 
770 69 407 75 63 160 -1 -1 -1 -1 
771 69 407 76 64 161 -1 -1 -1 -1 
772 69 409 77 63 161 -1 -1 -1 -1 
773 69 411 79 64 161 -1 -1 -1 -1 
774 69 413 79 65 166 -1 -1 -1 -1 
775 69 413 80 67 166 -1 -1 -1 -1 
776 69 414 80 66 167 -1 -1 -1 -1 
777 69 415 79 66 169 -1 -1 -1 -1 
778 69 415 80 67 169 -1 -1 -1 -1 
779 69 415 80 67 169 -1 -1 -1 -1 
780 69 416 80 66 168 -1 -1 -1 -1 
781 69 417 81 65 164 -1 -1 -1 -1 
782 69 418 82 64 162 -1 -1 -1 -1 
783 69 418 83 64 160 -1 -1 -1 -1 
784 69 416 83 66 167 -1 -1 -1 -1 
785 69 416 85 66 167 -1 -1 -1 -1 
786 69 417 86 66 167 -1 -1 -1 -1 
787 69 417 89 65 163 -1 -1 -1 -1 
788 69 417 90 66 168 -1 -1 -1 -1 
789 69 417 91 67 170 -1 -1 -1 -1 
790 69 417 91 68 173 -1 -1 -1 -1 
791 69 417 92 68 172 -1 -1 -1 -1 
792 69 417 92 68 173 -1 -1 -1 -1 
793 69 417 93 67 171 -1 -1 -1 -1 
794 69 417 93 68 173 -1 -1 -1 -1 
795 69 417 93 69 175 -1 -1 -1 -1 
796 69 417 93 69 176 -1 -1 -1 -1 
797 69 417 93 69 178 -1 -1 -1 -1 
798 69 417 93 70 181 -1 -1 -1 -1 
799 69 417 93 71 183 -1 -1 -1 -1 
800 69 416 93 71 183 -1 -1 -1 -1 
801 69 417 95 69 178 -1 -1 -1 -1 
802 69 417 96 67 173 -1 -1 -1 -1 
803 69 418 98 66 169 -1 -1 -1 -1 
804 69 418 100 66 169 -1 -1 -1 -1 
805 69 418 102 67 168 -1 -1 -1 -1 
806 69 418 105 68 169 -1 -1 -1 -1 
807 69 419 106 66 166 -1 -1 -1 -1 
808 69 419 108 66 165 -1 -1 -1 -1 
809 69 420 111 66 163 -1 -1 -1 -1 
810 69 420 112 67 163 -1 -1 -1 -1 
811 69 421 112 67 164 -1 -1 -1 -1 
812 69 422 112 67 165 -1 -1 -1 -1 
813 69 423 110 68 169 -1 -1 -1 -1 
814 69 423 110 68 169 -1 -1 -1 -1 
815 69 423 110 69 172 -1 -1 -1 -1 
816 69 424 110 68 169 -1 -1 -1 -1 
817 69 424 109 68 169 -1 -1 -1 -1 
818 69 424 110 68 169 -1 -1 -1 -1 
819 69 424 111 68 170 -1 -1 -1 -1 
820 69 423 112 69 172 -1 -1 -1 -1 
821 69 423 113 69 174 -1 -1 -1 -1 
822 69 422 114 69 174 -1 -1 -1 -1 
823 69 422 114 69 175 -1 -1 -1 -1 
824 69 423 116 68 172 -1 -1 -1 -1 
825 69 422 118 68 172 -1 -1 -1 -1 
826 69 421 119 70 176 -1 -1 -1 -1 
827 69 419 120 71 179 -1 -1 -1 -1 
828 69 418 121 70 178 -1 -1 -1 -1 
829 69 419 121 69 175 -1 -1 -1 -1 
830 69 418 122 70 179 -1 -1 -1 -1 
831 69 417 123 71 180 -1 -1 -1 -1 
832 69 417 123 71 180 -1 -1 -1 -1 
833 69 416 123 71 180 -1 -1 -1 -1 
834 69 415 124 72 180 -1 -1 -1 -1 
835 69 415 125 72 181 -1 -1 -1 -1 
836 69 414 126 72 181 -1 -1 -1 -1 
837 69 415 126 71 180 -1 -1 -1 -1 
838 69 414 128 70 174 -1 -1 -1 -1 
839 69 414 130 68 169 -1 -1 -1 -1 
840 69 415 132 68 167 -1 -1 -1 -1 
841 69 414 133 66 162 -1 -1 -1 -1 
842 69 414 134 66 162 -1 -1 -1 -1 
843 69 415 136 68 172 -1 -1 -1 -1 
844 69 416 137 66 166 -1 -1 -1 -1 
845 69 416 139 69 174 -1 -1 -1 -1 
846 69 417 140 68 175 -1 -1 -1 -1 
847 69 418 141 67 173 -1 -1 -1 -1 
848 69 418 141 67 171 -1 -1 -1 -1 
849 69 418 142 69 176 -1 -1 -1 -1 
850 69 418 142 70 179 -1 -1 -1 -1 
851 69 418 142 69 176 -1 -1 -1 -1 
852 69 418 141 70 177 -1 -1 -1 -1 
853 69 419 142 68 175 -1 -1 -1 -1 
854 69 419 142 70 180 -1 -1 -1 -1 
855 69 418 142 72 186 -1 -1 -1 -1 
856 69 418 143 73 186 -1 -1 -1 -1 
857 69 418 144 72 182 -1 -1 -1 -1 
858 69 417 147 73 183 -1 -1 -1 -1 
859 69 417 148 72 181 -1 -1 -1 -1 
860 69 418 150 69 176 -1 -1 -1 -1 
861 69 418 152 68 172 -1 -1 -1 -1 
862 69 418 154 67 168 -1 -1 -1 -1 
863 69 417 156 68 170 -1 -1 -1 -1 
864 69 414 156 70 176 -1 -1 -1 -1 
865 69 412 156 72 182 -1 -1 -1 -1 
866 69 411 157 73 186 -1 -1 -1 -1 
867 69 411 158 75 188 -1 -1 -1 -1 
868 69 410 158 76 191 -1 -1 -1 -1 
869 69 410 157 76 191 -1 -1 -1 -1 
870 69 410 157 75 190 -1 -1 -1 -1 
871 69 409 159 72 180 -1 -1 -1 -1 
872 69 408 157 70 177 -1 -1 -1 -1 
873 69 407 157 66 169 -1 -1 -1 -1 
874 69 407 159 64 162 -1 -1 -1 -1 
875 69 407 160 64 160 -1 -1 -1 -1 
876 69 406 161 65 161 -1 -1 -1 -1 
877 69 405 163 65 161 -1 -1 -1 -1 
878 69 404 165 67 166 -1 -1 -1 -1 
879 69 403 167 66 163 -1 -1 -1 -1 
880 69 402 170 66 162 -1 -1 -1 -1 
881 69 401 171 66 164 -1 -1 -1 -1 
882 69 400 172 67 165 -1 -1 -1 -1 
883 69 399 172 67 166 -1 -1 -1 -1 
884 69 398 173 68 166 -1 -1 -1 -1 
885 69 398 173 67 165 -1 -1 -1 -1 
886 69 398 175 66 162 -1 -1 -1 -1 
887 69 398 175 65 161 -1 -1 -1 -1 
888 69 398 176 64 159 -1 -1 -1 -1 
889 69 398 176 63 157 -1 -1 -1 -1 
890 69 397 177 64 155 -1 -1 -1 -1 
891 69 397 177 64 154 -1 -1 -1 -1 
892 69 396 179 64 155 -1 -1 -1 -1 
893 69 395 180 65 157 -1 -1 -1 -1 
894 69 395 181 66 158 -1 -1 -1 -1 
895 69 394 182 65 159 -1 -1 -1 -1 
896 69 392 185 65 158 -1 -1 -1 -1 
897 69 391 185 66 162 -1 -1 -1 -1 
898 69 390 186 66 166 -1 -1 -1 -1 
899 69 389 188 67 166 -1 -1 -1 -1 
900 69 388 189 65 164 -1 -1 -1 -1 
901 69 387 189 65 165 -1 -1 -1 -1 
902 69 386 191 65 165 -1 -1 -1 -1 
903 69 384 190 66 164 -1 -1 -1 -1 
904 69 382 192 66 162 -1 -1 -1 -1 
905 69 381 193 65 163 -1 -1 -1 -1 
906 69 379 194 66 163 -1 -1 -1 -1 
907 69 377 194 66 162 -1 -1 -1 -1 
908 69 375 195 66 162 -1 -1 -1 -1 
909 69 375 196 65 160 -1 -1 -1 -1 
910 69 375 196 65 160 -1 -1 -1 -1 
911 69 374 198 65 159 -1 -1 -1 -1 
912 69 375 200 64 159 -1 -1 -1 -1 
913 69 374 202 64 158 -1 -1 -1 -1 
914 69 373 205 64 159 -1 -1 -1 -1 
915 69 372 206 65 159 -1 -1 -1 -1 
916 69 372 208 64 159 -1 -1 -1 -1 
917 69 371 209 63 157 -1 -1 -1 -1 
918 69 369 211 64 159 -1 -1 -1 -1 
919 69 370 211 63 159 -1 -1 -1 -1 
920 69 370 211 63 158 -1 -1 -1 -1 
921 69 370 212 62 159 -1 -1 -1 -1 
922 69 369 213 64 160 -1 -1 -1 -1 
923 69 369 214 64 160 -1 -1 -1 -1 
924 69 368 215 64 162 -1 -1 -1 -1 
925 69 368 215 64 163 -1 -1 -1 -1 
926 69 367 216 64 162 -1 -1 -1 -1 
927 69 367 217 63 158 -1 -1 -1 -1 
928 69 366 218 63 158 -1 -1 -1 -1 
929 69 365 219 62 156 -1 -1 -1 -1 
930 69 365 221 62 155 -1 -1 -1 -1 
931 69 364 224 63 157 -1 -1 -1 -1 
932 69 363 225 64 158 -1 -1 -1 -1 
933 69 364 226 62 155 -1 -1 -1 -1 
934 69 364 227 62 152 -1 -1 -1 -1 
935 69 364 228 61 153 -1 -1 -1 -1 
936 69 362 230 62 151 -1 -1 -1 -1 
937 69 359 231 64 155 -1 -1 -1 -1 
938 69 357 230 65 159 -1 -1 -1 -1 
939 69 356 230 66 162 -1 -1 -1 -1 
940 69 353 231 67 162 -1 -1 -1 -1 
941 69 352 231 67 161 -1 -1 -1 -1 
942 69 351 232 66 157 -1 -1 -1 -1 
943 69 351 231 64 158 -1 -1 -1 -1 
944 69 350 231 64 156 -1 -1 -1 -1 
945 69 349 231 64 157 -1 -1 -1 -1 
946 69 348 231 64 157 -1 -1 -1 -1 
947 69 348 234 63 156 -1 -1 -1 -1 
948 69 347 235 63 158 -1 -1 -1 -1 
949 69 346 235 64 162 -1 -1 -1 -1 
950 69 345 236 65 164 -1 -1 -1 -1 
951 69 344 237 65 165 -1 -1 -1 -1 
952 69 342 239 65 164 -1 -1 -1 -1 
953 69 341 238 66 168 -1 -1 -1 -1 
954 69 340 240 66 166 -1 -1 -1 -1 
955 69 339 242 65 163 -1 -1 -1 -1 
956 69 337 244 66 166 -1 -1 -1 -1 
957 69 337 247 65 163 -1 -1 -1 -1 
958 69 336 247 66 166 -1 -1 -1 -1 
959 69 335 248 67 167 -1 -1 -1 -1 
960 69 335 248 67 168 -1 -1 -1 -1 
961 69 333 247 69 171 -1 -1 -1 -1 
962 69 333 248 69 171 -1 -1 -1 -1 
963 69 333 248 68 170 -1 -1 -1 -1 
964 69 331 247 70 172 -1 -1 -1 -1 
965 69 330 247 70 171 -1 -1 -1 -1 
966 69 330 247 69 172 -1 -1 -1 -1 
967 69 330 249 69 171 -1 -1 -1 -1 
968 69 329 249 69 172 -1 -1 -1 -1 
969 69 329 251 69 170 -1 -1 -1 -1 
970 69 328 252 69 171 -1 -1 -1 -1 
971 69 327 254 70 171 -1 -1 -1 -1 
972 69 327 255 69 169 -1 -1 -1 -1 
973 69 326 256 68 168 -1 -1 -1 -1 
974 69 325 258 68 166 -1 -1 -1 -1 
975 69 324 259 67 165 -1 -1 -1 -1 
976 69 324 261 66 162 -1 -1 -1 -1 
977 69 324 263 65 160 -1 -1 -1 -1 
978 69 323 263 65 162 -1 -1 -1 -1 
979 69 322 264 65 161 -1 -1 -1 -1 
980 69 321 263 65 162 -1 -1 -1 -1 
981 69 321 264 65 165 -1 -1 -1 -1 
982 69 320 265 66 165 -1 -1 -1 -1 
983 69 319 266 66 165 -1 -1 -1 -1 
984 69 317 267 66 165 -1 -1 -1 -1 
985 69 315 267 66 166 -1 -1 -1 -1 
986 69 315 268 66 166 -1 -1 -1 -1 
987 69 314 269 67 168 -1 -1 -1 -1 
988 69 312 270 68 169 -1 -1 -1 -1 
989 69 311 273 68 167 -1 -1 -1 -1 
990 69 310 277 67 166 -1 -1 -1 -1 
991 69 308 279 69 166 -1 -1 -1 -1 
992 69 308 280 69 167 -1 -1 -1 -1 
993 69 308 281 69 167 -1 -1 -1 -1 
994 69 308 281 69 168 -1 -1 -1 -1 
995 69 307 282 70 169 -1 -1 -1 -1 
996 69 307 282 69 169 -1 -1 -1 -1 
997 69 307 283 69 170 -1 -1 -1 -1 
998 69 307 283 69 169 -1 -1 -1 -1 
999 69 306 282 70 171 -1 -1 -1 -1 
1000 69 307 282 69 171 -1 -1 -1 -1 
1001 69 307 283 69 171 -1 -1 -1 -1 
1002 69 307 283 69 171 -1 -1 -1 -1 
1003 69 306 284 70 173 -1 -1 -1 -1 
1004 69 305 285 71 175 -1 -1 -1 -1 
1005 69 304 286 72 177 -1 -1 -1 -1 
1006 69 303 288 73 180 -1 -1 -1 -1 
1007 69 303 290 73 181 -1 -1 -1 -1 
1008 69 302 291 73 182 -1 -1 -1 -1 
1009 69 302 293 71 180 -1 -1 -1 -1 
1010 69 301 295 71 176 -1 -1 -1 -1 
1011 69 301 297 70 175 -1 -1 -1 -1 
1012 69 300 298 71 175 -1 -1 -1 -1 
1013 69 300 299 69 172 -1 -1 -1 -1 
1014 69 300 301 68 169 -1 -1 -1 -1 
1015 69 298 302 69 169 -1 -1 -1 -1 
1016 69 297 302 69 170 -1 -1 -1 -1 
1017 69 296 302 69 171 -1 -1 -1 -1 
1018 69 294 302 71 174 -1 -1 -1 -1 
1019 69 293 302 71 177 -1 -1 -1 -1 
1020 69 293 303 71 177 -1 -1 -1 -1 
1021 69 291 303 73 180 -1 -1 -1 -1 
1022 69 291 303 73 180 -1 -1 -1 -1 
1023 69 291 305 72 179 -1 -1 -1 -1 
1024 69 292 307 71 177 -1 -1 -1 -1 
1025 69 292 309 71 177 -1 -1 -1 -1 
1026 69 291 310 73 179 -1 -1 -1 -1 
1027 69 291 312 73 182 -1 -1 -1 -1 
1028 69 291 314 73 182 -1 -1 -1 -1 
1029 69 290 315 73 181 -1 -1 -1 -1 
1030 69 292 317 73 181 -1 -1 -1 -1 
1031 69 293 319 72 178 -1 -1 -1 -1 
1032 69 294 320 72 178 -1 -1 -1 -1 
1033 69 294 321 72 177 -1 -1 -1 -1 
1034 69 294 322 72 176 -1 -1 -1 -1 
1035 69 294 322 73 177 -1 -1 -1 -1 
1036 69 295 322 72 177 -1 -1 -1 -1 
1037 69 295 323 72 176 -1 -1 -1 -1 
1038 69 295 323 72 177 -1 -1 -1 -1 
1039 69 296 323 71 177 -1 -1 -1 -1 
1040 69 295 324 72 179 -1 -1 -1 -1 
1041 69 295 325 72 180 -1 -1 -1 -1 
1042 69 295 327 72 181 -1 -1 -1 -1 
1043 69 294 328 73 183 -1 -1 -1 -1 
1044 69 293 330 73 183 -1 -1 -1 -1 
1045 69 292 332 74 183 -1 -1 -1 -1 
1046 69 292 333 73 182 -1 -1 -1 -1 
1047 69 292 336 72 179 -1 -1 -1 -1 
1048 69 290 337 73 180 -1 -1 -1 -1 
1049 69 290 340 72 179 -1 -1 -1 -1 
1050 69 288 341 72 179 -1 -1 -1 -1 
664 70 1428 893 75 178 -1 -1 -1 -1 
665 70 1426 890 78 182 -1 -1 -1 -1 
666 70 1423 887 79 188 -1 -1 -1 -1 
667 70 1420 882 82 194 -1 -1 -1 -1 
668 70 1416 878 84 195 -1 -1 -1 -1 
669 70 1412 876 83 196 -1 -1 -1 -1 
670 70 1408 873 84 198 -1 -1 -1 -1 
671 70 1403 869 86 202 -1 -1 -1 -1 
672 70 1400 866 87 207 -1 -1 -1 -1 
673 70 1396 863 89 211 -1 -1 -1 -1 
674 70 1394 862 89 212 -1 -1 -1 -1 
675 70 1392 863 89 212 -1 -1 -1 -1 
676 70 1390 863 88 212 -1 -1 -1 -1 
677 70 1386 862 87 212 -1 -1 -1 -1 
678 70 1381 860 88 213 -1 -1 -1 -1 
679 70 1378 859 89 215 -1 -1 -1 -1 
680 70 1374 856 89 217 -1 -1 -1 -1 
681 70 1368 854 92 218 -1 -1 -1 -1 
682 70 1365 852 93 221 -1 -1 -1 -1 
683 70 1361 847 93 226 -1 -1 -1 -1 
684 70 1356 842 95 231 -1 -1 -1 -1 
685 70 1352 839 96 232 -1 -1 -1 -1 
686 70 1350 836 96 234 -1 -1 -1 -1 
687 70 1346 833 97 236 -1 -1 -1 -1 
688 70 1341 829 100 240 -1 -1 -1 -1 
689 70 1338 826 100 243 -1 -1 -1 -1 
690 70 1334 825 100 245 -1 -1 -1 -1 
691 70 1331 824 100 246 -1 -1 -1 -1 
692 70 1328 821 101 250 -1 -1 -1 -1 
693 70 1325 819 102 251 -1 -1 -1 -1 
694 70 1322 818 103 251 -1 -1 -1 -1 
695 70 1319 817 103 252 -1 -1 -1 -1 
696 70 1317 815 104 254 -1 -1 -1 -1 
697 70 1316 814 104 255 -1 -1 -1 -1 
698 70 1314 811 106 258 -1 -1 -1 -1 
699 70 1313 807 105 260 -1 -1 -1 -1 
700 70 1310 802 105 260 -1 -1 -1 -1 
701 70 1307 799 105 262 -1 -1 -1 -1 
702 70 1305 796 104 258 -1 -1 -1 -1 
703 70 1305 793 101 251 -1 -1 -1 -1 
704 70 1304 790 100 250 -1 -1 -1 -1 
705 70 1301 786 100 250 -1 -1 -1 -1 
706 70 1298 784 100 250 -1 -1 -1 -1 
707 70 1294 782 101 250 -1 -1 -1 -1 
708 70 1290 781 100 247 -1 -1 -1 -1 
709 70 1287 781 99 246 -1 -1 -1 -1 
710 70 1282 780 99 244 -1 -1 -1 -1 
711 70 1279 778 96 240 -1 -1 -1 -1 
712 70 1277 777 97 240 -1 -1 -1 -1 
713 70 1276 777 95 237 -1 -1 -1 -1 
714 70 1273 775 96 238 -1 -1 -1 -1 
715 70 1270 772 97 239 -1 -1 -1 -1 
716 70 1268 770 96 237 -1 -1 -1 -1 
717 70 1265 767 96 236 -1 -1 -1 -1 
718 70 1262 762 96 237 -1 -1 -1 -1 
719 70 1259 758 95 237 -1 -1 -1 -1 
720 70 1256 755 95 237 -1 -1 -1 -1 
721 70 1253 752 96 238 -1 -1 -1 -1 
722 70 1248 750 98 244 -1 -1 -1 -1 
723 70 1243 747 100 249 -1 -1 -1 -1 
724 70 1240 746 101 252 -1 -1 -1 -1 
725 70 1237 745 102 254 -1 -1 -1 -1 
726 70 1235 744 102 255 -1 -1 -1 -1 
727 70 1233 743 102 255 -1 -1 -1 -1 
728 70 1231 743 101 250 -1 -1 -1 -1 
729 70 1229 741 100 250 -1 -1 -1 -1 
730 70 1228 738 100 252 -1 -1 -1 -1 
731 70 1226 736 100 252 -1 -1 -1 -1 
732 70 1223 732 102 255 -1 -1 -1 -1 
733 70 1222 729 99 246 -1 -1 -1 -1 
734 70 1220 726 97 240 -1 -1 -1 -1 
735 70 1218 724 96 235 -1 -1 -1 -1 
736 70 1217 720 94 233 -1 -1 -1 -1 
737 70 1215 717 95 236 -1 -1 -1 -1 
738 70 1211 714 97 239 -1 -1 -1 -1 
739 70 1209 711 98 242 -1 -1 -1 -1 
740 70 1206 709 98 243 -1 -1 -1 -1 
741 70 1204 709 97 238 -1 -1 -1 -1 
742 70 1201 709 95 235 -1 -1 -1 -1 
743 70 1196 707 96 238 -1 -1 -1 -1 
744 70 1193 707 96 238 -1 -1 -1 -1 
745 70 1190 707 94 235 -1 -1 -1 -1 
746 70 1187 704 93 235 -1 -1 -1 -1 
747 70 1184 701 93 234 -1 -1 -1 -1 
748 70 1182 698 94 234 -1 -1 -1 -1 
749 70 1179 695 95 234 -1 -1 -1 -1 
750 70 1177 693 95 231 -1 -1 -1 -1 
751 70 1175 689 94 230 -1 -1 -1 -1 
752 70 1172 686 93 229 -1 -1 -1 -1 
753 70 1170 683 93 229 -1 -1 -1 -1 
754 70 1167 679 94 232 -1 -1 -1 -1 
755 70 1162 676 96 237 -1 -1 -1 -1 
756 70 1159 673 97 242 -1 -1 -1 -1 
757 70 1155 672 99 244 -1 -1 -1 -1 
758 70 1152 672 100 247 -1 -1 -1 -1 
759 70 1150 671 100 249 -1 -1 -1 -1 
760 70 1149 671 100 248 -1 -1 -1 -1 
761 70 1148 671 101 249 -1 -1 -1 -1 
762 70 1146 669 102 250 -1 -1 -1 -1 
763 70 1144 668 101 249 -1 -1 -1 -1 
764 70 1143 664 100 249 -1 -1 -1 -1 
765 70 1141 660 99 248 -1 -1 -1 -1 
766 70 1139 657 98 244 -1 -1 -1 -1 
767 70 1138 654 96 239 -1 -1 -1 -1 
768 70 1136 651 93 230 -1 -1 -1 -1 
769 70 1134 648 93 229 -1 -1 -1 -1 
770 70 1133 645 93 231 -1 -1 -1 -1 
771 70 1130 644 93 231 -1 -1 -1 -1 
772 70 1127 641 94 234 -1 -1 -1 -1 
773 70 1124 639 96 236 -1 -1 -1 -1 
774 70 1122 637 96 236 -1 -1 -1 -1 
775 70 1118 636 97 238 -1 -1 -1 -1 
776 70 1116 636 97 238 -1 -1 -1 -1 
777 70 1115 635 95 238 -1 -1 -1 -1 
778 70 1113 635 95 236 -1 -1 -1 -1 
779 70 1111 634 94 231 -1 -1 -1 -1 
780 70 1109 632 93 229 -1 -1 -1 -1 
781 70 1107 629 93 230 -1 -1 -1 -1 
782 70 1105 627 93 229 -1 -1 -1 -1 
783 70 1102 625 91 225 -1 -1 -1 -1 
784 70 1100 623 90 222 -1 -1 -1 -1 
785 70 1097 619 91 224 -1 -1 -1 -1 
786 70 1094 615 92 226 -1 -1 -1 -1 
787 70 1091 613 94 230 -1 -1 -1 -1 
788 70 1088 610 95 233 -1 -1 -1 -1 
789 70 1085 608 95 236 -1 -1 -1 -1 
790 70 1082 608 96 238 -1 -1 -1 -1 
791 70 1080 607 96 239 -1 -1 -1 -1 
792 70 1078 606 96 240 -1 -1 -1 -1 
793 70 1076 605 98 242 -1 -1 -1 -1 
794 70 1076 604 98 243 -1 -1 -1 -1 
795 70 1075 603 99 244 -1 -1 -1 -1 
796 70 1075 601 99 244 -1 -1 -1 -1 
797 70 1074 598 99 245 -1 -1 -1 -1 
798 70 1071 597 99 243 -1 -1 -1 -1 
799 70 1070 594 98 242 -1 -1 -1 -1 
800 70 1071 591 95 234 -1 -1 -1 -1 
801 70 1072 589 91 225 -1 -1 -1 -1 
802 70 1072 587 89 221 -1 -1 -1 -1 
803 70 1070 585 90 222 -1 -1 -1 -1 
804 70 1068 581 92 226 -1 -1 -1 -1 
805 70 1066 579 92 226 -1 -1 -1 -1 
806 70 1065 577 93 228 -1 -1 -1 -1 
807 70 1063 576 91 226 -1 -1 -1 -1 
808 70 1061 576 91 225 -1 -1 -1 -1 
809 70 1059 576 91 226 -1 -1 -1 -1 
810 70 1057 575 91 227 -1 -1 -1 -1 
811 70 1056 575 90 225 -1 -1 -1 -1 
812 70 1054 574 91 224 -1 -1 -1 -1 
813 70 1054 572 90 224 -1 -1 -1 -1 
814 70 1053 570 91 224 -1 -1 -1 -1 
815 70 1052 568 90 224 -1 -1 -1 -1 
816 70 1050 566 89 220 -1 -1 -1 -1 
817 70 1048 563 88 220 -1 -1 -1 -1 
818 70 1046 559 88 221 -1 -1 -1 -1 
819 70 1043 555 90 225 -1 -1 -1 -1 
820 70 1040 552 92 227 -1 -1 -1 -1 
821 70 1039 551 92 227 -1 -1 -1 -1 
822 70 1038 550 91 227 -1 -1 -1 -1 
823 70 1036 549 92 228 -1 -1 -1 -1 
824 70 1034 548 93 231 -1 -1 -1 -1 
825 70 1033 547 94 233 -1 -1 -1 -1 
826 70 1032 548 94 231 -1 -1 -1 -1 
827 70 1031 547 95 232 -1 -1 -1 -1 
828 70 1030 545 95 233 -1 -1 -1 -1 
829 70 1030 544 94 233 -1 -1 -1 -1 
830 70 1028 542 95 234 -1 -1 -1 -1 
831 70 1027 541 95 234 -1 -1 -1 -1 
832 70 1027 539 94 230 -1 -1 -1 -1 
833 70 1029 537 90 222 -1 -1 -1 -1 
834 70 1030 534 87 216 -1 -1 -1 -1 
835 70 1030 531 86 214 -1 -1 -1 -1 
836 70 1028 528 87 214 -1 -1 -1 -1 
837 70 1026 525 88 216 -1 -1 -1 -1 
838 70 1025 523 89 219 -1 -1 -1 -1 
839 70 1024 522 88 219 -1 -1 -1 -1 
840 70 1023 521 88 219 -1 -1 -1 -1 
841 70 1020 519 90 222 -1 -1 -1 -1 
842 70 1017 517 89 222 -1 -1 -1 -1 
843 70 1015 516 88 220 -1 -1 -1 -1 
844 70 1013 516 87 218 -1 -1 -1 -1 
845 70 1012 516 86 216 -1 -1 -1 -1 
846 70 1010 516 86 214 -1 -1 -1 -1 
847 70 1008 515 86 213 -1 -1 -1 -1 
848 70 1007 514 85 212 -1 -1 -1 -1 
849 70 1006 511 85 211 -1 -1 -1 -1 
850 70 1004 508 85 210 -1 -1 -1 -1 
851 70 1002 506 85 210 -1 -1 -1 -1 
852 70 1000 503 85 213 -1 -1 -1 -1 
853 70 998 501 87 214 -1 -1 -1 -1 
854 70 996 499 88 217 -1 -1 -1 -1 
855 70 994 498 87 217 -1 -1 -1 -1 
856 70 992 496 88 220 -1 -1 -1 -1 
857 70 989 494 90 223 -1 -1 -1 -1 
858 70 988 494 90 224 -1 -1 -1 -1 
859 70 987 494 90 225 -1 -1 -1 -1 
860 70 986 493 91 226 -1 -1 -1 -1 
861 70 986 492 91 226 -1 -1 -1 -1 
862 70 986 492 90 224 -1 -1 -1 -1 
863 70 986 491 90 223 -1 -1 -1 -1 
864 70 986 488 89 224 -1 -1 -1 -1 
865 70 985 486 89 223 -1 -1 -1 -1 
866 70 984 485 88 218 -1 -1 -1 -1 
867 70 985 483 85 211 -1 -1 -1 -1 
868 70 985 481 83 207 -1 -1 -1 -1 
869 70 983 478 84 208 -1 -1 -1 -1 
870 70 982 475 85 208 -1 -1 -1 -1 
871 70 981 472 86 212 -1 -1 -1 -1 
872 70 979 470 87 213 -1 -1 -1 -1 
873 70 979 470 86 211 -1 -1 -1 -1 
874 70 979 469 86 210 -1 -1 -1 -1 
875 70 978 468 85 212 -1 -1 -1 -1 
876 70 977 468 85 213 -1 -1 -1 -1 
877 70 975 468 86 212 -1 -1 -1 -1 
878 70 973 467 85 210 -1 -1 -1 -1 
879 70 973 466 83 207 -1 -1 -1 -1 
880 70 972 465 82 205 -1 -1 -1 -1 
881 70 970 461 83 208 -1 -1 -1 -1 
882 70 969 458 83 211 -1 -1 -1 -1 
883 70 968 456 84 209 -1 -1 -1 -1 
884 70 967 454 84 207 -1 -1 -1 -1 
885 70 966 451 84 207 -1 -1 -1 -1 
886 70 965 449 85 210 -1 -1 -1 -1 
887 70 964 447 85 211 -1 -1 -1 -1 
888 70 964 446 85 210 -1 -1 -1 -1 
889 70 963 445 86 210 -1 -1 -1 -1 
890 70 963 445 84 208 -1 -1 -1 -1 
891 70 964 445 82 204 -1 -1 -1 -1 
892 70 963 444 83 208 -1 -1 -1 -1 
893 70 962 443 84 209 -1 -1 -1 -1 
894 70 961 442 85 212 -1 -1 -1 -1 
895 70 960 441 86 213 -1 -1 -1 -1 
896 70 960 438 86 214 -1 -1 -1 -1 
897 70 960 437 86 212 -1 -1 -1 -1 
898 70 962 435 83 206 -1 -1 -1 -1 
899 70 963 434 81 201 -1 -1 -1 -1 
900 70 962 432 82 201 -1 -1 -1 -1 
901 70 961 428 83 204 -1 -1 -1 -1 
902 70 960 425 84 206 -1 -1 -1 -1 
903 70 960 422 84 208 -1 -1 -1 -1 
904 70 959 421 85 208 -1 -1 -1 -1 
905 70 959 420 84 206 -1 -1 -1 -1 
906 70 959 420 83 205 -1 -1 -1 -1 
907 70 958 419 84 205 -1 -1 -1 -1 
908 70 958 419 83 203 -1 -1 -1 -1 
909 70 958 418 81 202 -1 -1 -1 -1 
910 70 957 418 81 202 -1 -1 -1 -1 
911 70 956 416 82 204 -1 -1 -1 -1 
912 70 955 414 81 203 -1 -1 -1 -1 
913 70 953 412 82 202 -1 -1 -1 -1 
914 70 952 409 81 203 -1 -1 -1 -1 
915 70 951 408 81 202 -1 -1 -1 -1 
916 70 950 407 80 199 -1 -1 -1 -1 
917 70 950 405 80 198 -1 -1 -1 -1 
918 70 948 402 80 198 -1 -1 -1 -1 
919 70 946 399 81 200 -1 -1 -1 -1 
920 70 945 397 81 202 -1 -1 -1 -1 
921 70 944 396 82 202 -1 -1 -1 -1 
922 70 944 395 81 202 -1 -1 -1 -1 
923 70 943 395 81 201 -1 -1 -1 -1 
924 70 942 394 82 203 -1 -1 -1 -1 
925 70 941 394 82 204 -1 -1 -1 -1 
926 70 940 394 82 205 -1 -1 -1 -1 
927 70 939 393 83 206 -1 -1 -1 -1 
928 70 939 392 83 207 -1 -1 -1 -1 
929 70 939 391 82 207 -1 -1 -1 -1 
930 70 938 388 83 208 -1 -1 -1 -1 
931 70 939 387 82 207 -1 -1 -1 -1 
932 70 940 385 80 202 -1 -1 -1 -1 
933 70 941 383 79 195 -1 -1 -1 -1 
934 70 940 380 79 195 -1 -1 -1 -1 
935 70 940 377 79 195 -1 -1 -1 -1 
936 70 939 375 79 196 -1 -1 -1 -1 
937 70 938 373 80 199 -1 -1 -1 -1 
938 70 938 372 80 199 -1 -1 -1 -1 
939 70 937 371 81 199 -1 -1 -1 -1 
940 70 936 371 82 199 -1 -1 -1 -1 
941 70 935 370 81 199 -1 -1 -1 -1 
942 70 934 369 80 198 -1 -1 -1 -1 
943 70 933 368 81 199 -1 -1 -1 -1 
944 70 932 367 80 199 -1 -1 -1 -1 
945 70 932 365 79 197 -1 -1 -1 -1 
946 70 930 363 80 197 -1 -1 -1 -1 
947 70 928 362 78 194 -1 -1 -1 -1 
948 70 926 361 78 193 -1 -1 -1 -1 
949 70 926 359 78 194 -1 -1 -1 -1 
950 70 924 356 79 195 -1 -1 -1 -1 
951 70 923 352 78 196 -1 -1 -1 -1 
952 70 923 349 78 195 -1 -1 -1 -1 
953 70 923 348 78 194 -1 -1 -1 -1 
954 70 923 347 78 194 -1 -1 -1 -1 
955 70 923 346 78 195 -1 -1 -1 -1 
956 70 922 347 78 195 -1 -1 -1 -1 
957 70 921 346 78 196 -1 -1 -1 -1 
958 70 920 346 79 197 -1 -1 -1 -1 
959 70 919 346 80 201 -1 -1 -1 -1 
960 70 918 345 81 203 -1 -1 -1 -1 
961 70 918 344 81 203 -1 -1 -1 -1 
962 70 918 342 81 203 -1 -1 -1 -1 
963 70 919 339 81 204 -1 -1 -1 -1 
964 70 921 337 79 199 -1 -1 -1 -1 
965 70 922 336 77 193 -1 -1 -1 -1 
966 70 922 334 77 191 -1 -1 -1 -1 
967 70 922 332 77 192 -1 -1 -1 -1 
968 70 921 328 78 195 -1 -1 -1 -1 
969 70 921 326 77 195 -1 -1 -1 -1 
970 70 920 324 77 195 -1 -1 -1 -1 
971 70 920 324 77 194 -1 -1 -1 -1 
972 70 921 323 76 194 -1 -1 -1 -1 
973 70 921 323 77 194 -1 -1 -1 -1 
974 70 921 322 77 195 -1 -1 -1 -1 
975 70 921 322 78 195 -1 -1 -1 -1 
976 70 920 321 78 198 -1 -1 -1 -1 
977 70 920 321 78 197 -1 -1 -1 -1 
978 70 920 320 78 197 -1 -1 -1 -1 
979 70 919 319 78 196 -1 -1 -1 -1 
980 70 918 318 77 194 -1 -1 -1 -1 
981 70 916 315 77 192 -1 -1 -1 -1 
982 70 915 313 77 191 -1 -1 -1 -1 
983 70 915 311 76 190 -1 -1 -1 -1 
984 70 915 309 76 190 -1 -1 -1 -1 
985 70 915 306 76 191 -1 -1 -1 -1 
986 70 915 304 76 191 -1 -1 -1 -1 
987 70 915 302 77 192 -1 -1 -1 -1 
988 70 915 302 76 191 -1 -1 -1 -1 
989 70 914 301 78 193 -1 -1 -1 -1 
990 70 914 301 78 193 -1 -1 -1 -1 
991 70 914 301 78 192 -1 -1 -1 -1 
992 70 914 301 78 191 -1 -1 -1 -1 
993 70 914 301 78 192 -1 -1 -1 -1 
994 70 914 300 78 193 -1 -1 -1 -1 
995 70 914 299 78 194 -1 -1 -1 -1 
996 70 915 298 77 194 -1 -1 -1 -1 
997 70 916 297 77 190 -1 -1 -1 -1 
998 70 917 295 76 188 -1 -1 -1 -1 
999 70 919 292 75 188 -1 -1 -1 -1 
1000 70 920 290 75 188 -1 -1 -1 -1 
1001 70 921 288 75 188 -1 -1 -1 -1 
1002 70 921 286 75 188 -1 -1 -1 -1 
1003 70 920 284 76 189 -1 -1 -1 -1 
1004 70 920 282 77 190 -1 -1 -1 -1 
1005 70 920 281 78 191 -1 -1 -1 -1 
1006 70 921 280 78 191 -1 -1 -1 -1 
1007 70 920 279 79 193 -1 -1 -1 -1 
1008 70 921 279 79 194 -1 -1 -1 -1 
1009 70 922 279 78 194 -1 -1 -1 -1 
1010 70 922 279 78 193 -1 -1 -1 -1 
1011 70 923 278 77 192 -1 -1 -1 -1 
1012 70 923 278 76 190 -1 -1 -1 -1 
1013 70 922 276 76 189 -1 -1 -1 -1 
1014 70 923 275 74 185 -1 -1 -1 -1 
1015 70 922 273 74 186 -1 -1 -1 -1 
1016 70 923 271 73 183 -1 -1 -1 -1 
1017 70 923 268 74 185 -1 -1 -1 -1 
1018 70 924 265 74 186 -1 -1 -1 -1 
1019 70 924 263 74 186 -1 -1 -1 -1 
1020 70 924 261 74 185 -1 -1 -1 -1 
1021 70 924 260 74 185 -1 -1 -1 -1 
1022 70 924 259 74 186 -1 -1 -1 -1 
1023 70 924 259 75 186 -1 -1 -1 -1 
1024 70 924 259 75 187 -1 -1 -1 -1 
1025 70 924 258 75 188 -1 -1 -1 -1 
1026 70 924 258 75 187 -1 -1 -1 -1 
1027 70 924 258 75 187 -1 -1 -1 -1 
1028 70 927 256 74 185 -1 -1 -1 -1 
1029 70 928 255 74 185 -1 -1 -1 -1 
1030 70 928 254 75 185 -1 -1 -1 -1 
1031 70 929 252 73 184 -1 -1 -1 -1 
1032 70 930 251 72 181 -1 -1 -1 -1 
1033 70 930 249 72 181 -1 -1 -1 -1 
1034 70 930 248 72 179 -1 -1 -1 -1 
1035 70 930 247 73 179 -1 -1 -1 -1 
1036 70 931 245 71 180 -1 -1 -1 -1 
1037 70 930 244 73 182 -1 -1 -1 -1 
1038 70 930 243 73 182 -1 -1 -1 -1 
1039 70 929 242 72 181 -1 -1 -1 -1 
1040 70 929 241 73 182 -1 -1 -1 -1 
1041 70 930 241 73 182 -1 -1 -1 -1 
1042 70 930 241 74 183 -1 -1 -1 -1 
1043 70 930 239 75 185 -1 -1 -1 -1 
1044 70 930 241 74 182 -1 -1 -1 -1 
1045 70 931 240 73 181 -1 -1 -1 -1 
1046 70 931 239 73 181 -1 -1 -1 -1 
1047 70 930 237 72 180 -1 -1 -1 -1 
1048 70 929 235 71 179 -1 -1 -1 -1 
1049 70 927 233 72 178 -1 -1 -1 -1 
1050 70 926 230 72 179 -1 -1 -1 -1 
670 71 1325 898 79 174 -1 -1 -1 -1 
671 71 1322 898 77 174 -1 -1 -1 -1 
672 71 1318 896 77 176 -1 -1 -1 -1 
673 71 1314 893 79 178 -1 -1 -1 -1 
674 71 1311 889 78 183 -1 -1 -1 -1 
675 71 1305 888 80 185 -1 -1 -1 -1 
676 71 1301 885 81 189 -1 -1 -1 -1 
677 71 1296 879 82 194 -1 -1 -1 -1 
678 71 1291 874 85 200 -1 -1 -1 -1 
679 71 1288 871 85 203 -1 -1 -1 -1 
680 71 1285 867 86 206 -1 -1 -1 -1 
681 71 1281 865 86 207 -1 -1 -1 -1 
682 71 1280 864 86 208 -1 -1 -1 -1 
683 71 1277 862 88 210 -1 -1 -1 -1 
684 71 1275 862 88 210 -1 -1 -1 -1 
685 71 1272 862 88 209 -1 -1 -1 -1 
686 71 1269 861 88 209 -1 -1 -1 -1 
687 71 1266 859 88 211 -1 -1 -1 -1 
688 71 1263 856 88 214 -1 -1 -1 -1 
689 71 1260 852 90 219 -1 -1 -1 -1 
690 71 1257 849 91 222 -1 -1 -1 -1 
691 71 1254 847 91 224 -1 -1 -1 -1 
692 71 1251 843 93 228 -1 -1 -1 -1 
693 71 1248 840 94 232 -1 -1 -1 -1 
694 71 1244 838 96 233 -1 -1 -1 -1 
695 71 1241 834 96 235 -1 -1 -1 -1 
696 71 1238 830 97 238 -1 -1 -1 -1 
697 71 1234 827 98 242 -1 -1 -1 -1 
698 71 1232 824 98 245 -1 -1 -1 -1 
699 71 1229 822 100 246 -1 -1 -1 -1 
700 71 1226 821 98 243 -1 -1 -1 -1 
701 71 1222 820 98 240 -1 -1 -1 -1 
702 71 1219 819 97 240 -1 -1 -1 -1 
703 71 1216 817 98 241 -1 -1 -1 -1 
704 71 1214 816 98 239 -1 -1 -1 -1 
705 71 1212 815 98 241 -1 -1 -1 -1 
706 71 1210 814 97 241 -1 -1 -1 -1 
707 71 1207 810 97 241 -1 -1 -1 -1 
708 71 1204 806 97 239 -1 -1 -1 -1 
709 71 1202 802 96 240 -1 -1 -1 -1 
710 71 1200 799 96 239 -1 -1 -1 -1 
711 71 1197 795 96 238 -1 -1 -1 -1 
712 71 1194 793 96 237 -1 -1 -1 -1 
713 71 1191 790 96 239 -1 -1 -1 -1 
714 71 1187 787 99 245 -1 -1 -1 -1 
715 71 1184 785 100 248 -1 -1 -1 -1 
716 71 1182 785 100 250 -1 -1 -1 -1 
717 71 1178 784 100 250 -1 -1 -1 -1 
718 71 1175 782 102 253 -1 -1 -1 -1 
719 71 1173 781 101 254 -1 -1 -1 -1 
720 71 1170 780 102 254 -1 -1 -1 -1 
721 71 1168 779 102 254 -1 -1 -1 -1 
722 71 1167 777 102 253 -1 -1 -1 -1 
723 71 1165 773 103 253 -1 -1 -1 -1 
724 71 1165 771 99 242 -1 -1 -1 -1 
725 71 1163 769 97 238 -1 -1 -1 -1 
726 71 1161 765 94 233 -1 -1 -1 -1 
727 71 1159 762 92 228 -1 -1 -1 -1 
728 71 1156 759 93 232 -1 -1 -1 -1 
729 71 1153 756 94 235 -1 -1 -1 -1 
730 71 1149 753 96 239 -1 -1 -1 -1 
731 71 1146 751 97 239 -1 -1 -1 -1 
732 71 1142 750 98 238 -1 -1 -1 -1 
733 71 1140 747 97 241 -1 -1 -1 -1 
734 71 1137 747 97 239 -1 -1 -1 -1 
735 71 1135 745 96 238 -1 -1 -1 -1 
736 71 1133 744 95 239 -1 -1 -1 -1 
737 71 1131 743 96 240 -1 -1 -1 -1 
738 71 1128 740 97 241 -1 -1 -1 -1 
739 71 1127 737 96 240 -1 -1 -1 -1 
740 71 1124 734 96 237 -1 -1 -1 -1 
741 71 1122 732 95 234 -1 -1 -1 -1 
742 71 1120 729 95 233 -1 -1 -1 -1 
743 71 1118 724 95 234 -1 -1 -1 -1 
744 71 1117 722 94 234 -1 -1 -1 -1 
745 71 1113 720 96 239 -1 -1 -1 -1 
746 71 1110 719 97 242 -1 -1 -1 -1 
747 71 1107 717 97 243 -1 -1 -1 -1 
748 71 1104 715 98 245 -1 -1 -1 -1 
749 71 1102 714 98 245 -1 -1 -1 -1 
750 71 1100 714 98 244 -1 -1 -1 -1 
751 71 1096 712 100 247 -1 -1 -1 -1 
752 71 1094 709 99 247 -1 -1 -1 -1 
753 71 1092 708 101 247 -1 -1 -1 -1 
754 71 1091 705 100 246 -1 -1 -1 -1 
755 71 1090 703 99 243 -1 -1 -1 -1 
756 71 1089 700 96 237 -1 -1 -1 -1 
757 71 1087 697 94 232 -1 -1 -1 -1 
758 71 1086 695 91 226 -1 -1 -1 -1 
759 71 1084 691 92 228 -1 -1 -1 -1 
760 71 1082 688 92 229 -1 -1 -1 -1 
761 71 1078 686 95 233 -1 -1 -1 -1 
762 71 1075 684 95 233 -1 -1 -1 -1 
763 71 1073 683 95 233 -1 -1 -1 -1 
764 71 1071 682 95 233 -1 -1 -1 -1 
765 71 1069 680 94 234 -1 -1 -1 -1 
766 71 1067 679 94 233 -1 -1 -1 -1 
767 71 1065 678 94 234 -1 -1 -1 -1 
768 71 1063 677 94 232 -1 -1 -1 -1 
769 71 1061 675 95 232 -1 -1 -1 -1 
770 71 1060 673 93 231 -1 -1 -1 -1 
771 71 1058 670 91 227 -1 -1 -1 -1 
772 71 1056 666 91 227 -1 -1 -1 -1 
773 71 1054 663 91 228 -1 -1 -1 -1 
774 71 1051 660 92 229 -1 -1 -1 -1 
775 71 1049 658 91 227 -1 -1 -1 -1 
776 71 1047 655 92 228 -1 -1 -1 -1 
777 71 1044 653 93 232 -1 -1 -1 -1 
778 71 1041 651 95 236 -1 -1 -1 -1 
779 71 1039 650 95 237 -1 -1 -1 -1 
780 71 1037 648 95 238 -1 -1 -1 -1 
781 71 1035 648 96 237 -1 -1 -1 -1 
782 71 1034 648 95 236 -1 -1 -1 -1 
783 71 1032 647 95 235 -1 -1 -1 -1 
784 71 1031 646 94 233 -1 -1 -1 -1 
785 71 1029 644 95 236 -1 -1 -1 -1 
786 71 1028 641 95 236 -1 -1 -1 -1 
787 71 1025 638 95 235 -1 -1 -1 -1 
788 71 1025 636 93 231 -1 -1 -1 -1 
789 71 1023 634 92 227 -1 -1 -1 -1 
790 71 1022 632 88 218 -1 -1 -1 -1 
791 71 1019 630 89 219 -1 -1 -1 -1 
792 71 1017 627 89 220 -1 -1 -1 -1 
793 71 1014 624 90 224 -1 -1 -1 -1 
794 71 1011 622 91 227 -1 -1 -1 -1 
795 71 1008 620 92 228 -1 -1 -1 -1 
796 71 1007 619 92 228 -1 -1 -1 -1 
797 71 1005 617 92 231 -1 -1 -1 -1 
798 71 1003 616 93 231 -1 -1 -1 -1 
799 71 1001 615 94 233 -1 -1 -1 -1 
800 71 1000 615 95 233 -1 -1 -1 -1 
801 71 999 614 94 231 -1 -1 -1 -1 
802 71 997 612 94 232 -1 -1 -1 -1 
803 71 995 610 94 231 -1 -1 -1 -1 
804 71 994 608 92 228 -1 -1 -1 -1 
805 71 993 605 90 223 -1 -1 -1 -1 
806 71 993 603 89 220 -1 -1 -1 -1 
807 71 990 600 88 219 -1 -1 -1 -1 
808 71 988 599 88 218 -1 -1 -1 -1 
809 71 985 596 90 222 -1 -1 -1 -1 
810 71 982 593 92 227 -1 -1 -1 -1 
811 71 980 593 92 227 -1 -1 -1 -1 
812 71 978 591 92 229 -1 -1 -1 -1 
813 71 976 590 93 230 -1 -1 -1 -1 
814 71 975 590 92 228 -1 -1 -1 -1 
815 71 973 589 92 228 -1 -1 -1 -1 
816 71 971 589 91 224 -1 -1 -1 -1 
817 71 970 588 89 222 -1 -1 -1 -1 
818 71 967 586 89 222 -1 -1 -1 -1 
819 71 965 584 89 221 -1 -1 -1 -1 
820 71 961 580 90 220 -1 -1 -1 -1 
821 71 959 578 89 219 -1 -1 -1 -1 
822 71 959 576 87 212 -1 -1 -1 -1 
823 71 958 573 87 214 -1 -1 -1 -1 
824 71 956 570 88 219 -1 -1 -1 -1 
825 71 953 568 89 219 -1 -1 -1 -1 
826 71 951 567 88 219 -1 -1 -1 -1 
827 71 948 565 89 220 -1 -1 -1 -1 
828 71 947 564 87 217 -1 -1 -1 -1 
829 71 946 564 87 216 -1 -1 -1 -1 
830 71 944 563 88 217 -1 -1 -1 -1 
831 71 944 563 87 218 -1 -1 -1 -1 
832 71 943 561 88 219 -1 -1 -1 -1 
833 71 942 560 88 219 -1 -1 -1 -1 
834 71 939 557 89 221 -1 -1 -1 -1 
835 71 937 555 89 220 -1 -1 -1 -1 
836 71 937 554 86 213 -1 -1 -1 -1 
837 71 937 551 85 212 -1 -1 -1 -1 
838 71 935 548 86 213 -1 -1 -1 -1 
839 71 935 545 86 214 -1 -1 -1 -1 
840 71 934 543 86 214 -1 -1 -1 -1 
841 71 932 541 87 218 -1 -1 -1 -1 
842 71 929 539 89 221 -1 -1 -1 -1 
843 71 927 538 90 222 -1 -1 -1 -1 
844 71 926 537 90 223 -1 -1 -1 -1 
845 71 924 537 90 222 -1 -1 -1 -1 
846 71 923 536 90 222 -1 -1 -1 -1 
847 71 922 534 90 225 -1 -1 -1 -1 
848 71 920 532 90 225 -1 -1 -1 -1 
849 71 919 530 90 226 -1 -1 -1 -1 
850 71 917 529 89 222 -1 -1 -1 -1 
851 71 915 527 88 218 -1 -1 -1 -1 
852 71 916 525 84 208 -1 -1 -1 -1 
853 71 916 523 82 203 -1 -1 -1 -1 
854 71 914 520 84 208 -1 -1 -1 -1 
855 71 912 518 85 210 -1 -1 -1 -1 
856 71 910 516 86 213 -1 -1 -1 -1 
857 71 909 514 86 213 -1 -1 -1 -1 
858 71 908 513 85 211 -1 -1 -1 -1 
859 71 907 512 84 209 -1 -1 -1 -1 
860 71 905 511 85 210 -1 -1 -1 -1 
861 71 904 510 85 210 -1 -1 -1 -1 
862 71 904 508 84 212 -1 -1 -1 -1 
863 71 903 506 85 214 -1 -1 -1 -1 
864 71 902 505 85 215 -1 -1 -1 -1 
865 71 900 504 86 214 -1 -1 -1 -1 
866 71 899 501 86 214 -1 -1 -1 -1 
867 71 898 498 85 210 -1 -1 -1 -1 
868 71 897 495 84 208 -1 -1 -1 -1 
869 71 896 494 83 206 -1 -1 -1 -1 
870 71 895 492 83 206 -1 -1 -1 -1 
871 71 894 490 84 207 -1 -1 -1 -1 
872 71 894 489 84 207 -1 -1 -1 -1 
873 71 893 487 84 209 -1 -1 -1 -1 
874 71 892 486 85 210 -1 -1 -1 -1 
875 71 890 485 86 212 -1 -1 -1 -1 
876 71 889 484 86 213 -1 -1 -1 -1 
877 71 888 484 86 213 -1 -1 -1 -1 
878 71 886 483 87 214 -1 -1 -1 -1 
879 71 887 483 85 213 -1 -1 -1 -1 
880 71 886 482 85 211 -1 -1 -1 -1 
881 71 885 480 85 211 -1 -1 -1 -1 
882 71 884 477 85 211 -1 -1 -1 -1 
883 71 885 474 82 202 -1 -1 -1 -1 
884 71 885 472 80 198 -1 -1 -1 -1 
885 71 883 468 82 202 -1 -1 -1 -1 
886 71 883 467 82 203 -1 -1 -1 -1 
887 71 881 465 83 205 -1 -1 -1 -1 
888 71 880 462 82 204 -1 -1 -1 -1 
889 71 879 459 81 204 -1 -1 -1 -1 
890 71 876 458 82 203 -1 -1 -1 -1 
891 71 875 457 82 203 -1 -1 -1 -1 
892 71 874 456 82 203 -1 -1 -1 -1 
893 71 873 455 82 204 -1 -1 -1 -1 
894 71 872 455 83 206 -1 -1 -1 -1 
895 71 871 454 85 209 -1 -1 -1 -1 
896 71 871 453 85 210 -1 -1 -1 -1 
897 71 870 451 86 211 -1 -1 -1 -1 
898 71 869 449 84 209 -1 -1 -1 -1 
899 71 869 447 81 203 -1 -1 -1 -1 
900 71 868 446 80 198 -1 -1 -1 -1 
901 71 868 445 78 193 -1 -1 -1 -1 
902 71 867 443 79 194 -1 -1 -1 -1 
903 71 867 441 78 194 -1 -1 -1 -1 
904 71 865 440 80 197 -1 -1 -1 -1 
905 71 864 439 80 198 -1 -1 -1 -1 
906 71 863 438 80 198 -1 -1 -1 -1 
907 71 862 437 80 199 -1 -1 -1 -1 
908 71 860 435 82 202 -1 -1 -1 -1 
909 71 859 434 82 204 -1 -1 -1 -1 
910 71 858 434 82 203 -1 -1 -1 -1 
911 71 858 433 82 203 -1 -1 -1 -1 
912 71 857 432 81 200 -1 -1 -1 -1 
913 71 856 428 82 204 -1 -1 -1 -1 
914 71 857 427 80 201 -1 -1 -1 -1 
915 71 857 425 79 198 -1 -1 -1 -1 
916 71 857 422 78 194 -1 -1 -1 -1 
917 71 857 420 78 193 -1 -1 -1 -1 
918 71 856 418 79 194 -1 -1 -1 -1 
919 71 855 416 79 195 -1 -1 -1 -1 
920 71 856 413 77 195 -1 -1 -1 -1 
921 71 854 411 78 197 -1 -1 -1 -1 
922 71 854 410 78 197 -1 -1 -1 -1 
923 71 854 410 79 198 -1 -1 -1 -1 
924 71 854 409 79 199 -1 -1 -1 -1 
925 71 853 408 80 201 -1 -1 -1 -1 
926 71 853 407 80 202 -1 -1 -1 -1 
927 71 852 405 82 204 -1 -1 -1 -1 
928 71 852 404 82 204 -1 -1 -1 -1 
929 71 852 402 81 205 -1 -1 -1 -1 
930 71 851 400 82 205 -1 -1 -1 -1 
931 71 851 399 81 202 -1 -1 -1 -1 
932 71 851 397 79 197 -1 -1 -1 -1 
933 71 852 396 77 190 -1 -1 -1 -1 
934 71 852 394 76 189 -1 -1 -1 -1 
935 71 852 392 76 190 -1 -1 -1 -1 
936 71 852 390 77 193 -1 -1 -1 -1 
937 71 851 388 79 196 -1 -1 -1 -1 
938 71 851 387 79 197 -1 -1 -1 -1 
939 71 850 386 80 197 -1 -1 -1 -1 
940 71 850 385 80 198 -1 -1 -1 -1 
941 71 850 384 80 199 -1 -1 -1 -1 
942 71 849 383 81 200 -1 -1 -1 -1 
943 71 848 382 82 201 -1 -1 -1 -1 
944 71 848 380 82 203 -1 -1 -1 -1 
945 71 848 379 81 201 -1 -1 -1 -1 
946 71 849 376 80 199 -1 -1 -1 -1 
947 71 850 374 78 194 -1 -1 -1 -1 
948 71 850 372 78 193 -1 -1 -1 -1 
949 71 849 369 78 195 -1 -1 -1 -1 
950 71 849 367 78 194 -1 -1 -1 -1 
951 71 849 364 77 194 -1 -1 -1 -1 
952 71 849 363 77 194 -1 -1 -1 -1 
953 71 849 362 77 194 -1 -1 -1 -1 
954 71 848 361 78 195 -1 -1 -1 -1 
955 71 848 361 78 196 -1 -1 -1 -1 
956 71 847 360 79 198 -1 -1 -1 -1 
957 71 847 360 79 199 -1 -1 -1 -1 
958 71 846 359 81 200 -1 -1 -1 -1 
959 71 846 357 81 199 -1 -1 -1 -1 
960 71 845 355 80 199 -1 -1 -1 -1 
961 71 845 354 79 196 -1 -1 -1 -1 
962 71 846 352 76 192 -1 -1 -1 -1 
963 71 845 350 77 191 -1 -1 -1 -1 
964 71 844 348 77 190 -1 -1 -1 -1 
965 71 844 347 75 187 -1 -1 -1 -1 
966 71 845 347 74 184 -1 -1 -1 -1 
967 71 845 345 74 185 -1 -1 -1 -1 
968 71 844 344 75 188 -1 -1 -1 -1 
969 71 842 342 77 192 -1 -1 -1 -1 
970 71 841 341 78 194 -1 -1 -1 -1 
971 71 840 340 79 196 -1 -1 -1 -1 
972 71 839 339 79 197 -1 -1 -1 -1 
973 71 838 338 80 197 -1 -1 -1 -1 
974 71 838 338 79 196 -1 -1 -1 -1 
975 71 838 336 79 197 -1 -1 -1 -1 
976 71 837 334 80 196 -1 -1 -1 -1 
977 71 838 332 79 195 -1 -1 -1 -1 
978 71 839 329 77 192 -1 -1 -1 -1 
979 71 840 326 75 190 -1 -1 -1 -1 
980 71 840 324 75 188 -1 -1 -1 -1 
981 71 840 323 75 185 -1 -1 -1 -1 
982 71 839 321 75 185 -1 -1 -1 -1 
983 71 838 321 75 186 -1 -1 -1 -1 
984 71 836 320 76 187 -1 -1 -1 -1 
985 71 836 318 75 187 -1 -1 -1 -1 
986 71 836 318 76 187 -1 -1 -1 -1 
987 71 836 319 75 187 -1 -1 -1 -1 
988 71 835 317 76 191 -1 -1 -1 -1 
989 71 835 317 76 190 -1 -1 -1 -1 
990 71 835 315 77 193 -1 -1 -1 -1 
991 71 835 313 76 192 -1 -1 -1 -1 
992 71 836 311 74 190 -1 -1 -1 -1 
993 71 836 309 75 188 -1 -1 -1 -1 
994 71 835 306 76 188 -1 -1 -1 -1 
995 71 835 302 74 188 -1 -1 -1 -1 
996 71 835 300 74 187 -1 -1 -1 -1 
997 71 836 299 73 187 -1 -1 -1 -1 
998 71 836 298 74 187 -1 -1 -1 -1 
999 71 836 298 75 187 -1 -1 -1 -1 
1000 71 836 298 75 187 -1 -1 -1 -1 
1001 71 836 298 75 186 -1 -1 -1 -1 
1002 71 836 297 75 188 -1 -1 -1 -1 
1003 71 836 297 75 188 -1 -1 -1 -1 
1004 71 836 296 75 190 -1 -1 -1 -1 
1005 71 836 296 75 189 -1 -1 -1 -1 
1006 71 836 296 75 188 -1 -1 -1 -1 
1007 71 836 294 75 187 -1 -1 -1 -1 
1008 71 837 292 75 187 -1 -1 -1 -1 
1009 71 838 290 74 185 -1 -1 -1 -1 
1010 71 839 288 74 184 -1 -1 -1 -1 
1011 71 840 286 73 182 -1 -1 -1 -1 
1012 71 840 283 74 182 -1 -1 -1 -1 
1013 71 840 280 73 182 -1 -1 -1 -1 
1014 71 839 278 74 183 -1 -1 -1 -1 
1015 71 839 277 74 184 -1 -1 -1 -1 
1016 71 839 276 74 183 -1 -1 -1 -1 
1017 71 840 276 74 184 -1 -1 -1 -1 
1018 71 840 276 74 185 -1 -1 -1 -1 
1019 71 840 276 75 187 -1 -1 -1 -1 
1020 71 840 276 75 186 -1 -1 -1 -1 
1021 71 840 275 74 185 -1 -1 -1 -1 
1022 71 840 274 75 185 -1 -1 -1 -1 
1023 71 840 274 74 182 -1 -1 -1 -1 
1024 71 841 272 72 179 -1 -1 -1 -1 
1025 71 841 270 72 178 -1 -1 -1 -1 
1026 71 841 268 72 177 -1 -1 -1 -1 
1027 71 841 266 72 177 -1 -1 -1 -1 
1028 71 841 263 72 177 -1 -1 -1 -1 
1029 71 842 261 71 179 -1 -1 -1 -1 
1030 71 842 259 73 182 -1 -1 -1 -1 
1031 71 842 258 74 183 -1 -1 -1 -1 
1032 71 842 256 75 185 -1 -1 -1 -1 
1033 71 843 255 74 186 -1 -1 -1 -1 
1034 71 843 255 74 186 -1 -1 -1 -1 
1035 71 843 255 74 186 -1 -1 -1 -1 
1036 71 844 255 74 185 -1 -1 -1 -1 
1037 71 844 253 74 186 -1 -1 -1 -1 
1038 71 844 252 74 184 -1 -1 -1 -1 
1039 71 844 250 74 185 -1 -1 -1 -1 
1040 71 846 250 72 180 -1 -1 -1 -1 
1041 71 847 248 71 179 -1 -1 -1 -1 
1042 71 848 245 71 179 -1 -1 -1 -1 
1043 71 849 241 72 180 -1 -1 -1 -1 
1044 71 849 239 72 182 -1 -1 -1 -1 
1045 71 848 237 73 182 -1 -1 -1 -1 
1046 71 848 236 73 183 -1 -1 -1 -1 
1047 71 847 235 75 183 -1 -1 -1 -1 
1048 71 848 234 74 184 -1 -1 -1 -1 
1049 71 848 233 75 186 -1 -1 -1 -1 
1050 71 848 233 75 185 -1 -1 -1 -1 
717 72 465 16 52 131 -1 -1 -1 -1 
718 72 465 16 53 133 -1 -1 -1 -1 
726 72 458 8 51 128 -1 -1 -1 -1 
727 72 457 5 51 129 -1 -1 -1 -1 
728 72 456 6 52 129 -1 -1 -1 -1 
752 73 1459 95 61 154 -1 -1 -1 -1 
753 73 1458 94 62 155 -1 -1 -1 -1 
754 73 1457 94 63 155 -1 -1 -1 -1 
755 73 1456 94 63 155 -1 -1 -1 -1 
756 73 1456 93 63 155 -1 -1 -1 -1 
757 73 1456 92 62 155 -1 -1 -1 -1 
758 73 1456 91 62 155 -1 -1 -1 -1 
759 73 1455 88 63 156 -1 -1 -1 -1 
760 73 1454 86 63 157 -1 -1 -1 -1 
783 73 1440 65 59 151 -1 -1 -1 -1 
784 73 1439 66 59 151 -1 -1 -1 -1 
785 73 1438 65 59 151 -1 -1 -1 -1 
786 73 1436 63 60 153 -1 -1 -1 -1 
787 73 1435 62 61 155 -1 -1 -1 -1 
788 73 1435 61 61 157 -1 -1 -1 -1 
810 73 1431 52 60 154 -1 -1 -1 -1 
811 73 1430 51 61 152 -1 -1 -1 -1 
812 73 1430 51 61 150 -1 -1 -1 -1 
813 73 1429 52 60 150 -1 -1 -1 -1 
814 73 1429 52 59 149 -1 -1 -1 -1 
815 73 1427 51 60 149 -1 -1 -1 -1 
816 73 1427 50 59 149 -1 -1 -1 -1 
817 73 1426 48 60 150 -1 -1 -1 -1 
818 73 1425 46 60 150 -1 -1 -1 -1 
819 73 1426 46 58 147 -1 -1 -1 -1 
820 73 1426 44 59 146 -1 -1 -1 -1 
821 73 1426 43 58 144 -1 -1 -1 -1 
822 73 1425 43 58 143 -1 -1 -1 -1 
823 73 1424 42 58 143 -1 -1 -1 -1 
824 73 1423 41 57 143 -1 -1 -1 -1 
825 73 1423 40 58 145 -1 -1 -1 -1 
826 73 1422 39 58 146 -1 -1 -1 -1 
827 73 1421 39 59 146 -1 -1 -1 -1 
828 73 1421 38 58 147 -1 -1 -1 -1 
829 73 1420 37 58 146 -1 -1 -1 -1 
830 73 1420 37 58 146 -1 -1 -1 -1 
831 73 1420 37 57 143 -1 -1 -1 -1 
832 73 1420 36 56 142 -1 -1 -1 -1 
833 73 1419 35 57 145 -1 -1 -1 -1 
834 73 1419 34 57 146 -1 -1 -1 -1 
835 73 1419 34 57 147 -1 -1 -1 -1 
836 73 1418 33 59 149 -1 -1 -1 -1 
837 73 1418 33 59 150 -1 -1 -1 -1 
838 73 1418 32 59 150 -1 -1 -1 -1 
839 73 1419 32 56 146 -1 -1 -1 -1 
840 73 1419 31 55 144 -1 -1 -1 -1 
841 73 1418 30 55 145 -1 -1 -1 -1 
842 73 1418 29 55 144 -1 -1 -1 -1 
843 73 1418 29 55 144 -1 -1 -1 -1 
844 73 1416 28 56 145 -1 -1 -1 -1 
845 73 1415 28 57 146 -1 -1 -1 -1 
846 73 1413 27 58 150 -1 -1 -1 -1 
847 73 1412 26 59 152 -1 -1 -1 -1 
848 73 1410 27 60 152 -1 -1 -1 -1 
849 73 1409 26 60 153 -1 -1 -1 -1 
850 73 1409 25 60 154 -1 -1 -1 -1 
851 73 1409 25 60 153 -1 -1 -1 -1 
852 73 1408 25 61 154 -1 -1 -1 -1 
853 73 1408 24 60 154 -1 -1 -1 -1 
854 73 1408 22 61 156 -1 -1 -1 -1 
855 73 1407 21 61 156 -1 -1 -1 -1 
856 73 1407 21 60 154 -1 -1 -1 -1 
857 73 1407 21 60 151 -1 -1 -1 -1 
858 73 1407 20 59 149 -1 -1 -1 -1 
859 73 1407 19 59 147 -1 -1 -1 -1 
860 73 1407 17 60 148 -1 -1 -1 -1 
861 73 1407 15 60 150 -1 -1 -1 -1 
862 73 1407 14 61 150 -1 -1 -1 -1 
863 73 1407 13 60 148 -1 -1 -1 -1 
864 73 1408 12 59 148 -1 -1 -1 -1 
865 73 1409 12 58 147 -1 -1 -1 -1 
866 73 1411 11 57 146 -1 -1 -1 -1 
867 73 1411 11 57 145 -1 -1 -1 -1 
868 73 1412 10 57 147 -1 -1 -1 -1 
869 73 1412 11 57 146 -1 -1 -1 -1 
870 73 1413 11 57 145 -1 -1 -1 -1 
871 73 1413 11 58 145 -1 -1 -1 -1 
872 73 1413 10 58 146 -1 -1 -1 -1 
873 73 1413 10 58 145 -1 -1 -1 -1 
874 73 1414 9 58 145 -1 -1 -1 -1 
875 73 1415 7 57 146 -1 -1 -1 -1 
876 73 1416 6 56 146 -1 -1 -1 -1 
877 73 1416 6 56 144 -1 -1 -1 -1 
878 73 1417 5 55 144 -1 -1 -1 -1 
879 73 1417 5 55 143 -1 -1 -1 -1 
880 73 1418 5 55 142 -1 -1 -1 -1 
881 73 1419 5 54 142 -1 -1 -1 -1 
882 73 1419 5 55 142 -1 -1 -1 -1 
883 73 1419 5 55 142 -1 -1 -1 -1 
884 73 1420 4 55 143 -1 -1 -1 -1 
885 73 1420 4 56 144 -1 -1 -1 -1 
886 73 1420 4 56 144 -1 -1 -1 -1 
887 73 1421 4 55 143 -1 -1 -1 -1 
888 73 1420 4 58 144 -1 -1 -1 -1 
889 73 1421 3 56 144 -1 -1 -1 -1 
890 73 1422 3 55 143 -1 -1 -1 -1 
891 73 1421 3 57 143 -1 -1 -1 -1 
892 73 1421 2 57 144 -1 -1 -1 -1 
893 73 1422 1 56 144 -1 -1 -1 -1 
894 73 1421 1 57 144 -1 -1 -1 -1 
895 73 1421 0 57 144 -1 -1 -1 -1 
896 73 1421 0 58 143 -1 -1 -1 -1 
897 73 1421 0 59 143 -1 -1 -1 -1 
898 73 1423 0 57 140 -1 -1 -1 -1 
899 73 1425 0 56 137 -1 -1 -1 -1 
900 73 1425 0 56 135 -1 -1 -1 -1 
901 73 1425 0 56 134 -1 -1 -1 -1 
902 73 1426 0 56 133 -1 -1 -1 -1 
903 73 1427 0 57 133 -1 -1 -1 -1 
904 73 1427 0 57 133 -1 -1 -1 -1 
905 73 1428 0 57 133 -1 -1 -1 -1 
906 73 1428 0 56 133 -1 -1 -1 -1 
907 73 1428 0 56 133 -1 -1 -1 -1 
908 73 1428 0 55 132 -1 -1 -1 -1 
909 73 1428 0 55 132 -1 -1 -1 -1 
910 73 1428 0 55 132 -1 -1 -1 -1 
911 73 1428 0 55 132 -1 -1 -1 -1 
912 73 1427 0 55 131 -1 -1 -1 -1 
913 73 1427 0 54 129 -1 -1 -1 -1 
914 73 1427 0 54 128 -1 -1 -1 -1 
915 73 1427 0 53 125 -1 -1 -1 -1 
916 73 1428 0 51 123 -1 -1 -1 -1 
917 73 1428 0 50 122 -1 -1 -1 -1 
918 73 1427 0 50 121 -1 -1 -1 -1 
919 73 1426 1 48 119 -1 -1 -1 -1 
920 73 1425 2 49 120 -1 -1 -1 -1 
921 73 1424 3 48 118 -1 -1 -1 -1 
922 73 1423 3 49 119 -1 -1 -1 -1 
923 73 1422 3 48 118 -1 -1 -1 -1 
924 73 1423 1 48 119 -1 -1 -1 -1 
925 73 1425 0 48 119 -1 -1 -1 -1 
947 73 1408 1 44 110 -1 -1 -1 -1 
948 73 1407 0 45 110 -1 -1 -1 -1 
949 73 1407 0 44 110 -1 -1 -1 -1 
950 73 1406 1 44 109 -1 -1 -1 -1 
951 73 1406 0 43 108 -1 -1 -1 -1 
952 73 1406 0 43 107 -1 -1 -1 -1 
953 73 1407 0 41 104 -1 -1 -1 -1 
954 73 1406 0 41 102 -1 -1 -1 -1 
955 73 1406 0 40 99 -1 -1 -1 -1 
956 73 1405 0 40 99 -1 -1 -1 -1 
957 73 1404 0 42 99 -1 -1 -1 -1 
958 73 1408 0 41 97 -1 -1 -1 -1 
959 73 1404 0 42 96 -1 -1 -1 -1 
960 73 1402 0 41 97 -1 -1 -1 -1 
961 73 1400 0 40 96 -1 -1 -1 -1 
962 73 1400 0 39 96 -1 -1 -1 -1 
963 73 1399 0 39 95 -1 -1 -1 -1 
964 73 1396 0 38 93 -1 -1 -1 -1 
809 74 1616 0 58 134 -1 -1 -1 -1 
810 74 1618 0 57 134 -1 -1 -1 -1 
811 74 1618 0 58 135 -1 -1 -1 -1 
812 74 1619 0 58 135 -1 -1 -1 -1 
813 74 1619 0 57 133 -1 -1 -1 -1 
814 74 1620 0 57 134 -1 -1 -1 -1 
815 74 1621 0 57 135 -1 -1 -1 -1 
816 74 1621 0 59 136 -1 -1 -1 -1 
817 74 1624 0 59 138 -1 -1 -1 -1 
818 74 1627 0 58 140 -1 -1 -1 -1 
819 74 1628 0 58 142 -1 -1 -1 -1 
820 74 1629 0 59 143 -1 -1 -1 -1 
821 74 1629 0 60 144 -1 -1 -1 -1 
822 74 1630 0 59 145 -1 -1 -1 -1 
823 74 1631 0 59 145 -1 -1 -1 -1 
824 74 1632 0 59 145 -1 -1 -1 -1 
825 74 1633 0 60 145 -1 -1 -1 -1 
826 74 1634 0 59 144 -1 -1 -1 -1 
827 74 1635 0 59 143 -1 -1 -1 -1 
828 74 1636 0 59 145 -1 -1 -1 -1 
829 74 1637 0 58 144 -1 -1 -1 -1 
830 74 1638 1 58 145 -1 -1 -1 -1 
831 74 1638 2 59 147 -1 -1 -1 -1 
832 74 1638 3 60 149 -1 -1 -1 -1 
833 74 1639 5 61 151 -1 -1 -1 -1 
834 74 1639 7 62 152 -1 -1 -1 -1 
835 74 1641 7 62 154 -1 -1 -1 -1 
836 74 1641 8 63 155 -1 -1 -1 -1 
837 74 1642 9 62 155 -1 -1 -1 -1 
838 74 1643 9 62 156 -1 -1 -1 -1 
839 74 1644 12 62 153 -1 -1 -1 -1 
840 74 1644 14 62 152 -1 -1 -1 -1 
841 74 1645 14 61 153 -1 -1 -1 -1 
842 74 1645 15 60 151 -1 -1 -1 -1 
843 74 1646 14 60 150 -1 -1 -1 -1 
844 74 1648 13 60 150 -1 -1 -1 -1 
845 74 1650 12 60 152 -1 -1 -1 -1 
846 74 1651 15 61 152 -1 -1 -1 -1 
847 74 1652 18 60 151 -1 -1 -1 -1 
848 74 1654 19 60 152 -1 -1 -1 -1 
849 74 1654 19 61 153 -1 -1 -1 -1 
850 74 1655 19 61 154 -1 -1 -1 -1 
851 74 1657 22 61 152 -1 -1 -1 -1 
852 74 1659 26 59 149 -1 -1 -1 -1 
853 74 1660 27 58 146 -1 -1 -1 -1 
854 74 1661 29 58 145 -1 -1 -1 -1 
855 74 1661 30 58 146 -1 -1 -1 -1 
856 74 1662 29 59 148 -1 -1 -1 -1 
857 74 1664 29 60 148 -1 -1 -1 -1 
858 74 1665 26 61 152 -1 -1 -1 -1 
859 74 1666 25 62 154 -1 -1 -1 -1 
860 74 1667 26 62 155 -1 -1 -1 -1 
861 74 1666 28 63 158 -1 -1 -1 -1 
862 74 1665 29 65 161 -1 -1 -1 -1 
863 74 1667 31 65 163 -1 -1 -1 -1 
864 74 1668 33 65 163 -1 -1 -1 -1 
865 74 1669 34 65 163 -1 -1 -1 -1 
866 74 1671 35 64 162 -1 -1 -1 -1 
867 74 1672 36 65 163 -1 -1 -1 -1 
868 74 1672 36 65 163 -1 -1 -1 -1 
869 74 1673 38 65 161 -1 -1 -1 -1 
870 74 1673 37 65 161 -1 -1 -1 -1 
871 74 1673 38 64 161 -1 -1 -1 -1 
872 74 1674 41 63 159 -1 -1 -1 -1 
873 74 1676 41 62 158 -1 -1 -1 -1 
874 74 1676 38 63 160 -1 -1 -1 -1 
875 74 1677 34 64 163 -1 -1 -1 -1 
876 74 1678 37 64 162 -1 -1 -1 -1 
877 74 1679 38 65 162 -1 -1 -1 -1 
878 74 1680 38 66 165 -1 -1 -1 -1 
879 74 1682 42 65 163 -1 -1 -1 -1 
880 74 1683 46 65 160 -1 -1 -1 -1 
881 74 1684 48 64 160 -1 -1 -1 -1 
882 74 1683 44 66 165 -1 -1 -1 -1 
883 74 1687 51 63 156 -1 -1 -1 -1 
884 74 1690 55 61 153 -1 -1 -1 -1 
885 74 1690 56 62 154 -1 -1 -1 -1 
886 74 1691 57 62 154 -1 -1 -1 -1 
887 74 1692 59 61 154 -1 -1 -1 -1 
888 74 1692 59 63 156 -1 -1 -1 -1 
889 74 1693 57 63 158 -1 -1 -1 -1 
890 74 1693 56 64 160 -1 -1 -1 -1 
891 74 1694 58 64 161 -1 -1 -1 -1 
892 74 1694 63 65 161 -1 -1 -1 -1 
893 74 1695 64 65 164 -1 -1 -1 -1 
894 74 1695 66 66 165 -1 -1 -1 -1 
895 74 1696 68 66 164 -1 -1 -1 -1 
896 74 1697 68 66 166 -1 -1 -1 -1 
897 74 1697 71 67 164 -1 -1 -1 -1 
898 74 1698 73 66 163 -1 -1 -1 -1 
899 74 1699 76 65 160 -1 -1 -1 -1 
900 74 1698 79 64 157 -1 -1 -1 -1 
901 74 1697 81 64 155 -1 -1 -1 -1 
902 74 1698 81 63 155 -1 -1 -1 -1 
903 74 1698 80 63 156 -1 -1 -1 -1 
904 74 1698 79 64 158 -1 -1 -1 -1 
905 74 1699 80 64 156 -1 -1 -1 -1 
906 74 1701 81 63 157 -1 -1 -1 -1 
907 74 1703 82 64 158 -1 -1 -1 -1 
908 74 1703 84 64 158 -1 -1 -1 -1 
909 74 1705 84 64 159 -1 -1 -1 -1 
910 74 1706 86 65 159 -1 -1 -1 -1 
911 74 1707 87 65 160 -1 -1 -1 -1 
912 74 1707 87 66 160 -1 -1 -1 -1 
913 74 1708 87 65 160 -1 -1 -1 -1 
914 74 1710 90 65 160 -1 -1 -1 -1 
915 74 1711 93 64 159 -1 -1 -1 -1 
916 74 1713 95 63 158 -1 -1 -1 -1 
917 74 1714 96 64 158 -1 -1 -1 -1 
918 74 1715 95 64 160 -1 -1 -1 -1 
919 74 1716 95 63 160 -1 -1 -1 -1 
920 74 1717 96 63 161 -1 -1 -1 -1 
921 74 1717 97 64 161 -1 -1 -1 -1 
922 74 1717 100 64 161 -1 -1 -1 -1 
923 74 1719 102 64 161 -1 -1 -1 -1 
924 74 1718 104 65 163 -1 -1 -1 -1 
925 74 1719 105 65 165 -1 -1 -1 -1 
926 74 1719 104 67 170 -1 -1 -1 -1 
927 74 1720 106 67 169 -1 -1 -1 -1 
928 74 1721 107 67 168 -1 -1 -1 -1 
929 74 1722 106 67 169 -1 -1 -1 -1 
930 74 1722 107 68 170 -1 -1 -1 -1 
931 74 1723 107 68 171 -1 -1 -1 -1 
932 74 1723 107 69 171 -1 -1 -1 -1 
933 74 1725 108 66 167 -1 -1 -1 -1 
934 74 1726 108 66 166 -1 -1 -1 -1 
935 74 1729 111 65 164 -1 -1 -1 -1 
936 74 1730 115 64 160 -1 -1 -1 -1 
937 74 1731 117 64 161 -1 -1 -1 -1 
938 74 1733 119 64 161 -1 -1 -1 -1 
939 74 1734 120 65 163 -1 -1 -1 -1 
940 74 1734 118 66 166 -1 -1 -1 -1 
941 74 1735 121 65 162 -1 -1 -1 -1 
942 74 1735 123 65 161 -1 -1 -1 -1 
943 74 1736 125 64 159 -1 -1 -1 -1 
944 74 1737 127 64 158 -1 -1 -1 -1 
945 74 1738 128 65 158 -1 -1 -1 -1 
946 74 1740 130 63 156 -1 -1 -1 -1 
947 74 1740 132 63 155 -1 -1 -1 -1 
948 74 1743 133 61 155 -1 -1 -1 -1 
949 74 1744 133 62 156 -1 -1 -1 -1 
950 74 1745 133 63 159 -1 -1 -1 -1 
951 74 1745 134 65 163 -1 -1 -1 -1 
952 74 1745 135 67 169 -1 -1 -1 -1 
953 74 1745 136 68 170 -1 -1 -1 -1 
954 74 1746 138 68 170 -1 -1 -1 -1 
955 74 1747 140 67 167 -1 -1 -1 -1 
956 74 1748 142 68 165 -1 -1 -1 -1 
957 74 1750 144 66 163 -1 -1 -1 -1 
958 74 1751 146 65 161 -1 -1 -1 -1 
959 74 1752 147 65 161 -1 -1 -1 -1 
960 74 1752 148 66 162 -1 -1 -1 -1 
961 74 1753 147 66 163 -1 -1 -1 -1 
962 74 1755 146 65 161 -1 -1 -1 -1 
963 74 1757 147 64 159 -1 -1 -1 -1 
964 74 1758 147 63 158 -1 -1 -1 -1 
965 74 1759 150 64 157 -1 -1 -1 -1 
966 74 1761 152 63 157 -1 -1 -1 -1 
967 74 1761 153 65 160 -1 -1 -1 -1 
968 74 1762 154 67 167 -1 -1 -1 -1 
969 74 1762 156 68 168 -1 -1 -1 -1 
970 74 1764 157 66 169 -1 -1 -1 -1 
971 74 1764 163 67 164 -1 -1 -1 -1 
972 74 1767 166 64 161 -1 -1 -1 -1 
973 74 1769 168 62 157 -1 -1 -1 -1 
974 74 1769 169 63 156 -1 -1 -1 -1 
975 74 1771 170 62 154 -1 -1 -1 -1 
976 74 1773 170 62 154 -1 -1 -1 -1 
977 74 1774 170 62 155 -1 -1 -1 -1 
978 74 1777 170 61 156 -1 -1 -1 -1 
979 74 1778 169 62 157 -1 -1 -1 -1 
980 74 1778 169 63 159 -1 -1 -1 -1 
981 74 1778 169 65 163 -1 -1 -1 -1 
982 74 1779 169 66 167 -1 -1 -1 -1 
983 74 1779 170 69 170 -1 -1 -1 -1 
984 74 1781 173 67 167 -1 -1 -1 -1 
985 74 1782 176 66 164 -1 -1 -1 -1 
986 74 1782 174 68 170 -1 -1 -1 -1 
987 74 1783 176 69 171 -1 -1 -1 -1 
988 74 1784 177 69 172 -1 -1 -1 -1 
989 74 1787 179 67 168 -1 -1 -1 -1 
990 74 1787 179 68 170 -1 -1 -1 -1 
991 74 1787 179 68 171 -1 -1 -1 -1 
992 74 1788 180 68 171 -1 -1 -1 -1 
993 74 1790 181 66 168 -1 -1 -1 -1 
994 74 1792 182 65 165 -1 -1 -1 -1 
995 74 1792 183 66 166 -1 -1 -1 -1 
996 74 1793 185 67 167 -1 -1 -1 -1 
997 74 1794 187 68 169 -1 -1 -1 -1 
998 74 1795 188 68 170 -1 -1 -1 -1 
999 74 1796 190 68 170 -1 -1 -1 -1 
1000 74 1798 192 68 172 -1 -1 -1 -1 
1001 74 1800 194 68 172 -1 -1 -1 -1 
1002 74 1800 195 70 175 -1 -1 -1 -1 
1003 74 1801 197 71 176 -1 -1 -1 -1 
1004 74 1803 199 71 176 -1 -1 -1 -1 
1005 74 1806 199 70 176 -1 -1 -1 -1 
1006 74 1809 201 69 172 -1 -1 -1 -1 
1007 74 1811 201 68 170 -1 -1 -1 -1 
1008 74 1813 201 68 171 -1 -1 -1 -1 
1009 74 1814 201 68 172 -1 -1 -1 -1 
1010 74 1814 202 69 174 -1 -1 -1 -1 
1011 74 1814 203 71 176 -1 -1 -1 -1 
1012 74 1815 206 71 177 -1 -1 -1 -1 
1013 74 1816 209 71 178 -1 -1 -1 -1 
1014 74 1816 211 72 179 -1 -1 -1 -1 
1015 74 1818 213 71 177 -1 -1 -1 -1 
1016 74 1820 216 70 174 -1 -1 -1 -1 
1017 74 1821 218 70 174 -1 -1 -1 -1 
1018 74 1822 221 70 172 -1 -1 -1 -1 
1019 74 1824 224 68 169 -1 -1 -1 -1 
1020 74 1825 225 68 168 -1 -1 -1 -1 
1021 74 1826 227 67 167 -1 -1 -1 -1 
1022 74 1827 228 66 166 -1 -1 -1 -1 
1023 74 1828 228 66 165 -1 -1 -1 -1 
1024 74 1829 228 66 165 -1 -1 -1 -1 
1025 74 1830 228 67 166 -1 -1 -1 -1 
1026 74 1832 229 67 167 -1 -1 -1 -1 
1027 74 1834 231 68 171 -1 -1 -1 -1 
1028 74 1835 233 69 176 -1 -1 -1 -1 
1029 74 1836 238 69 174 -1 -1 -1 -1 
1030 74 1838 241 68 172 -1 -1 -1 -1 
1031 74 1839 242 68 173 -1 -1 -1 -1 
1032 74 1840 242 68 175 -1 -1 -1 -1 
1033 74 1841 243 68 174 -1 -1 -1 -1 
1034 74 1841 243 69 175 -1 -1 -1 -1 
1035 74 1842 244 70 175 -1 -1 -1 -1 
1036 74 1844 245 70 175 -1 -1 -1 -1 
1037 74 1845 244 71 175 -1 -1 -1 -1 
1038 74 1847 244 70 174 -1 -1 -1 -1 
1039 74 1848 246 70 172 -1 -1 -1 -1 
1040 74 1849 248 69 171 -1 -1 -1 -1 
1041 74 1849 247 69 176 -1 -1 -1 -1 
1042 74 1850 250 69 178 -1 -1 -1 -1 
1043 74 1851 253 68 179 -1 -1 -1 -1 
1044 74 1853 257 66 178 -1 -1 -1 -1 
1045 74 1854 260 66 178 -1 -1 -1 -1 
1046 74 1856 262 64 175 -1 -1 -1 -1 
1047 74 1857 264 63 176 -1 -1 -1 -1 
1048 74 1857 264 63 178 -1 -1 -1 -1 
1049 74 1857 265 63 177 -1 -1 -1 -1 
1050 74 1857 266 63 177 -1 -1 -1 -1 
814 75 1469 32 60 151 -1 -1 -1 -1 
815 75 1468 32 61 152 -1 -1 -1 -1 
816 75 1468 32 60 151 -1 -1 -1 -1 
817 75 1468 33 60 150 -1 -1 -1 -1 
818 75 1469 35 59 147 -1 -1 -1 -1 
819 75 1469 37 59 144 -1 -1 -1 -1 
820 75 1470 37 59 144 -1 -1 -1 -1 
821 75 1471 39 57 142 -1 -1 -1 -1 
822 75 1472 42 56 139 -1 -1 -1 -1 
823 75 1473 43 56 138 -1 -1 -1 -1 
824 75 1474 45 55 137 -1 -1 -1 -1 
825 75 1474 46 56 136 -1 -1 -1 -1 
826 75 1475 46 55 136 -1 -1 -1 -1 
827 75 1475 45 55 136 -1 -1 -1 -1 
828 75 1475 46 55 135 -1 -1 -1 -1 
829 75 1475 45 55 136 -1 -1 -1 -1 
830 75 1475 46 55 135 -1 -1 -1 -1 
831 75 1476 46 55 136 -1 -1 -1 -1 
832 75 1476 46 55 137 -1 -1 -1 -1 
833 75 1476 46 56 140 -1 -1 -1 -1 
834 75 1475 46 57 141 -1 -1 -1 -1 
835 75 1474 46 57 142 -1 -1 -1 -1 
836 75 1473 48 57 141 -1 -1 -1 -1 
837 75 1472 49 57 141 -1 -1 -1 -1 
838 75 1471 50 57 142 -1 -1 -1 -1 
839 75 1471 52 57 141 -1 -1 -1 -1 
844 75 1468 56 57 144 -1 -1 -1 -1 
845 75 1467 57 58 144 -1 -1 -1 -1 
846 75 1467 57 58 145 -1 -1 -1 -1 
847 75 1467 57 58 144 -1 -1 -1 -1 
848 75 1467 57 58 145 -1 -1 -1 -1 
849 75 1467 57 58 145 -1 -1 -1 -1 
850 75 1467 57 59 145 -1 -1 -1 -1 
851 75 1467 57 59 145 -1 -1 -1 -1 
852 75 1467 57 59 146 -1 -1 -1 -1 
853 75 1469 59 58 144 -1 -1 -1 -1 
854 75 1468 61 59 145 -1 -1 -1 -1 
855 75 1469 61 59 147 -1 -1 -1 -1 
856 75 1469 62 59 147 -1 -1 -1 -1 
857 75 1468 62 61 149 -1 -1 -1 -1 
858 75 1468 62 62 150 -1 -1 -1 -1 
859 75 1468 62 62 151 -1 -1 -1 -1 
860 75 1469 61 62 152 -1 -1 -1 -1 
861 75 1470 62 61 151 -1 -1 -1 -1 
862 75 1470 61 61 152 -1 -1 -1 -1 
863 75 1470 61 61 152 -1 -1 -1 -1 
864 75 1470 61 61 151 -1 -1 -1 -1 
865 75 1470 61 61 150 -1 -1 -1 -1 
866 75 1470 63 60 148 -1 -1 -1 -1 
867 75 1471 64 59 148 -1 -1 -1 -1 
868 75 1471 64 60 149 -1 -1 -1 -1 
869 75 1472 65 61 151 -1 -1 -1 -1 
870 75 1471 64 62 152 -1 -1 -1 -1 
871 75 1470 62 63 154 -1 -1 -1 -1 
885 75 1480 78 60 148 -1 -1 -1 -1 
886 75 1480 77 60 149 -1 -1 -1 -1 
887 75 1480 78 61 149 -1 -1 -1 -1 
888 75 1479 77 62 150 -1 -1 -1 -1 
889 75 1480 81 61 147 -1 -1 -1 -1 
890 75 1481 85 60 144 -1 -1 -1 -1 
908 75 1481 104 57 144 -1 -1 -1 -1 
909 75 1480 105 57 144 -1 -1 -1 -1 
910 75 1480 106 57 145 -1 -1 -1 -1 
911 75 1479 107 57 143 -1 -1 -1 -1 
912 75 1478 107 57 144 -1 -1 -1 -1 
913 75 1478 108 57 143 -1 -1 -1 -1 
914 75 1477 107 58 145 -1 -1 -1 -1 
915 75 1476 106 59 146 -1 -1 -1 -1 
916 75 1476 106 58 147 -1 -1 -1 -1 
917 75 1475 106 59 147 -1 -1 -1 -1 
918 75 1475 106 60 148 -1 -1 -1 -1 
919 75 1475 106 60 149 -1 -1 -1 -1 
920 75 1476 106 59 149 -1 -1 -1 -1 
921 75 1476 107 60 149 -1 -1 -1 -1 
922 75 1475 107 62 152 -1 -1 -1 -1 
923 75 1476 107 61 153 -1 -1 -1 -1 
924 75 1476 107 61 153 -1 -1 -1 -1 
925 75 1476 107 62 154 -1 -1 -1 -1 
926 75 1475 107 62 154 -1 -1 -1 -1 
927 75 1475 107 62 154 -1 -1 -1 -1 
928 75 1475 108 63 156 -1 -1 -1 -1 
929 75 1476 108 62 155 -1 -1 -1 -1 
930 75 1476 109 62 154 -1 -1 -1 -1 
931 75 1476 108 62 156 -1 -1 -1 -1 
932 75 1476 107 63 157 -1 -1 -1 -1 
933 75 1476 107 62 157 -1 -1 -1 -1 
934 75 1475 107 64 159 -1 -1 -1 -1 
935 75 1475 107 63 158 -1 -1 -1 -1 
936 75 1474 106 65 161 -1 -1 -1 -1 
937 75 1474 104 65 164 -1 -1 -1 -1 
938 75 1475 103 66 165 -1 -1 -1 -1 
939 75 1475 101 67 168 -1 -1 -1 -1 
940 75 1473 102 68 170 -1 -1 -1 -1 
941 75 1473 106 67 167 -1 -1 -1 -1 
942 75 1475 111 64 163 -1 -1 -1 -1 
943 75 1476 117 62 158 -1 -1 -1 -1 
944 75 1476 118 62 157 -1 -1 -1 -1 
945 75 1476 121 61 155 -1 -1 -1 -1 
946 75 1476 126 60 151 -1 -1 -1 -1 
947 75 1476 130 59 149 -1 -1 -1 -1 
948 75 1476 131 59 148 -1 -1 -1 -1 
949 75 1476 133 59 146 -1 -1 -1 -1 
950 75 1475 133 60 147 -1 -1 -1 -1 
951 75 1475 132 60 149 -1 -1 -1 -1 
952 75 1475 133 60 149 -1 -1 -1 -1 
953 75 1475 133 60 149 -1 -1 -1 -1 
954 75 1475 133 59 149 -1 -1 -1 -1 
955 75 1474 132 61 150 -1 -1 -1 -1 
956 75 1474 130 62 154 -1 -1 -1 -1 
957 75 1475 131 62 153 -1 -1 -1 -1 
958 75 1474 130 62 153 -1 -1 -1 -1 
959 75 1474 131 61 151 -1 -1 -1 -1 
960 75 1474 133 60 151 -1 -1 -1 -1 
961 75 1473 141 60 146 -1 -1 -1 -1 
962 75 1472 142 61 147 -1 -1 -1 -1 
963 75 1472 146 61 146 -1 -1 -1 -1 
964 75 1473 147 60 147 -1 -1 -1 -1 
965 75 1473 149 60 146 -1 -1 -1 -1 
966 75 1473 148 60 149 -1 -1 -1 -1 
967 75 1473 148 61 149 -1 -1 -1 -1 
968 75 1473 149 59 147 -1 -1 -1 -1 
969 75 1473 149 59 146 -1 -1 -1 -1 
970 75 1472 150 59 146 -1 -1 -1 -1 
971 75 1472 150 59 147 -1 -1 -1 -1 
972 75 1471 149 60 149 -1 -1 -1 -1 
973 75 1470 148 61 150 -1 -1 -1 -1 
974 75 1470 147 62 153 -1 -1 -1 -1 
975 75 1470 148 62 155 -1 -1 -1 -1 
976 75 1469 149 63 156 -1 -1 -1 -1 
977 75 1468 151 64 157 -1 -1 -1 -1 
978 75 1468 152 64 156 -1 -1 -1 -1 
979 75 1468 154 63 157 -1 -1 -1 -1 
980 75 1468 156 63 156 -1 -1 -1 -1 
981 75 1467 156 64 159 -1 -1 -1 -1 
982 75 1468 160 63 154 -1 -1 -1 -1 
983 75 1468 163 62 152 -1 -1 -1 -1 
984 75 1468 165 61 150 -1 -1 -1 -1 
985 75 1469 166 60 149 -1 -1 -1 -1 
986 75 1469 166 60 148 -1 -1 -1 -1 
987 75 1468 167 60 147 -1 -1 -1 -1 
988 75 1467 168 60 147 -1 -1 -1 -1 
989 75 1467 168 60 148 -1 -1 -1 -1 
990 75 1467 167 62 151 -1 -1 -1 -1 
991 75 1466 166 64 156 -1 -1 -1 -1 
992 75 1467 165 64 158 -1 -1 -1 -1 
993 75 1467 166 64 158 -1 -1 -1 -1 
994 75 1467 168 64 156 -1 -1 -1 -1 
995 75 1468 169 63 154 -1 -1 -1 -1 
996 75 1469 171 62 152 -1 -1 -1 -1 
997 75 1469 171 62 152 -1 -1 -1 -1 
998 75 1470 173 60 149 -1 -1 -1 -1 
999 75 1470 174 60 148 -1 -1 -1 -1 
1000 75 1470 175 60 146 -1 -1 -1 -1 
1001 75 1471 175 59 146 -1 -1 -1 -1 
1002 75 1470 176 59 145 -1 -1 -1 -1 
1003 75 1470 176 60 145 -1 -1 -1 -1 
1004 75 1470 175 60 147 -1 -1 -1 -1 
1005 75 1470 174 60 148 -1 -1 -1 -1 
1006 75 1470 176 60 147 -1 -1 -1 -1 
1007 75 1469 176 61 150 -1 -1 -1 -1 
1008 75 1469 178 61 150 -1 -1 -1 -1 
1009 75 1468 180 61 149 -1 -1 -1 -1 
1010 75 1468 181 60 149 -1 -1 -1 -1 
1011 75 1467 183 60 148 -1 -1 -1 -1 
1012 75 1467 184 59 147 -1 -1 -1 -1 
1013 75 1468 186 58 145 -1 -1 -1 -1 
1014 75 1467 187 58 144 -1 -1 -1 -1 
1015 75 1467 187 57 144 -1 -1 -1 -1 
1016 75 1467 188 57 143 -1 -1 -1 -1 
1017 75 1467 188 56 142 -1 -1 -1 -1 
1018 75 1467 188 56 143 -1 -1 -1 -1 
1019 75 1467 189 56 142 -1 -1 -1 -1 
1020 75 1467 189 55 142 -1 -1 -1 -1 
1021 75 1466 189 56 144 -1 -1 -1 -1 
1022 75 1466 190 56 144 -1 -1 -1 -1 
1023 75 1466 191 57 144 -1 -1 -1 -1 
1024 75 1467 194 56 143 -1 -1 -1 -1 
1025 75 1467 196 57 143 -1 -1 -1 -1 
1026 75 1468 199 56 142 -1 -1 -1 -1 
1027 75 1469 200 56 143 -1 -1 -1 -1 
1028 75 1469 201 57 144 -1 -1 -1 -1 
1029 75 1470 203 57 145 -1 -1 -1 -1 
1030 75 1470 203 58 147 -1 -1 -1 -1 
1031 75 1471 204 58 149 -1 -1 -1 -1 
1032 75 1471 204 58 148 -1 -1 -1 -1 
1033 75 1471 206 57 145 -1 -1 -1 -1 
1034 75 1471 206 58 147 -1 -1 -1 -1 
1035 75 1471 206 60 149 -1 -1 -1 -1 
1036 75 1471 205 61 152 -1 -1 -1 -1 
1037 75 1472 207 60 150 -1 -1 -1 -1 
1038 75 1473 207 60 152 -1 -1 -1 -1 
1039 75 1474 208 61 152 -1 -1 -1 -1 
1040 75 1473 209 61 152 -1 -1 -1 -1 
1041 75 1472 211 62 155 -1 -1 -1 -1 
1042 75 1471 213 63 156 -1 -1 -1 -1 
1043 75 1471 216 63 157 -1 -1 -1 -1 
1044 75 1471 219 63 155 -1 -1 -1 -1 
1045 75 1472 221 62 156 -1 -1 -1 -1 
1046 75 1473 223 61 152 -1 -1 -1 -1 
1047 75 1474 223 60 152 -1 -1 -1 -1 
1048 75 1474 223 61 154 -1 -1 -1 -1 
1049 75 1475 224 61 153 -1 -1 -1 -1 
1050 75 1476 224 61 154 -1 -1 -1 -1 
825 76 227 135 62 152 -1 -1 -1 -1 
826 76 214 113 67 168 -1 -1 -1 -1 
827 76 209 106 68 173 -1 -1 -1 -1 
828 76 208 104 68 173 -1 -1 -1 -1 
829 76 208 104 68 173 -1 -1 -1 -1 
830 76 206 106 62 155 -1 -1 -1 -1 
831 76 215 109 65 166 -1 -1 -1 -1 
832 76 212 106 67 171 -1 -1 -1 -1 
833 76 213 105 68 175 -1 -1 -1 -1 
834 76 213 105 68 176 -1 -1 -1 -1 
835 76 214 105 68 177 -1 -1 -1 -1 
836 76 213 105 68 177 -1 -1 -1 -1 
837 76 213 106 68 176 -1 -1 -1 -1 
838 76 210 105 67 169 -1 -1 -1 -1 
839 76 207 106 63 157 -1 -1 -1 -1 
840 76 203 106 61 149 -1 -1 -1 -1 
841 76 203 106 60 147 -1 -1 -1 -1 
842 76 203 106 59 146 -1 -1 -1 -1 
843 76 203 107 58 143 -1 -1 -1 -1 
844 76 202 107 59 144 -1 -1 -1 -1 
845 76 202 108 58 144 -1 -1 -1 -1 
846 76 203 108 59 146 -1 -1 -1 -1 
847 76 203 108 60 147 -1 -1 -1 -1 
848 76 203 109 59 145 -1 -1 -1 -1 
849 76 203 109 58 145 -1 -1 -1 -1 
850 76 202 108 59 146 -1 -1 -1 -1 
851 76 202 107 58 146 -1 -1 -1 -1 
852 76 203 106 57 144 -1 -1 -1 -1 
853 76 203 103 59 147 -1 -1 -1 -1 
854 76 204 103 62 154 -1 -1 -1 -1 
855 76 204 102 64 159 -1 -1 -1 -1 
856 76 204 104 60 149 -1 -1 -1 -1 
857 76 203 96 63 152 -1 -1 -1 -1 
858 76 204 103 59 145 -1 -1 -1 -1 
859 76 204 108 57 141 -1 -1 -1 -1 
860 76 204 109 56 139 -1 -1 -1 -1 
861 76 203 109 56 139 -1 -1 -1 -1 
862 76 202 109 55 138 -1 -1 -1 -1 
863 76 203 109 56 140 -1 -1 -1 -1 
864 76 202 106 60 143 -1 -1 -1 -1 
875 76 203 104 58 148 -1 -1 -1 -1 
876 76 202 104 58 149 -1 -1 -1 -1 
877 76 202 104 58 147 -1 -1 -1 -1 
878 76 202 103 59 148 -1 -1 -1 -1 
879 76 203 103 58 147 -1 -1 -1 -1 
880 76 203 103 59 149 -1 -1 -1 -1 
881 76 201 103 61 151 -1 -1 -1 -1 
882 76 201 103 62 153 -1 -1 -1 -1 
883 76 201 104 63 153 -1 -1 -1 -1 
884 76 202 103 62 153 -1 -1 -1 -1 
885 76 203 104 60 151 -1 -1 -1 -1 
886 76 203 106 59 147 -1 -1 -1 -1 
887 76 204 107 58 148 -1 -1 -1 -1 
888 76 204 107 58 147 -1 -1 -1 -1 
889 76 204 108 59 148 -1 -1 -1 -1 
890 76 204 107 59 150 -1 -1 -1 -1 
891 76 204 106 61 156 -1 -1 -1 -1 
892 76 205 106 62 160 -1 -1 -1 -1 
893 76 206 106 64 166 -1 -1 -1 -1 
894 76 206 105 65 168 -1 -1 -1 -1 
895 76 206 105 66 170 -1 -1 -1 -1 
896 76 206 105 66 170 -1 -1 -1 -1 
897 76 206 105 66 170 -1 -1 -1 -1 
898 76 206 105 65 169 -1 -1 -1 -1 
899 76 205 104 65 168 -1 -1 -1 -1 
900 76 205 105 62 164 -1 -1 -1 -1 
901 76 204 103 62 161 -1 -1 -1 -1 
902 76 204 104 61 158 -1 -1 -1 -1 
903 76 204 103 60 157 -1 -1 -1 -1 
904 76 204 104 60 157 -1 -1 -1 -1 
905 76 204 105 59 154 -1 -1 -1 -1 
906 76 204 105 59 153 -1 -1 -1 -1 
907 76 203 106 60 156 -1 -1 -1 -1 
908 76 204 105 59 156 -1 -1 -1 -1 
909 76 203 106 61 159 -1 -1 -1 -1 
910 76 203 106 61 159 -1 -1 -1 -1 
911 76 203 107 61 159 -1 -1 -1 -1 
912 76 203 107 61 160 -1 -1 -1 -1 
913 76 203 107 60 157 -1 -1 -1 -1 
914 76 203 108 59 152 -1 -1 -1 -1 
915 76 202 108 59 150 -1 -1 -1 -1 
916 76 202 108 59 150 -1 -1 -1 -1 
917 76 203 108 58 150 -1 -1 -1 -1 
918 76 203 108 63 153 -1 -1 -1 -1 
919 76 204 108 65 158 -1 -1 -1 -1 
920 76 204 107 67 161 -1 -1 -1 -1 
921 76 205 107 68 165 -1 -1 -1 -1 
922 76 207 108 68 167 -1 -1 -1 -1 
923 76 210 109 68 170 -1 -1 -1 -1 
924 76 212 111 68 169 -1 -1 -1 -1 
925 76 209 113 64 159 -1 -1 -1 -1 
850 77 1077 0 47 105 -1 -1 -1 -1 
851 77 1079 0 44 106 -1 -1 -1 -1 
852 77 1079 0 45 107 -1 -1 -1 -1 
853 77 1079 0 45 107 -1 -1 -1 -1 
854 77 1078 0 46 109 -1 -1 -1 -1 
855 77 1079 2 45 108 -1 -1 -1 -1 
856 77 1080 0 45 111 -1 -1 -1 -1 
857 77 1080 0 46 109 -1 -1 -1 -1 
858 77 1080 0 48 109 -1 -1 -1 -1 
859 77 1081 0 48 110 -1 -1 -1 -1 
860 77 1081 0 50 112 -1 -1 -1 -1 
861 77 1081 0 51 113 -1 -1 -1 -1 
862 77 1081 0 50 113 -1 -1 -1 -1 
863 77 1081 0 50 114 -1 -1 -1 -1 
864 77 1080 0 50 114 -1 -1 -1 -1 
865 77 1079 0 50 115 -1 -1 -1 -1 
866 77 1080 0 51 118 -1 -1 -1 -1 
867 77 1085 0 52 122 -1 -1 -1 -1 
868 77 1086 0 54 125 -1 -1 -1 -1 
869 77 1087 0 52 124 -1 -1 -1 -1 
870 77 1087 0 52 124 -1 -1 -1 -1 
871 77 1087 0 52 125 -1 -1 -1 -1 
872 77 1087 0 53 129 -1 -1 -1 -1 
873 77 1087 0 54 132 -1 -1 -1 -1 
874 77 1086 0 56 133 -1 -1 -1 -1 
875 77 1087 0 56 135 -1 -1 -1 -1 
876 77 1087 0 57 138 -1 -1 -1 -1 
877 77 1087 0 57 140 -1 -1 -1 -1 
878 77 1089 0 58 142 -1 -1 -1 -1 
879 77 1090 0 58 143 -1 -1 -1 -1 
880 77 1091 0 59 145 -1 -1 -1 -1 
881 77 1091 0 60 146 -1 -1 -1 -1 
882 77 1092 0 60 147 -1 -1 -1 -1 
883 77 1092 0 60 149 -1 -1 -1 -1 
884 77 1092 0 61 151 -1 -1 -1 -1 
885 77 1092 0 62 153 -1 -1 -1 -1 
886 77 1093 0 61 152 -1 -1 -1 -1 
887 77 1094 0 60 152 -1 -1 -1 -1 
888 77 1095 1 60 151 -1 -1 -1 -1 
889 77 1096 3 60 150 -1 -1 -1 -1 
890 77 1098 5 59 149 -1 -1 -1 -1 
891 77 1099 8 58 145 -1 -1 -1 -1 
892 77 1099 10 59 144 -1 -1 -1 -1 
893 77 1100 12 58 143 -1 -1 -1 -1 
894 77 1101 13 58 145 -1 -1 -1 -1 
895 77 1101 14 59 145 -1 -1 -1 -1 
896 77 1102 15 59 145 -1 -1 -1 -1 
897 77 1103 15 59 148 -1 -1 -1 -1 
898 77 1104 16 59 148 -1 -1 -1 -1 
899 77 1105 16 59 149 -1 -1 -1 -1 
900 77 1104 16 59 149 -1 -1 -1 -1 
901 77 1104 15 60 152 -1 -1 -1 -1 
902 77 1104 15 60 153 -1 -1 -1 -1 
903 77 1104 16 61 155 -1 -1 -1 -1 
904 77 1104 18 62 156 -1 -1 -1 -1 
905 77 1104 20 63 157 -1 -1 -1 -1 
906 77 1104 21 63 157 -1 -1 -1 -1 
907 77 1105 24 62 154 -1 -1 -1 -1 
908 77 1107 28 60 150 -1 -1 -1 -1 
909 77 1109 31 60 149 -1 -1 -1 -1 
910 77 1111 33 59 149 -1 -1 -1 -1 
911 77 1111 34 59 149 -1 -1 -1 -1 
912 77 1111 35 60 150 -1 -1 -1 -1 
913 77 1111 36 60 149 -1 -1 -1 -1 
914 77 1111 36 60 150 -1 -1 -1 -1 
915 77 1112 35 61 152 -1 -1 -1 -1 
916 77 1114 35 60 151 -1 -1 -1 -1 
917 77 1115 36 59 151 -1 -1 -1 -1 
918 77 1116 37 59 151 -1 -1 -1 -1 
919 77 1117 38 60 151 -1 -1 -1 -1 
920 77 1118 38 60 151 -1 -1 -1 -1 
921 77 1120 40 59 148 -1 -1 -1 -1 
922 77 1120 42 58 147 -1 -1 -1 -1 
923 77 1120 45 58 144 -1 -1 -1 -1 
924 77 1120 46 58 147 -1 -1 -1 -1 
925 77 1120 48 59 147 -1 -1 -1 -1 
926 77 1120 48 61 150 -1 -1 -1 -1 
927 77 1121 49 60 150 -1 -1 -1 -1 
928 77 1121 49 60 151 -1 -1 -1 -1 
929 77 1122 50 61 152 -1 -1 -1 -1 
930 77 1122 50 62 154 -1 -1 -1 -1 
931 77 1122 50 62 155 -1 -1 -1 -1 
932 77 1122 49 64 158 -1 -1 -1 -1 
933 77 1122 51 64 157 -1 -1 -1 -1 
934 77 1123 53 62 156 -1 -1 -1 -1 
935 77 1124 56 63 157 -1 -1 -1 -1 
936 77 1125 59 62 153 -1 -1 -1 -1 
937 77 1126 61 61 151 -1 -1 -1 -1 
938 77 1127 62 61 151 -1 -1 -1 -1 
939 77 1128 63 61 151 -1 -1 -1 -1 
940 77 1129 65 60 151 -1 -1 -1 -1 
941 77 1129 66 61 152 -1 -1 -1 -1 
942 77 1129 67 62 153 -1 -1 -1 -1 
943 77 1130 67 62 155 -1 -1 -1 -1 
944 77 1131 67 62 156 -1 -1 -1 -1 
945 77 1131 66 63 156 -1 -1 -1 -1 
946 77 1133 67 62 153 -1 -1 -1 -1 
947 77 1135 68 61 152 -1 -1 -1 -1 
948 77 1136 68 61 153 -1 -1 -1 -1 
949 77 1137 69 62 153 -1 -1 -1 -1 
950 77 1139 71 61 154 -1 -1 -1 -1 
951 77 1141 74 60 152 -1 -1 -1 -1 
952 77 1142 77 59 151 -1 -1 -1 -1 
953 77 1143 81 59 148 -1 -1 -1 -1 
954 77 1144 83 59 147 -1 -1 -1 -1 
955 77 1145 84 59 147 -1 -1 -1 -1 
956 77 1146 85 59 146 -1 -1 -1 -1 
957 77 1147 85 59 146 -1 -1 -1 -1 
958 77 1148 85 59 147 -1 -1 -1 -1 
959 77 1149 85 60 150 -1 -1 -1 -1 
960 77 1150 85 61 153 -1 -1 -1 -1 
961 77 1151 85 60 154 -1 -1 -1 -1 
962 77 1151 87 62 153 -1 -1 -1 -1 
963 77 1152 87 63 158 -1 -1 -1 -1 
964 77 1152 89 64 157 -1 -1 -1 -1 
965 77 1153 91 64 156 -1 -1 -1 -1 
966 77 1155 93 62 154 -1 -1 -1 -1 
967 77 1156 94 62 154 -1 -1 -1 -1 
968 77 1156 95 62 157 -1 -1 -1 -1 
969 77 1158 98 62 157 -1 -1 -1 -1 
970 77 1159 99 63 159 -1 -1 -1 -1 
971 77 1160 101 64 160 -1 -1 -1 -1 
972 77 1161 102 64 160 -1 -1 -1 -1 
973 77 1162 102 64 161 -1 -1 -1 -1 
974 77 1162 103 65 162 -1 -1 -1 -1 
975 77 1164 103 65 162 -1 -1 -1 -1 
976 77 1166 104 63 159 -1 -1 -1 -1 
977 77 1167 104 63 159 -1 -1 -1 -1 
978 77 1168 105 63 158 -1 -1 -1 -1 
979 77 1169 108 64 157 -1 -1 -1 -1 
980 77 1172 110 62 156 -1 -1 -1 -1 
981 77 1173 112 62 155 -1 -1 -1 -1 
982 77 1176 114 61 153 -1 -1 -1 -1 
983 77 1178 116 61 151 -1 -1 -1 -1 
984 77 1178 117 61 151 -1 -1 -1 -1 
985 77 1179 119 60 151 -1 -1 -1 -1 
986 77 1181 121 59 150 -1 -1 -1 -1 
987 77 1183 123 59 151 -1 -1 -1 -1 
988 77 1184 124 61 154 -1 -1 -1 -1 
989 77 1186 124 61 157 -1 -1 -1 -1 
990 77 1187 123 62 159 -1 -1 -1 -1 
991 77 1188 124 63 159 -1 -1 -1 -1 
992 77 1189 124 64 162 -1 -1 -1 -1 
993 77 1190 125 65 163 -1 -1 -1 -1 
994 77 1191 126 65 164 -1 -1 -1 -1 
995 77 1193 129 65 161 -1 -1 -1 -1 
996 77 1194 131 64 161 -1 -1 -1 -1 
997 77 1196 134 64 159 -1 -1 -1 -1 
998 77 1198 136 64 159 -1 -1 -1 -1 
999 77 1199 138 63 157 -1 -1 -1 -1 
1000 77 1201 140 62 157 -1 -1 -1 -1 
1001 77 1203 141 62 155 -1 -1 -1 -1 
1002 77 1203 139 63 159 -1 -1 -1 -1 
1003 77 1205 140 64 160 -1 -1 -1 -1 
1004 77 1207 140 65 162 -1 -1 -1 -1 
1005 77 1208 141 65 162 -1 -1 -1 -1 
1006 77 1211 144 63 158 -1 -1 -1 -1 
1007 77 1213 145 63 156 -1 -1 -1 -1 
1008 77 1214 146 63 159 -1 -1 -1 -1 
1009 77 1216 147 63 159 -1 -1 -1 -1 
1010 77 1220 150 63 157 -1 -1 -1 -1 
1011 77 1222 152 62 157 -1 -1 -1 -1 
1012 77 1224 153 61 156 -1 -1 -1 -1 
1013 77 1225 154 61 154 -1 -1 -1 -1 
1014 77 1227 155 60 153 -1 -1 -1 -1 
1015 77 1228 159 60 150 -1 -1 -1 -1 
1016 77 1231 161 59 148 -1 -1 -1 -1 
1017 77 1234 161 60 150 -1 -1 -1 -1 
1018 77 1236 163 60 150 -1 -1 -1 -1 
1019 77 1238 164 60 152 -1 -1 -1 -1 
1020 77 1240 163 61 153 -1 -1 -1 -1 
1021 77 1243 162 62 153 -1 -1 -1 -1 
1022 77 1245 161 62 155 -1 -1 -1 -1 
1023 77 1248 164 61 152 -1 -1 -1 -1 
1024 77 1250 164 61 152 -1 -1 -1 -1 
1025 77 1251 169 60 147 -1 -1 -1 -1 
1026 77 1253 173 58 144 -1 -1 -1 -1 
1027 77 1253 176 57 142 -1 -1 -1 -1 
1028 77 1253 178 56 140 -1 -1 -1 -1 
1029 77 1257 179 57 138 -1 -1 -1 -1 
1030 77 1260 174 58 144 -1 -1 -1 -1 
1031 77 1261 170 59 149 -1 -1 -1 -1 
1032 77 1264 172 58 146 -1 -1 -1 -1 
1033 77 1268 177 58 143 -1 -1 -1 -1 
1034 77 1271 179 59 146 -1 -1 -1 -1 
1035 77 1272 180 59 144 -1 -1 -1 -1 
1036 77 1278 183 57 136 -1 -1 -1 -1 
1037 77 1282 185 55 133 -1 -1 -1 -1 
1038 77 1285 186 55 133 -1 -1 -1 -1 
1039 77 1289 187 55 136 -1 -1 -1 -1 
1040 77 1293 191 55 134 -1 -1 -1 -1 
1041 77 1292 193 54 131 -1 -1 -1 -1 
1042 77 1291 195 55 129 -1 -1 -1 -1 
1043 77 1295 198 51 125 -1 -1 -1 -1 
1044 77 1298 200 53 126 -1 -1 -1 -1 
1045 77 1303 202 53 125 -1 -1 -1 -1 
1046 77 1305 203 53 124 -1 -1 -1 -1 
1047 77 1310 201 57 139 -1 -1 -1 -1 
1048 77 1314 200 60 149 -1 -1 -1 -1 
1049 77 1315 199 62 155 -1 -1 -1 -1 
1050 77 1318 199 64 158 -1 -1 -1 -1 
852 78 492 0 40 97 -1 -1 -1 -1 
853 78 492 0 39 98 -1 -1 -1 -1 
854 78 490 0 40 98 -1 -1 -1 -1 
855 78 489 0 41 99 -1 -1 -1 -1 
856 78 489 0 40 98 -1 -1 -1 -1 
857 78 488 0 40 99 -1 -1 -1 -1 
858 78 488 0 41 100 -1 -1 -1 -1 
859 78 487 0 42 101 -1 -1 -1 -1 
860 78 487 0 42 103 -1 -1 -1 -1 
861 78 485 0 44 105 -1 -1 -1 -1 
862 78 485 0 44 106 -1 -1 -1 -1 
863 78 485 0 43 105 -1 -1 -1 -1 
864 78 484 0 44 107 -1 -1 -1 -1 
865 78 483 0 44 109 -1 -1 -1 -1 
866 78 481 0 47 112 -1 -1 -1 -1 
867 78 481 0 48 114 -1 -1 -1 -1 
868 78 480 0 48 115 -1 -1 -1 -1 
869 78 480 0 48 116 -1 -1 -1 -1 
870 78 480 0 48 116 -1 -1 -1 -1 
871 78 480 0 49 117 -1 -1 -1 -1 
872 78 480 0 49 118 -1 -1 -1 -1 
873 78 479 0 49 117 -1 -1 -1 -1 
874 78 479 0 48 117 -1 -1 -1 -1 
875 78 478 0 48 115 -1 -1 -1 -1 
876 78 477 0 48 115 -1 -1 -1 -1 
877 78 476 0 48 115 -1 -1 -1 -1 
878 78 475 0 47 114 -1 -1 -1 -1 
879 78 473 0 48 115 -1 -1 -1 -1 
880 78 472 0 48 116 -1 -1 -1 -1 
881 78 471 0 49 117 -1 -1 -1 -1 
882 78 471 0 49 120 -1 -1 -1 -1 
883 78 470 0 49 121 -1 -1 -1 -1 
884 78 470 0 48 121 -1 -1 -1 -1 
885 78 469 0 49 122 -1 -1 -1 -1 
886 78 468 0 49 122 -1 -1 -1 -1 
887 78 467 0 50 121 -1 -1 -1 -1 
888 78 466 0 51 124 -1 -1 -1 -1 
889 78 466 0 51 125 -1 -1 -1 -1 
890 78 466 0 51 127 -1 -1 -1 -1 
891 78 465 0 52 129 -1 -1 -1 -1 
892 78 466 0 51 129 -1 -1 -1 -1 
893 78 465 1 51 129 -1 -1 -1 -1 
894 78 467 1 51 129 -1 -1 -1 -1 
895 78 466 2 50 128 -1 -1 -1 -1 
896 78 466 5 50 128 -1 -1 -1 -1 
897 78 466 7 51 128 -1 -1 -1 -1 
898 78 465 8 51 128 -1 -1 -1 -1 
899 78 464 8 52 130 -1 -1 -1 -1 
900 78 464 8 52 132 -1 -1 -1 -1 
901 78 464 8 52 132 -1 -1 -1 -1 
902 78 464 9 52 131 -1 -1 -1 -1 
903 78 465 10 51 129 -1 -1 -1 -1 
904 78 465 10 52 129 -1 -1 -1 -1 
905 78 464 9 52 130 -1 -1 -1 -1 
906 78 464 9 52 131 -1 -1 -1 -1 
907 78 464 10 52 132 -1 -1 -1 -1 
908 78 465 11 51 131 -1 -1 -1 -1 
909 78 465 12 51 130 -1 -1 -1 -1 
910 78 464 12 53 133 -1 -1 -1 -1 
911 78 463 13 53 135 -1 -1 -1 -1 
912 78 462 15 53 134 -1 -1 -1 -1 
913 78 461 15 54 134 -1 -1 -1 -1 
914 78 460 16 54 134 -1 -1 -1 -1 
915 78 459 16 55 134 -1 -1 -1 -1 
916 78 459 16 54 132 -1 -1 -1 -1 
917 78 460 17 54 131 -1 -1 -1 -1 
918 78 462 14 53 133 -1 -1 -1 -1 
919 78 462 13 54 135 -1 -1 -1 -1 
920 78 464 15 53 134 -1 -1 -1 -1 
921 78 465 16 53 134 -1 -1 -1 -1 
922 78 466 18 53 134 -1 -1 -1 -1 
923 78 467 19 52 134 -1 -1 -1 -1 
924 78 468 21 52 133 -1 -1 -1 -1 
925 78 468 23 53 132 -1 -1 -1 -1 
926 78 469 25 53 134 -1 -1 -1 -1 
927 78 469 27 53 133 -1 -1 -1 -1 
928 78 470 27 52 134 -1 -1 -1 -1 
929 78 471 28 52 133 -1 -1 -1 -1 
930 78 472 28 52 133 -1 -1 -1 -1 
931 78 473 29 51 131 -1 -1 -1 -1 
932 78 473 30 51 131 -1 -1 -1 -1 
933 78 472 30 52 132 -1 -1 -1 -1 
934 78 472 30 53 134 -1 -1 -1 -1 
935 78 472 30 53 135 -1 -1 -1 -1 
936 78 472 31 53 135 -1 -1 -1 -1 
937 78 472 32 53 135 -1 -1 -1 -1 
938 78 472 34 53 135 -1 -1 -1 -1 
939 78 472 36 53 132 -1 -1 -1 -1 
940 78 472 37 54 137 -1 -1 -1 -1 
941 78 470 37 57 141 -1 -1 -1 -1 
942 78 470 39 57 142 -1 -1 -1 -1 
943 78 470 40 57 142 -1 -1 -1 -1 
944 78 470 41 57 142 -1 -1 -1 -1 
945 78 471 41 55 141 -1 -1 -1 -1 
946 78 471 42 56 142 -1 -1 -1 -1 
947 78 472 42 55 141 -1 -1 -1 -1 
948 78 473 41 55 140 -1 -1 -1 -1 
949 78 473 42 55 137 -1 -1 -1 -1 
950 78 475 43 54 135 -1 -1 -1 -1 
951 78 475 42 54 137 -1 -1 -1 -1 
952 78 475 44 54 137 -1 -1 -1 -1 
953 78 476 45 54 137 -1 -1 -1 -1 
954 78 475 47 55 136 -1 -1 -1 -1 
955 78 474 49 55 137 -1 -1 -1 -1 
956 78 475 51 54 138 -1 -1 -1 -1 
957 78 475 54 54 136 -1 -1 -1 -1 
958 78 475 52 55 140 -1 -1 -1 -1 
959 78 477 55 54 136 -1 -1 -1 -1 
960 78 477 54 55 137 -1 -1 -1 -1 
961 78 477 55 55 138 -1 -1 -1 -1 
962 78 478 54 56 142 -1 -1 -1 -1 
963 78 478 54 57 144 -1 -1 -1 -1 
964 78 478 54 57 145 -1 -1 -1 -1 
965 78 478 54 57 145 -1 -1 -1 -1 
966 78 477 55 58 146 -1 -1 -1 -1 
967 78 478 56 58 144 -1 -1 -1 -1 
968 78 478 57 58 144 -1 -1 -1 -1 
969 78 476 56 58 147 -1 -1 -1 -1 
970 78 475 58 59 148 -1 -1 -1 -1 
971 78 476 60 58 147 -1 -1 -1 -1 
972 78 475 61 58 148 -1 -1 -1 -1 
973 78 476 62 59 150 -1 -1 -1 -1 
974 78 477 62 58 150 -1 -1 -1 -1 
975 78 478 62 57 150 -1 -1 -1 -1 
976 78 479 63 56 150 -1 -1 -1 -1 
977 78 480 64 55 149 -1 -1 -1 -1 
978 78 480 64 56 148 -1 -1 -1 -1 
979 78 482 65 53 144 -1 -1 -1 -1 
980 78 484 65 52 144 -1 -1 -1 -1 
981 78 485 68 54 138 -1 -1 -1 -1 
982 78 487 69 55 138 -1 -1 -1 -1 
983 78 489 69 56 139 -1 -1 -1 -1 
984 78 491 70 55 138 -1 -1 -1 -1 
985 78 493 72 55 139 -1 -1 -1 -1 
986 78 495 73 54 138 -1 -1 -1 -1 
987 78 496 75 54 139 -1 -1 -1 -1 
988 78 497 77 55 138 -1 -1 -1 -1 
989 78 499 78 55 137 -1 -1 -1 -1 
990 78 500 79 56 139 -1 -1 -1 -1 
991 78 501 81 56 137 -1 -1 -1 -1 
992 78 503 81 55 137 -1 -1 -1 -1 
993 78 504 82 55 134 -1 -1 -1 -1 
994 78 505 82 55 135 -1 -1 -1 -1 
995 78 504 82 57 137 -1 -1 -1 -1 
996 78 504 82 58 140 -1 -1 -1 -1 
997 78 505 83 57 140 -1 -1 -1 -1 
998 78 504 83 58 140 -1 -1 -1 -1 
999 78 505 86 57 139 -1 -1 -1 -1 
1000 78 504 85 58 141 -1 -1 -1 -1 
1001 78 504 87 58 140 -1 -1 -1 -1 
1002 78 505 88 57 141 -1 -1 -1 -1 
1003 78 505 89 58 141 -1 -1 -1 -1 
1004 78 505 91 57 140 -1 -1 -1 -1 
1005 78 505 90 58 142 -1 -1 -1 -1 
1006 78 504 90 59 143 -1 -1 -1 -1 
1007 78 503 92 58 141 -1 -1 -1 -1 
1008 78 502 94 58 139 -1 -1 -1 -1 
1009 78 501 94 58 139 -1 -1 -1 -1 
1010 78 500 94 59 141 -1 -1 -1 -1 
1011 78 499 93 60 145 -1 -1 -1 -1 
1012 78 499 94 60 145 -1 -1 -1 -1 
1013 78 499 95 61 148 -1 -1 -1 -1 
1014 78 499 97 60 148 -1 -1 -1 -1 
1015 78 499 98 60 148 -1 -1 -1 -1 
1016 78 500 101 59 146 -1 -1 -1 -1 
1017 78 501 105 58 143 -1 -1 -1 -1 
1018 78 500 108 58 142 -1 -1 -1 -1 
1019 78 499 108 57 144 -1 -1 -1 -1 
1020 78 497 109 56 142 -1 -1 -1 -1 
1021 78 495 107 57 145 -1 -1 -1 -1 
1022 78 495 109 56 143 -1 -1 -1 -1 
1023 78 494 109 56 142 -1 -1 -1 -1 
1024 78 491 111 56 144 -1 -1 -1 -1 
1025 78 491 112 56 141 -1 -1 -1 -1 
1026 78 490 112 56 143 -1 -1 -1 -1 
1027 78 489 114 57 143 -1 -1 -1 -1 
1028 78 489 115 58 145 -1 -1 -1 -1 
1029 78 489 117 58 144 -1 -1 -1 -1 
1030 78 489 122 57 137 -1 -1 -1 -1 
1031 78 490 124 54 131 -1 -1 -1 -1 
1032 78 488 125 54 130 -1 -1 -1 -1 
1033 78 487 123 54 132 -1 -1 -1 -1 
1038 78 475 126 56 137 -1 -1 -1 -1 
1039 78 473 125 55 137 -1 -1 -1 -1 
1040 78 472 126 56 137 -1 -1 -1 -1 
1041 78 471 127 56 138 -1 -1 -1 -1 
1042 78 472 127 56 138 -1 -1 -1 -1 
1043 78 473 129 54 131 -1 -1 -1 -1 
1044 78 466 129 54 127 -1 -1 -1 -1 
870 79 1506 1 59 146 -1 -1 -1 -1 
871 79 1505 2 59 146 -1 -1 -1 -1 
872 79 1505 2 59 146 -1 -1 -1 -1 
873 79 1504 2 59 145 -1 -1 -1 -1 
874 79 1503 2 59 145 -1 -1 -1 -1 
875 79 1502 2 59 145 -1 -1 -1 -1 
876 79 1501 3 57 142 -1 -1 -1 -1 
877 79 1501 2 56 143 -1 -1 -1 -1 
878 79 1499 1 57 144 -1 -1 -1 -1 
879 79 1498 0 57 143 -1 -1 -1 -1 
880 79 1498 0 57 142 -1 -1 -1 -1 
881 79 1498 0 56 140 -1 -1 -1 -1 
882 79 1497 0 56 139 -1 -1 -1 -1 
883 79 1496 0 57 139 -1 -1 -1 -1 
884 79 1497 0 56 137 -1 -1 -1 -1 
885 79 1497 0 56 136 -1 -1 -1 -1 
886 79 1497 0 56 136 -1 -1 -1 -1 
887 79 1497 0 56 136 -1 -1 -1 -1 
888 79 1497 0 56 136 -1 -1 -1 -1 
889 79 1498 0 55 135 -1 -1 -1 -1 
890 79 1498 0 56 136 -1 -1 -1 -1 
891 79 1497 0 56 135 -1 -1 -1 -1 
892 79 1498 0 56 135 -1 -1 -1 -1 
893 79 1499 0 55 134 -1 -1 -1 -1 
894 79 1501 0 56 134 -1 -1 -1 -1 
895 79 1502 0 55 134 -1 -1 -1 -1 
896 79 1502 0 55 133 -1 -1 -1 -1 
897 79 1501 0 56 133 -1 -1 -1 -1 
880 80 1760 684 87 220 -1 -1 -1 -1 
881 80 1758 683 88 222 -1 -1 -1 -1 
882 80 1755 681 89 223 -1 -1 -1 -1 
883 80 1754 679 88 221 -1 -1 -1 -1 
884 80 1752 678 89 221 -1 -1 -1 -1 
885 80 1752 679 88 221 -1 -1 -1 -1 
886 80 1751 679 88 221 -1 -1 -1 -1 
887 80 1749 680 88 220 -1 -1 -1 -1 
888 80 1747 679 88 222 -1 -1 -1 -1 
889 80 1746 678 88 223 -1 -1 -1 -1 
890 80 1745 680 88 221 -1 -1 -1 -1 
891 80 1745 681 87 220 -1 -1 -1 -1 
892 80 1744 681 87 220 -1 -1 -1 -1 
893 80 1744 681 87 220 -1 -1 -1 -1 
894 80 1744 681 88 221 -1 -1 -1 -1 
895 80 1744 681 87 221 -1 -1 -1 -1 
896 80 1744 680 88 223 -1 -1 -1 -1 
897 80 1743 680 89 222 -1 -1 -1 -1 
898 80 1743 681 88 221 -1 -1 -1 -1 
899 80 1742 680 89 222 -1 -1 -1 -1 
900 80 1743 680 88 221 -1 -1 -1 -1 
901 80 1743 681 88 220 -1 -1 -1 -1 
902 80 1743 682 88 219 -1 -1 -1 -1 
903 80 1744 681 88 221 -1 -1 -1 -1 
904 80 1745 679 88 223 -1 -1 -1 -1 
905 80 1745 678 89 225 -1 -1 -1 -1 
906 80 1745 678 89 226 -1 -1 -1 -1 
907 80 1746 680 89 224 -1 -1 -1 -1 
908 80 1746 680 89 224 -1 -1 -1 -1 
909 80 1747 679 89 225 -1 -1 -1 -1 
910 80 1747 680 89 224 -1 -1 -1 -1 
911 80 1747 680 90 225 -1 -1 -1 -1 
912 80 1747 679 91 227 -1 -1 -1 -1 
913 80 1747 679 91 226 -1 -1 -1 -1 
914 80 1747 676 92 230 -1 -1 -1 -1 
915 80 1746 674 94 233 -1 -1 -1 -1 
916 80 1747 672 94 235 -1 -1 -1 -1 
917 80 1747 673 95 235 -1 -1 -1 -1 
918 80 1747 674 94 233 -1 -1 -1 -1 
919 80 1747 675 94 232 -1 -1 -1 -1 
920 80 1748 675 93 232 -1 -1 -1 -1 
921 80 1748 675 94 233 -1 -1 -1 -1 
922 80 1748 676 93 232 -1 -1 -1 -1 
923 80 1747 676 93 232 -1 -1 -1 -1 
924 80 1746 675 94 233 -1 -1 -1 -1 
925 80 1746 675 93 233 -1 -1 -1 -1 
926 80 1746 676 93 231 -1 -1 -1 -1 
927 80 1745 676 93 231 -1 -1 -1 -1 
928 80 1744 675 94 232 -1 -1 -1 -1 
929 80 1744 675 93 232 -1 -1 -1 -1 
930 80 1744 675 93 231 -1 -1 -1 -1 
931 80 1744 674 93 233 -1 -1 -1 -1 
932 80 1743 673 94 234 -1 -1 -1 -1 
933 80 1742 672 94 235 -1 -1 -1 -1 
934 80 1742 672 94 235 -1 -1 -1 -1 
935 80 1741 671 95 236 -1 -1 -1 -1 
936 80 1741 672 95 236 -1 -1 -1 -1 
937 80 1741 672 95 235 -1 -1 -1 -1 
938 80 1740 673 95 234 -1 -1 -1 -1 
939 80 1740 673 94 234 -1 -1 -1 -1 
940 80 1739 672 94 234 -1 -1 -1 -1 
941 80 1739 672 95 234 -1 -1 -1 -1 
942 80 1739 672 94 235 -1 -1 -1 -1 
943 80 1738 671 95 235 -1 -1 -1 -1 
944 80 1738 672 95 234 -1 -1 -1 -1 
945 80 1737 671 95 234 -1 -1 -1 -1 
946 80 1736 671 95 234 -1 -1 -1 -1 
947 80 1736 670 95 235 -1 -1 -1 -1 
948 80 1735 670 96 235 -1 -1 -1 -1 
949 80 1735 671 95 234 -1 -1 -1 -1 
950 80 1735 670 96 235 -1 -1 -1 -1 
951 80 1735 670 96 235 -1 -1 -1 -1 
952 80 1735 670 96 236 -1 -1 -1 -1 
953 80 1734 669 97 237 -1 -1 -1 -1 
954 80 1734 671 96 235 -1 -1 -1 -1 
955 80 1734 670 96 236 -1 -1 -1 -1 
956 80 1734 670 96 236 -1 -1 -1 -1 
957 80 1733 669 96 238 -1 -1 -1 -1 
958 80 1735 670 95 237 -1 -1 -1 -1 
959 80 1735 670 96 237 -1 -1 -1 -1 
960 80 1735 670 96 237 -1 -1 -1 -1 
961 80 1735 670 95 237 -1 -1 -1 -1 
962 80 1735 670 95 236 -1 -1 -1 -1 
963 80 1735 671 95 236 -1 -1 -1 -1 
964 80 1735 670 95 237 -1 -1 -1 -1 
965 80 1735 670 95 237 -1 -1 -1 -1 
966 80 1735 671 95 236 -1 -1 -1 -1 
967 80 1734 670 95 237 -1 -1 -1 -1 
968 80 1735 671 95 235 -1 -1 -1 -1 
969 80 1734 669 95 237 -1 -1 -1 -1 
970 80 1734 668 95 238 -1 -1 -1 -1 
971 80 1735 671 95 235 -1 -1 -1 -1 
972 80 1734 671 96 235 -1 -1 -1 -1 
973 80 1735 671 95 236 -1 -1 -1 -1 
974 80 1735 672 95 234 -1 -1 -1 -1 
975 80 1734 671 95 235 -1 -1 -1 -1 
976 80 1734 670 96 237 -1 -1 -1 -1 
977 80 1734 670 96 237 -1 -1 -1 -1 
978 80 1734 669 97 237 -1 -1 -1 -1 
979 80 1734 669 96 238 -1 -1 -1 -1 
980 80 1734 670 96 236 -1 -1 -1 -1 
981 80 1734 670 96 236 -1 -1 -1 -1 
982 80 1734 670 96 235 -1 -1 -1 -1 
983 80 1735 671 94 234 -1 -1 -1 -1 
984 80 1735 671 94 233 -1 -1 -1 -1 
985 80 1736 672 94 233 -1 -1 -1 -1 
986 80 1736 673 94 233 -1 -1 -1 -1 
987 80 1736 673 94 233 -1 -1 -1 -1 
988 80 1735 671 94 234 -1 -1 -1 -1 
989 80 1735 671 94 235 -1 -1 -1 -1 
990 80 1735 671 95 234 -1 -1 -1 -1 
991 80 1735 672 95 234 -1 -1 -1 -1 
992 80 1735 672 95 235 -1 -1 -1 -1 
993 80 1736 671 95 236 -1 -1 -1 -1 
994 80 1735 672 95 235 -1 -1 -1 -1 
995 80 1736 672 94 235 -1 -1 -1 -1 
996 80 1735 672 95 235 -1 -1 -1 -1 
997 80 1735 672 95 235 -1 -1 -1 -1 
998 80 1735 673 94 234 -1 -1 -1 -1 
999 80 1735 673 94 234 -1 -1 -1 -1 
1000 80 1735 674 94 232 -1 -1 -1 -1 
1001 80 1735 671 95 235 -1 -1 -1 -1 
1002 80 1736 669 96 238 -1 -1 -1 -1 
1003 80 1737 668 97 239 -1 -1 -1 -1 
1004 80 1739 668 97 239 -1 -1 -1 -1 
1005 80 1737 665 97 241 -1 -1 -1 -1 
1006 80 1738 668 97 239 -1 -1 -1 -1 
1007 80 1737 667 97 241 -1 -1 -1 -1 
1008 80 1737 669 96 239 -1 -1 -1 -1 
1009 80 1737 673 94 233 -1 -1 -1 -1 
1010 80 1736 677 93 228 -1 -1 -1 -1 
1011 80 1735 679 92 227 -1 -1 -1 -1 
1012 80 1734 680 91 224 -1 -1 -1 -1 
1013 80 1733 680 90 222 -1 -1 -1 -1 
1014 80 1734 681 89 222 -1 -1 -1 -1 
1015 80 1736 682 90 222 -1 -1 -1 -1 
1016 80 1736 684 88 219 -1 -1 -1 -1 
1017 80 1727 686 87 219 -1 -1 -1 -1 
1018 80 1722 687 88 219 -1 -1 -1 -1 
1019 80 1719 688 88 218 -1 -1 -1 -1 
1020 80 1717 689 87 215 -1 -1 -1 -1 
1021 80 1716 690 87 213 -1 -1 -1 -1 
1022 80 1713 687 88 216 -1 -1 -1 -1 
1023 80 1711 687 88 215 -1 -1 -1 -1 
1024 80 1710 687 87 215 -1 -1 -1 -1 
1025 80 1708 692 86 211 -1 -1 -1 -1 
1026 80 1704 692 86 212 -1 -1 -1 -1 
1027 80 1700 691 87 214 -1 -1 -1 -1 
1028 80 1697 693 87 212 -1 -1 -1 -1 
1029 80 1693 692 87 212 -1 -1 -1 -1 
1030 80 1691 690 88 213 -1 -1 -1 -1 
1031 80 1687 685 89 218 -1 -1 -1 -1 
1032 80 1684 683 90 221 -1 -1 -1 -1 
1033 80 1681 681 91 224 -1 -1 -1 -1 
1034 80 1679 680 91 225 -1 -1 -1 -1 
1035 80 1678 677 93 228 -1 -1 -1 -1 
1036 80 1676 677 93 228 -1 -1 -1 -1 
1037 80 1674 677 92 228 -1 -1 -1 -1 
1038 80 1670 657 99 248 -1 -1 -1 -1 
1039 80 1666 647 101 255 -1 -1 -1 -1 
1040 80 1664 649 101 253 -1 -1 -1 -1 
1041 80 1661 646 102 254 -1 -1 -1 -1 
1042 80 1661 649 98 249 -1 -1 -1 -1 
1043 80 1661 666 93 230 -1 -1 -1 -1 
1044 80 1661 669 91 228 -1 -1 -1 -1 
1045 80 1658 670 92 227 -1 -1 -1 -1 
1046 80 1656 671 91 225 -1 -1 -1 -1 
1047 80 1653 665 93 231 -1 -1 -1 -1 
1048 80 1649 658 95 238 -1 -1 -1 -1 
1049 80 1645 655 96 239 -1 -1 -1 -1 
1050 80 1645 655 95 239 -1 -1 -1 -1 
890 81 1585 37 60 151 -1 -1 -1 -1 
891 81 1585 39 62 154 -1 -1 -1 -1 
892 81 1586 41 62 153 -1 -1 -1 -1 
893 81 1587 43 61 151 -1 -1 -1 -1 
894 81 1587 44 61 151 -1 -1 -1 -1 
895 81 1588 46 60 150 -1 -1 -1 -1 
896 81 1589 47 59 149 -1 -1 -1 -1 
897 81 1589 48 60 148 -1 -1 -1 -1 
898 81 1590 48 59 148 -1 -1 -1 -1 
899 81 1590 49 60 149 -1 -1 -1 -1 
900 81 1591 49 59 149 -1 -1 -1 -1 
901 81 1591 50 60 150 -1 -1 -1 -1 
902 81 1591 50 61 151 -1 -1 -1 -1 
903 81 1593 52 60 150 -1 -1 -1 -1 
904 81 1593 52 61 153 -1 -1 -1 -1 
905 81 1594 54 61 153 -1 -1 -1 -1 
906 81 1594 56 61 151 -1 -1 -1 -1 
907 81 1595 57 60 150 -1 -1 -1 -1 
908 81 1596 59 60 149 -1 -1 -1 -1 
909 81 1596 60 61 151 -1 -1 -1 -1 
910 81 1597 62 61 150 -1 -1 -1 -1 
911 81 1598 63 61 150 -1 -1 -1 -1 
912 81 1599 64 60 149 -1 -1 -1 -1 
913 81 1599 65 60 148 -1 -1 -1 -1 
914 81 1600 65 60 148 -1 -1 -1 -1 
915 81 1600 65 60 146 -1 -1 -1 -1 
916 81 1601 64 59 146 -1 -1 -1 -1 
917 81 1601 65 59 146 -1 -1 -1 -1 
918 81 1603 66 59 146 -1 -1 -1 -1 
919 81 1604 66 60 150 -1 -1 -1 -1 
920 81 1605 68 61 150 -1 -1 -1 -1 
921 81 1606 69 60 150 -1 -1 -1 -1 
922 81 1607 71 60 149 -1 -1 -1 -1 
923 81 1608 73 59 148 -1 -1 -1 -1 
924 81 1609 75 59 147 -1 -1 -1 -1 
925 81 1610 76 58 147 -1 -1 -1 -1 
926 81 1611 77 57 146 -1 -1 -1 -1 
927 81 1612 78 57 145 -1 -1 -1 -1 
928 81 1613 78 57 146 -1 -1 -1 -1 
929 81 1614 79 58 146 -1 -1 -1 -1 
930 81 1615 79 59 147 -1 -1 -1 -1 
931 81 1616 79 60 148 -1 -1 -1 -1 
932 81 1616 80 60 149 -1 -1 -1 -1 
933 81 1616 82 61 149 -1 -1 -1 -1 
934 81 1617 83 61 152 -1 -1 -1 -1 
935 81 1620 85 59 150 -1 -1 -1 -1 
936 81 1621 88 60 151 -1 -1 -1 -1 
937 81 1621 90 60 151 -1 -1 -1 -1 
938 81 1621 92 61 152 -1 -1 -1 -1 
939 81 1621 94 62 152 -1 -1 -1 -1 
940 81 1622 95 62 153 -1 -1 -1 -1 
941 81 1623 96 62 153 -1 -1 -1 -1 
942 81 1624 96 61 153 -1 -1 -1 -1 
943 81 1624 96 61 153 -1 -1 -1 -1 
944 81 1625 96 60 153 -1 -1 -1 -1 
945 81 1625 95 61 152 -1 -1 -1 -1 
946 81 1626 95 61 152 -1 -1 -1 -1 
947 81 1627 96 61 152 -1 -1 -1 -1 
948 81 1628 96 62 154 -1 -1 -1 -1 
949 81 1629 98 62 154 -1 -1 -1 -1 
950 81 1631 100 61 153 -1 -1 -1 -1 
951 81 1633 103 60 151 -1 -1 -1 -1 
952 81 1634 105 60 150 -1 -1 -1 -1 
953 81 1635 106 59 150 -1 -1 -1 -1 
954 81 1638 108 58 149 -1 -1 -1 -1 
955 81 1639 110 58 148 -1 -1 -1 -1 
956 81 1640 110 59 148 -1 -1 -1 -1 
957 81 1641 110 59 150 -1 -1 -1 -1 
958 81 1642 110 59 151 -1 -1 -1 -1 
959 81 1642 110 60 151 -1 -1 -1 -1 
960 81 1643 111 60 151 -1 -1 -1 -1 
961 81 1643 112 61 153 -1 -1 -1 -1 
962 81 1643 114 61 153 -1 -1 -1 -1 
963 81 1644 115 61 153 -1 -1 -1 -1 
964 81 1645 117 61 153 -1 -1 -1 -1 
965 81 1645 118 61 153 -1 -1 -1 -1 
966 81 1646 119 62 155 -1 -1 -1 -1 
967 81 1646 121 63 156 -1 -1 -1 -1 
968 81 1647 122 63 159 -1 -1 -1 -1 
969 81 1648 124 63 159 -1 -1 -1 -1 
970 81 1649 124 64 161 -1 -1 -1 -1 
971 81 1650 126 63 160 -1 -1 -1 -1 
972 81 1650 127 64 160 -1 -1 -1 -1 
973 81 1651 127 63 160 -1 -1 -1 -1 
974 81 1652 128 62 157 -1 -1 -1 -1 
975 81 1652 128 62 157 -1 -1 -1 -1 
976 81 1653 128 60 155 -1 -1 -1 -1 
977 81 1654 130 60 154 -1 -1 -1 -1 
978 81 1655 132 61 153 -1 -1 -1 -1 
979 81 1656 134 62 152 -1 -1 -1 -1 
980 81 1657 134 63 154 -1 -1 -1 -1 
981 81 1658 136 62 153 -1 -1 -1 -1 
982 81 1660 139 60 151 -1 -1 -1 -1 
983 81 1660 141 59 149 -1 -1 -1 -1 
984 81 1661 143 59 147 -1 -1 -1 -1 
985 81 1662 144 57 146 -1 -1 -1 -1 
986 81 1664 146 58 147 -1 -1 -1 -1 
987 81 1666 146 59 148 -1 -1 -1 -1 
988 81 1667 146 59 150 -1 -1 -1 -1 
989 81 1667 147 60 151 -1 -1 -1 -1 
990 81 1667 147 61 153 -1 -1 -1 -1 
991 81 1667 147 61 154 -1 -1 -1 -1 
992 81 1668 148 61 154 -1 -1 -1 -1 
993 81 1669 148 61 155 -1 -1 -1 -1 
994 81 1670 151 62 154 -1 -1 -1 -1 
995 81 1671 153 62 153 -1 -1 -1 -1 
996 81 1672 155 62 153 -1 -1 -1 -1 
997 81 1673 157 62 152 -1 -1 -1 -1 
998 81 1674 159 61 153 -1 -1 -1 -1 
999 81 1674 161 62 154 -1 -1 -1 -1 
1000 81 1675 162 63 156 -1 -1 -1 -1 
1001 81 1676 163 62 156 -1 -1 -1 -1 
1002 81 1677 164 62 156 -1 -1 -1 -1 
1003 81 1678 164 61 155 -1 -1 -1 -1 
1004 81 1678 165 62 154 -1 -1 -1 -1 
1005 81 1679 164 61 154 -1 -1 -1 -1 
1006 81 1679 164 62 154 -1 -1 -1 -1 
1007 81 1680 165 62 155 -1 -1 -1 -1 
1008 81 1680 166 62 153 -1 -1 -1 -1 
1009 81 1681 167 62 153 -1 -1 -1 -1 
1010 81 1683 168 60 152 -1 -1 -1 -1 
1011 81 1684 170 60 151 -1 -1 -1 -1 
1012 81 1685 172 59 149 -1 -1 -1 -1 
1013 81 1686 175 59 147 -1 -1 -1 -1 
1014 81 1688 177 58 144 -1 -1 -1 -1 
1015 81 1690 178 57 144 -1 -1 -1 -1 
1016 81 1691 180 57 143 -1 -1 -1 -1 
1017 81 1692 180 57 143 -1 -1 -1 -1 
1018 81 1693 181 57 143 -1 -1 -1 -1 
1019 81 1695 181 56 143 -1 -1 -1 -1 
1020 81 1697 182 56 144 -1 -1 -1 -1 
1021 81 1698 182 57 146 -1 -1 -1 -1 
1022 81 1699 182 58 149 -1 -1 -1 -1 
1023 81 1698 184 60 150 -1 -1 -1 -1 
1024 81 1698 185 61 154 -1 -1 -1 -1 
1025 81 1698 186 63 156 -1 -1 -1 -1 
1026 81 1699 187 63 158 -1 -1 -1 -1 
1027 81 1700 191 63 157 -1 -1 -1 -1 
1028 81 1700 194 64 156 -1 -1 -1 -1 
1029 81 1701 196 64 158 -1 -1 -1 -1 
1030 81 1701 198 65 159 -1 -1 -1 -1 
1031 81 1702 199 64 159 -1 -1 -1 -1 
1032 81 1702 200 65 159 -1 -1 -1 -1 
1033 81 1704 200 63 159 -1 -1 -1 -1 
1034 81 1703 200 64 158 -1 -1 -1 -1 
1035 81 1704 200 63 158 -1 -1 -1 -1 
1036 81 1706 202 61 153 -1 -1 -1 -1 
1037 81 1707 203 60 152 -1 -1 -1 -1 
1038 81 1708 204 60 153 -1 -1 -1 -1 
1039 81 1709 206 61 153 -1 -1 -1 -1 
1040 81 1710 208 62 153 -1 -1 -1 -1 
1041 81 1712 210 61 154 -1 -1 -1 -1 
1042 81 1713 212 62 155 -1 -1 -1 -1 
1043 81 1714 214 61 154 -1 -1 -1 -1 
1044 81 1715 216 61 153 -1 -1 -1 -1 
1045 81 1716 218 62 154 -1 -1 -1 -1 
1046 81 1717 219 62 154 -1 -1 -1 -1 
1047 81 1719 220 61 151 -1 -1 -1 -1 
1048 81 1720 220 62 152 -1 -1 -1 -1 
1049 81 1720 220 62 153 -1 -1 -1 -1 
1050 81 1720 221 62 153 -1 -1 -1 -1 
902 82 1328 889 81 187 -1 -1 -1 -1 
903 82 1326 885 81 192 -1 -1 -1 -1 
904 82 1324 883 82 194 -1 -1 -1 -1 
905 82 1321 881 83 198 -1 -1 -1 -1 
906 82 1319 879 83 201 -1 -1 -1 -1 
907 82 1317 878 83 202 -1 -1 -1 -1 
908 82 1315 876 84 203 -1 -1 -1 -1 
909 82 1313 875 84 203 -1 -1 -1 -1 
910 82 1311 873 85 206 -1 -1 -1 -1 
911 82 1309 870 87 209 -1 -1 -1 -1 
912 82 1308 867 89 211 -1 -1 -1 -1 
913 82 1306 864 90 213 -1 -1 -1 -1 
914 82 1304 860 91 216 -1 -1 -1 -1 
915 82 1301 856 92 220 -1 -1 -1 -1 
916 82 1299 851 93 225 -1 -1 -1 -1 
917 82 1296 846 95 229 -1 -1 -1 -1 
918 82 1295 843 94 231 -1 -1 -1 -1 
919 82 1292 838 97 235 -1 -1 -1 -1 
920 82 1290 835 98 238 -1 -1 -1 -1 
921 82 1287 833 100 241 -1 -1 -1 -1 
922 82 1285 831 99 243 -1 -1 -1 -1 
923 82 1283 828 99 245 -1 -1 -1 -1 
924 82 1281 827 99 244 -1 -1 -1 -1 
925 82 1279 826 99 244 -1 -1 -1 -1 
926 82 1279 825 98 244 -1 -1 -1 -1 
927 82 1277 824 99 245 -1 -1 -1 -1 
928 82 1276 822 99 246 -1 -1 -1 -1 
929 82 1274 820 100 246 -1 -1 -1 -1 
930 82 1272 816 100 250 -1 -1 -1 -1 
931 82 1270 813 101 251 -1 -1 -1 -1 
932 82 1267 810 103 254 -1 -1 -1 -1 
933 82 1265 805 104 257 -1 -1 -1 -1 
934 82 1264 801 104 257 -1 -1 -1 -1 
935 82 1264 798 102 255 -1 -1 -1 -1 
936 82 1260 794 104 260 -1 -1 -1 -1 
937 82 1256 791 106 265 -1 -1 -1 -1 
938 82 1254 788 108 269 -1 -1 -1 -1 
939 82 1252 787 109 270 -1 -1 -1 -1 
940 82 1251 786 108 269 -1 -1 -1 -1 
941 82 1249 785 108 269 -1 -1 -1 -1 
942 82 1248 784 108 269 -1 -1 -1 -1 
943 82 1247 782 109 270 -1 -1 -1 -1 
944 82 1246 779 108 270 -1 -1 -1 -1 
945 82 1245 777 109 270 -1 -1 -1 -1 
946 82 1245 775 107 267 -1 -1 -1 -1 
947 82 1244 773 105 262 -1 -1 -1 -1 
948 82 1241 770 105 258 -1 -1 -1 -1 
949 82 1240 767 103 255 -1 -1 -1 -1 
950 82 1239 763 102 250 -1 -1 -1 -1 
951 82 1238 759 100 248 -1 -1 -1 -1 
952 82 1236 754 100 249 -1 -1 -1 -1 
953 82 1236 752 98 245 -1 -1 -1 -1 
954 82 1234 750 97 242 -1 -1 -1 -1 
955 82 1232 747 97 244 -1 -1 -1 -1 
956 82 1229 745 99 247 -1 -1 -1 -1 
957 82 1226 744 99 245 -1 -1 -1 -1 
958 82 1225 742 97 243 -1 -1 -1 -1 
959 82 1224 741 97 242 -1 -1 -1 -1 
960 82 1223 739 97 243 -1 -1 -1 -1 
961 82 1220 738 98 243 -1 -1 -1 -1 
962 82 1218 736 98 244 -1 -1 -1 -1 
963 82 1216 734 99 243 -1 -1 -1 -1 
964 82 1214 730 99 246 -1 -1 -1 -1 
965 82 1212 726 100 247 -1 -1 -1 -1 
966 82 1210 722 100 248 -1 -1 -1 -1 
967 82 1209 719 99 247 -1 -1 -1 -1 
968 82 1207 716 99 247 -1 -1 -1 -1 
969 82 1204 712 101 250 -1 -1 -1 -1 
970 82 1201 710 102 253 -1 -1 -1 -1 
971 82 1198 708 104 255 -1 -1 -1 -1 
972 82 1197 707 103 255 -1 -1 -1 -1 
973 82 1196 706 103 257 -1 -1 -1 -1 
974 82 1195 705 104 257 -1 -1 -1 -1 
975 82 1195 705 103 255 -1 -1 -1 -1 
976 82 1194 703 103 255 -1 -1 -1 -1 
977 82 1192 700 104 257 -1 -1 -1 -1 
978 82 1191 697 105 259 -1 -1 -1 -1 
979 82 1190 694 105 260 -1 -1 -1 -1 
980 82 1188 689 106 261 -1 -1 -1 -1 
981 82 1187 685 105 257 -1 -1 -1 -1 
982 82 1188 682 101 250 -1 -1 -1 -1 
983 82 1188 679 99 246 -1 -1 -1 -1 
984 82 1188 677 97 241 -1 -1 -1 -1 
985 82 1186 673 98 242 -1 -1 -1 -1 
986 82 1185 672 98 242 -1 -1 -1 -1 
987 82 1184 670 97 240 -1 -1 -1 -1 
988 82 1183 668 96 238 -1 -1 -1 -1 
989 82 1180 665 96 237 -1 -1 -1 -1 
990 82 1179 664 95 238 -1 -1 -1 -1 
991 82 1177 662 96 240 -1 -1 -1 -1 
992 82 1177 661 95 239 -1 -1 -1 -1 
993 82 1176 659 95 238 -1 -1 -1 -1 
994 82 1175 658 96 237 -1 -1 -1 -1 
995 82 1174 656 96 236 -1 -1 -1 -1 
996 82 1173 653 95 235 -1 -1 -1 -1 
997 82 1171 649 95 237 -1 -1 -1 -1 
998 82 1169 646 96 238 -1 -1 -1 -1 
999 82 1168 642 97 239 -1 -1 -1 -1 
1000 82 1168 639 97 238 -1 -1 -1 -1 
1001 82 1167 636 97 240 -1 -1 -1 -1 
1002 82 1164 634 98 242 -1 -1 -1 -1 
1003 82 1162 632 98 245 -1 -1 -1 -1 
1004 82 1161 631 99 247 -1 -1 -1 -1 
1005 82 1160 628 100 249 -1 -1 -1 -1 
1006 82 1159 627 100 249 -1 -1 -1 -1 
1007 82 1158 626 101 250 -1 -1 -1 -1 
1008 82 1158 625 100 250 -1 -1 -1 -1 
1009 82 1157 624 101 250 -1 -1 -1 -1 
1010 82 1156 623 101 250 -1 -1 -1 -1 
1011 82 1156 621 100 250 -1 -1 -1 -1 
1012 82 1155 620 100 248 -1 -1 -1 -1 
1013 82 1155 617 99 247 -1 -1 -1 -1 
1014 82 1153 614 99 246 -1 -1 -1 -1 
1015 82 1152 611 99 243 -1 -1 -1 -1 
1016 82 1152 607 96 241 -1 -1 -1 -1 
1017 82 1153 603 94 236 -1 -1 -1 -1 
1018 82 1151 599 95 236 -1 -1 -1 -1 
1019 82 1149 597 95 235 -1 -1 -1 -1 
1020 82 1148 596 95 234 -1 -1 -1 -1 
1021 82 1146 595 95 233 -1 -1 -1 -1 
1022 82 1145 593 94 234 -1 -1 -1 -1 
1023 82 1144 592 93 230 -1 -1 -1 -1 
1024 82 1143 591 91 228 -1 -1 -1 -1 
1025 82 1143 591 91 228 -1 -1 -1 -1 
1026 82 1142 590 91 229 -1 -1 -1 -1 
1027 82 1141 589 92 229 -1 -1 -1 -1 
1028 82 1140 589 91 227 -1 -1 -1 -1 
1029 82 1139 587 91 227 -1 -1 -1 -1 
1030 82 1138 584 91 229 -1 -1 -1 -1 
1031 82 1136 581 92 230 -1 -1 -1 -1 
1032 82 1135 577 92 230 -1 -1 -1 -1 
1033 82 1134 575 92 228 -1 -1 -1 -1 
1034 82 1133 572 92 229 -1 -1 -1 -1 
1035 82 1132 568 92 231 -1 -1 -1 -1 
1036 82 1130 566 94 233 -1 -1 -1 -1 
1037 82 1128 564 95 236 -1 -1 -1 -1 
1038 82 1126 563 96 238 -1 -1 -1 -1 
1039 82 1124 562 97 239 -1 -1 -1 -1 
1040 82 1123 562 97 239 -1 -1 -1 -1 
1041 82 1121 561 97 240 -1 -1 -1 -1 
1042 82 1120 560 96 239 -1 -1 -1 -1 
1043 82 1119 559 95 238 -1 -1 -1 -1 
1044 82 1118 557 95 239 -1 -1 -1 -1 
1045 82 1118 554 95 241 -1 -1 -1 -1 
1046 82 1117 552 95 239 -1 -1 -1 -1 
1047 82 1115 550 95 238 -1 -1 -1 -1 
1048 82 1113 548 94 235 -1 -1 -1 -1 
1049 82 1112 546 93 232 -1 -1 -1 -1 
1050 82 1110 543 92 229 -1 -1 -1 -1 
926 83 452 211 67 175 -1 -1 -1 -1 
927 83 453 212 68 176 -1 -1 -1 -1 
928 83 450 215 69 176 -1 -1 -1 -1 
929 83 448 216 70 176 -1 -1 -1 -1 
930 83 447 217 70 176 -1 -1 -1 -1 
931 83 445 219 70 176 -1 -1 -1 -1 
932 83 445 219 70 175 -1 -1 -1 -1 
933 83 445 219 69 174 -1 -1 -1 -1 
934 83 445 219 69 173 -1 -1 -1 -1 
935 83 445 219 67 171 -1 -1 -1 -1 
936 83 443 219 68 170 -1 -1 -1 -1 
937 83 444 218 66 167 -1 -1 -1 -1 
938 83 445 221 62 160 -1 -1 -1 -1 
939 83 444 223 60 150 -1 -1 -1 -1 
940 83 445 224 56 140 -1 -1 -1 -1 
941 83 444 226 55 137 -1 -1 -1 -1 
942 83 442 228 56 136 -1 -1 -1 -1 
943 83 442 229 57 139 -1 -1 -1 -1 
944 83 439 230 62 153 -1 -1 -1 -1 
947 83 429 234 67 165 -1 -1 -1 -1 
948 83 428 234 67 165 -1 -1 -1 -1 
949 83 429 236 64 160 -1 -1 -1 -1 
950 83 428 237 64 161 -1 -1 -1 -1 
951 83 426 237 65 163 -1 -1 -1 -1 
952 83 423 237 66 166 -1 -1 -1 -1 
953 83 420 238 67 167 -1 -1 -1 -1 
954 83 419 238 67 170 -1 -1 -1 -1 
955 83 418 238 69 175 -1 -1 -1 -1 
956 83 417 238 71 178 -1 -1 -1 -1 
957 83 416 238 72 182 -1 -1 -1 -1 
958 83 416 239 72 181 -1 -1 -1 -1 
959 83 416 241 71 179 -1 -1 -1 -1 
960 83 416 243 70 177 -1 -1 -1 -1 
961 83 415 245 70 174 -1 -1 -1 -1 
962 83 418 247 63 157 -1 -1 -1 -1 
963 83 419 248 60 147 -1 -1 -1 -1 
964 83 419 249 59 146 -1 -1 -1 -1 
965 83 418 249 59 145 -1 -1 -1 -1 
966 83 418 249 59 145 -1 -1 -1 -1 
967 83 418 250 59 145 -1 -1 -1 -1 
968 83 417 250 59 145 -1 -1 -1 -1 
969 83 419 251 59 142 -1 -1 -1 -1 
970 83 418 253 56 142 -1 -1 -1 -1 
971 83 413 250 66 163 -1 -1 -1 -1 
972 83 412 249 68 170 -1 -1 -1 -1 
973 83 410 250 70 173 -1 -1 -1 -1 
974 83 410 252 69 174 -1 -1 -1 -1 
975 83 409 253 70 175 -1 -1 -1 -1 
976 83 409 256 69 175 -1 -1 -1 -1 
977 83 408 258 70 177 -1 -1 -1 -1 
978 83 408 260 69 172 -1 -1 -1 -1 
979 83 407 261 69 172 -1 -1 -1 -1 
980 83 406 262 69 173 -1 -1 -1 -1 
981 83 405 264 69 172 -1 -1 -1 -1 
982 83 404 265 69 175 -1 -1 -1 -1 
983 83 404 266 68 171 -1 -1 -1 -1 
984 83 404 266 67 167 -1 -1 -1 -1 
985 83 407 267 63 156 -1 -1 -1 -1 
986 83 406 268 62 149 -1 -1 -1 -1 
987 83 403 266 65 161 -1 -1 -1 -1 
988 83 400 267 67 167 -1 -1 -1 -1 
989 83 397 267 69 173 -1 -1 -1 -1 
990 83 397 270 67 170 -1 -1 -1 -1 
991 83 395 271 69 176 -1 -1 -1 -1 
992 83 394 272 71 182 -1 -1 -1 -1 
993 83 393 273 72 184 -1 -1 -1 -1 
994 83 392 274 73 186 -1 -1 -1 -1 
995 83 392 275 73 185 -1 -1 -1 -1 
996 83 393 277 72 182 -1 -1 -1 -1 
997 83 393 278 71 181 -1 -1 -1 -1 
998 83 394 280 69 176 -1 -1 -1 -1 
999 83 394 282 69 177 -1 -1 -1 -1 
1000 83 394 284 69 174 -1 -1 -1 -1 
1001 83 394 284 69 174 -1 -1 -1 -1 
1002 83 394 284 69 175 -1 -1 -1 -1 
1003 83 394 283 70 177 -1 -1 -1 -1 
1004 83 394 285 69 177 -1 -1 -1 -1 
1005 83 394 285 68 173 -1 -1 -1 -1 
1006 83 395 285 66 165 -1 -1 -1 -1 
1007 83 392 286 67 170 -1 -1 -1 -1 
1008 83 393 288 62 153 -1 -1 -1 -1 
1009 83 394 290 60 146 -1 -1 -1 -1 
1010 83 392 291 63 151 -1 -1 -1 -1 
1011 83 389 291 67 169 -1 -1 -1 -1 
1012 83 387 291 69 176 -1 -1 -1 -1 
1013 83 385 292 70 178 -1 -1 -1 -1 
1014 83 384 293 70 178 -1 -1 -1 -1 
1015 83 383 294 70 178 -1 -1 -1 -1 
1016 83 381 295 71 179 -1 -1 -1 -1 
1017 83 380 298 69 173 -1 -1 -1 -1 
1018 83 379 299 69 172 -1 -1 -1 -1 
1019 83 378 299 70 174 -1 -1 -1 -1 
1020 83 377 300 70 177 -1 -1 -1 -1 
1021 83 375 300 71 181 -1 -1 -1 -1 
1022 83 372 301 72 182 -1 -1 -1 -1 
1023 83 371 302 71 182 -1 -1 -1 -1 
1024 83 370 303 70 177 -1 -1 -1 -1 
1025 83 370 304 69 173 -1 -1 -1 -1 
1026 83 369 306 71 180 -1 -1 -1 -1 
1027 83 368 307 74 184 -1 -1 -1 -1 
1028 83 367 309 74 185 -1 -1 -1 -1 
1029 83 367 311 73 184 -1 -1 -1 -1 
1030 83 366 313 73 184 -1 -1 -1 -1 
1031 83 365 316 73 182 -1 -1 -1 -1 
1032 83 363 317 74 181 -1 -1 -1 -1 
1033 83 363 319 73 179 -1 -1 -1 -1 
1034 83 363 320 72 180 -1 -1 -1 -1 
1035 83 363 320 72 179 -1 -1 -1 -1 
1036 83 363 320 71 177 -1 -1 -1 -1 
1037 83 363 321 71 176 -1 -1 -1 -1 
1038 83 362 321 72 179 -1 -1 -1 -1 
1039 83 362 321 71 177 -1 -1 -1 -1 
1040 83 360 321 71 175 -1 -1 -1 -1 
1041 83 359 321 70 174 -1 -1 -1 -1 
1042 83 359 321 70 173 -1 -1 -1 -1 
1043 83 359 322 67 160 -1 -1 -1 -1 
1044 83 357 324 69 171 -1 -1 -1 -1 
1045 83 354 326 73 182 -1 -1 -1 -1 
1046 83 352 328 75 187 -1 -1 -1 -1 
1047 83 351 330 75 190 -1 -1 -1 -1 
1048 83 350 332 76 191 -1 -1 -1 -1 
1049 83 350 334 75 190 -1 -1 -1 -1 
1050 83 349 335 76 189 -1 -1 -1 -1 
954 84 428 0 52 128 -1 -1 -1 -1 
955 84 428 0 53 130 -1 -1 -1 -1 
956 84 429 0 54 131 -1 -1 -1 -1 
957 84 429 0 55 133 -1 -1 -1 -1 
958 84 429 0 56 133 -1 -1 -1 -1 
959 84 429 0 55 132 -1 -1 -1 -1 
960 84 430 0 54 131 -1 -1 -1 -1 
961 84 431 0 54 128 -1 -1 -1 -1 
962 84 429 0 56 133 -1 -1 -1 -1 
963 84 429 0 55 135 -1 -1 -1 -1 
964 84 428 0 56 136 -1 -1 -1 -1 
965 84 429 0 56 136 -1 -1 -1 -1 
966 84 430 0 56 138 -1 -1 -1 -1 
967 84 430 0 56 135 -1 -1 -1 -1 
968 84 430 0 55 136 -1 -1 -1 -1 
969 84 429 0 57 137 -1 -1 -1 -1 
970 84 430 0 57 138 -1 -1 -1 -1 
971 84 430 0 57 138 -1 -1 -1 -1 
972 84 430 1 57 137 -1 -1 -1 -1 
973 84 433 0 56 139 -1 -1 -1 -1 
974 84 433 1 55 136 -1 -1 -1 -1 
975 84 434 1 54 134 -1 -1 -1 -1 
976 84 435 3 54 135 -1 -1 -1 -1 
977 84 435 4 54 135 -1 -1 -1 -1 
978 84 436 4 54 136 -1 -1 -1 -1 
979 84 436 6 54 133 -1 -1 -1 -1 
980 84 436 6 54 133 -1 -1 -1 -1 
981 84 436 6 54 134 -1 -1 -1 -1 
982 84 435 5 53 134 -1 -1 -1 -1 
983 84 436 5 50 129 -1 -1 -1 -1 
984 84 437 5 48 125 -1 -1 -1 -1 
985 84 437 6 47 122 -1 -1 -1 -1 
986 84 438 6 47 121 -1 -1 -1 -1 
987 84 433 3 48 123 -1 -1 -1 -1 
988 84 429 1 48 126 -1 -1 -1 -1 
989 84 428 0 49 125 -1 -1 -1 -1 
990 84 425 0 50 124 -1 -1 -1 -1 
991 84 424 0 50 124 -1 -1 -1 -1 
992 84 423 0 49 123 -1 -1 -1 -1 
993 84 422 0 50 123 -1 -1 -1 -1 
994 84 422 0 50 123 -1 -1 -1 -1 
995 84 420 0 52 125 -1 -1 -1 -1 
996 84 421 0 51 124 -1 -1 -1 -1 
997 84 421 0 51 124 -1 -1 -1 -1 
998 84 421 0 51 124 -1 -1 -1 -1 
999 84 421 0 52 127 -1 -1 -1 -1 
1000 84 420 0 53 129 -1 -1 -1 -1 
1001 84 420 0 53 128 -1 -1 -1 -1 
1002 84 420 0 53 127 -1 -1 -1 -1 
1003 84 421 0 52 127 -1 -1 -1 -1 
1004 84 421 1 52 127 -1 -1 -1 -1 
1005 84 423 2 51 126 -1 -1 -1 -1 
1006 84 425 3 50 126 -1 -1 -1 -1 
1007 84 426 4 50 126 -1 -1 -1 -1 
1008 84 428 3 50 128 -1 -1 -1 -1 
1009 84 429 2 50 128 -1 -1 -1 -1 
1010 84 430 2 50 127 -1 -1 -1 -1 
1011 84 430 1 49 126 -1 -1 -1 -1 
1012 84 429 0 49 126 -1 -1 -1 -1 
1013 84 429 0 48 125 -1 -1 -1 -1 
1014 84 428 1 49 124 -1 -1 -1 -1 
1015 84 429 1 48 124 -1 -1 -1 -1 
1016 84 429 2 49 124 -1 -1 -1 -1 
1017 84 430 3 49 124 -1 -1 -1 -1 
1018 84 430 5 49 121 -1 -1 -1 -1 
1019 84 431 7 50 121 -1 -1 -1 -1 
1020 84 430 6 50 121 -1 -1 -1 -1 
1021 84 431 7 51 126 -1 -1 -1 -1 
1022 84 431 9 53 132 -1 -1 -1 -1 
1023 84 432 11 53 132 -1 -1 -1 -1 
1024 84 432 12 54 132 -1 -1 -1 -1 
1025 84 432 13 54 130 -1 -1 -1 -1 
1026 84 433 12 53 131 -1 -1 -1 -1 
1027 84 433 13 52 126 -1 -1 -1 -1 
1028 84 433 13 51 124 -1 -1 -1 -1 
1029 84 434 14 50 122 -1 -1 -1 -1 
1030 84 435 13 50 122 -1 -1 -1 -1 
1031 84 436 13 50 122 -1 -1 -1 -1 
965 85 384 0 45 108 -1 -1 -1 -1 
966 85 383 0 49 111 -1 -1 -1 -1 
967 85 382 0 49 113 -1 -1 -1 -1 
968 85 383 0 46 113 -1 -1 -1 -1 
969 85 383 0 46 115 -1 -1 -1 -1 
970 85 382 0 47 116 -1 -1 -1 -1 
976 85 384 0 46 115 -1 -1 -1 -1 
977 85 383 0 48 118 -1 -1 -1 -1 
978 85 383 0 48 120 -1 -1 -1 -1 
979 85 381 0 51 118 -1 -1 -1 -1 
980 85 380 0 53 116 -1 -1 -1 -1 
981 85 379 0 53 116 -1 -1 -1 -1 
990 85 382 0 50 120 -1 -1 -1 -1 
991 85 380 0 50 120 -1 -1 -1 -1 
992 85 380 0 49 122 -1 -1 -1 -1 
993 85 381 0 49 121 -1 -1 -1 -1 
994 85 381 0 48 118 -1 -1 -1 -1 
995 85 381 0 48 118 -1 -1 -1 -1 
996 85 381 0 48 118 -1 -1 -1 -1 
997 85 380 0 48 118 -1 -1 -1 -1 
998 85 381 0 48 117 -1 -1 -1 -1 
999 85 380 0 49 119 -1 -1 -1 -1 
1000 85 378 0 51 122 -1 -1 -1 -1 
1001 85 379 0 52 122 -1 -1 -1 -1 
1002 85 380 0 52 124 -1 -1 -1 -1 
1003 85 380 0 52 125 -1 -1 -1 -1 
1004 85 380 0 53 125 -1 -1 -1 -1 
1005 85 380 0 53 124 -1 -1 -1 -1 
1006 85 380 0 53 124 -1 -1 -1 -1 
1007 85 380 0 53 123 -1 -1 -1 -1 
1008 85 381 0 53 124 -1 -1 -1 -1 
1009 85 380 0 54 124 -1 -1 -1 -1 
1010 85 381 0 53 125 -1 -1 -1 -1 
1011 85 381 0 53 122 -1 -1 -1 -1 
1012 85 382 0 53 121 -1 -1 -1 -1 
1013 85 382 0 53 123 -1 -1 -1 -1 
1014 85 382 0 53 124 -1 -1 -1 -1 
1015 85 382 0 53 129 -1 -1 -1 -1 
1016 85 381 0 54 131 -1 -1 -1 -1 
1017 85 381 0 53 131 -1 -1 -1 -1 
1018 85 381 0 53 129 -1 -1 -1 -1 
1019 85 380 0 54 133 -1 -1 -1 -1 
1020 85 380 1 52 133 -1 -1 -1 -1 
1021 85 379 2 52 134 -1 -1 -1 -1 
1022 85 378 2 53 135 -1 -1 -1 -1 
1023 85 378 3 53 134 -1 -1 -1 -1 
1024 85 379 4 52 131 -1 -1 -1 -1 
1025 85 380 5 51 131 -1 -1 -1 -1 
1026 85 380 6 52 131 -1 -1 -1 -1 
1027 85 381 6 52 130 -1 -1 -1 -1 
1028 85 383 7 52 128 -1 -1 -1 -1 
1029 85 383 7 52 127 -1 -1 -1 -1 
1030 85 385 7 51 129 -1 -1 -1 -1 
1031 85 385 8 52 129 -1 -1 -1 -1 
1032 85 386 8 51 131 -1 -1 -1 -1 
1033 85 386 10 55 136 -1 -1 -1 -1 
1034 85 387 12 55 137 -1 -1 -1 -1 
1035 85 387 13 57 140 -1 -1 -1 -1 
1036 85 388 14 56 140 -1 -1 -1 -1 
1037 85 389 15 58 143 -1 -1 -1 -1 
1038 85 390 17 57 142 -1 -1 -1 -1 
1039 85 393 18 56 143 -1 -1 -1 -1 
1040 85 395 20 55 140 -1 -1 -1 -1 
1041 85 396 20 55 140 -1 -1 -1 -1 
1042 85 399 20 53 140 -1 -1 -1 -1 
1043 85 398 19 54 142 -1 -1 -1 -1 
1044 85 398 19 55 144 -1 -1 -1 -1 
1045 85 397 19 57 146 -1 -1 -1 -1 
1046 85 397 19 56 146 -1 -1 -1 -1 
1047 85 399 19 55 143 -1 -1 -1 -1 
1048 85 398 20 55 142 -1 -1 -1 -1 
1049 85 399 21 54 138 -1 -1 -1 -1 
1050 85 399 23 56 142 -1 -1 -1 -1 
966 86 410 243 76 187 -1 -1 -1 -1 
967 86 410 243 75 186 -1 -1 -1 -1 
968 86 411 246 71 177 -1 -1 -1 -1 
969 86 411 248 70 174 -1 -1 -1 -1 
970 86 411 248 70 174 -1 -1 -1 -1 
988 87 338 82 55 138 -1 -1 -1 -1 
989 87 338 82 55 137 -1 -1 -1 -1 
990 87 338 82 55 137 -1 -1 -1 -1 
991 87 338 81 56 138 -1 -1 -1 -1 
992 87 339 81 55 138 -1 -1 -1 -1 
993 87 339 80 55 136 -1 -1 -1 -1 
994 87 339 80 55 137 -1 -1 -1 -1 
995 87 337 81 56 139 -1 -1 -1 -1 
996 87 338 82 54 136 -1 -1 -1 -1 
997 87 337 82 56 139 -1 -1 -1 -1 
998 87 336 81 56 141 -1 -1 -1 -1 
999 87 335 81 57 143 -1 -1 -1 -1 
1000 87 335 82 57 142 -1 -1 -1 -1 
1001 87 337 83 56 142 -1 -1 -1 -1 
1002 87 336 83 58 146 -1 -1 -1 -1 
1003 87 336 83 59 148 -1 -1 -1 -1 
1004 87 337 83 59 147 -1 -1 -1 -1 
1005 87 337 81 58 148 -1 -1 -1 -1 
1006 87 337 81 58 147 -1 -1 -1 -1 
1007 87 336 80 59 147 -1 -1 -1 -1 
1008 87 336 80 58 147 -1 -1 -1 -1 
1009 87 336 80 59 146 -1 -1 -1 -1 
1010 87 336 79 59 148 -1 -1 -1 -1 
1011 87 335 79 60 148 -1 -1 -1 -1 
1012 87 335 79 60 149 -1 -1 -1 -1 
1013 87 335 79 60 150 -1 -1 -1 -1 
1014 87 335 79 60 149 -1 -1 -1 -1 
1015 87 335 80 59 147 -1 -1 -1 -1 
1016 87 334 79 60 149 -1 -1 -1 -1 
1017 87 334 79 59 149 -1 -1 -1 -1 
1018 87 334 79 60 149 -1 -1 -1 -1 
1019 87 334 79 60 151 -1 -1 -1 -1 
1020 87 333 78 61 151 -1 -1 -1 -1 
1021 87 334 79 60 151 -1 -1 -1 -1 
1022 87 333 79 60 150 -1 -1 -1 -1 
1023 87 333 79 60 149 -1 -1 -1 -1 
1024 87 333 79 59 149 -1 -1 -1 -1 
1025 87 333 79 60 150 -1 -1 -1 -1 
1026 87 333 78 60 150 -1 -1 -1 -1 
1027 87 333 78 59 150 -1 -1 -1 -1 
1028 87 333 78 59 149 -1 -1 -1 -1 
1029 87 332 78 60 149 -1 -1 -1 -1 
1030 87 332 78 60 150 -1 -1 -1 -1 
1031 87 332 78 60 150 -1 -1 -1 -1 
1032 87 332 78 59 149 -1 -1 -1 -1 
1033 87 332 79 59 149 -1 -1 -1 -1 
1034 87 333 78 58 149 -1 -1 -1 -1 
1035 87 333 78 59 149 -1 -1 -1 -1 
1036 87 334 79 58 149 -1 -1 -1 -1 
1037 87 334 79 59 150 -1 -1 -1 -1 
1038 87 334 78 59 152 -1 -1 -1 -1 
1039 87 334 79 59 151 -1 -1 -1 -1 
1040 87 334 80 60 151 -1 -1 -1 -1 
1041 87 334 81 60 150 -1 -1 -1 -1 
1042 87 334 81 60 149 -1 -1 -1 -1 
1043 87 335 81 59 150 -1 -1 -1 -1 
1044 87 335 81 59 149 -1 -1 -1 -1 
1045 87 335 80 59 150 -1 -1 -1 -1 
1046 87 336 81 58 149 -1 -1 -1 -1 
1047 87 336 81 58 149 -1 -1 -1 -1 
1048 87 335 81 59 149 -1 -1 -1 -1 
1049 87 335 81 59 149 -1 -1 -1 -1 
1050 87 336 80 58 150 -1 -1 -1 -1 
1003 88 596 556 90 222 -1 -1 -1 -1 
1004 88 596 554 90 223 -1 -1 -1 -1 
1005 88 594 552 90 225 -1 -1 -1 -1 
1006 88 592 551 91 226 -1 -1 -1 -1 
1007 88 589 552 91 225 -1 -1 -1 -1 
1008 88 588 550 92 229 -1 -1 -1 -1 
1009 88 586 552 92 226 -1 -1 -1 -1 
1010 88 584 552 91 226 -1 -1 -1 -1 
1011 88 583 553 92 225 -1 -1 -1 -1 
1012 88 583 554 92 224 -1 -1 -1 -1 
1013 88 581 553 93 225 -1 -1 -1 -1 
1014 88 580 553 92 225 -1 -1 -1 -1 
1015 88 578 553 92 225 -1 -1 -1 -1 
1016 88 577 553 91 226 -1 -1 -1 -1 
1017 88 574 551 93 228 -1 -1 -1 -1 
1018 88 573 550 93 229 -1 -1 -1 -1 
1019 88 572 550 93 229 -1 -1 -1 -1 
1020 88 571 550 93 228 -1 -1 -1 -1 
1021 88 570 550 92 228 -1 -1 -1 -1 
1022 88 569 549 93 229 -1 -1 -1 -1 
1023 88 569 549 92 229 -1 -1 -1 -1 
1024 88 568 549 93 229 -1 -1 -1 -1 
1025 88 568 549 93 229 -1 -1 -1 -1 
1026 88 568 549 93 229 -1 -1 -1 -1 
1027 88 568 548 93 230 -1 -1 -1 -1 
1028 88 568 548 94 230 -1 -1 -1 -1 
1029 88 568 547 94 230 -1 -1 -1 -1 
1030 88 567 545 96 233 -1 -1 -1 -1 
1031 88 567 545 96 233 -1 -1 -1 -1 
1032 88 568 543 95 235 -1 -1 -1 -1 
1033 88 567 542 96 235 -1 -1 -1 -1 
1034 88 567 541 95 236 -1 -1 -1 -1 
1035 88 567 539 97 238 -1 -1 -1 -1 
1036 88 567 537 97 240 -1 -1 -1 -1 
1037 88 567 536 97 241 -1 -1 -1 -1 
1038 88 567 536 97 241 -1 -1 -1 -1 
1039 88 566 536 98 240 -1 -1 -1 -1 
1040 88 566 536 97 241 -1 -1 -1 -1 
1041 88 566 535 98 242 -1 -1 -1 -1 
1042 88 566 534 98 243 -1 -1 -1 -1 
1043 88 566 534 98 242 -1 -1 -1 -1 
1044 88 566 533 98 242 -1 -1 -1 -1 
1045 88 567 534 97 241 -1 -1 -1 -1 
1046 88 568 535 97 241 -1 -1 -1 -1 
1047 88 569 536 96 240 -1 -1 -1 -1 
1048 88 569 537 96 239 -1 -1 -1 -1 
1049 88 568 537 97 237 -1 -1 -1 -1 
1050 88 568 538 97 235 -1 -1 -1 -1 
1009 89 421 184 57 142 -1 -1 -1 -1 
1010 89 419 182 60 152 -1 -1 -1 -1 
1011 89 423 182 64 163 -1 -1 -1 -1 
1012 89 425 176 68 172 -1 -1 -1 -1 
1013 89 425 176 66 167 -1 -1 -1 -1 
1014 89 428 178 63 159 -1 -1 -1 -1 
1015 89 429 181 62 157 -1 -1 -1 -1 
1016 89 429 185 62 157 -1 -1 -1 -1 
1017 89 432 186 62 157 -1 -1 -1 -1 
1018 89 434 186 61 157 -1 -1 -1 -1 
1019 89 434 188 62 154 -1 -1 -1 -1 
1020 89 440 182 60 155 -1 -1 -1 -1 
1021 89 446 183 58 150 -1 -1 -1 -1 
1022 89 449 185 59 149 -1 -1 -1 -1 
1023 89 453 187 58 147 -1 -1 -1 -1 
1024 89 456 186 59 147 -1 -1 -1 -1 
1025 89 462 183 61 154 -1 -1 -1 -1 
1028 89 470 175 65 165 -1 -1 -1 -1 
1029 89 476 176 65 165 -1 -1 -1 -1 
1030 89 480 175 65 165 -1 -1 -1 -1 
1031 89 485 173 63 158 -1 -1 -1 -1 
1032 89 487 175 59 146 -1 -1 -1 -1 
1033 89 488 176 58 140 -1 -1 -1 -1 
1034 89 490 177 56 138 -1 -1 -1 -1 
1035 89 493 179 56 137 -1 -1 -1 -1 
1036 89 494 178 58 142 -1 -1 -1 -1 
1037 89 495 181 57 141 -1 -1 -1 -1 
1049 89 514 179 68 169 -1 -1 -1 -1 
1050 89 516 179 68 170 -1 -1 -1 -1 
1015 90 468 40 56 142 -1 -1 -1 -1 
1016 90 468 40 56 140 -1 -1 -1 -1 
1017 90 468 40 55 140 -1 -1 -1 -1 
1018 90 468 42 54 136 -1 -1 -1 -1 
1019 90 468 43 54 135 -1 -1 -1 -1 
1020 90 468 45 54 133 -1 -1 -1 -1 
1021 90 466 47 58 141 -1 -1 -1 -1 
1022 90 468 47 56 140 -1 -1 -1 -1 
1023 90 468 48 58 141 -1 -1 -1 -1 
1024 90 468 49 58 142 -1 -1 -1 -1 
1025 90 468 50 59 142 -1 -1 -1 -1 
1026 90 468 51 59 145 -1 -1 -1 -1 
1027 90 468 53 59 143 -1 -1 -1 -1 
1028 90 471 53 57 142 -1 -1 -1 -1 
1029 90 474 53 57 140 -1 -1 -1 -1 
1030 90 482 53 51 129 -1 -1 -1 -1 
1031 90 484 53 50 129 -1 -1 -1 -1 
1032 90 487 54 47 122 -1 -1 -1 -1 
1033 90 488 54 46 118 -1 -1 -1 -1 
1034 90 487 55 47 119 -1 -1 -1 -1 
1035 90 489 56 45 116 -1 -1 -1 -1 
1036 90 490 58 44 111 -1 -1 -1 -1 
1037 90 490 59 46 116 -1 -1 -1 -1 
1038 90 489 60 48 124 -1 -1 -1 -1 
1039 90 488 61 51 127 -1 -1 -1 -1 
1040 90 491 63 54 136 -1 -1 -1 -1 
1024 91 369 125 61 144 -1 -1 -1 -1 
1025 91 370 127 60 142 -1 -1 -1 -1 
1026 91 370 128 60 141 -1 -1 -1 -1 
1027 91 370 127 59 142 -1 -1 -1 -1 
1028 91 369 126 60 144 -1 -1 -1 -1 
1029 91 371 126 60 145 -1 -1 -1 -1 
1030 91 370 128 58 144 -1 -1 -1 -1 
1031 91 369 130 58 142 -1 -1 -1 -1 
1032 91 370 132 57 140 -1 -1 -1 -1 
1033 91 370 133 57 139 -1 -1 -1 -1 
1034 91 371 133 56 138 -1 -1 -1 -1 
1035 91 370 132 57 138 -1 -1 -1 -1 
1036 91 370 133 57 137 -1 -1 -1 -1 
1037 91 370 132 57 138 -1 -1 -1 -1 
1038 91 369 129 59 141 -1 -1 -1 -1 
1039 91 368 128 59 142 -1 -1 -1 -1 
1040 91 369 130 58 140 -1 -1 -1 -1 
1041 91 369 129 59 142 -1 -1 -1 -1 
1042 91 370 129 58 141 -1 -1 -1 -1 
1043 91 370 127 58 143 -1 -1 -1 -1 
1044 91 370 124 59 146 -1 -1 -1 -1 
1045 91 370 118 61 152 -1 -1 -1 -1 
1046 91 370 115 62 156 -1 -1 -1 -1 
1047 91 370 114 63 157 -1 -1 -1 -1 
1048 91 371 112 62 159 -1 -1 -1 -1 
1049 91 370 111 63 160 -1 -1 -1 -1 
1050 91 369 110 64 160 -1 -1 -1 -1 
