1 1 121 157 67 166 -1 -1 -1 -1 
2 1 123 158 67 166 -1 -1 -1 -1 
3 1 127 154 69 172 -1 -1 -1 -1 
4 1 133 155 70 173 -1 -1 -1 -1 
5 1 140 156 72 175 -1 -1 -1 -1 
6 1 145 154 73 180 -1 -1 -1 -1 
7 1 148 151 74 183 -1 -1 -1 -1 
8 1 153 152 76 185 -1 -1 -1 -1 
9 1 158 150 76 189 -1 -1 -1 -1 
10 1 165 148 78 193 -1 -1 -1 -1 
11 1 171 146 80 196 -1 -1 -1 -1 
12 1 181 149 81 198 -1 -1 -1 -1 
13 1 186 147 82 202 -1 -1 -1 -1 
14 1 197 145 84 206 -1 -1 -1 -1 
15 1 208 145 85 210 -1 -1 -1 -1 
16 1 213 145 85 210 -1 -1 -1 -1 
17 1 216 142 88 215 -1 -1 -1 -1 
18 1 220 139 90 223 -1 -1 -1 -1 
19 1 219 133 93 228 -1 -1 -1 -1 
20 1 218 128 94 234 -1 -1 -1 -1 
21 1 217 127 97 239 -1 -1 -1 -1 
22 1 219 125 100 243 -1 -1 -1 -1 
23 1 221 126 104 249 -1 -1 -1 -1 
24 1 223 124 105 254 -1 -1 -1 -1 
25 1 227 121 107 264 -1 -1 -1 -1 
26 1 227 118 111 272 -1 -1 -1 -1 
27 1 229 113 113 280 -1 -1 -1 -1 
28 1 232 112 116 285 -1 -1 -1 -1 
29 1 234 105 120 293 -1 -1 -1 -1 
30 1 234 103 123 300 -1 -1 -1 -1 
31 1 237 101 127 308 -1 -1 -1 -1 
32 1 240 99 133 315 -1 -1 -1 -1 
33 1 249 89 136 328 -1 -1 -1 -1 
34 1 254 85 141 341 -1 -1 -1 -1 
35 1 263 86 144 346 -1 -1 -1 -1 
36 1 275 78 147 360 -1 -1 -1 -1 
37 1 278 80 150 364 -1 -1 -1 -1 
38 1 282 78 156 372 -1 -1 -1 -1 
39 1 284 70 160 384 -1 -1 -1 -1 
40 1 285 65 169 402 -1 -1 -1 -1 
41 1 286 61 174 413 -1 -1 -1 -1 
42 1 282 56 176 419 -1 -1 -1 -1 
43 1 282 53 177 426 -1 -1 -1 -1 
44 1 283 52 182 430 -1 -1 -1 -1 
45 1 287 46 185 436 -1 -1 -1 -1 
46 1 288 43 185 439 -1 -1 -1 -1 
47 1 288 34 188 448 -1 -1 -1 -1 
48 1 291 28 193 453 -1 -1 -1 -1 
49 1 290 25 200 456 -1 -1 -1 -1 
50 1 294 24 196 457 -1 -1 -1 -1 
51 1 296 23 196 458 -1 -1 -1 -1 
52 1 301 22 200 458 -1 -1 -1 -1 
53 1 301 13 206 467 -1 -1 -1 -1 
54 1 302 19 206 462 -1 -1 -1 -1 
55 1 304 5 204 471 -1 -1 -1 -1 
56 1 306 0 205 473 -1 -1 -1 -1 
57 1 308 -1 210 474 -1 -1 -1 -1 
58 1 324 -1 203 475 -1 -1 -1 -1 
59 1 331 -1 200 476 -1 -1 -1 -1 
60 1 331 -1 204 478 -1 -1 -1 -1 
61 1 332 -1 202 477 -1 -1 -1 -1 
62 1 332 -1 205 477 -1 -1 -1 -1 
63 1 331 -1 206 476 -1 -1 -1 -1 
64 1 332 0 208 473 -1 -1 -1 -1 
65 1 331 0 210 474 -1 -1 -1 -1 
66 1 332 0 209 474 -1 -1 -1 -1 
67 1 332 0 208 476 -1 -1 -1 -1 
68 1 332 0 208 476 -1 -1 -1 -1 
69 1 330 0 209 475 -1 -1 -1 -1 
70 1 329 0 209 475 -1 -1 -1 -1 
71 1 330 0 208 474 -1 -1 -1 -1 
72 1 331 0 208 475 -1 -1 -1 -1 
73 1 331 0 208 476 -1 -1 -1 -1 
74 1 331 0 206 475 -1 -1 -1 -1 
75 1 335 0 204 473 -1 -1 -1 -1 
76 1 338 0 202 471 -1 -1 -1 -1 
77 1 339 0 198 470 -1 -1 -1 -1 
78 1 339 0 200 469 -1 -1 -1 -1 
79 1 337 0 201 469 -1 -1 -1 -1 
80 1 335 0 204 467 -1 -1 -1 -1 
81 1 336 0 204 468 -1 -1 -1 -1 
82 1 335 0 205 469 -1 -1 -1 -1 
83 1 334 0 202 471 -1 -1 -1 -1 
84 1 336 0 201 469 -1 -1 -1 -1 
85 1 337 0 203 468 -1 -1 -1 -1 
86 1 337 0 205 470 -1 -1 -1 -1 
87 1 334 0 205 469 -1 -1 -1 -1 
88 1 335 0 203 470 -1 -1 -1 -1 
89 1 335 0 204 471 -1 -1 -1 -1 
90 1 335 0 203 470 -1 -1 -1 -1 
91 1 335 0 206 471 -1 -1 -1 -1 
92 1 335 0 205 472 -1 -1 -1 -1 
93 1 336 0 205 470 -1 -1 -1 -1 
94 1 338 0 206 470 -1 -1 -1 -1 
95 1 337 0 207 471 -1 -1 -1 -1 
96 1 334 0 207 472 -1 -1 -1 -1 
97 1 332 0 208 473 -1 -1 -1 -1 
98 1 331 0 209 473 -1 -1 -1 -1 
99 1 331 0 209 473 -1 -1 -1 -1 
100 1 330 0 210 473 -1 -1 -1 -1 
101 1 331 0 210 472 -1 -1 -1 -1 
102 1 333 0 210 472 -1 -1 -1 -1 
103 1 334 0 210 471 -1 -1 -1 -1 
104 1 334 17 206 459 -1 -1 -1 -1 
105 1 333 6 211 468 -1 -1 -1 -1 
106 1 332 2 212 471 -1 -1 -1 -1 
107 1 331 0 213 474 -1 -1 -1 -1 
108 1 333 0 212 473 -1 -1 -1 -1 
109 1 335 0 213 473 -1 -1 -1 -1 
110 1 336 0 210 471 -1 -1 -1 -1 
111 1 337 0 209 471 -1 -1 -1 -1 
112 1 337 0 210 472 -1 -1 -1 -1 
113 1 337 0 207 469 -1 -1 -1 -1 
114 1 336 0 204 469 -1 -1 -1 -1 
115 1 337 0 203 471 -1 -1 -1 -1 
116 1 337 0 203 470 -1 -1 -1 -1 
117 1 336 0 204 470 -1 -1 -1 -1 
118 1 334 0 203 472 -1 -1 -1 -1 
119 1 333 0 202 472 -1 -1 -1 -1 
120 1 332 0 202 473 -1 -1 -1 -1 
121 1 334 0 202 471 -1 -1 -1 -1 
122 1 334 0 202 472 -1 -1 -1 -1 
123 1 334 0 203 471 -1 -1 -1 -1 
124 1 333 0 205 471 -1 -1 -1 -1 
125 1 333 0 204 471 -1 -1 -1 -1 
126 1 332 0 204 472 -1 -1 -1 -1 
127 1 331 0 204 472 -1 -1 -1 -1 
128 1 331 0 203 472 -1 -1 -1 -1 
129 1 330 0 204 473 -1 -1 -1 -1 
130 1 330 0 204 472 -1 -1 -1 -1 
131 1 330 0 205 472 -1 -1 -1 -1 
132 1 333 17 201 460 -1 -1 -1 -1 
133 1 333 24 202 455 -1 -1 -1 -1 
134 1 327 9 208 467 -1 -1 -1 -1 
135 1 325 3 210 471 -1 -1 -1 -1 
136 1 324 1 211 472 -1 -1 -1 -1 
137 1 330 17 203 460 -1 -1 -1 -1 
138 1 327 6 208 468 -1 -1 -1 -1 
139 1 327 2 208 470 -1 -1 -1 -1 
140 1 328 0 207 471 -1 -1 -1 -1 
141 1 331 0 204 471 -1 -1 -1 -1 
142 1 332 0 202 473 -1 -1 -1 -1 
143 1 332 0 203 473 -1 -1 -1 -1 
144 1 332 0 205 472 -1 -1 -1 -1 
145 1 331 0 206 474 -1 -1 -1 -1 
146 1 334 0 208 471 -1 -1 -1 -1 
147 1 335 0 212 471 -1 -1 -1 -1 
148 1 336 0 211 472 -1 -1 -1 -1 
149 1 335 0 213 472 -1 -1 -1 -1 
150 1 334 0 215 472 -1 -1 -1 -1 
151 1 334 0 215 472 -1 -1 -1 -1 
152 1 333 0 216 470 -1 -1 -1 -1 
153 1 330 0 217 473 -1 -1 -1 -1 
154 1 327 0 215 473 -1 -1 -1 -1 
155 1 327 0 214 473 -1 -1 -1 -1 
156 1 327 0 211 474 -1 -1 -1 -1 
157 1 327 0 208 474 -1 -1 -1 -1 
158 1 328 0 206 473 -1 -1 -1 -1 
159 1 327 0 205 474 -1 -1 -1 -1 
160 1 327 0 203 475 -1 -1 -1 -1 
161 1 314 0 208 472 -1 -1 -1 -1 
162 1 309 0 211 470 -1 -1 -1 -1 
163 1 307 0 212 469 -1 -1 -1 -1 
164 1 319 0 206 472 -1 -1 -1 -1 
165 1 322 0 207 476 -1 -1 -1 -1 
166 1 311 0 214 472 -1 -1 -1 -1 
167 1 319 0 209 475 -1 -1 -1 -1 
168 1 322 0 208 475 -1 -1 -1 -1 
169 1 311 0 212 472 -1 -1 -1 -1 
170 1 307 0 212 472 -1 -1 -1 -1 
171 1 306 0 214 471 -1 -1 -1 -1 
172 1 307 0 214 472 -1 -1 -1 -1 
173 1 306 0 216 469 -1 -1 -1 -1 
174 1 306 0 216 469 -1 -1 -1 -1 
175 1 320 0 207 473 -1 -1 -1 -1 
176 1 311 0 211 470 -1 -1 -1 -1 
177 1 309 0 213 470 -1 -1 -1 -1 
178 1 320 0 208 476 -1 -1 -1 -1 
179 1 324 0 206 478 -1 -1 -1 -1 
180 1 326 0 205 478 -1 -1 -1 -1 
181 1 326 0 205 479 -1 -1 -1 -1 
182 1 328 0 204 477 -1 -1 -1 -1 
183 1 328 0 204 476 -1 -1 -1 -1 
184 1 330 0 204 475 -1 -1 -1 -1 
185 1 331 0 205 475 -1 -1 -1 -1 
186 1 332 0 206 475 -1 -1 -1 -1 
187 1 331 0 207 474 -1 -1 -1 -1 
188 1 331 0 208 474 -1 -1 -1 -1 
189 1 331 0 209 474 -1 -1 -1 -1 
190 1 331 0 209 474 -1 -1 -1 -1 
191 1 332 0 208 475 -1 -1 -1 -1 
192 1 331 0 208 474 -1 -1 -1 -1 
193 1 330 0 209 475 -1 -1 -1 -1 
194 1 330 0 207 474 -1 -1 -1 -1 
195 1 330 0 206 473 -1 -1 -1 -1 
196 1 330 0 205 473 -1 -1 -1 -1 
197 1 330 0 205 472 -1 -1 -1 -1 
198 1 329 0 205 473 -1 -1 -1 -1 
199 1 328 0 205 472 -1 -1 -1 -1 
200 1 326 0 206 473 -1 -1 -1 -1 
201 1 313 0 211 471 -1 -1 -1 -1 
202 1 307 0 213 472 -1 -1 -1 -1 
203 1 305 0 214 472 -1 -1 -1 -1 
204 1 303 0 215 472 -1 -1 -1 -1 
205 1 304 0 214 472 -1 -1 -1 -1 
206 1 303 0 215 472 -1 -1 -1 -1 
207 1 301 0 216 473 -1 -1 -1 -1 
208 1 300 0 216 477 -1 -1 -1 -1 
209 1 300 0 215 479 -1 -1 -1 -1 
210 1 300 0 213 477 -1 -1 -1 -1 
211 1 300 0 214 476 -1 -1 -1 -1 
212 1 300 0 215 475 -1 -1 -1 -1 
213 1 298 0 216 476 -1 -1 -1 -1 
214 1 299 0 215 478 -1 -1 -1 -1 
215 1 300 0 213 479 -1 -1 -1 -1 
216 1 301 0 207 479 -1 -1 -1 -1 
217 1 301 0 205 479 -1 -1 -1 -1 
218 1 300 0 204 480 -1 -1 -1 -1 
219 1 302 0 201 478 -1 -1 -1 -1 
220 1 296 17 203 463 -1 -1 -1 -1 
221 1 299 23 204 457 -1 -1 -1 -1 
222 1 301 25 206 454 -1 -1 -1 -1 
223 1 302 27 206 452 -1 -1 -1 -1 
224 1 304 29 201 450 -1 -1 -1 -1 
225 1 307 56 189 423 -1 -1 -1 -1 
226 1 305 51 196 428 -1 -1 -1 -1 
227 1 301 46 201 434 -1 -1 -1 -1 
228 1 302 51 200 429 -1 -1 -1 -1 
229 1 305 69 186 410 -1 -1 -1 -1 
230 1 302 67 187 411 -1 -1 -1 -1 
231 1 304 66 181 407 -1 -1 -1 -1 
232 1 308 63 180 411 -1 -1 -1 -1 
233 1 314 62 178 406 -1 -1 -1 -1 
234 1 320 65 174 396 -1 -1 -1 -1 
235 1 334 70 167 388 -1 -1 -1 -1 
236 1 348 77 159 374 -1 -1 -1 -1 
237 1 361 83 160 378 -1 -1 -1 -1 
238 1 382 84 154 367 -1 -1 -1 -1 
239 1 395 90 153 359 -1 -1 -1 -1 
240 1 401 92 152 356 -1 -1 -1 -1 
241 1 413 89 149 360 -1 -1 -1 -1 
242 1 426 89 150 365 -1 -1 -1 -1 
243 1 432 89 152 370 -1 -1 -1 -1 
244 1 427 90 156 375 -1 -1 -1 -1 
245 1 428 91 161 375 -1 -1 -1 -1 
246 1 424 85 164 378 -1 -1 -1 -1 
247 1 423 82 168 376 -1 -1 -1 -1 
248 1 429 75 158 364 -1 -1 -1 -1 
249 1 439 68 164 373 -1 -1 -1 -1 
250 1 450 80 158 364 -1 -1 -1 -1 
264 1 456 1 183 478 -1 -1 -1 -1 
265 1 449 -1 188 481 -1 -1 -1 -1 
269 1 432 -3 200 475 -1 -1 -1 -1 
270 1 420 -6 207 473 -1 -1 -1 -1 
271 1 420 -10 208 471 -1 -1 -1 -1 
272 1 401 -11 212 469 -1 -1 -1 -1 
273 1 397 -2 212 454 -1 -1 -1 -1 
274 1 410 6 212 463 -1 -1 -1 -1 
275 1 395 10 219 471 -1 -1 -1 -1 
276 1 406 14 218 468 -1 -1 -1 -1 
277 1 400 8 222 469 -1 -1 -1 -1 
278 1 395 2 226 470 -1 -1 -1 -1 
279 1 386 5 220 468 -1 -1 -1 -1 
280 1 366 0 219 471 -1 -1 -1 -1 
281 1 348 -4 216 473 -1 -1 -1 -1 
282 1 336 3 210 475 -1 -1 -1 -1 
283 1 360 5 201 477 -1 -1 -1 -1 
284 1 390 1 199 475 -1 -1 -1 -1 
285 1 420 -2 203 470 -1 -1 -1 -1 
286 1 438 -1 204 467 -1 -1 -1 -1 
287 1 475 0 172 445 -1 -1 -1 -1 
288 1 510 -1 136 437 -1 -1 -1 -1 
289 1 491 54 132 366 -1 -1 -1 -1 
290 1 510 72 130 342 -1 -1 -1 -1 
291 1 539 70 103 352 -1 -1 -1 -1 
1 2 19 147 74 186 -1 -1 -1 -1 
2 2 19 145 74 188 -1 -1 -1 -1 
3 2 22 142 76 192 -1 -1 -1 -1 
4 2 25 145 78 192 -1 -1 -1 -1 
5 2 32 147 79 194 -1 -1 -1 -1 
6 2 36 147 79 196 -1 -1 -1 -1 
7 2 37 139 82 204 -1 -1 -1 -1 
8 2 41 139 84 207 -1 -1 -1 -1 
9 2 44 136 85 211 -1 -1 -1 -1 
10 2 50 133 86 215 -1 -1 -1 -1 
11 2 54 135 89 216 -1 -1 -1 -1 
12 2 62 134 91 222 -1 -1 -1 -1 
13 2 66 133 91 224 -1 -1 -1 -1 
14 2 76 132 92 227 -1 -1 -1 -1 
15 2 84 131 93 231 -1 -1 -1 -1 
16 2 86 125 96 236 -1 -1 -1 -1 
17 2 88 123 96 240 -1 -1 -1 -1 
18 2 88 122 98 245 -1 -1 -1 -1 
19 2 84 118 101 249 -1 -1 -1 -1 
20 2 79 114 102 255 -1 -1 -1 -1 
21 2 75 109 106 265 -1 -1 -1 -1 
22 2 72 103 111 275 -1 -1 -1 -1 
23 2 71 104 114 282 -1 -1 -1 -1 
24 2 68 102 117 288 -1 -1 -1 -1 
25 2 66 102 119 295 -1 -1 -1 -1 
26 2 64 97 122 303 -1 -1 -1 -1 
27 2 60 89 127 315 -1 -1 -1 -1 
28 2 57 86 132 322 -1 -1 -1 -1 
29 2 54 83 135 329 -1 -1 -1 -1 
30 2 52 82 138 335 -1 -1 -1 -1 
31 2 48 79 141 342 -1 -1 -1 -1 
32 2 49 77 144 351 -1 -1 -1 -1 
33 2 53 69 149 361 -1 -1 -1 -1 
34 2 54 67 154 371 -1 -1 -1 -1 
35 2 61 72 154 373 -1 -1 -1 -1 
36 2 67 65 158 389 -1 -1 -1 -1 
37 2 65 62 163 399 -1 -1 -1 -1 
38 2 60 53 172 418 -1 -1 -1 -1 
39 2 56 47 180 431 -1 -1 -1 -1 
40 2 53 46 186 436 -1 -1 -1 -1 
41 2 49 42 191 441 -1 -1 -1 -1 
42 2 41 35 195 446 -1 -1 -1 -1 
43 2 35 30 198 452 -1 -1 -1 -1 
44 2 30 28 203 454 -1 -1 -1 -1 
45 2 86 38 164 382 -1 -1 -1 -1 
46 2 108 41 148 357 -1 -1 -1 -1 
47 2 117 39 143 349 -1 -1 -1 -1 
48 2 123 37 142 348 -1 -1 -1 -1 
49 2 123 36 145 350 -1 -1 -1 -1 
50 2 123 35 145 352 -1 -1 -1 -1 
51 2 123 32 146 358 -1 -1 -1 -1 
52 2 122 29 150 362 -1 -1 -1 -1 
53 2 118 26 155 370 -1 -1 -1 -1 
54 2 116 25 157 376 -1 -1 -1 -1 
55 2 117 25 159 378 -1 -1 -1 -1 
56 2 117 26 159 379 -1 -1 -1 -1 
57 2 118 25 158 378 -1 -1 -1 -1 
58 2 119 24 159 383 -1 -1 -1 -1 
59 2 118 22 161 390 -1 -1 -1 -1 
60 2 116 19 164 396 -1 -1 -1 -1 
61 2 115 17 166 401 -1 -1 -1 -1 
62 2 117 15 163 399 -1 -1 -1 -1 
63 2 117 15 165 401 -1 -1 -1 -1 
64 2 117 15 165 399 -1 -1 -1 -1 
65 2 116 14 167 399 -1 -1 -1 -1 
66 2 115 13 169 407 -1 -1 -1 -1 
67 2 117 14 167 404 -1 -1 -1 -1 
68 2 119 8 170 414 -1 -1 -1 -1 
69 2 121 3 170 418 -1 -1 -1 -1 
70 2 121 2 169 415 -1 -1 -1 -1 
71 2 122 3 169 416 -1 -1 -1 -1 
72 2 123 4 169 417 -1 -1 -1 -1 
73 2 124 3 170 421 -1 -1 -1 -1 
74 2 123 1 171 427 -1 -1 -1 -1 
75 2 122 1 169 420 -1 -1 -1 -1 
76 2 123 2 167 415 -1 -1 -1 -1 
77 2 123 4 167 409 -1 -1 -1 -1 
78 2 123 5 168 407 -1 -1 -1 -1 
79 2 124 6 167 404 -1 -1 -1 -1 
80 2 123 7 167 399 -1 -1 -1 -1 
81 2 124 10 166 399 -1 -1 -1 -1 
82 2 124 11 165 399 -1 -1 -1 -1 
83 2 123 13 164 397 -1 -1 -1 -1 
84 2 123 14 164 401 -1 -1 -1 -1 
85 2 122 15 165 402 -1 -1 -1 -1 
86 2 120 17 165 405 -1 -1 -1 -1 
87 2 115 18 166 399 -1 -1 -1 -1 
88 2 114 21 167 398 -1 -1 -1 -1 
89 2 113 23 168 396 -1 -1 -1 -1 
90 2 110 23 168 396 -1 -1 -1 -1 
91 2 110 24 168 398 -1 -1 -1 -1 
92 2 109 24 170 404 -1 -1 -1 -1 
93 2 109 24 172 408 -1 -1 -1 -1 
94 2 109 23 171 404 -1 -1 -1 -1 
95 2 113 22 169 401 -1 -1 -1 -1 
96 2 118 23 165 396 -1 -1 -1 -1 
97 2 120 23 164 400 -1 -1 -1 -1 
98 2 124 22 162 399 -1 -1 -1 -1 
99 2 125 21 162 399 -1 -1 -1 -1 
100 2 126 18 163 404 -1 -1 -1 -1 
101 2 131 18 163 399 -1 -1 -1 -1 
102 2 134 17 163 398 -1 -1 -1 -1 
103 2 137 16 164 405 -1 -1 -1 -1 
104 2 139 16 164 405 -1 -1 -1 -1 
105 2 140 15 164 408 -1 -1 -1 -1 
106 2 138 14 166 410 -1 -1 -1 -1 
107 2 137 14 166 411 -1 -1 -1 -1 
108 2 136 14 167 412 -1 -1 -1 -1 
109 2 137 14 166 410 -1 -1 -1 -1 
110 2 138 14 165 408 -1 -1 -1 -1 
111 2 139 14 164 408 -1 -1 -1 -1 
112 2 136 14 166 407 -1 -1 -1 -1 
113 2 137 16 165 401 -1 -1 -1 -1 
114 2 138 16 165 402 -1 -1 -1 -1 
115 2 142 17 162 400 -1 -1 -1 -1 
116 2 143 17 162 398 -1 -1 -1 -1 
117 2 141 15 162 400 -1 -1 -1 -1 
118 2 141 16 163 398 -1 -1 -1 -1 
119 2 139 14 167 402 -1 -1 -1 -1 
120 2 144 17 165 401 -1 -1 -1 -1 
121 2 145 18 160 400 -1 -1 -1 -1 
122 2 149 19 158 398 -1 -1 -1 -1 
123 2 146 18 159 402 -1 -1 -1 -1 
124 2 143 18 160 404 -1 -1 -1 -1 
125 2 141 16 162 406 -1 -1 -1 -1 
126 2 140 15 163 407 -1 -1 -1 -1 
127 2 138 14 164 408 -1 -1 -1 -1 
128 2 137 14 165 407 -1 -1 -1 -1 
129 2 137 15 165 407 -1 -1 -1 -1 
130 2 139 16 163 404 -1 -1 -1 -1 
131 2 139 17 163 402 -1 -1 -1 -1 
132 2 140 20 161 399 -1 -1 -1 -1 
133 2 139 19 160 400 -1 -1 -1 -1 
134 2 140 20 158 398 -1 -1 -1 -1 
135 2 142 20 159 399 -1 -1 -1 -1 
136 2 143 19 159 398 -1 -1 -1 -1 
137 2 143 19 160 401 -1 -1 -1 -1 
138 2 143 19 159 401 -1 -1 -1 -1 
139 2 142 19 160 400 -1 -1 -1 -1 
140 2 141 18 161 401 -1 -1 -1 -1 
141 2 140 18 161 401 -1 -1 -1 -1 
142 2 139 17 162 401 -1 -1 -1 -1 
143 2 139 18 162 401 -1 -1 -1 -1 
144 2 139 19 162 401 -1 -1 -1 -1 
145 2 141 19 160 400 -1 -1 -1 -1 
146 2 142 19 160 400 -1 -1 -1 -1 
147 2 141 19 161 399 -1 -1 -1 -1 
148 2 141 17 160 400 -1 -1 -1 -1 
149 2 142 18 160 400 -1 -1 -1 -1 
150 2 144 18 159 399 -1 -1 -1 -1 
151 2 144 19 159 394 -1 -1 -1 -1 
152 2 145 18 159 393 -1 -1 -1 -1 
153 2 144 17 157 395 -1 -1 -1 -1 
154 2 144 16 154 396 -1 -1 -1 -1 
155 2 145 17 156 395 -1 -1 -1 -1 
156 2 145 17 157 395 -1 -1 -1 -1 
157 2 145 16 157 394 -1 -1 -1 -1 
158 2 143 14 157 398 -1 -1 -1 -1 
159 2 144 15 158 398 -1 -1 -1 -1 
160 2 142 13 159 403 -1 -1 -1 -1 
161 2 139 11 161 406 -1 -1 -1 -1 
162 2 138 10 165 409 -1 -1 -1 -1 
163 2 136 10 167 411 -1 -1 -1 -1 
164 2 133 9 167 412 -1 -1 -1 -1 
165 2 132 7 167 416 -1 -1 -1 -1 
166 2 131 5 169 419 -1 -1 -1 -1 
167 2 128 6 170 413 -1 -1 -1 -1 
168 2 129 4 169 418 -1 -1 -1 -1 
169 2 129 3 170 420 -1 -1 -1 -1 
170 2 129 2 171 423 -1 -1 -1 -1 
171 2 129 1 171 424 -1 -1 -1 -1 
172 2 129 1 171 423 -1 -1 -1 -1 
173 2 130 1 172 426 -1 -1 -1 -1 
174 2 132 1 169 424 -1 -1 -1 -1 
175 2 133 2 170 420 -1 -1 -1 -1 
176 2 133 2 172 424 -1 -1 -1 -1 
177 2 133 2 172 426 -1 -1 -1 -1 
178 2 135 2 169 421 -1 -1 -1 -1 
179 2 136 3 169 420 -1 -1 -1 -1 
180 2 135 3 172 423 -1 -1 -1 -1 
181 2 135 3 171 425 -1 -1 -1 -1 
182 2 134 3 172 425 -1 -1 -1 -1 
183 2 134 3 171 424 -1 -1 -1 -1 
184 2 134 3 172 424 -1 -1 -1 -1 
185 2 134 3 171 422 -1 -1 -1 -1 
186 2 135 3 169 422 -1 -1 -1 -1 
187 2 134 3 170 423 -1 -1 -1 -1 
188 2 134 2 170 424 -1 -1 -1 -1 
189 2 133 2 171 426 -1 -1 -1 -1 
190 2 134 2 169 426 -1 -1 -1 -1 
191 2 134 2 169 425 -1 -1 -1 -1 
192 2 133 2 170 425 -1 -1 -1 -1 
193 2 133 2 169 424 -1 -1 -1 -1 
194 2 132 2 171 424 -1 -1 -1 -1 
195 2 131 2 171 425 -1 -1 -1 -1 
196 2 128 2 173 426 -1 -1 -1 -1 
197 2 127 2 172 426 -1 -1 -1 -1 
198 2 124 1 175 431 -1 -1 -1 -1 
199 2 120 4 176 429 -1 -1 -1 -1 
200 2 117 7 175 432 -1 -1 -1 -1 
201 2 108 7 180 446 -1 -1 -1 -1 
202 2 108 11 171 439 -1 -1 -1 -1 
203 2 109 15 168 424 -1 -1 -1 -1 
204 2 102 14 175 426 -1 -1 -1 -1 
205 2 102 16 169 411 -1 -1 -1 -1 
206 2 99 16 172 416 -1 -1 -1 -1 
207 2 103 20 168 400 -1 -1 -1 -1 
208 2 114 25 154 371 -1 -1 -1 -1 
209 2 119 30 148 358 -1 -1 -1 -1 
210 2 127 38 144 348 -1 -1 -1 -1 
211 2 133 44 141 346 -1 -1 -1 -1 
212 2 137 52 138 345 -1 -1 -1 -1 
213 2 141 55 134 332 -1 -1 -1 -1 
214 2 145 57 135 336 -1 -1 -1 -1 
215 2 148 58 134 333 -1 -1 -1 -1 
216 2 154 58 131 326 -1 -1 -1 -1 
217 2 160 63 129 320 -1 -1 -1 -1 
218 2 166 70 123 310 -1 -1 -1 -1 
219 2 170 77 122 306 -1 -1 -1 -1 
220 2 175 87 119 296 -1 -1 -1 -1 
221 2 179 88 116 289 -1 -1 -1 -1 
222 2 188 89 108 268 -1 -1 -1 -1 
223 2 196 91 108 266 -1 -1 -1 -1 
224 2 202 93 105 259 -1 -1 -1 -1 
225 2 209 100 102 250 -1 -1 -1 -1 
226 2 217 106 97 238 -1 -1 -1 -1 
227 2 223 111 93 230 -1 -1 -1 -1 
228 2 225 111 94 230 -1 -1 -1 -1 
229 2 232 110 92 226 -1 -1 -1 -1 
230 2 236 108 91 225 -1 -1 -1 -1 
231 2 241 107 91 221 -1 -1 -1 -1 
232 2 248 111 89 219 -1 -1 -1 -1 
233 2 255 116 88 216 -1 -1 -1 -1 
234 2 262 119 86 213 -1 -1 -1 -1 
235 2 270 120 84 208 -1 -1 -1 -1 
236 2 276 119 83 204 -1 -1 -1 -1 
237 2 287 120 81 200 -1 -1 -1 -1 
238 2 294 121 80 195 -1 -1 -1 -1 
239 2 301 124 78 190 -1 -1 -1 -1 
240 2 306 124 76 187 -1 -1 -1 -1 
241 2 308 124 75 184 -1 -1 -1 -1 
242 2 307 124 75 183 -1 -1 -1 -1 
243 2 307 124 74 181 -1 -1 -1 -1 
244 2 309 123 75 182 -1 -1 -1 -1 
245 2 311 123 75 182 -1 -1 -1 -1 
246 2 311 123 75 182 -1 -1 -1 -1 
247 2 309 123 75 182 -1 -1 -1 -1 
248 2 308 123 74 182 -1 -1 -1 -1 
249 2 313 123 73 182 -1 -1 -1 -1 
250 2 319 125 73 180 -1 -1 -1 -1 
251 2 322 125 72 177 -1 -1 -1 -1 
252 2 325 128 71 177 -1 -1 -1 -1 
253 2 331 131 71 174 -1 -1 -1 -1 
254 2 334 132 70 173 -1 -1 -1 -1 
255 2 336 138 70 171 -1 -1 -1 -1 
256 2 336 135 69 171 -1 -1 -1 -1 
257 2 335 135 69 171 -1 -1 -1 -1 
258 2 332 134 68 170 -1 -1 -1 -1 
259 2 329 136 69 170 -1 -1 -1 -1 
260 2 322 140 68 169 -1 -1 -1 -1 
261 2 316 144 68 167 -1 -1 -1 -1 
262 2 315 145 68 166 -1 -1 -1 -1 
268 2 306 133 64 157 -1 -1 -1 -1 
269 2 307 130 63 154 -1 -1 -1 -1 
270 2 305 112 63 156 -1 -1 -1 -1 
271 2 306 85 63 158 -1 -1 -1 -1 
278 2 310 132 58 142 -1 -1 -1 -1 
279 2 302 149 57 138 -1 -1 -1 -1 
280 2 287 149 57 140 -1 -1 -1 -1 
281 2 263 137 55 139 -1 -1 -1 -1 
282 2 252 147 54 138 -1 -1 -1 -1 
283 2 258 160 54 138 -1 -1 -1 -1 
284 2 272 164 53 135 -1 -1 -1 -1 
285 2 287 160 54 133 -1 -1 -1 -1 
286 2 300 168 52 127 -1 -1 -1 -1 
287 2 312 171 52 124 -1 -1 -1 -1 
288 2 324 168 52 126 -1 -1 -1 -1 
289 2 341 169 53 127 -1 -1 -1 -1 
290 2 361 171 53 126 -1 -1 -1 -1 
294 2 421 174 50 123 -1 -1 -1 -1 
295 2 434 177 50 119 -1 -1 -1 -1 
296 2 442 179 51 119 -1 -1 -1 -1 
297 2 449 174 53 123 -1 -1 -1 -1 
300 2 465 173 50 122 -1 -1 -1 -1 
302 2 469 169 50 121 -1 -1 -1 -1 
303 2 474 171 47 117 -1 -1 -1 -1 
308 2 465 168 47 116 -1 -1 -1 -1 
309 2 466 168 47 116 -1 -1 -1 -1 
310 2 464 173 46 114 -1 -1 -1 -1 
311 2 457 174 46 114 -1 -1 -1 -1 
312 2 450 175 47 113 -1 -1 -1 -1 
313 2 443 176 46 112 -1 -1 -1 -1 
314 2 438 174 45 112 -1 -1 -1 -1 
315 2 436 182 44 107 -1 -1 -1 -1 
326 2 506 186 22 54 -1 -1 -1 -1 
4 3 255 200 23 58 -1 -1 -1 -1 
5 3 264 201 24 59 -1 -1 -1 -1 
6 3 270 201 24 60 -1 -1 -1 -1 
7 3 276 200 24 59 -1 -1 -1 -1 
8 3 284 201 25 60 -1 -1 -1 -1 
9 3 289 201 25 61 -1 -1 -1 -1 
10 3 298 200 25 62 -1 -1 -1 -1 
11 3 305 200 25 63 -1 -1 -1 -1 
12 3 316 203 26 63 -1 -1 -1 -1 
13 3 323 203 26 63 -1 -1 -1 -1 
14 3 335 202 26 63 -1 -1 -1 -1 
15 3 346 202 26 64 -1 -1 -1 -1 
16 3 351 199 26 65 -1 -1 -1 -1 
17 3 356 198 25 64 -1 -1 -1 -1 
31 3 391 174 28 73 -1 -1 -1 -1 
32 3 395 174 33 81 -1 -1 -1 -1 
33 3 404 170 34 81 -1 -1 -1 -1 
34 3 412 171 34 84 -1 -1 -1 -1 
35 3 420 174 34 84 -1 -1 -1 -1 
36 3 432 171 35 87 -1 -1 -1 -1 
37 3 435 171 36 89 -1 -1 -1 -1 
38 3 441 172 35 88 -1 -1 -1 -1 
39 3 444 170 36 89 -1 -1 -1 -1 
40 3 448 171 37 90 -1 -1 -1 -1 
41 3 450 172 35 87 -1 -1 -1 -1 
6 4 248 196 25 63 -1 -1 -1 -1 
7 4 253 195 25 63 -1 -1 -1 -1 
8 4 261 196 26 65 -1 -1 -1 -1 
9 4 266 196 27 65 -1 -1 -1 -1 
10 4 275 195 27 66 -1 -1 -1 -1 
11 4 283 196 26 65 -1 -1 -1 -1 
12 4 294 197 27 66 -1 -1 -1 -1 
13 4 300 198 26 65 -1 -1 -1 -1 
14 4 312 196 27 67 -1 -1 -1 -1 
15 4 322 197 27 67 -1 -1 -1 -1 
16 4 327 196 27 65 -1 -1 -1 -1 
17 4 331 194 27 67 -1 -1 -1 -1 
7 5 227 202 23 58 -1 -1 -1 -1 
8 5 234 201 25 62 -1 -1 -1 -1 
9 5 239 201 24 62 -1 -1 -1 -1 
10 5 248 201 25 62 -1 -1 -1 -1 
11 5 255 201 25 62 -1 -1 -1 -1 
12 5 267 204 25 61 -1 -1 -1 -1 
13 5 273 202 25 62 -1 -1 -1 -1 
14 5 285 201 25 63 -1 -1 -1 -1 
15 5 294 202 26 63 -1 -1 -1 -1 
16 5 300 200 25 63 -1 -1 -1 -1 
17 5 304 199 25 63 -1 -1 -1 -1 
18 5 309 199 25 64 -1 -1 -1 -1 
19 5 308 189 28 70 -1 -1 -1 -1 
33 5 357 183 31 75 -1 -1 -1 -1 
34 5 367 187 29 72 -1 -1 -1 -1 
35 5 376 191 29 72 -1 -1 -1 -1 
36 5 387 191 29 70 -1 -1 -1 -1 
37 5 390 189 29 73 -1 -1 -1 -1 
38 5 395 191 30 73 -1 -1 -1 -1 
8 6 303 207 17 41 -1 -1 -1 -1 
9 6 308 208 16 40 -1 -1 -1 -1 
10 6 316 208 16 39 -1 -1 -1 -1 
11 6 322 205 17 43 -1 -1 -1 -1 
12 6 333 207 17 43 -1 -1 -1 -1 
32 6 379 183 31 78 -1 -1 -1 -1 
33 6 387 180 32 78 -1 -1 -1 -1 
34 6 395 182 32 78 -1 -1 -1 -1 
35 6 404 184 32 79 -1 -1 -1 -1 
36 6 416 181 32 81 -1 -1 -1 -1 
37 6 419 183 32 79 -1 -1 -1 -1 
38 6 424 182 33 82 -1 -1 -1 -1 
39 6 428 179 34 83 -1 -1 -1 -1 
40 6 432 180 33 84 -1 -1 -1 -1 
41 6 433 180 34 85 -1 -1 -1 -1 
42 6 431 180 32 79 -1 -1 -1 -1 
22 8 45 183 26 67 -1 -1 -1 -1 
23 8 49 188 27 68 -1 -1 -1 -1 
24 8 50 186 27 70 -1 -1 -1 -1 
32 9 408 189 29 72 -1 -1 -1 -1 
33 9 417 186 30 74 -1 -1 -1 -1 
34 9 425 187 31 76 -1 -1 -1 -1 
35 9 434 189 31 77 -1 -1 -1 -1 
36 9 446 186 31 78 -1 -1 -1 -1 
37 9 450 187 31 78 -1 -1 -1 -1 
38 9 456 189 32 78 -1 -1 -1 -1 
39 9 460 187 32 79 -1 -1 -1 -1 
40 9 464 188 32 79 -1 -1 -1 -1 
41 9 467 188 32 81 -1 -1 -1 -1 
64 9 499 188 31 77 -1 -1 -1 -1 
65 9 501 189 30 76 -1 -1 -1 -1 
66 9 499 189 31 77 -1 -1 -1 -1 
67 9 500 191 30 75 -1 -1 -1 -1 
68 9 501 193 30 74 -1 -1 -1 -1 
69 9 499 193 30 74 -1 -1 -1 -1 
70 9 500 193 30 74 -1 -1 -1 -1 
71 9 499 193 30 73 -1 -1 -1 -1 
72 9 499 193 31 73 -1 -1 -1 -1 
73 9 501 193 29 73 -1 -1 -1 -1 
74 9 500 193 30 74 -1 -1 -1 -1 
97 9 498 191 33 81 -1 -1 -1 -1 
98 9 501 193 30 76 -1 -1 -1 -1 
99 9 501 194 30 73 -1 -1 -1 -1 
100 9 501 193 30 73 -1 -1 -1 -1 
101 9 501 193 30 73 -1 -1 -1 -1 
102 9 501 194 30 72 -1 -1 -1 -1 
104 9 502 195 29 71 -1 -1 -1 -1 
105 9 501 195 30 71 -1 -1 -1 -1 
106 9 501 196 30 71 -1 -1 -1 -1 
107 9 502 198 29 68 -1 -1 -1 -1 
108 9 502 198 28 67 -1 -1 -1 -1 
109 9 505 199 24 59 -1 -1 -1 -1 
119 9 497 189 32 77 -1 -1 -1 -1 
120 9 497 189 33 78 -1 -1 -1 -1 
121 9 498 188 33 79 -1 -1 -1 -1 
122 9 498 188 33 79 -1 -1 -1 -1 
123 9 499 189 31 78 -1 -1 -1 -1 
124 9 498 187 33 80 -1 -1 -1 -1 
125 9 498 187 33 80 -1 -1 -1 -1 
126 9 498 187 33 80 -1 -1 -1 -1 
127 9 499 189 32 78 -1 -1 -1 -1 
128 9 500 190 31 76 -1 -1 -1 -1 
129 9 500 190 31 76 -1 -1 -1 -1 
130 9 500 189 31 77 -1 -1 -1 -1 
131 9 499 189 32 78 -1 -1 -1 -1 
132 9 500 189 31 77 -1 -1 -1 -1 
133 9 500 189 31 77 -1 -1 -1 -1 
134 9 499 189 31 78 -1 -1 -1 -1 
135 9 498 189 32 78 -1 -1 -1 -1 
136 9 498 188 32 79 -1 -1 -1 -1 
137 9 499 189 32 78 -1 -1 -1 -1 
138 9 499 189 31 77 -1 -1 -1 -1 
139 9 499 188 32 78 -1 -1 -1 -1 
140 9 500 189 31 77 -1 -1 -1 -1 
141 9 499 188 32 78 -1 -1 -1 -1 
142 9 499 188 32 78 -1 -1 -1 -1 
143 9 500 188 31 78 -1 -1 -1 -1 
144 9 500 188 31 78 -1 -1 -1 -1 
145 9 499 187 32 80 -1 -1 -1 -1 
154 9 500 187 32 79 -1 -1 -1 -1 
155 9 499 189 31 77 -1 -1 -1 -1 
156 9 497 190 32 77 -1 -1 -1 -1 
157 9 495 188 32 79 -1 -1 -1 -1 
158 9 495 192 31 75 -1 -1 -1 -1 
159 9 495 186 33 81 -1 -1 -1 -1 
160 9 494 185 34 83 -1 -1 -1 -1 
161 9 493 184 35 85 -1 -1 -1 -1 
162 9 495 183 35 85 -1 -1 -1 -1 
163 9 495 183 35 85 -1 -1 -1 -1 
164 9 494 182 35 85 -1 -1 -1 -1 
165 9 494 182 35 86 -1 -1 -1 -1 
166 9 495 181 35 86 -1 -1 -1 -1 
167 9 495 182 35 86 -1 -1 -1 -1 
168 9 495 182 34 86 -1 -1 -1 -1 
169 9 495 182 35 86 -1 -1 -1 -1 
170 9 495 183 35 85 -1 -1 -1 -1 
178 9 495 182 35 87 -1 -1 -1 -1 
179 9 495 183 35 86 -1 -1 -1 -1 
180 9 495 182 35 87 -1 -1 -1 -1 
181 9 495 182 35 87 -1 -1 -1 -1 
182 9 495 182 35 87 -1 -1 -1 -1 
183 9 495 183 35 86 -1 -1 -1 -1 
184 9 496 182 35 87 -1 -1 -1 -1 
185 9 496 182 35 87 -1 -1 -1 -1 
186 9 496 183 35 86 -1 -1 -1 -1 
187 9 495 182 36 87 -1 -1 -1 -1 
188 9 496 182 35 87 -1 -1 -1 -1 
189 9 496 182 35 87 -1 -1 -1 -1 
190 9 496 183 35 86 -1 -1 -1 -1 
191 9 495 182 36 87 -1 -1 -1 -1 
192 9 495 182 35 87 -1 -1 -1 -1 
193 9 495 183 35 86 -1 -1 -1 -1 
194 9 495 183 35 86 -1 -1 -1 -1 
195 9 494 182 36 87 -1 -1 -1 -1 
196 9 494 182 36 87 -1 -1 -1 -1 
197 9 494 182 36 88 -1 -1 -1 -1 
198 9 494 182 36 88 -1 -1 -1 -1 
199 9 494 182 35 87 -1 -1 -1 -1 
200 9 494 182 35 87 -1 -1 -1 -1 
201 9 494 182 35 88 -1 -1 -1 -1 
202 9 493 182 35 87 -1 -1 -1 -1 
203 9 493 183 35 86 -1 -1 -1 -1 
204 9 492 184 35 85 -1 -1 -1 -1 
205 9 492 184 35 85 -1 -1 -1 -1 
206 9 493 183 34 86 -1 -1 -1 -1 
207 9 492 183 35 86 -1 -1 -1 -1 
208 9 492 183 34 86 -1 -1 -1 -1 
209 9 492 183 34 87 -1 -1 -1 -1 
210 9 491 184 35 86 -1 -1 -1 -1 
211 9 491 184 35 87 -1 -1 -1 -1 
212 9 490 185 35 86 -1 -1 -1 -1 
213 9 489 184 35 87 -1 -1 -1 -1 
214 9 488 185 35 87 -1 -1 -1 -1 
215 9 487 185 35 87 -1 -1 -1 -1 
216 9 484 182 36 90 -1 -1 -1 -1 
217 9 484 182 36 90 -1 -1 -1 -1 
218 9 482 182 35 90 -1 -1 -1 -1 
219 9 481 181 36 91 -1 -1 -1 -1 
220 9 481 182 36 92 -1 -1 -1 -1 
221 9 480 181 37 94 -1 -1 -1 -1 
222 9 480 180 38 95 -1 -1 -1 -1 
223 9 480 180 38 97 -1 -1 -1 -1 
224 9 479 180 39 98 -1 -1 -1 -1 
225 9 480 181 39 97 -1 -1 -1 -1 
226 9 479 180 39 98 -1 -1 -1 -1 
227 9 478 180 40 99 -1 -1 -1 -1 
228 9 477 180 41 101 -1 -1 -1 -1 
229 9 478 182 41 100 -1 -1 -1 -1 
230 9 479 183 40 99 -1 -1 -1 -1 
231 9 479 182 41 100 -1 -1 -1 -1 
232 9 482 182 41 101 -1 -1 -1 -1 
233 9 487 181 41 103 -1 -1 -1 -1 
234 9 490 179 43 106 -1 -1 -1 -1 
235 9 495 176 44 110 -1 -1 -1 -1 
69 10 15 0 202 479 -1 -1 -1 -1 
70 10 15 0 201 479 -1 -1 -1 -1 
71 10 15 0 201 479 -1 -1 -1 -1 
72 10 15 0 202 480 -1 -1 -1 -1 
73 10 15 0 201 480 -1 -1 -1 -1 
74 10 14 0 202 479 -1 -1 -1 -1 
75 10 14 0 202 479 -1 -1 -1 -1 
76 10 13 0 203 479 -1 -1 -1 -1 
77 10 14 0 203 479 -1 -1 -1 -1 
78 10 14 0 202 480 -1 -1 -1 -1 
79 10 14 0 202 479 -1 -1 -1 -1 
80 10 14 0 202 480 -1 -1 -1 -1 
81 10 14 0 203 480 -1 -1 -1 -1 
82 10 15 0 201 480 -1 -1 -1 -1 
83 10 15 0 200 480 -1 -1 -1 -1 
84 10 14 0 200 480 -1 -1 -1 -1 
85 10 14 0 200 480 -1 -1 -1 -1 
86 10 14 0 201 480 -1 -1 -1 -1 
87 10 14 0 199 479 -1 -1 -1 -1 
88 10 14 0 201 480 -1 -1 -1 -1 
89 10 14 0 202 480 -1 -1 -1 -1 
90 10 14 0 203 480 -1 -1 -1 -1 
91 10 28 28 199 452 -1 -1 -1 -1 
92 10 20 10 203 470 -1 -1 -1 -1 
93 10 16 3 204 477 -1 -1 -1 -1 
94 10 15 0 205 479 -1 -1 -1 -1 
95 10 30 28 198 451 -1 -1 -1 -1 
96 10 34 38 197 441 -1 -1 -1 -1 
97 10 36 42 196 438 -1 -1 -1 -1 
98 10 37 43 195 436 -1 -1 -1 -1 
99 10 37 43 195 436 -1 -1 -1 -1 
100 10 36 43 195 436 -1 -1 -1 -1 
101 10 36 43 193 437 -1 -1 -1 -1 
102 10 35 42 194 437 -1 -1 -1 -1 
103 10 34 42 195 437 -1 -1 -1 -1 
104 10 34 43 195 437 -1 -1 -1 -1 
105 10 21 15 200 465 -1 -1 -1 -1 
106 10 16 4 200 476 -1 -1 -1 -1 
107 10 13 0 201 480 -1 -1 -1 -1 
108 10 12 0 200 479 -1 -1 -1 -1 
109 10 11 -1 200 480 -1 -1 -1 -1 
110 10 11 -1 202 480 -1 -1 -1 -1 
111 10 11 -1 202 481 -1 -1 -1 -1 
112 10 11 -1 202 481 -1 -1 -1 -1 
113 10 12 0 201 480 -1 -1 -1 -1 
114 10 11 0 200 480 -1 -1 -1 -1 
115 10 12 -1 198 480 -1 -1 -1 -1 
116 10 13 -1 198 480 -1 -1 -1 -1 
117 10 4 15 192 464 -1 -1 -1 -1 
118 10 0 21 191 458 -1 -1 -1 -1 
119 10 9 7 196 472 -1 -1 -1 -1 
120 10 13 2 200 477 -1 -1 -1 -1 
121 10 15 0 202 479 -1 -1 -1 -1 
122 10 16 0 201 480 -1 -1 -1 -1 
123 10 17 0 204 479 -1 -1 -1 -1 
124 10 18 0 206 479 -1 -1 -1 -1 
125 10 36 0 199 480 -1 -1 -1 -1 
126 10 43 0 197 480 -1 -1 -1 -1 
127 10 45 0 197 480 -1 -1 -1 -1 
128 10 46 0 196 478 -1 -1 -1 -1 
129 10 47 0 195 478 -1 -1 -1 -1 
130 10 46 0 196 479 -1 -1 -1 -1 
131 10 46 0 196 479 -1 -1 -1 -1 
132 10 30 0 202 479 -1 -1 -1 -1 
133 10 24 0 205 477 -1 -1 -1 -1 
134 10 21 0 202 479 -1 -1 -1 -1 
135 10 20 0 201 479 -1 -1 -1 -1 
136 10 23 0 206 470 -1 -1 -1 -1 
137 10 18 0 208 469 -1 -1 -1 -1 
138 10 17 0 205 468 -1 -1 -1 -1 
139 10 15 0 205 467 -1 -1 -1 -1 
140 10 10 6 210 469 -1 -1 -1 -1 
141 10 9 8 210 468 -1 -1 -1 -1 
142 10 9 9 211 469 -1 -1 -1 -1 
143 10 2 9 210 470 -1 -1 -1 -1 
144 10 0 9 208 470 -1 -1 -1 -1 
145 10 0 9 207 471 -1 -1 -1 -1 
146 10 0 9 208 471 -1 -1 -1 -1 
147 10 0 9 209 471 -1 -1 -1 -1 
148 10 5 9 213 471 -1 -1 -1 -1 
149 10 8 9 213 471 -1 -1 -1 -1 
150 10 11 9 212 471 -1 -1 -1 -1 
151 10 12 9 211 470 -1 -1 -1 -1 
152 10 18 3 202 476 -1 -1 -1 -1 
153 10 20 0 199 479 -1 -1 -1 -1 
154 10 24 6 203 468 -1 -1 -1 -1 
155 10 27 8 205 461 -1 -1 -1 -1 
156 10 26 9 207 466 -1 -1 -1 -1 
157 10 26 3 205 467 -1 -1 -1 -1 
158 10 17 6 209 470 -1 -1 -1 -1 
159 10 13 8 211 470 -1 -1 -1 -1 
160 10 18 2 207 469 -1 -1 -1 -1 
161 10 22 1 204 456 -1 -1 -1 -1 
162 10 13 0 207 463 -1 -1 -1 -1 
163 10 8 0 208 466 -1 -1 -1 -1 
164 10 7 0 206 456 -1 -1 -1 -1 
165 10 11 0 201 471 -1 -1 -1 -1 
166 10 12 0 201 477 -1 -1 -1 -1 
70 11 581 194 20 50 -1 -1 -1 -1 
71 11 584 194 20 50 -1 -1 -1 -1 
72 11 586 196 19 48 -1 -1 -1 -1 
73 11 587 196 20 48 -1 -1 -1 -1 
74 11 589 195 20 50 -1 -1 -1 -1 
99 12 295 177 33 80 -1 -1 -1 -1 
100 12 295 177 32 79 -1 -1 -1 -1 
101 12 295 177 32 79 -1 -1 -1 -1 
105 12 296 178 32 79 -1 -1 -1 -1 
106 12 295 178 32 79 -1 -1 -1 -1 
107 12 295 178 33 79 -1 -1 -1 -1 
108 12 295 178 32 79 -1 -1 -1 -1 
109 12 295 177 32 80 -1 -1 -1 -1 
110 12 294 177 33 80 -1 -1 -1 -1 
111 12 295 177 32 80 -1 -1 -1 -1 
112 12 294 178 32 79 -1 -1 -1 -1 
133 12 291 178 31 76 -1 -1 -1 -1 
134 12 292 179 30 75 -1 -1 -1 -1 
135 12 291 178 30 76 -1 -1 -1 -1 
136 12 291 178 30 76 -1 -1 -1 -1 
145 12 293 179 30 75 -1 -1 -1 -1 
146 12 293 179 31 76 -1 -1 -1 -1 
147 12 294 178 31 79 -1 -1 -1 -1 
148 12 295 179 31 78 -1 -1 -1 -1 
149 12 295 179 32 78 -1 -1 -1 -1 
167 12 281 181 30 74 -1 -1 -1 -1 
168 12 280 182 29 72 -1 -1 -1 -1 
169 12 281 181 27 68 -1 -1 -1 -1 
121 14 549 196 19 48 -1 -1 -1 -1 
129 14 541 195 20 50 -1 -1 -1 -1 
130 14 540 194 21 51 -1 -1 -1 -1 
131 14 540 194 20 51 -1 -1 -1 -1 
132 14 538 194 20 51 -1 -1 -1 -1 
133 14 537 193 21 52 -1 -1 -1 -1 
134 14 536 192 21 53 -1 -1 -1 -1 
135 14 535 192 21 53 -1 -1 -1 -1 
136 14 534 191 21 55 -1 -1 -1 -1 
137 14 533 191 21 55 -1 -1 -1 -1 
138 14 532 191 22 55 -1 -1 -1 -1 
139 14 532 191 22 55 -1 -1 -1 -1 
140 14 531 191 23 55 -1 -1 -1 -1 
141 14 531 191 22 55 -1 -1 -1 -1 
142 14 531 192 22 54 -1 -1 -1 -1 
143 14 531 191 22 56 -1 -1 -1 -1 
144 14 531 191 22 56 -1 -1 -1 -1 
145 14 530 190 23 58 -1 -1 -1 -1 
155 14 525 196 22 52 -1 -1 -1 -1 
156 14 525 195 22 54 -1 -1 -1 -1 
157 14 524 195 22 55 -1 -1 -1 -1 
158 14 524 195 22 54 -1 -1 -1 -1 
159 14 524 194 23 55 -1 -1 -1 -1 
160 14 523 194 23 57 -1 -1 -1 -1 
161 14 521 194 23 57 -1 -1 -1 -1 
162 14 522 193 23 58 -1 -1 -1 -1 
163 14 520 192 24 58 -1 -1 -1 -1 
164 14 519 190 24 60 -1 -1 -1 -1 
165 14 518 190 24 60 -1 -1 -1 -1 
166 14 518 189 25 61 -1 -1 -1 -1 
167 14 517 189 25 61 -1 -1 -1 -1 
168 14 517 189 24 61 -1 -1 -1 -1 
169 14 517 189 25 62 -1 -1 -1 -1 
170 14 517 188 25 63 -1 -1 -1 -1 
178 14 516 187 26 65 -1 -1 -1 -1 
179 14 516 187 27 65 -1 -1 -1 -1 
180 14 517 187 27 66 -1 -1 -1 -1 
181 14 518 188 26 66 -1 -1 -1 -1 
182 14 518 188 27 66 -1 -1 -1 -1 
183 14 519 188 27 66 -1 -1 -1 -1 
184 14 521 187 27 67 -1 -1 -1 -1 
185 14 521 187 28 68 -1 -1 -1 -1 
186 14 521 188 28 67 -1 -1 -1 -1 
187 14 522 188 27 67 -1 -1 -1 -1 
188 14 521 188 28 67 -1 -1 -1 -1 
189 14 522 188 27 67 -1 -1 -1 -1 
190 14 522 188 27 68 -1 -1 -1 -1 
191 14 522 188 28 68 -1 -1 -1 -1 
192 14 523 187 27 69 -1 -1 -1 -1 
193 14 523 187 28 69 -1 -1 -1 -1 
194 14 523 188 28 69 -1 -1 -1 -1 
195 14 526 189 27 68 -1 -1 -1 -1 
196 14 527 189 28 68 -1 -1 -1 -1 
197 14 528 190 27 67 -1 -1 -1 -1 
198 14 528 189 27 69 -1 -1 -1 -1 
199 14 528 188 27 70 -1 -1 -1 -1 
200 14 527 187 29 71 -1 -1 -1 -1 
201 14 527 186 29 73 -1 -1 -1 -1 
202 14 525 187 29 72 -1 -1 -1 -1 
203 14 524 188 30 72 -1 -1 -1 -1 
204 14 524 189 29 72 -1 -1 -1 -1 
205 14 523 189 29 72 -1 -1 -1 -1 
206 14 521 188 30 73 -1 -1 -1 -1 
207 14 520 188 29 74 -1 -1 -1 -1 
208 14 519 188 30 74 -1 -1 -1 -1 
209 14 518 188 31 75 -1 -1 -1 -1 
210 14 517 188 30 75 -1 -1 -1 -1 
211 14 517 187 30 76 -1 -1 -1 -1 
212 14 517 188 30 75 -1 -1 -1 -1 
213 14 516 186 31 77 -1 -1 -1 -1 
214 14 515 186 31 77 -1 -1 -1 -1 
215 14 514 185 32 79 -1 -1 -1 -1 
216 14 513 185 32 79 -1 -1 -1 -1 
217 14 513 184 32 80 -1 -1 -1 -1 
218 14 511 185 32 80 -1 -1 -1 -1 
219 14 509 186 31 78 -1 -1 -1 -1 
220 14 508 185 32 81 -1 -1 -1 -1 
221 14 506 185 33 81 -1 -1 -1 -1 
222 14 505 183 33 82 -1 -1 -1 -1 
223 14 503 183 34 83 -1 -1 -1 -1 
224 14 502 184 33 83 -1 -1 -1 -1 
225 14 501 187 33 80 -1 -1 -1 -1 
226 14 500 186 33 81 -1 -1 -1 -1 
227 14 499 187 33 81 -1 -1 -1 -1 
228 14 500 188 32 81 -1 -1 -1 -1 
229 14 501 186 33 84 -1 -1 -1 -1 
230 14 501 184 35 86 -1 -1 -1 -1 
231 14 502 182 35 87 -1 -1 -1 -1 
232 14 505 182 36 89 -1 -1 -1 -1 
233 14 510 182 36 91 -1 -1 -1 -1 
234 14 515 184 36 89 -1 -1 -1 -1 
235 14 517 183 38 93 -1 -1 -1 -1 
236 14 519 181 40 96 -1 -1 -1 -1 
237 14 525 182 40 97 -1 -1 -1 -1 
238 14 529 181 39 98 -1 -1 -1 -1 
169 15 547 199 17 43 -1 -1 -1 -1 
178 15 547 202 16 42 -1 -1 -1 -1 
179 15 547 202 17 43 -1 -1 -1 -1 
180 15 547 201 18 44 -1 -1 -1 -1 
181 15 547 200 18 45 -1 -1 -1 -1 
182 15 547 201 18 43 -1 -1 -1 -1 
183 15 547 201 17 43 -1 -1 -1 -1 
184 15 549 201 17 43 -1 -1 -1 -1 
185 15 548 200 17 45 -1 -1 -1 -1 
186 15 547 199 18 46 -1 -1 -1 -1 
187 15 547 199 18 46 -1 -1 -1 -1 
188 15 546 197 19 48 -1 -1 -1 -1 
189 15 546 197 19 48 -1 -1 -1 -1 
216 15 532 193 22 55 -1 -1 -1 -1 
217 15 532 194 22 54 -1 -1 -1 -1 
218 15 533 196 21 52 -1 -1 -1 -1 
219 15 534 197 20 51 -1 -1 -1 -1 
220 15 535 197 20 52 -1 -1 -1 -1 
221 15 535 196 21 53 -1 -1 -1 -1 
222 15 536 194 22 55 -1 -1 -1 -1 
223 15 537 195 22 54 -1 -1 -1 -1 
224 15 537 196 22 54 -1 -1 -1 -1 
225 15 538 197 21 54 -1 -1 -1 -1 
226 15 538 196 22 56 -1 -1 -1 -1 
227 15 538 197 22 55 -1 -1 -1 -1 
228 15 538 197 22 57 -1 -1 -1 -1 
229 15 540 196 24 59 -1 -1 -1 -1 
230 15 542 194 25 61 -1 -1 -1 -1 
231 15 545 194 24 60 -1 -1 -1 -1 
232 15 549 194 25 62 -1 -1 -1 -1 
233 15 555 193 26 64 -1 -1 -1 -1 
234 15 562 196 24 61 -1 -1 -1 -1 
235 15 568 194 26 64 -1 -1 -1 -1 
236 15 574 191 26 66 -1 -1 -1 -1 
237 15 584 193 26 66 -1 -1 -1 -1 
238 15 589 194 26 65 -1 -1 -1 -1 
239 15 597 197 25 62 -1 -1 -1 -1 
240 15 600 194 26 63 -1 -1 -1 -1 
226 16 13 0 209 480 -1 -1 -1 -1 
227 16 15 0 208 480 -1 -1 -1 -1 
228 16 15 0 208 477 -1 -1 -1 -1 
229 16 16 0 209 476 -1 -1 -1 -1 
230 16 16 0 208 476 -1 -1 -1 -1 
231 16 12 0 208 478 -1 -1 -1 -1 
232 16 12 0 208 475 -1 -1 -1 -1 
233 16 15 -1 202 476 -1 -1 -1 -1 
234 16 15 -1 203 478 -1 -1 -1 -1 
235 16 13 15 211 463 -1 -1 -1 -1 
236 16 17 5 213 474 -1 -1 -1 -1 
237 16 31 2 214 476 -1 -1 -1 -1 
238 16 41 18 211 461 -1 -1 -1 -1 
239 16 59 28 203 450 -1 -1 -1 -1 
240 16 76 40 192 438 -1 -1 -1 -1 
241 16 82 32 193 446 -1 -1 -1 -1 
242 16 80 29 199 449 -1 -1 -1 -1 
243 16 76 28 206 451 -1 -1 -1 -1 
244 16 70 11 211 464 -1 -1 -1 -1 
245 16 74 23 209 455 -1 -1 -1 -1 
246 16 68 8 217 467 -1 -1 -1 -1 
247 16 83 24 205 449 -1 -1 -1 -1 
250 16 87 4 221 475 -1 -1 -1 -1 
251 16 99 0 214 478 -1 -1 -1 -1 
252 16 105 0 216 477 -1 -1 -1 -1 
253 16 118 1 220 474 -1 -1 -1 -1 
254 16 128 0 219 473 -1 -1 -1 -1 
255 16 146 31 208 447 -1 -1 -1 -1 
256 16 153 43 205 436 -1 -1 -1 -1 
257 16 159 45 201 434 -1 -1 -1 -1 
258 16 155 34 207 445 -1 -1 -1 -1 
259 16 152 29 206 451 -1 -1 -1 -1 
260 16 144 38 202 442 -1 -1 -1 -1 
261 16 130 31 204 448 -1 -1 -1 -1 
262 16 101 11 219 467 -1 -1 -1 -1 
263 16 90 3 219 472 -1 -1 -1 -1 
264 16 81 0 216 475 -1 -1 -1 -1 
265 16 74 -1 210 476 -1 -1 -1 -1 
266 16 74 -2 206 475 -1 -1 -1 -1 
268 16 75 -4 204 475 -1 -1 -1 -1 
269 16 78 -3 203 471 -1 -1 -1 -1 
270 16 78 -7 203 472 -1 -1 -1 -1 
271 16 78 -11 206 472 -1 -1 -1 -1 
272 16 66 -14 205 443 -1 -1 -1 -1 
273 16 62 -3 209 430 -1 -1 -1 -1 
274 16 71 8 208 457 -1 -1 -1 -1 
275 16 71 12 205 471 -1 -1 -1 -1 
276 16 58 16 207 473 -1 -1 -1 -1 
277 16 46 10 212 460 -1 -1 -1 -1 
278 16 34 5 213 471 -1 -1 -1 -1 
279 16 9 25 208 458 -1 -1 -1 -1 
280 16 -4 25 194 455 -1 -1 -1 -1 
281 16 -9 19 161 456 -1 -1 -1 -1 
282 16 -3 23 123 457 -1 -1 -1 -1 
283 16 2 29 117 453 -1 -1 -1 -1 
284 16 6 27 125 452 -1 -1 -1 -1 
285 16 8 24 139 453 -1 -1 -1 -1 
286 16 7 37 147 442 -1 -1 -1 -1 
287 16 6 32 152 448 -1 -1 -1 -1 
288 16 3 48 154 429 -1 -1 -1 -1 
289 16 7 42 165 436 -1 -1 -1 -1 
290 16 6 47 182 432 -1 -1 -1 -1 
291 16 7 39 190 438 -1 -1 -1 -1 
292 16 9 37 189 440 -1 -1 -1 -1 
293 16 11 37 193 439 -1 -1 -1 -1 
294 16 18 12 198 462 -1 -1 -1 -1 
295 16 26 24 203 453 -1 -1 -1 -1 
296 16 36 36 199 441 -1 -1 -1 -1 
297 16 44 39 201 438 -1 -1 -1 -1 
298 16 64 46 192 422 -1 -1 -1 -1 
299 16 75 46 185 423 -1 -1 -1 -1 
300 16 82 47 192 421 -1 -1 -1 -1 
301 16 78 39 196 436 -1 -1 -1 -1 
302 16 65 87 140 325 -1 -1 -1 -1 
303 16 46 101 119 278 -1 -1 -1 -1 
304 16 21 97 111 271 -1 -1 -1 -1 
305 16 2 97 110 277 -1 -1 -1 -1 
230 17 443 169 47 118 -1 -1 -1 -1 
231 17 444 167 49 120 -1 -1 -1 -1 
232 17 448 165 50 123 -1 -1 -1 -1 
233 17 455 163 51 128 -1 -1 -1 -1 
234 17 462 163 51 127 -1 -1 -1 -1 
235 17 458 160 61 150 -1 -1 -1 -1 
236 17 466 158 63 156 -1 -1 -1 -1 
237 17 476 159 63 157 -1 -1 -1 -1 
238 17 482 157 65 161 -1 -1 -1 -1 
239 17 493 154 67 165 -1 -1 -1 -1 
240 17 503 151 67 169 -1 -1 -1 -1 
241 17 508 146 68 169 -1 -1 -1 -1 
242 17 513 150 66 162 -1 -1 -1 -1 
243 17 512 145 68 167 -1 -1 -1 -1 
244 17 518 140 70 173 -1 -1 -1 -1 
238 18 11 120 75 186 -1 -1 -1 -1 
239 18 24 120 75 186 -1 -1 -1 -1 
240 18 34 116 77 189 -1 -1 -1 -1 
241 18 42 114 76 188 -1 -1 -1 -1 
242 18 48 115 74 182 -1 -1 -1 -1 
243 18 54 121 69 172 -1 -1 -1 -1 
249 18 80 172 34 84 -1 -1 -1 -1 
250 18 79 178 32 80 -1 -1 -1 -1 
251 18 86 179 32 81 -1 -1 -1 -1 
255 18 107 147 63 155 -1 -1 -1 -1 
256 18 100 137 67 165 -1 -1 -1 -1 
257 18 86 132 69 170 -1 -1 -1 -1 
258 18 64 129 71 175 -1 -1 -1 -1 
259 18 44 127 73 180 -1 -1 -1 -1 
260 18 14 126 76 185 -1 -1 -1 -1 
261 18 0 119 63 195 -1 -1 -1 -1 
239 19 358 177 33 82 -1 -1 -1 -1 
240 19 361 176 33 81 -1 -1 -1 -1 
241 19 359 177 33 80 -1 -1 -1 -1 
263 19 289 200 30 77 -1 -1 -1 -1 
264 19 284 200 30 76 -1 -1 -1 -1 
241 22 394 180 31 76 -1 -1 -1 -1 
242 22 393 181 30 76 -1 -1 -1 -1 
243 22 391 180 31 77 -1 -1 -1 -1 
244 22 391 179 32 78 -1 -1 -1 -1 
245 22 389 178 32 79 -1 -1 -1 -1 
246 22 388 176 32 79 -1 -1 -1 -1 
247 22 384 176 33 81 -1 -1 -1 -1 
248 22 383 175 33 83 -1 -1 -1 -1 
249 22 385 174 34 85 -1 -1 -1 -1 
250 22 389 175 35 87 -1 -1 -1 -1 
251 22 391 176 35 86 -1 -1 -1 -1 
252 22 393 178 35 88 -1 -1 -1 -1 
253 22 398 177 36 89 -1 -1 -1 -1 
254 22 401 178 36 88 -1 -1 -1 -1 
255 22 401 181 36 88 -1 -1 -1 -1 
256 22 399 178 36 90 -1 -1 -1 -1 
274 22 242 89 43 108 -1 -1 -1 -1 
275 22 237 109 43 106 -1 -1 -1 -1 
276 22 236 138 43 106 -1 -1 -1 -1 
278 22 191 127 71 174 -1 -1 -1 -1 
279 22 173 144 77 184 -1 -1 -1 -1 
280 22 155 144 79 192 -1 -1 -1 -1 
281 22 130 130 79 196 -1 -1 -1 -1 
282 22 121 135 76 193 -1 -1 -1 -1 
283 22 128 144 75 193 -1 -1 -1 -1 
288 22 229 156 70 173 -1 -1 -1 -1 
289 22 249 159 70 172 -1 -1 -1 -1 
290 22 272 159 71 175 -1 -1 -1 -1 
291 22 291 159 71 174 -1 -1 -1 -1 
292 22 312 165 68 170 -1 -1 -1 -1 
293 22 326 165 67 168 -1 -1 -1 -1 
294 22 345 166 66 166 -1 -1 -1 -1 
295 22 361 165 67 165 -1 -1 -1 -1 
296 22 374 163 70 172 -1 -1 -1 -1 
297 22 388 161 69 170 -1 -1 -1 -1 
298 22 405 164 68 168 -1 -1 -1 -1 
299 22 415 165 66 164 -1 -1 -1 -1 
300 22 425 166 67 163 -1 -1 -1 -1 
301 22 432 163 67 164 -1 -1 -1 -1 
302 22 440 162 66 163 -1 -1 -1 -1 
303 22 446 160 68 166 -1 -1 -1 -1 
304 22 453 157 67 165 -1 -1 -1 -1 
305 22 462 161 67 163 -1 -1 -1 -1 
306 22 470 161 66 162 -1 -1 -1 -1 
307 22 476 162 65 161 -1 -1 -1 -1 
308 22 483 165 63 157 -1 -1 -1 -1 
245 23 409 175 40 98 -1 -1 -1 -1 
246 23 408 173 41 100 -1 -1 -1 -1 
247 23 405 172 42 102 -1 -1 -1 -1 
248 23 404 171 42 105 -1 -1 -1 -1 
249 23 406 171 42 106 -1 -1 -1 -1 
250 23 409 172 44 109 -1 -1 -1 -1 
251 23 410 171 44 112 -1 -1 -1 -1 
252 23 411 173 45 114 -1 -1 -1 -1 
253 23 416 173 47 115 -1 -1 -1 -1 
254 23 417 173 48 116 -1 -1 -1 -1 
255 23 416 174 49 120 -1 -1 -1 -1 
256 23 415 171 49 122 -1 -1 -1 -1 
257 23 412 169 50 125 -1 -1 -1 -1 
266 23 319 148 61 152 -1 -1 -1 -1 
267 23 309 139 63 156 -1 -1 -1 -1 
248 25 285 172 34 86 -1 -1 -1 -1 
249 25 286 172 34 86 -1 -1 -1 -1 
250 25 287 174 35 87 -1 -1 -1 -1 
251 25 289 175 34 88 -1 -1 -1 -1 
253 25 311 188 30 77 -1 -1 -1 -1 
254 25 318 190 28 72 -1 -1 -1 -1 
253 27 461 145 70 171 -1 -1 -1 -1 
254 27 457 143 72 175 -1 -1 -1 -1 
255 27 449 146 72 177 -1 -1 -1 -1 
256 27 438 142 74 183 -1 -1 -1 -1 
257 27 429 141 76 189 -1 -1 -1 -1 
258 27 415 135 78 196 -1 -1 -1 -1 
259 27 401 132 83 203 -1 -1 -1 -1 
260 27 379 129 87 214 -1 -1 -1 -1 
261 27 358 129 90 221 -1 -1 -1 -1 
262 27 337 128 94 226 -1 -1 -1 -1 
263 27 321 123 98 238 -1 -1 -1 -1 
264 27 307 118 102 249 -1 -1 -1 -1 
265 27 278 109 109 267 -1 -1 -1 -1 
266 27 259 102 114 276 -1 -1 -1 -1 
267 27 229 88 118 288 -1 -1 -1 -1 
268 27 209 80 121 294 -1 -1 -1 -1 
295 27 14 131 66 166 -1 -1 -1 -1 
296 27 7 132 70 171 -1 -1 -1 -1 
297 27 0 126 69 180 -1 -1 -1 -1 
298 27 0 123 59 186 -1 -1 -1 -1 
299 27 -1 119 55 194 -1 -1 -1 -1 
300 27 -1 116 43 211 -1 -1 -1 -1 
301 27 -1 139 51 175 -1 -1 -1 -1 
302 27 -1 146 57 165 -1 -1 -1 -1 
303 27 1 147 62 159 -1 -1 -1 -1 
254 28 490 145 61 150 -1 -1 -1 -1 
255 28 492 160 56 137 -1 -1 -1 -1 
256 28 491 165 57 140 -1 -1 -1 -1 
257 28 490 166 57 142 -1 -1 -1 -1 
258 28 487 165 58 143 -1 -1 -1 -1 
259 28 485 164 60 146 -1 -1 -1 -1 
260 28 478 167 59 147 -1 -1 -1 -1 
261 28 467 168 62 152 -1 -1 -1 -1 
262 28 450 154 67 164 -1 -1 -1 -1 
282 28 277 76 106 254 -1 -1 -1 -1 
283 28 284 87 103 259 -1 -1 -1 -1 
284 28 291 85 113 272 -1 -1 -1 -1 
285 28 303 75 115 277 -1 -1 -1 -1 
286 28 312 73 118 285 -1 -1 -1 -1 
287 28 321 73 119 289 -1 -1 -1 -1 
288 28 329 67 121 298 -1 -1 -1 -1 
289 28 345 63 126 310 -1 -1 -1 -1 
290 28 362 56 132 319 -1 -1 -1 -1 
291 28 378 46 138 337 -1 -1 -1 -1 
292 28 391 40 146 358 -1 -1 -1 -1 
293 28 399 29 155 381 -1 -1 -1 -1 
294 28 411 20 167 408 -1 -1 -1 -1 
295 28 423 12 179 427 -1 -1 -1 -1 
296 28 433 3 186 446 -1 -1 -1 -1 
297 28 444 -2 191 457 -1 -1 -1 -1 
298 28 452 -2 191 456 -1 -1 -1 -1 
299 28 455 -3 189 447 -1 -1 -1 -1 
300 28 466 -3 178 444 -1 -1 -1 -1 
301 28 474 -3 169 442 -1 -1 -1 -1 
305 28 511 128 97 243 -1 -1 -1 -1 
306 28 512 138 91 226 -1 -1 -1 -1 
307 28 510 137 92 228 -1 -1 -1 -1 
308 28 506 131 96 239 -1 -1 -1 -1 
309 28 501 125 105 258 -1 -1 -1 -1 
310 28 495 122 112 275 -1 -1 -1 -1 
311 28 486 121 119 289 -1 -1 -1 -1 
312 28 479 113 127 305 -1 -1 -1 -1 
313 28 471 105 132 322 -1 -1 -1 -1 
314 28 464 94 139 338 -1 -1 -1 -1 
315 28 459 87 155 370 -1 -1 -1 -1 
316 28 462 72 168 395 -1 -1 -1 -1 
317 28 475 70 165 404 -1 -1 -1 -1 
318 28 485 59 158 418 -1 -1 -1 -1 
319 28 500 46 145 432 -1 -1 -1 -1 
264 31 373 164 60 146 -1 -1 -1 -1 
265 31 366 161 62 150 -1 -1 -1 -1 
266 31 363 157 62 154 -1 -1 -1 -1 
267 31 355 148 63 157 -1 -1 -1 -1 
268 31 350 142 65 160 -1 -1 -1 -1 
269 31 344 136 66 164 -1 -1 -1 -1 
270 31 333 117 68 168 -1 -1 -1 -1 
271 31 326 87 70 174 -1 -1 -1 -1 
272 31 315 50 73 183 -1 -1 -1 -1 
273 31 309 43 76 187 -1 -1 -1 -1 
274 31 302 56 78 192 -1 -1 -1 -1 
275 31 292 74 81 195 -1 -1 -1 -1 
276 31 287 101 82 199 -1 -1 -1 -1 
277 31 278 113 82 198 -1 -1 -1 -1 
278 31 265 115 86 203 -1 -1 -1 -1 
279 31 246 129 89 209 -1 -1 -1 -1 
280 31 224 126 89 215 -1 -1 -1 -1 
281 31 185 109 91 227 -1 -1 -1 -1 
282 31 152 111 96 242 -1 -1 -1 -1 
283 31 144 119 99 252 -1 -1 -1 -1 
284 31 145 116 103 259 -1 -1 -1 -1 
285 31 151 106 107 267 -1 -1 -1 -1 
286 31 156 106 110 272 -1 -1 -1 -1 
287 31 159 106 114 279 -1 -1 -1 -1 
288 31 162 101 117 289 -1 -1 -1 -1 
289 31 172 102 122 299 -1 -1 -1 -1 
290 31 185 99 127 309 -1 -1 -1 -1 
291 31 197 93 130 322 -1 -1 -1 -1 
292 31 208 89 134 334 -1 -1 -1 -1 
293 31 212 78 138 345 -1 -1 -1 -1 
294 31 218 69 146 363 -1 -1 -1 -1 
295 31 225 62 154 377 -1 -1 -1 -1 
296 31 221 55 167 404 -1 -1 -1 -1 
297 31 214 34 181 437 -1 -1 -1 -1 
298 31 205 22 196 453 -1 -1 -1 -1 
299 31 197 13 203 459 -1 -1 -1 -1 
300 31 181 3 211 473 -1 -1 -1 -1 
301 31 173 -1 207 479 -1 -1 -1 -1 
302 31 150 -3 205 480 -1 -1 -1 -1 
303 31 138 -2 207 477 -1 -1 -1 -1 
309 31 113 72 183 385 -1 -1 -1 -1 
310 31 117 73 176 391 -1 -1 -1 -1 
311 31 116 64 179 402 -1 -1 -1 -1 
312 31 113 70 183 394 -1 -1 -1 -1 
313 31 117 75 172 387 -1 -1 -1 -1 
314 31 118 73 171 396 -1 -1 -1 -1 
315 31 120 87 171 385 -1 -1 -1 -1 
316 31 117 84 176 392 -1 -1 -1 -1 
317 31 123 75 179 398 -1 -1 -1 -1 
318 31 126 72 184 398 -1 -1 -1 -1 
319 31 138 85 180 384 -1 -1 -1 -1 
320 31 151 80 179 386 -1 -1 -1 -1 
321 31 164 74 181 390 -1 -1 -1 -1 
322 31 182 78 177 380 -1 -1 -1 -1 
330 31 236 49 185 422 -1 -1 -1 -1 
331 31 238 53 192 403 -1 -1 -1 -1 
332 31 239 47 198 416 -1 -1 -1 -1 
333 31 248 54 195 414 -1 -1 -1 -1 
334 31 252 55 190 411 -1 -1 -1 -1 
335 31 247 45 192 419 -1 -1 -1 -1 
340 31 232 2 211 470 -1 -1 -1 -1 
341 31 243 19 207 459 -1 -1 -1 -1 
342 31 248 23 208 456 -1 -1 -1 -1 
343 31 265 30 206 451 -1 -1 -1 -1 
344 31 271 31 206 449 -1 -1 -1 -1 
345 31 288 9 208 470 -1 -1 -1 -1 
346 31 299 4 207 476 -1 -1 -1 -1 
347 31 322 18 207 461 -1 -1 -1 -1 
348 31 328 4 205 471 -1 -1 -1 -1 
349 31 342 19 203 460 -1 -1 -1 -1 
350 31 346 23 202 457 -1 -1 -1 -1 
351 31 352 24 201 456 -1 -1 -1 -1 
352 31 349 25 198 454 -1 -1 -1 -1 
353 31 343 6 202 466 -1 -1 -1 -1 
354 31 345 9 206 469 -1 -1 -1 -1 
355 31 358 3 201 475 -1 -1 -1 -1 
356 31 361 -1 200 477 -1 -1 -1 -1 
357 31 364 -2 197 480 -1 -1 -1 -1 
358 31 366 0 196 480 -1 -1 -1 -1 
359 31 367 31 187 457 -1 -1 -1 -1 
360 31 372 32 186 453 -1 -1 -1 -1 
361 31 368 37 183 438 -1 -1 -1 -1 
362 31 363 17 199 458 -1 -1 -1 -1 
363 31 368 5 202 467 -1 -1 -1 -1 
364 31 372 11 206 466 -1 -1 -1 -1 
365 31 366 4 216 468 -1 -1 -1 -1 
366 31 366 -2 211 470 -1 -1 -1 -1 
367 31 372 -4 212 472 -1 -1 -1 -1 
368 31 383 14 212 461 -1 -1 -1 -1 
369 31 394 5 209 468 -1 -1 -1 -1 
370 31 399 1 202 468 -1 -1 -1 -1 
371 31 403 0 201 468 -1 -1 -1 -1 
372 31 421 0 200 468 -1 -1 -1 -1 
373 31 431 -1 198 472 -1 -1 -1 -1 
374 31 437 0 200 475 -1 -1 -1 -1 
375 31 456 0 184 477 -1 -1 -1 -1 
376 31 463 0 178 480 -1 -1 -1 -1 
272 32 279 79 45 109 -1 -1 -1 -1 
273 32 259 69 54 130 -1 -1 -1 -1 
274 32 257 87 54 131 -1 -1 -1 -1 
275 32 256 105 54 131 -1 -1 -1 -1 
276 32 253 134 52 126 -1 -1 -1 -1 
277 32 244 145 52 126 -1 -1 -1 -1 
278 32 230 149 52 123 -1 -1 -1 -1 
279 32 215 166 50 121 -1 -1 -1 -1 
282 32 108 158 56 139 -1 -1 -1 -1 
283 32 104 166 58 144 -1 -1 -1 -1 
284 32 107 165 58 147 -1 -1 -1 -1 
285 32 112 160 61 151 -1 -1 -1 -1 
286 32 116 163 64 155 -1 -1 -1 -1 
287 32 121 166 64 156 -1 -1 -1 -1 
288 32 123 161 66 161 -1 -1 -1 -1 
289 32 129 161 69 167 -1 -1 -1 -1 
290 32 140 159 70 171 -1 -1 -1 -1 
291 32 147 154 71 175 -1 -1 -1 -1 
292 32 149 155 73 180 -1 -1 -1 -1 
293 32 163 165 66 163 -1 -1 -1 -1 
294 32 192 182 49 123 -1 -1 -1 -1 
295 32 207 188 46 114 -1 -1 -1 -1 
296 32 216 194 45 109 -1 -1 -1 -1 
297 32 219 192 44 109 -1 -1 -1 -1 
298 32 222 193 45 109 -1 -1 -1 -1 
321 32 145 121 76 188 -1 -1 -1 -1 
322 32 146 111 79 196 -1 -1 -1 -1 
323 32 145 106 83 205 -1 -1 -1 -1 
324 32 139 99 87 212 -1 -1 -1 -1 
325 32 129 94 93 224 -1 -1 -1 -1 
326 32 119 91 97 235 -1 -1 -1 -1 
327 32 105 86 99 245 -1 -1 -1 -1 
328 32 89 82 104 256 -1 -1 -1 -1 
329 32 66 77 103 253 -1 -1 -1 -1 
330 32 44 67 113 281 -1 -1 -1 -1 
331 32 25 59 121 298 -1 -1 -1 -1 
332 32 4 52 121 307 -1 -1 -1 -1 
333 32 -2 47 108 316 -1 -1 -1 -1 
334 32 -5 27 88 350 -1 -1 -1 -1 
287 35 371 73 150 370 -1 -1 -1 -1 
288 35 379 64 160 384 -1 -1 -1 -1 
289 35 408 62 162 399 -1 -1 -1 -1 
290 35 434 52 172 422 -1 -1 -1 -1 
291 35 468 34 167 431 -1 -1 -1 -1 
292 35 503 24 141 445 -1 -1 -1 -1 
293 35 527 23 117 455 -1 -1 -1 -1 
287 36 257 178 48 119 -1 -1 -1 -1 
288 36 269 176 48 119 -1 -1 -1 -1 
289 36 286 179 48 118 -1 -1 -1 -1 
290 36 306 176 49 120 -1 -1 -1 -1 
291 36 324 176 47 116 -1 -1 -1 -1 
292 36 340 179 47 116 -1 -1 -1 -1 
301 36 397 180 46 110 -1 -1 -1 -1 
302 36 397 180 46 110 -1 -1 -1 -1 
303 36 399 183 44 105 -1 -1 -1 -1 
304 36 397 179 43 105 -1 -1 -1 -1 
305 36 396 174 45 112 -1 -1 -1 -1 
317 36 369 187 40 97 -1 -1 -1 -1 
318 36 369 186 40 97 -1 -1 -1 -1 
300 38 364 167 54 133 -1 -1 -1 -1 
301 38 364 168 55 133 -1 -1 -1 -1 
302 38 365 166 56 136 -1 -1 -1 -1 
303 38 371 164 56 137 -1 -1 -1 -1 
304 38 374 159 56 139 -1 -1 -1 -1 
305 38 375 161 57 140 -1 -1 -1 -1 
306 38 379 160 58 140 -1 -1 -1 -1 
307 38 385 160 58 141 -1 -1 -1 -1 
308 38 388 160 58 142 -1 -1 -1 -1 
309 38 394 159 58 145 -1 -1 -1 -1 
310 38 397 160 59 145 -1 -1 -1 -1 
311 38 396 160 60 146 -1 -1 -1 -1 
312 38 395 158 65 153 -1 -1 -1 -1 
313 38 394 156 64 157 -1 -1 -1 -1 
314 38 395 155 64 159 -1 -1 -1 -1 
315 38 401 159 65 159 -1 -1 -1 -1 
316 38 410 156 65 158 -1 -1 -1 -1 
317 38 421 155 67 161 -1 -1 -1 -1 
318 38 428 155 65 160 -1 -1 -1 -1 
319 38 439 151 67 163 -1 -1 -1 -1 
320 38 450 144 69 169 -1 -1 -1 -1 
321 38 469 139 65 161 -1 -1 -1 -1 
322 38 486 131 64 159 -1 -1 -1 -1 
323 38 507 127 68 169 -1 -1 -1 -1 
324 38 519 122 72 181 -1 -1 -1 -1 
325 38 521 120 75 184 -1 -1 -1 -1 
326 38 522 122 76 183 -1 -1 -1 -1 
327 38 530 118 78 188 -1 -1 -1 -1 
328 38 522 131 68 165 -1 -1 -1 -1 
329 38 512 135 65 160 -1 -1 -1 -1 
330 38 504 137 63 157 -1 -1 -1 -1 
331 38 493 137 63 156 -1 -1 -1 -1 
332 38 491 136 64 154 -1 -1 -1 -1 
333 38 499 138 56 138 -1 -1 -1 -1 
303 39 326 193 48 117 -1 -1 -1 -1 
304 39 329 190 48 118 -1 -1 -1 -1 
305 39 334 190 49 121 -1 -1 -1 -1 
306 39 337 189 49 122 -1 -1 -1 -1 
307 39 341 188 48 121 -1 -1 -1 -1 
308 39 347 187 49 123 -1 -1 -1 -1 
309 39 354 186 49 120 -1 -1 -1 -1 
310 39 359 187 50 124 -1 -1 -1 -1 
311 39 360 189 49 122 -1 -1 -1 -1 
312 39 361 189 52 127 -1 -1 -1 -1 
313 39 360 187 55 133 -1 -1 -1 -1 
314 39 363 186 55 135 -1 -1 -1 -1 
315 39 369 188 57 141 -1 -1 -1 -1 
316 39 377 186 59 142 -1 -1 -1 -1 
317 39 389 186 59 143 -1 -1 -1 -1 
318 39 398 185 60 145 -1 -1 -1 -1 
319 39 411 182 61 148 -1 -1 -1 -1 
320 39 425 176 62 152 -1 -1 -1 -1 
321 39 446 169 64 156 -1 -1 -1 -1 
322 39 468 162 65 159 -1 -1 -1 -1 
323 39 490 162 65 161 -1 -1 -1 -1 
324 39 507 159 67 165 -1 -1 -1 -1 
325 39 524 156 68 166 -1 -1 -1 -1 
326 39 535 152 70 171 -1 -1 -1 -1 
327 39 549 146 71 177 -1 -1 -1 -1 
328 39 562 145 73 179 -1 -1 -1 -1 
329 39 571 146 69 180 -1 -1 -1 -1 
330 39 581 150 62 177 -1 -1 -1 -1 
331 39 593 151 51 172 -1 -1 -1 -1 
332 39 605 150 38 166 -1 -1 -1 -1 
333 39 619 145 23 166 -1 -1 -1 -1 
304 40 289 157 62 153 -1 -1 -1 -1 
305 40 292 158 62 155 -1 -1 -1 -1 
306 40 295 154 64 159 -1 -1 -1 -1 
307 40 298 153 64 160 -1 -1 -1 -1 
308 40 301 152 65 162 -1 -1 -1 -1 
309 40 308 151 65 164 -1 -1 -1 -1 
310 40 309 154 66 165 -1 -1 -1 -1 
311 40 306 158 64 162 -1 -1 -1 -1 
312 40 304 156 69 168 -1 -1 -1 -1 
313 40 301 153 70 173 -1 -1 -1 -1 
314 40 303 158 68 169 -1 -1 -1 -1 
315 40 308 161 69 172 -1 -1 -1 -1 
316 40 316 163 69 169 -1 -1 -1 -1 
317 40 321 149 76 186 -1 -1 -1 -1 
318 40 326 142 80 194 -1 -1 -1 -1 
319 40 334 131 84 205 -1 -1 -1 -1 
320 40 341 128 84 206 -1 -1 -1 -1 
321 40 354 123 85 210 -1 -1 -1 -1 
322 40 368 115 86 214 -1 -1 -1 -1 
323 40 382 114 88 218 -1 -1 -1 -1 
324 40 392 108 90 223 -1 -1 -1 -1 
325 40 403 103 94 230 -1 -1 -1 -1 
326 40 411 101 94 234 -1 -1 -1 -1 
327 40 420 98 95 236 -1 -1 -1 -1 
328 40 425 97 97 239 -1 -1 -1 -1 
329 40 426 94 98 244 -1 -1 -1 -1 
330 40 430 100 98 242 -1 -1 -1 -1 
331 40 433 106 97 236 -1 -1 -1 -1 
332 40 434 94 101 246 -1 -1 -1 -1 
333 40 441 89 101 254 -1 -1 -1 -1 
334 40 442 85 106 259 -1 -1 -1 -1 
335 40 445 86 107 261 -1 -1 -1 -1 
336 40 451 81 109 265 -1 -1 -1 -1 
337 40 456 74 109 266 -1 -1 -1 -1 
338 40 465 75 109 269 -1 -1 -1 -1 
339 40 469 74 111 272 -1 -1 -1 -1 
340 40 478 71 112 276 -1 -1 -1 -1 
341 40 490 74 111 278 -1 -1 -1 -1 
342 40 503 73 111 278 -1 -1 -1 -1 
343 40 521 65 115 294 -1 -1 -1 -1 
344 40 534 64 109 300 -1 -1 -1 -1 
345 40 552 57 95 308 -1 -1 -1 -1 
346 40 571 66 77 309 -1 -1 -1 -1 
305 41 262 156 57 139 -1 -1 -1 -1 
306 41 257 153 58 146 -1 -1 -1 -1 
307 41 255 153 56 141 -1 -1 -1 -1 
308 41 244 151 60 152 -1 -1 -1 -1 
312 41 252 176 55 136 -1 -1 -1 -1 
313 41 251 178 55 136 -1 -1 -1 -1 
314 41 252 179 55 137 -1 -1 -1 -1 
315 41 257 186 54 135 -1 -1 -1 -1 
316 41 263 182 56 138 -1 -1 -1 -1 
317 41 267 178 58 143 -1 -1 -1 -1 
319 41 280 173 63 150 -1 -1 -1 -1 
320 41 293 169 62 150 -1 -1 -1 -1 
321 41 307 164 64 152 -1 -1 -1 -1 
322 41 322 158 63 153 -1 -1 -1 -1 
323 41 338 157 64 156 -1 -1 -1 -1 
324 41 353 151 66 163 -1 -1 -1 -1 
325 41 364 147 68 167 -1 -1 -1 -1 
326 41 369 144 70 171 -1 -1 -1 -1 
327 41 378 140 70 173 -1 -1 -1 -1 
328 41 384 140 71 172 -1 -1 -1 -1 
329 41 389 139 70 171 -1 -1 -1 -1 
330 41 392 142 72 176 -1 -1 -1 -1 
331 41 397 140 74 179 -1 -1 -1 -1 
332 41 404 137 76 182 -1 -1 -1 -1 
333 41 410 134 78 194 -1 -1 -1 -1 
334 41 412 131 81 198 -1 -1 -1 -1 
335 41 412 134 82 201 -1 -1 -1 -1 
336 41 414 130 83 205 -1 -1 -1 -1 
337 41 418 122 86 210 -1 -1 -1 -1 
338 41 426 121 87 216 -1 -1 -1 -1 
339 41 430 118 90 223 -1 -1 -1 -1 
340 41 443 118 86 213 -1 -1 -1 -1 
341 41 457 119 88 219 -1 -1 -1 -1 
342 41 470 117 91 224 -1 -1 -1 -1 
343 41 490 120 92 227 -1 -1 -1 -1 
344 41 499 121 91 225 -1 -1 -1 -1 
345 41 513 116 94 230 -1 -1 -1 -1 
346 41 534 120 96 236 -1 -1 -1 -1 
347 41 558 117 86 233 -1 -1 -1 -1 
348 41 575 111 71 238 -1 -1 -1 -1 
349 41 590 109 54 251 -1 -1 -1 -1 
350 41 598 105 43 262 -1 -1 -1 -1 
306 42 439 208 20 52 -1 -1 -1 -1 
307 42 435 206 22 54 -1 -1 -1 -1 
311 44 31 76 143 350 -1 -1 -1 -1 
312 44 7 40 139 404 -1 -1 -1 -1 
313 44 -1 29 111 421 -1 -1 -1 -1 
314 44 -1 27 86 442 -1 -1 -1 -1 
311 45 17 121 77 186 -1 -1 -1 -1 
315 45 19 149 70 169 -1 -1 -1 -1 
316 45 21 147 70 169 -1 -1 -1 -1 
317 45 25 146 70 171 -1 -1 -1 -1 
318 45 30 146 68 169 -1 -1 -1 -1 
319 45 37 146 67 166 -1 -1 -1 -1 
320 45 42 142 67 165 -1 -1 -1 -1 
321 45 51 137 67 165 -1 -1 -1 -1 
322 45 60 130 67 165 -1 -1 -1 -1 
323 45 70 130 67 164 -1 -1 -1 -1 
324 45 74 125 67 167 -1 -1 -1 -1 
325 45 78 124 68 167 -1 -1 -1 -1 
326 45 78 124 68 167 -1 -1 -1 -1 
327 45 76 124 68 168 -1 -1 -1 -1 
328 45 73 127 67 165 -1 -1 -1 -1 
334 45 37 122 68 165 -1 -1 -1 -1 
335 45 30 121 68 167 -1 -1 -1 -1 
336 45 22 115 69 170 -1 -1 -1 -1 
337 45 22 110 66 160 -1 -1 -1 -1 
338 45 18 113 70 168 -1 -1 -1 -1 
339 45 15 112 71 173 -1 -1 -1 -1 
340 45 16 112 70 172 -1 -1 -1 -1 
341 45 19 115 71 172 -1 -1 -1 -1 
342 45 24 115 70 171 -1 -1 -1 -1 
343 45 39 120 67 168 -1 -1 -1 -1 
344 45 44 120 68 168 -1 -1 -1 -1 
345 45 51 115 71 173 -1 -1 -1 -1 
346 45 65 123 69 173 -1 -1 -1 -1 
347 45 80 128 69 168 -1 -1 -1 -1 
348 45 88 127 67 165 -1 -1 -1 -1 
349 45 96 130 67 165 -1 -1 -1 -1 
350 45 100 129 67 166 -1 -1 -1 -1 
351 45 110 126 66 165 -1 -1 -1 -1 
352 45 122 124 66 163 -1 -1 -1 -1 
353 45 135 120 67 164 -1 -1 -1 -1 
354 45 144 126 66 162 -1 -1 -1 -1 
355 45 157 134 65 159 -1 -1 -1 -1 
356 45 164 130 64 157 -1 -1 -1 -1 
357 45 169 127 64 158 -1 -1 -1 -1 
358 45 174 130 65 158 -1 -1 -1 -1 
359 45 177 154 64 159 -1 -1 -1 -1 
360 45 183 162 65 159 -1 -1 -1 -1 
361 45 183 156 65 158 -1 -1 -1 -1 
362 45 182 153 63 155 -1 -1 -1 -1 
363 45 185 157 63 153 -1 -1 -1 -1 
364 45 188 164 63 153 -1 -1 -1 -1 
365 45 188 168 63 153 -1 -1 -1 -1 
366 45 187 154 61 154 -1 -1 -1 -1 
367 45 194 147 62 154 -1 -1 -1 -1 
368 45 208 148 62 154 -1 -1 -1 -1 
369 45 221 156 62 151 -1 -1 -1 -1 
370 45 225 160 62 150 -1 -1 -1 -1 
371 45 229 159 61 150 -1 -1 -1 -1 
372 45 237 159 61 149 -1 -1 -1 -1 
373 45 247 158 61 151 -1 -1 -1 -1 
374 45 257 158 62 152 -1 -1 -1 -1 
375 45 264 157 62 153 -1 -1 -1 -1 
376 45 271 159 61 151 -1 -1 -1 -1 
377 45 275 159 61 149 -1 -1 -1 -1 
378 45 278 159 61 149 -1 -1 -1 -1 
379 45 281 156 62 149 -1 -1 -1 -1 
380 45 283 157 62 150 -1 -1 -1 -1 
381 45 285 160 63 153 -1 -1 -1 -1 
382 45 287 159 61 152 -1 -1 -1 -1 
383 45 285 163 62 150 -1 -1 -1 -1 
384 45 283 162 60 149 -1 -1 -1 -1 
385 45 284 161 61 148 -1 -1 -1 -1 
386 45 281 159 61 150 -1 -1 -1 -1 
387 45 278 154 62 153 -1 -1 -1 -1 
388 45 276 155 62 154 -1 -1 -1 -1 
389 45 273 161 62 155 -1 -1 -1 -1 
390 45 268 160 62 153 -1 -1 -1 -1 
391 45 260 159 61 151 -1 -1 -1 -1 
392 45 256 160 60 148 -1 -1 -1 -1 
393 45 253 163 60 147 -1 -1 -1 -1 
394 45 255 162 60 148 -1 -1 -1 -1 
395 45 251 158 60 149 -1 -1 -1 -1 
396 45 249 161 60 148 -1 -1 -1 -1 
397 45 246 165 60 147 -1 -1 -1 -1 
398 45 247 168 60 145 -1 -1 -1 -1 
399 45 246 167 59 143 -1 -1 -1 -1 
400 45 245 165 58 142 -1 -1 -1 -1 
401 45 241 165 57 143 -1 -1 -1 -1 
402 45 237 161 59 145 -1 -1 -1 -1 
403 45 240 170 57 140 -1 -1 -1 -1 
404 45 242 170 55 138 -1 -1 -1 -1 
405 45 244 172 53 133 -1 -1 -1 -1 
406 45 244 167 55 136 -1 -1 -1 -1 
407 45 245 161 55 140 -1 -1 -1 -1 
408 45 245 159 57 140 -1 -1 -1 -1 
409 45 246 155 57 141 -1 -1 -1 -1 
410 45 243 155 56 139 -1 -1 -1 -1 
411 45 239 156 56 138 -1 -1 -1 -1 
412 45 234 160 55 136 -1 -1 -1 -1 
413 45 233 158 55 136 -1 -1 -1 -1 
414 45 228 158 55 137 -1 -1 -1 -1 
415 45 222 157 55 138 -1 -1 -1 -1 
416 45 216 160 55 138 -1 -1 -1 -1 
417 45 215 164 55 138 -1 -1 -1 -1 
418 45 210 162 55 136 -1 -1 -1 -1 
419 45 209 167 54 132 -1 -1 -1 -1 
420 45 205 165 53 130 -1 -1 -1 -1 
421 45 198 162 53 131 -1 -1 -1 -1 
422 45 195 160 52 131 -1 -1 -1 -1 
423 45 191 158 52 131 -1 -1 -1 -1 
424 45 187 159 52 128 -1 -1 -1 -1 
425 45 181 159 51 125 -1 -1 -1 -1 
426 45 178 158 50 123 -1 -1 -1 -1 
427 45 173 156 50 123 -1 -1 -1 -1 
428 45 168 152 50 125 -1 -1 -1 -1 
429 45 164 151 50 125 -1 -1 -1 -1 
430 45 160 151 50 126 -1 -1 -1 -1 
431 45 158 151 50 124 -1 -1 -1 -1 
432 45 156 151 49 123 -1 -1 -1 -1 
433 45 154 152 49 122 -1 -1 -1 -1 
434 45 149 151 49 121 -1 -1 -1 -1 
435 45 148 149 48 120 -1 -1 -1 -1 
436 45 146 147 48 119 -1 -1 -1 -1 
437 45 144 147 48 118 -1 -1 -1 -1 
438 45 140 147 46 116 -1 -1 -1 -1 
439 45 139 148 45 114 -1 -1 -1 -1 
444 45 137 153 46 116 -1 -1 -1 -1 
445 45 141 156 46 115 -1 -1 -1 -1 
446 45 144 156 45 112 -1 -1 -1 -1 
447 45 145 158 45 111 -1 -1 -1 -1 
448 45 145 157 44 109 -1 -1 -1 -1 
449 45 150 159 45 109 -1 -1 -1 -1 
450 45 159 158 45 109 -1 -1 -1 -1 
451 45 164 159 45 110 -1 -1 -1 -1 
452 45 173 160 44 108 -1 -1 -1 -1 
453 45 181 159 44 106 -1 -1 -1 -1 
454 45 191 164 43 105 -1 -1 -1 -1 
455 45 198 160 43 107 -1 -1 -1 -1 
456 45 203 162 43 106 -1 -1 -1 -1 
457 45 212 164 43 106 -1 -1 -1 -1 
458 45 218 162 43 105 -1 -1 -1 -1 
459 45 226 168 43 106 -1 -1 -1 -1 
460 45 229 167 43 106 -1 -1 -1 -1 
461 45 235 164 43 106 -1 -1 -1 -1 
462 45 238 166 43 106 -1 -1 -1 -1 
463 45 239 171 42 104 -1 -1 -1 -1 
464 45 237 168 42 104 -1 -1 -1 -1 
465 45 236 166 42 103 -1 -1 -1 -1 
466 45 237 166 42 103 -1 -1 -1 -1 
467 45 240 168 41 102 -1 -1 -1 -1 
468 45 240 164 40 101 -1 -1 -1 -1 
469 45 240 165 39 98 -1 -1 -1 -1 
470 45 244 165 40 100 -1 -1 -1 -1 
322 46 533 158 53 130 -1 -1 -1 -1 
323 46 539 154 55 134 -1 -1 -1 -1 
324 46 535 143 65 158 -1 -1 -1 -1 
325 46 547 158 64 157 -1 -1 -1 -1 
328 46 543 118 76 188 -1 -1 -1 -1 
329 46 547 113 77 190 -1 -1 -1 -1 
330 46 551 113 78 189 -1 -1 -1 -1 
331 46 554 110 82 202 -1 -1 -1 -1 
332 46 554 106 85 209 -1 -1 -1 -1 
333 46 560 107 81 214 -1 -1 -1 -1 
334 46 564 107 76 213 -1 -1 -1 -1 
335 46 566 110 73 212 -1 -1 -1 -1 
336 46 568 105 72 212 -1 -1 -1 -1 
337 46 578 96 63 213 -1 -1 -1 -1 
338 46 588 94 53 208 -1 -1 -1 -1 
339 46 590 89 50 220 -1 -1 -1 -1 
340 46 594 89 47 224 -1 -1 -1 -1 
341 46 600 95 41 225 -1 -1 -1 -1 
323 47 466 166 41 102 -1 -1 -1 -1 
324 47 468 163 41 102 -1 -1 -1 -1 
325 47 471 164 40 99 -1 -1 -1 -1 
326 47 472 166 40 96 -1 -1 -1 -1 
340 47 427 113 76 188 -1 -1 -1 -1 
341 47 426 112 80 197 -1 -1 -1 -1 
342 47 427 107 83 204 -1 -1 -1 -1 
343 47 431 108 85 210 -1 -1 -1 -1 
344 47 428 106 89 217 -1 -1 -1 -1 
345 47 431 99 93 229 -1 -1 -1 -1 
346 47 444 101 96 236 -1 -1 -1 -1 
347 47 452 94 101 243 -1 -1 -1 -1 
348 47 458 85 103 251 -1 -1 -1 -1 
349 47 462 82 108 265 -1 -1 -1 -1 
350 47 464 78 113 278 -1 -1 -1 -1 
351 47 472 73 121 297 -1 -1 -1 -1 
352 47 485 67 124 311 -1 -1 -1 -1 
353 47 497 56 131 328 -1 -1 -1 -1 
354 47 509 52 129 337 -1 -1 -1 -1 
355 47 529 44 113 360 -1 -1 -1 -1 
356 47 512 36 123 337 -1 -1 -1 -1 
357 47 505 25 130 340 -1 -1 -1 -1 
358 47 505 24 132 345 -1 -1 -1 -1 
359 47 503 44 135 358 -1 -1 -1 -1 
360 47 507 43 133 374 -1 -1 -1 -1 
361 47 506 29 134 386 -1 -1 -1 -1 
362 47 508 6 131 440 -1 -1 -1 -1 
363 47 515 0 127 456 -1 -1 -1 -1 
364 47 518 -1 125 466 -1 -1 -1 -1 
328 48 0 127 37 152 -1 -1 -1 -1 
329 48 -1 122 31 160 -1 -1 -1 -1 
330 48 0 106 26 180 -1 -1 -1 -1 
343 48 0 130 45 159 -1 -1 -1 -1 
344 48 1 127 49 164 -1 -1 -1 -1 
345 48 3 124 56 165 -1 -1 -1 -1 
346 48 9 132 63 162 -1 -1 -1 -1 
347 48 22 133 66 161 -1 -1 -1 -1 
348 48 28 128 67 162 -1 -1 -1 -1 
349 48 39 128 67 164 -1 -1 -1 -1 
350 48 45 126 67 166 -1 -1 -1 -1 
351 48 55 127 66 163 -1 -1 -1 -1 
352 48 67 129 64 158 -1 -1 -1 -1 
353 48 78 127 65 157 -1 -1 -1 -1 
354 48 88 131 65 157 -1 -1 -1 -1 
355 48 100 136 63 156 -1 -1 -1 -1 
356 48 107 128 64 156 -1 -1 -1 -1 
357 48 116 124 63 157 -1 -1 -1 -1 
358 48 122 130 62 156 -1 -1 -1 -1 
359 48 125 159 61 151 -1 -1 -1 -1 
360 48 134 168 60 150 -1 -1 -1 -1 
362 48 130 153 61 150 -1 -1 -1 -1 
363 48 135 155 60 148 -1 -1 -1 -1 
364 48 140 162 62 150 -1 -1 -1 -1 
365 48 142 168 61 150 -1 -1 -1 -1 
366 48 141 157 60 151 -1 -1 -1 -1 
367 48 147 151 59 147 -1 -1 -1 -1 
368 48 160 153 60 147 -1 -1 -1 -1 
369 48 173 160 60 144 -1 -1 -1 -1 
370 48 178 163 59 143 -1 -1 -1 -1 
371 48 181 159 59 145 -1 -1 -1 -1 
372 48 189 158 60 146 -1 -1 -1 -1 
373 48 200 160 59 144 -1 -1 -1 -1 
374 48 210 163 58 143 -1 -1 -1 -1 
375 48 217 164 56 140 -1 -1 -1 -1 
376 48 222 164 56 139 -1 -1 -1 -1 
377 48 227 164 54 136 -1 -1 -1 -1 
378 48 230 161 56 140 -1 -1 -1 -1 
379 48 231 158 59 142 -1 -1 -1 -1 
380 48 235 160 58 142 -1 -1 -1 -1 
381 48 237 166 57 140 -1 -1 -1 -1 
382 48 237 166 57 140 -1 -1 -1 -1 
383 48 235 170 57 138 -1 -1 -1 -1 
384 48 231 166 57 139 -1 -1 -1 -1 
385 48 232 163 57 141 -1 -1 -1 -1 
386 48 232 162 56 142 -1 -1 -1 -1 
387 48 229 159 57 143 -1 -1 -1 -1 
388 48 228 162 57 141 -1 -1 -1 -1 
389 48 225 170 57 140 -1 -1 -1 -1 
390 48 219 166 57 141 -1 -1 -1 -1 
391 48 212 163 56 140 -1 -1 -1 -1 
392 48 209 162 56 140 -1 -1 -1 -1 
393 48 205 163 59 144 -1 -1 -1 -1 
394 48 208 163 58 145 -1 -1 -1 -1 
395 48 206 160 57 144 -1 -1 -1 -1 
396 48 203 164 58 143 -1 -1 -1 -1 
397 48 201 168 57 141 -1 -1 -1 -1 
398 48 202 170 58 141 -1 -1 -1 -1 
399 48 202 168 57 141 -1 -1 -1 -1 
400 48 200 164 58 142 -1 -1 -1 -1 
401 48 196 164 58 142 -1 -1 -1 -1 
402 48 193 160 58 144 -1 -1 -1 -1 
403 48 193 165 58 143 -1 -1 -1 -1 
404 48 193 169 56 138 -1 -1 -1 -1 
405 48 192 168 55 136 -1 -1 -1 -1 
406 48 192 166 55 137 -1 -1 -1 -1 
407 48 192 161 55 137 -1 -1 -1 -1 
408 48 192 159 56 138 -1 -1 -1 -1 
409 48 193 155 57 139 -1 -1 -1 -1 
410 48 190 157 55 137 -1 -1 -1 -1 
411 48 185 158 54 135 -1 -1 -1 -1 
412 48 180 163 54 132 -1 -1 -1 -1 
413 48 179 161 53 133 -1 -1 -1 -1 
414 48 175 162 53 132 -1 -1 -1 -1 
415 48 169 160 53 134 -1 -1 -1 -1 
416 48 165 163 53 133 -1 -1 -1 -1 
417 48 163 166 54 132 -1 -1 -1 -1 
418 48 161 164 53 130 -1 -1 -1 -1 
419 48 161 167 52 129 -1 -1 -1 -1 
420 48 157 167 50 126 -1 -1 -1 -1 
421 48 150 168 51 125 -1 -1 -1 -1 
422 48 148 166 50 125 -1 -1 -1 -1 
423 48 145 160 51 129 -1 -1 -1 -1 
424 48 141 159 52 130 -1 -1 -1 -1 
425 48 134 158 52 128 -1 -1 -1 -1 
426 48 132 159 50 124 -1 -1 -1 -1 
427 48 126 158 49 122 -1 -1 -1 -1 
428 48 121 157 49 121 -1 -1 -1 -1 
429 48 115 156 49 122 -1 -1 -1 -1 
430 48 110 155 48 122 -1 -1 -1 -1 
431 48 106 152 49 123 -1 -1 -1 -1 
432 48 104 152 49 121 -1 -1 -1 -1 
433 48 102 153 49 121 -1 -1 -1 -1 
434 48 96 154 49 120 -1 -1 -1 -1 
435 48 93 152 48 120 -1 -1 -1 -1 
436 48 89 151 49 119 -1 -1 -1 -1 
437 48 87 151 47 116 -1 -1 -1 -1 
438 48 82 150 46 114 -1 -1 -1 -1 
439 48 81 147 46 116 -1 -1 -1 -1 
440 48 76 144 44 113 -1 -1 -1 -1 
445 48 88 154 47 115 -1 -1 -1 -1 
446 48 92 152 47 116 -1 -1 -1 -1 
447 48 95 153 46 116 -1 -1 -1 -1 
448 48 98 153 45 113 -1 -1 -1 -1 
449 48 104 158 45 110 -1 -1 -1 -1 
450 48 115 159 45 109 -1 -1 -1 -1 
451 48 121 162 44 107 -1 -1 -1 -1 
452 48 132 160 43 107 -1 -1 -1 -1 
453 48 140 157 45 109 -1 -1 -1 -1 
454 48 151 160 45 110 -1 -1 -1 -1 
455 48 160 158 44 109 -1 -1 -1 -1 
456 48 166 162 43 105 -1 -1 -1 -1 
457 48 176 166 43 103 -1 -1 -1 -1 
458 48 184 163 41 102 -1 -1 -1 -1 
342 50 230 170 33 83 -1 -1 -1 -1 
343 50 228 172 34 86 -1 -1 -1 -1 
344 50 221 173 35 86 -1 -1 -1 -1 
345 50 215 169 36 89 -1 -1 -1 -1 
346 50 213 175 37 90 -1 -1 -1 -1 
347 50 212 174 38 93 -1 -1 -1 -1 
348 50 209 170 39 96 -1 -1 -1 -1 
349 50 204 171 40 98 -1 -1 -1 -1 
350 50 199 171 40 99 -1 -1 -1 -1 
351 50 195 169 40 99 -1 -1 -1 -1 
352 50 191 165 41 102 -1 -1 -1 -1 
353 50 191 160 41 103 -1 -1 -1 -1 
354 50 189 164 42 104 -1 -1 -1 -1 
361 50 130 166 59 144 -1 -1 -1 -1 
362 50 107 169 54 133 -1 -1 -1 -1 
363 50 97 174 53 130 -1 -1 -1 -1 
364 50 85 181 54 131 -1 -1 -1 -1 
365 50 71 183 57 137 -1 -1 -1 -1 
366 50 49 165 57 142 -1 -1 -1 -1 
367 50 41 141 63 158 -1 -1 -1 -1 
375 50 0 96 55 273 -1 -1 -1 -1 
376 50 -1 95 54 276 -1 -1 -1 -1 
377 50 -2 87 53 287 -1 -1 -1 -1 
378 50 -3 87 56 290 -1 -1 -1 -1 
379 50 -4 85 56 288 -1 -1 -1 -1 
380 50 -4 87 49 287 -1 -1 -1 -1 
381 50 -3 99 38 277 -1 -1 -1 -1 
356 55 537 26 101 373 -1 -1 -1 -1 
357 55 552 18 87 410 -1 -1 -1 -1 
358 55 572 22 68 398 -1 -1 -1 -1 
361 56 0 83 95 297 -1 -1 -1 -1 
362 56 0 100 85 277 -1 -1 -1 -1 
363 56 0 106 87 273 -1 -1 -1 -1 
364 56 1 118 94 265 -1 -1 -1 -1 
365 56 0 120 93 268 -1 -1 -1 -1 
366 56 0 102 86 279 -1 -1 -1 -1 
367 56 2 76 93 290 -1 -1 -1 -1 
368 56 5 72 100 295 -1 -1 -1 -1 
369 56 5 81 110 288 -1 -1 -1 -1 
370 56 2 82 116 290 -1 -1 -1 -1 
371 56 4 79 118 292 -1 -1 -1 -1 
372 56 15 77 120 292 -1 -1 -1 -1 
373 56 26 80 119 289 -1 -1 -1 -1 
374 56 34 84 120 288 -1 -1 -1 -1 
375 56 37 83 119 290 -1 -1 -1 -1 
376 56 38 83 119 295 -1 -1 -1 -1 
377 56 40 78 121 301 -1 -1 -1 -1 
378 56 42 76 122 299 -1 -1 -1 -1 
379 56 40 72 123 300 -1 -1 -1 -1 
380 56 36 74 125 301 -1 -1 -1 -1 
381 56 33 80 127 306 -1 -1 -1 -1 
382 56 24 78 127 313 -1 -1 -1 -1 
383 56 11 80 132 323 -1 -1 -1 -1 
384 56 4 85 128 317 -1 -1 -1 -1 
385 56 0 80 124 315 -1 -1 -1 -1 
386 56 -2 73 116 324 -1 -1 -1 -1 
387 56 -3 89 113 305 -1 -1 -1 -1 
388 56 -2 71 106 323 -1 -1 -1 -1 
389 56 -3 74 99 332 -1 -1 -1 -1 
390 56 -3 89 100 314 -1 -1 -1 -1 
391 56 -4 100 88 299 -1 -1 -1 -1 
392 56 -2 82 72 328 -1 -1 -1 -1 
393 56 0 81 64 352 -1 -1 -1 -1 
372 57 178 219 19 46 -1 -1 -1 -1 
373 57 183 219 19 46 -1 -1 -1 -1 
374 57 187 220 19 46 -1 -1 -1 -1 
375 57 188 219 18 46 -1 -1 -1 -1 
376 57 188 217 19 47 -1 -1 -1 -1 
377 57 186 215 19 47 -1 -1 -1 -1 
378 57 185 215 19 47 -1 -1 -1 -1 
379 57 181 213 19 48 -1 -1 -1 -1 
380 57 177 216 19 48 -1 -1 -1 -1 
381 57 172 219 20 49 -1 -1 -1 -1 
382 57 167 217 20 50 -1 -1 -1 -1 
383 57 160 219 20 50 -1 -1 -1 -1 
384 57 150 215 20 51 -1 -1 -1 -1 
385 57 146 214 20 51 -1 -1 -1 -1 
386 57 138 214 21 51 -1 -1 -1 -1 
387 57 129 212 20 52 -1 -1 -1 -1 
388 57 122 213 21 52 -1 -1 -1 -1 
389 57 113 219 22 53 -1 -1 -1 -1 
390 57 103 215 21 54 -1 -1 -1 -1 
391 57 88 213 21 54 -1 -1 -1 -1 
392 57 77 213 22 55 -1 -1 -1 -1 
393 57 68 216 22 56 -1 -1 -1 -1 
394 57 66 218 21 54 -1 -1 -1 -1 
395 57 56 213 22 56 -1 -1 -1 -1 
396 57 47 215 23 57 -1 -1 -1 -1 
397 57 39 215 23 58 -1 -1 -1 -1 
398 57 35 217 23 59 -1 -1 -1 -1 
399 57 29 214 24 61 -1 -1 -1 -1 
400 57 21 211 25 62 -1 -1 -1 -1 
401 57 10 210 26 63 -1 -1 -1 -1 
402 57 2 207 25 63 -1 -1 -1 -1 
403 57 0 211 23 63 -1 -1 -1 -1 
404 57 -1 211 20 63 -1 -1 -1 -1 
378 58 456 192 35 87 -1 -1 -1 -1 
379 58 455 189 36 88 -1 -1 -1 -1 
380 58 455 193 35 86 -1 -1 -1 -1 
381 58 454 197 35 86 -1 -1 -1 -1 
382 58 451 195 35 86 -1 -1 -1 -1 
383 58 449 198 34 85 -1 -1 -1 -1 
384 58 441 195 34 85 -1 -1 -1 -1 
385 58 440 193 34 85 -1 -1 -1 -1 
386 58 436 192 33 85 -1 -1 -1 -1 
387 58 431 191 33 83 -1 -1 -1 -1 
388 58 426 192 33 84 -1 -1 -1 -1 
389 58 421 198 33 83 -1 -1 -1 -1 
390 58 414 197 32 80 -1 -1 -1 -1 
391 58 402 193 32 81 -1 -1 -1 -1 
392 58 395 192 32 81 -1 -1 -1 -1 
393 58 390 195 32 80 -1 -1 -1 -1 
394 58 389 195 33 81 -1 -1 -1 -1 
395 58 381 192 33 80 -1 -1 -1 -1 
396 58 376 195 32 80 -1 -1 -1 -1 
397 58 369 197 31 77 -1 -1 -1 -1 
405 58 346 193 30 73 -1 -1 -1 -1 
406 58 346 192 31 75 -1 -1 -1 -1 
407 58 345 191 31 75 -1 -1 -1 -1 
408 58 345 189 31 76 -1 -1 -1 -1 
409 58 343 186 31 75 -1 -1 -1 -1 
410 58 336 185 30 73 -1 -1 -1 -1 
411 58 330 183 29 73 -1 -1 -1 -1 
412 58 324 186 28 70 -1 -1 -1 -1 
413 58 322 187 27 69 -1 -1 -1 -1 
414 58 316 189 27 67 -1 -1 -1 -1 
415 58 308 189 27 67 -1 -1 -1 -1 
416 58 301 191 28 69 -1 -1 -1 -1 
417 58 298 194 27 68 -1 -1 -1 -1 
418 58 295 189 28 70 -1 -1 -1 -1 
419 58 295 191 29 71 -1 -1 -1 -1 
420 58 289 189 28 70 -1 -1 -1 -1 
421 58 282 190 29 71 -1 -1 -1 -1 
422 58 276 190 27 68 -1 -1 -1 -1 
423 58 269 187 27 67 -1 -1 -1 -1 
424 58 263 187 26 66 -1 -1 -1 -1 
429 58 231 178 26 66 -1 -1 -1 -1 
430 58 225 178 27 67 -1 -1 -1 -1 
431 58 225 177 28 69 -1 -1 -1 -1 
432 58 223 175 28 71 -1 -1 -1 -1 
433 58 221 176 29 71 -1 -1 -1 -1 
434 58 216 175 28 71 -1 -1 -1 -1 
435 58 213 175 28 70 -1 -1 -1 -1 
436 58 209 174 28 69 -1 -1 -1 -1 
437 58 205 174 28 69 -1 -1 -1 -1 
438 58 199 172 27 70 -1 -1 -1 -1 
458 58 254 188 22 56 -1 -1 -1 -1 
459 58 261 193 22 56 -1 -1 -1 -1 
460 58 263 192 21 55 -1 -1 -1 -1 
378 59 445 194 32 79 -1 -1 -1 -1 
379 59 445 192 32 79 -1 -1 -1 -1 
380 59 443 196 32 79 -1 -1 -1 -1 
381 59 442 201 31 78 -1 -1 -1 -1 
387 59 418 190 32 79 -1 -1 -1 -1 
388 59 416 192 31 78 -1 -1 -1 -1 
389 59 411 199 31 76 -1 -1 -1 -1 
390 59 403 195 30 76 -1 -1 -1 -1 
391 59 392 193 30 75 -1 -1 -1 -1 
392 59 386 193 30 74 -1 -1 -1 -1 
393 59 381 200 29 71 -1 -1 -1 -1 
416 59 310 190 31 75 -1 -1 -1 -1 
417 59 308 193 29 74 -1 -1 -1 -1 
425 59 262 185 29 71 -1 -1 -1 -1 
426 59 257 181 29 73 -1 -1 -1 -1 
427 59 250 178 29 73 -1 -1 -1 -1 
428 59 244 178 29 71 -1 -1 -1 -1 
429 59 238 179 28 70 -1 -1 -1 -1 
430 59 232 177 29 73 -1 -1 -1 -1 
381 60 515 169 63 157 -1 -1 -1 -1 
382 60 515 165 66 163 -1 -1 -1 -1 
383 60 514 164 69 170 -1 -1 -1 -1 
384 60 513 155 71 176 -1 -1 -1 -1 
385 60 515 149 74 183 -1 -1 -1 -1 
386 60 515 144 78 194 -1 -1 -1 -1 
387 60 515 139 82 204 -1 -1 -1 -1 
388 60 515 138 85 211 -1 -1 -1 -1 
389 60 516 138 90 223 -1 -1 -1 -1 
390 60 513 128 95 234 -1 -1 -1 -1 
391 60 508 118 101 247 -1 -1 -1 -1 
392 60 508 109 106 263 -1 -1 -1 -1 
393 60 508 107 114 278 -1 -1 -1 -1 
394 60 514 105 118 291 -1 -1 -1 -1 
395 60 512 95 124 312 -1 -1 -1 -1 
396 60 509 89 131 339 -1 -1 -1 -1 
397 60 511 79 131 364 -1 -1 -1 -1 
398 60 520 65 125 383 -1 -1 -1 -1 
399 60 530 49 114 413 -1 -1 -1 -1 
400 60 532 34 111 431 -1 -1 -1 -1 
401 60 530 38 111 440 -1 -1 -1 -1 
417 60 571 34 69 371 -1 -1 -1 -1 
418 60 556 12 83 396 -1 -1 -1 -1 
419 60 539 6 101 410 -1 -1 -1 -1 
420 60 528 10 110 413 -1 -1 -1 -1 
421 60 511 23 125 406 -1 -1 -1 -1 
422 60 497 28 140 398 -1 -1 -1 -1 
423 60 482 28 153 403 -1 -1 -1 -1 
424 60 467 39 160 398 -1 -1 -1 -1 
425 60 455 43 158 384 -1 -1 -1 -1 
426 60 450 44 154 369 -1 -1 -1 -1 
427 60 440 46 142 352 -1 -1 -1 -1 
428 60 423 44 138 344 -1 -1 -1 -1 
429 60 403 44 141 344 -1 -1 -1 -1 
430 60 381 50 142 339 -1 -1 -1 -1 
431 60 369 51 139 331 -1 -1 -1 -1 
432 60 357 52 136 318 -1 -1 -1 -1 
433 60 346 52 133 314 -1 -1 -1 -1 
434 60 352 16 187 420 -1 -1 -1 -1 
435 60 338 4 204 457 -1 -1 -1 -1 
436 60 306 -1 217 471 -1 -1 -1 -1 
437 60 274 -1 220 481 -1 -1 -1 -1 
438 60 233 0 213 485 -1 -1 -1 -1 
439 60 191 0 212 485 -1 -1 -1 -1 
440 60 128 0 203 482 -1 -1 -1 -1 
441 60 66 1 207 477 -1 -1 -1 -1 
442 60 47 0 209 477 -1 -1 -1 -1 
447 60 -3 8 130 474 -1 -1 -1 -1 
448 60 -2 0 124 470 -1 -1 -1 -1 
449 60 -2 6 128 471 -1 -1 -1 -1 
450 60 -1 8 133 471 -1 -1 -1 -1 
451 60 -1 10 132 470 -1 -1 -1 -1 
452 60 0 9 135 469 -1 -1 -1 -1 
453 60 0 2 146 467 -1 -1 -1 -1 
454 60 1 7 154 469 -1 -1 -1 -1 
455 60 0 6 167 465 -1 -1 -1 -1 
456 60 0 8 172 462 -1 -1 -1 -1 
457 60 0 12 190 465 -1 -1 -1 -1 
458 60 1 10 199 467 -1 -1 -1 -1 
459 60 10 13 203 467 -1 -1 -1 -1 
460 60 16 10 204 469 -1 -1 -1 -1 
461 60 34 2 202 474 -1 -1 -1 -1 
462 60 40 1 199 475 -1 -1 -1 -1 
463 60 34 9 205 471 -1 -1 -1 -1 
464 60 27 8 208 471 -1 -1 -1 -1 
465 60 35 2 202 475 -1 -1 -1 -1 
466 60 40 0 199 477 -1 -1 -1 -1 
467 60 43 0 197 475 -1 -1 -1 -1 
468 60 43 -3 196 473 -1 -1 -1 -1 
469 60 44 -3 197 473 -1 -1 -1 -1 
470 60 47 0 201 474 -1 -1 -1 -1 
471 60 50 1 203 471 -1 -1 -1 -1 
472 60 52 0 203 471 -1 -1 -1 -1 
473 60 69 -2 198 472 -1 -1 -1 -1 
474 60 77 -1 200 470 -1 -1 -1 -1 
475 60 81 0 208 470 -1 -1 -1 -1 
476 60 83 2 211 470 -1 -1 -1 -1 
477 60 83 2 211 468 -1 -1 -1 -1 
478 60 100 0 202 470 -1 -1 -1 -1 
479 60 87 3 208 469 -1 -1 -1 -1 
480 60 81 2 205 471 -1 -1 -1 -1 
481 60 80 -1 206 472 -1 -1 -1 -1 
482 60 77 -1 203 472 -1 -1 -1 -1 
483 60 75 0 203 473 -1 -1 -1 -1 
484 60 75 0 201 473 -1 -1 -1 -1 
485 60 76 1 203 470 -1 -1 -1 -1 
486 60 77 0 200 470 -1 -1 -1 -1 
487 60 76 0 197 472 -1 -1 -1 -1 
488 60 78 -1 195 471 -1 -1 -1 -1 
489 60 78 -3 197 475 -1 -1 -1 -1 
490 60 45 -2 202 475 -1 -1 -1 -1 
491 60 33 0 208 473 -1 -1 -1 -1 
492 60 38 0 213 471 -1 -1 -1 -1 
493 60 36 2 218 470 -1 -1 -1 -1 
494 60 40 3 217 468 -1 -1 -1 -1 
495 60 46 -3 208 469 -1 -1 -1 -1 
496 60 50 -2 205 469 -1 -1 -1 -1 
497 60 50 -2 201 468 -1 -1 -1 -1 
498 60 50 -2 199 468 -1 -1 -1 -1 
499 60 50 0 204 466 -1 -1 -1 -1 
500 60 53 3 207 465 -1 -1 -1 -1 
501 60 51 3 213 466 -1 -1 -1 -1 
502 60 39 2 210 469 -1 -1 -1 -1 
503 60 47 -3 210 471 -1 -1 -1 -1 
504 60 48 -3 210 471 -1 -1 -1 -1 
505 60 88 0 209 471 -1 -1 -1 -1 
506 60 100 1 211 473 -1 -1 -1 -1 
507 60 105 3 211 475 -1 -1 -1 -1 
508 60 132 2 205 469 -1 -1 -1 -1 
509 60 142 0 200 468 -1 -1 -1 -1 
510 60 147 0 197 467 -1 -1 -1 -1 
511 60 167 0 198 471 -1 -1 -1 -1 
512 60 176 2 200 472 -1 -1 -1 -1 
513 60 182 2 206 469 -1 -1 -1 -1 
514 60 200 0 201 471 -1 -1 -1 -1 
515 60 176 0 227 476 -1 -1 -1 -1 
516 60 238 1 215 471 -1 -1 -1 -1 
517 60 282 1 207 468 -1 -1 -1 -1 
518 60 280 0 208 468 -1 -1 -1 -1 
519 60 301 -1 206 471 -1 -1 -1 -1 
520 60 327 0 208 471 -1 -1 -1 -1 
521 60 340 0 209 469 -1 -1 -1 -1 
522 60 360 0 208 469 -1 -1 -1 -1 
523 60 367 -1 210 467 -1 -1 -1 -1 
524 60 370 -4 206 470 -1 -1 -1 -1 
525 60 393 -1 205 474 -1 -1 -1 -1 
526 60 403 0 204 474 -1 -1 -1 -1 
527 60 404 0 206 476 -1 -1 -1 -1 
528 60 426 5 204 473 -1 -1 -1 -1 
439 61 560 79 77 307 -1 -1 -1 -1 
440 61 546 83 88 297 -1 -1 -1 -1 
441 61 535 81 102 309 -1 -1 -1 -1 
442 61 526 77 114 302 -1 -1 -1 -1 
443 61 516 73 122 301 -1 -1 -1 -1 
444 61 543 81 98 294 -1 -1 -1 -1 
445 61 557 83 85 293 -1 -1 -1 -1 
446 61 555 79 87 291 -1 -1 -1 -1 
447 61 558 81 83 280 -1 -1 -1 -1 
448 61 552 82 89 282 -1 -1 -1 -1 
449 61 547 86 96 281 -1 -1 -1 -1 
450 61 548 85 98 279 -1 -1 -1 -1 
451 61 547 86 98 279 -1 -1 -1 -1 
452 61 552 87 92 278 -1 -1 -1 -1 
453 61 556 80 88 284 -1 -1 -1 -1 
454 61 564 82 80 288 -1 -1 -1 -1 
455 61 565 81 78 291 -1 -1 -1 -1 
456 61 569 83 73 289 -1 -1 -1 -1 
457 61 574 86 69 288 -1 -1 -1 -1 
458 61 579 83 63 297 -1 -1 -1 -1 
459 61 581 80 61 314 -1 -1 -1 -1 
460 61 586 74 54 350 -1 -1 -1 -1 
461 61 591 68 49 325 -1 -1 -1 -1 
462 61 588 67 51 316 -1 -1 -1 -1 
463 61 583 81 55 303 -1 -1 -1 -1 
464 61 578 86 59 297 -1 -1 -1 -1 
465 61 573 87 63 297 -1 -1 -1 -1 
466 61 573 84 64 300 -1 -1 -1 -1 
467 61 572 82 66 303 -1 -1 -1 -1 
468 61 569 81 68 299 -1 -1 -1 -1 
469 61 565 84 72 293 -1 -1 -1 -1 
470 61 564 85 76 290 -1 -1 -1 -1 
471 61 567 85 74 289 -1 -1 -1 -1 
472 61 568 78 72 299 -1 -1 -1 -1 
473 61 563 73 75 302 -1 -1 -1 -1 
474 61 559 72 80 306 -1 -1 -1 -1 
475 61 560 71 82 293 -1 -1 -1 -1 
476 61 560 73 81 288 -1 -1 -1 -1 
477 61 548 74 92 294 -1 -1 -1 -1 
478 61 535 73 103 302 -1 -1 -1 -1 
479 61 528 80 109 304 -1 -1 -1 -1 
480 61 519 81 119 308 -1 -1 -1 -1 
481 61 511 76 123 313 -1 -1 -1 -1 
482 61 501 77 124 305 -1 -1 -1 -1 
483 61 495 85 123 300 -1 -1 -1 -1 
484 61 489 87 126 303 -1 -1 -1 -1 
485 61 485 89 126 302 -1 -1 -1 -1 
486 61 479 84 126 304 -1 -1 -1 -1 
487 61 470 86 127 309 -1 -1 -1 -1 
488 61 463 88 126 310 -1 -1 -1 -1 
489 61 457 89 127 311 -1 -1 -1 -1 
490 61 451 90 125 309 -1 -1 -1 -1 
491 61 447 92 125 310 -1 -1 -1 -1 
492 61 441 88 127 311 -1 -1 -1 -1 
493 61 434 88 130 310 -1 -1 -1 -1 
494 61 431 90 129 313 -1 -1 -1 -1 
495 61 430 86 125 312 -1 -1 -1 -1 
496 61 431 88 126 310 -1 -1 -1 -1 
497 61 432 88 128 316 -1 -1 -1 -1 
498 61 436 88 126 310 -1 -1 -1 -1 
499 61 439 87 126 305 -1 -1 -1 -1 
500 61 442 87 128 311 -1 -1 -1 -1 
501 61 444 85 132 312 -1 -1 -1 -1 
502 61 450 87 131 315 -1 -1 -1 -1 
503 61 454 81 131 319 -1 -1 -1 -1 
504 61 457 77 130 317 -1 -1 -1 -1 
505 61 458 80 129 314 -1 -1 -1 -1 
506 61 454 75 131 315 -1 -1 -1 -1 
507 61 450 79 133 317 -1 -1 -1 -1 
508 61 452 79 133 319 -1 -1 -1 -1 
509 61 455 77 131 318 -1 -1 -1 -1 
510 61 460 80 131 317 -1 -1 -1 -1 
511 61 468 79 129 310 -1 -1 -1 -1 
512 61 473 83 127 306 -1 -1 -1 -1 
513 61 481 87 130 310 -1 -1 -1 -1 
514 61 480 85 129 313 -1 -1 -1 -1 
515 61 481 86 130 313 -1 -1 -1 -1 
516 61 483 87 132 315 -1 -1 -1 -1 
517 61 486 91 133 313 -1 -1 -1 -1 
518 61 484 92 136 321 -1 -1 -1 -1 
532 61 435 101 122 287 -1 -1 -1 -1 
533 61 431 95 115 282 -1 -1 -1 -1 
534 61 417 92 115 283 -1 -1 -1 -1 
535 61 410 92 119 292 -1 -1 -1 -1 
536 61 411 89 120 298 -1 -1 -1 -1 
537 61 410 85 121 298 -1 -1 -1 -1 
538 61 411 87 122 299 -1 -1 -1 -1 
539 61 417 85 124 306 -1 -1 -1 -1 
540 61 420 83 127 309 -1 -1 -1 -1 
541 61 426 78 129 319 -1 -1 -1 -1 
542 61 429 76 132 326 -1 -1 -1 -1 
543 61 432 80 134 329 -1 -1 -1 -1 
544 61 441 80 136 333 -1 -1 -1 -1 
545 61 446 78 138 341 -1 -1 -1 -1 
546 61 454 76 142 341 -1 -1 -1 -1 
547 61 462 70 143 349 -1 -1 -1 -1 
548 61 471 67 144 353 -1 -1 -1 -1 
549 61 477 65 147 359 -1 -1 -1 -1 
550 61 488 50 146 373 -1 -1 -1 -1 
551 61 495 47 143 382 -1 -1 -1 -1 
552 61 499 52 139 389 -1 -1 -1 -1 
553 61 502 53 136 397 -1 -1 -1 -1 
554 61 510 52 128 406 -1 -1 -1 -1 
555 61 518 46 123 392 -1 -1 -1 -1 
556 61 521 47 119 390 -1 -1 -1 -1 
557 61 527 60 112 380 -1 -1 -1 -1 
558 61 535 60 104 373 -1 -1 -1 -1 
559 61 543 50 99 370 -1 -1 -1 -1 
560 61 547 45 93 368 -1 -1 -1 -1 
561 61 542 38 95 379 -1 -1 -1 -1 
562 61 530 33 106 407 -1 -1 -1 -1 
563 61 530 39 107 420 -1 -1 -1 -1 
564 61 530 40 110 418 -1 -1 -1 -1 
569 61 535 46 105 432 -1 -1 -1 -1 
570 61 545 45 95 392 -1 -1 -1 -1 
571 61 549 51 91 360 -1 -1 -1 -1 
572 61 551 57 88 320 -1 -1 -1 -1 
581 61 547 108 93 243 -1 -1 -1 -1 
582 61 542 113 95 242 -1 -1 -1 -1 
583 61 537 123 100 249 -1 -1 -1 -1 
584 61 529 123 106 261 -1 -1 -1 -1 
585 61 522 117 107 257 -1 -1 -1 -1 
586 61 516 122 109 264 -1 -1 -1 -1 
587 61 506 118 106 255 -1 -1 -1 -1 
588 61 495 122 101 246 -1 -1 -1 -1 
589 61 472 128 95 235 -1 -1 -1 -1 
590 61 459 125 94 232 -1 -1 -1 -1 
591 61 442 122 92 227 -1 -1 -1 -1 
592 61 424 127 92 226 -1 -1 -1 -1 
593 61 404 122 91 226 -1 -1 -1 -1 
594 61 392 119 92 227 -1 -1 -1 -1 
595 61 383 125 91 229 -1 -1 -1 -1 
596 61 377 128 92 231 -1 -1 -1 -1 
597 61 368 128 95 236 -1 -1 -1 -1 
598 61 360 127 95 232 -1 -1 -1 -1 
601 61 344 150 82 207 -1 -1 -1 -1 
602 61 342 148 83 207 -1 -1 -1 -1 
618 61 236 93 106 256 -1 -1 -1 -1 
619 61 231 92 103 253 -1 -1 -1 -1 
620 61 229 93 104 252 -1 -1 -1 -1 
621 61 230 101 104 251 -1 -1 -1 -1 
622 61 236 109 103 249 -1 -1 -1 -1 
623 61 236 116 102 246 -1 -1 -1 -1 
624 61 234 117 101 246 -1 -1 -1 -1 
625 61 235 113 100 245 -1 -1 -1 -1 
626 61 236 109 101 246 -1 -1 -1 -1 
627 61 233 104 101 246 -1 -1 -1 -1 
628 61 235 101 102 247 -1 -1 -1 -1 
629 61 245 112 100 244 -1 -1 -1 -1 
630 61 256 114 101 244 -1 -1 -1 -1 
631 61 265 113 97 236 -1 -1 -1 -1 
632 61 270 116 95 235 -1 -1 -1 -1 
633 61 276 116 96 235 -1 -1 -1 -1 
634 61 284 113 96 233 -1 -1 -1 -1 
635 61 293 117 95 229 -1 -1 -1 -1 
636 61 294 118 93 227 -1 -1 -1 -1 
637 61 295 116 92 224 -1 -1 -1 -1 
638 61 295 113 92 224 -1 -1 -1 -1 
639 61 293 112 92 225 -1 -1 -1 -1 
640 61 287 113 92 224 -1 -1 -1 -1 
641 61 282 118 90 222 -1 -1 -1 -1 
642 61 280 122 90 222 -1 -1 -1 -1 
643 61 278 121 88 219 -1 -1 -1 -1 
644 61 262 142 69 168 -1 -1 -1 -1 
646 61 244 146 61 151 -1 -1 -1 -1 
647 61 237 149 61 149 -1 -1 -1 -1 
648 61 236 154 60 144 -1 -1 -1 -1 
649 61 237 159 58 140 -1 -1 -1 -1 
650 61 234 159 57 140 -1 -1 -1 -1 
651 61 227 150 57 140 -1 -1 -1 -1 
440 62 357 137 66 167 -1 -1 -1 -1 
441 62 354 138 66 168 -1 -1 -1 -1 
442 62 353 137 68 170 -1 -1 -1 -1 
443 62 349 134 69 171 -1 -1 -1 -1 
444 62 344 139 70 170 -1 -1 -1 -1 
445 62 344 139 69 168 -1 -1 -1 -1 
446 62 344 138 68 167 -1 -1 -1 -1 
447 62 344 142 66 166 -1 -1 -1 -1 
448 62 345 142 66 165 -1 -1 -1 -1 
449 62 347 143 67 166 -1 -1 -1 -1 
450 62 352 141 67 165 -1 -1 -1 -1 
451 62 353 141 69 169 -1 -1 -1 -1 
452 62 358 139 70 172 -1 -1 -1 -1 
453 62 364 138 69 170 -1 -1 -1 -1 
454 62 372 143 69 169 -1 -1 -1 -1 
455 62 377 139 69 172 -1 -1 -1 -1 
456 62 381 141 70 172 -1 -1 -1 -1 
457 62 386 142 73 177 -1 -1 -1 -1 
458 62 389 138 74 179 -1 -1 -1 -1 
459 62 394 143 74 180 -1 -1 -1 -1 
460 62 396 142 73 180 -1 -1 -1 -1 
461 62 401 140 73 179 -1 -1 -1 -1 
462 62 402 143 74 179 -1 -1 -1 -1 
463 62 403 148 73 179 -1 -1 -1 -1 
464 62 399 145 73 179 -1 -1 -1 -1 
465 62 396 143 73 176 -1 -1 -1 -1 
466 62 393 141 75 181 -1 -1 -1 -1 
467 62 395 141 74 181 -1 -1 -1 -1 
468 62 394 138 72 181 -1 -1 -1 -1 
469 62 394 139 71 178 -1 -1 -1 -1 
470 62 398 140 71 176 -1 -1 -1 -1 
471 62 401 138 73 178 -1 -1 -1 -1 
472 62 404 135 74 179 -1 -1 -1 -1 
473 62 404 130 74 183 -1 -1 -1 -1 
474 62 407 129 74 184 -1 -1 -1 -1 
475 62 411 129 76 184 -1 -1 -1 -1 
476 62 413 134 75 183 -1 -1 -1 -1 
477 62 413 136 75 181 -1 -1 -1 -1 
478 62 406 134 75 182 -1 -1 -1 -1 
479 62 403 139 74 179 -1 -1 -1 -1 
480 62 404 139 74 181 -1 -1 -1 -1 
481 62 400 133 75 185 -1 -1 -1 -1 
496 62 347 140 79 194 -1 -1 -1 -1 
497 62 344 139 79 193 -1 -1 -1 -1 
498 62 345 139 79 191 -1 -1 -1 -1 
499 62 345 140 79 189 -1 -1 -1 -1 
500 62 346 141 79 191 -1 -1 -1 -1 
501 62 349 139 81 195 -1 -1 -1 -1 
502 62 351 137 84 204 -1 -1 -1 -1 
503 62 351 128 85 207 -1 -1 -1 -1 
504 62 352 125 84 209 -1 -1 -1 -1 
505 62 350 130 84 205 -1 -1 -1 -1 
506 62 346 130 83 202 -1 -1 -1 -1 
507 62 345 134 81 199 -1 -1 -1 -1 
508 62 345 131 84 202 -1 -1 -1 -1 
509 62 344 126 86 209 -1 -1 -1 -1 
510 62 345 126 87 214 -1 -1 -1 -1 
529 62 379 112 118 283 -1 -1 -1 -1 
530 62 374 112 121 293 -1 -1 -1 -1 
531 62 371 115 121 294 -1 -1 -1 -1 
532 62 369 110 117 290 -1 -1 -1 -1 
533 62 359 103 118 295 -1 -1 -1 -1 
534 62 345 102 115 291 -1 -1 -1 -1 
535 62 335 100 118 298 -1 -1 -1 -1 
536 62 333 100 122 303 -1 -1 -1 -1 
537 62 327 94 124 307 -1 -1 -1 -1 
538 62 327 96 127 311 -1 -1 -1 -1 
539 62 328 94 127 310 -1 -1 -1 -1 
540 62 328 94 128 311 -1 -1 -1 -1 
541 62 331 91 130 311 -1 -1 -1 -1 
542 62 337 91 130 315 -1 -1 -1 -1 
543 62 338 95 131 313 -1 -1 -1 -1 
544 62 348 94 123 300 -1 -1 -1 -1 
545 62 350 93 131 320 -1 -1 -1 -1 
546 62 370 92 118 284 -1 -1 -1 -1 
547 62 369 85 126 308 -1 -1 -1 -1 
548 62 371 85 134 322 -1 -1 -1 -1 
553 62 390 79 95 238 -1 -1 -1 -1 
555 62 395 106 95 236 -1 -1 -1 -1 
556 62 396 112 99 244 -1 -1 -1 -1 
557 62 402 121 104 258 -1 -1 -1 -1 
558 62 407 118 109 269 -1 -1 -1 -1 
559 62 422 107 117 286 -1 -1 -1 -1 
560 62 430 96 123 303 -1 -1 -1 -1 
561 62 431 78 134 330 -1 -1 -1 -1 
562 62 432 64 144 351 -1 -1 -1 -1 
563 62 445 56 163 397 -1 -1 -1 -1 
564 62 454 46 178 426 -1 -1 -1 -1 
565 62 470 32 171 447 -1 -1 -1 -1 
566 62 488 35 155 449 -1 -1 -1 -1 
567 62 510 30 133 455 -1 -1 -1 -1 
568 62 520 19 123 431 -1 -1 -1 -1 
443 63 264 64 121 299 -1 -1 -1 -1 
444 63 256 70 121 299 -1 -1 -1 -1 
445 63 250 67 123 305 -1 -1 -1 -1 
446 63 245 60 126 310 -1 -1 -1 -1 
447 63 240 60 126 313 -1 -1 -1 -1 
448 63 237 62 125 309 -1 -1 -1 -1 
449 63 239 67 126 311 -1 -1 -1 -1 
450 63 243 72 123 304 -1 -1 -1 -1 
451 63 244 69 126 307 -1 -1 -1 -1 
452 63 248 67 124 307 -1 -1 -1 -1 
453 63 250 57 127 314 -1 -1 -1 -1 
454 63 254 60 128 316 -1 -1 -1 -1 
455 63 256 56 131 324 -1 -1 -1 -1 
456 63 257 59 134 328 -1 -1 -1 -1 
457 63 264 66 136 332 -1 -1 -1 -1 
458 63 270 68 137 332 -1 -1 -1 -1 
459 63 277 73 139 335 -1 -1 -1 -1 
460 63 274 67 146 350 -1 -1 -1 -1 
461 63 277 58 140 338 -1 -1 -1 -1 
462 63 276 56 138 336 -1 -1 -1 -1 
463 63 274 62 138 332 -1 -1 -1 -1 
464 63 271 58 137 335 -1 -1 -1 -1 
465 63 270 54 139 344 -1 -1 -1 -1 
466 63 270 54 142 350 -1 -1 -1 -1 
467 63 271 59 141 345 -1 -1 -1 -1 
468 63 267 53 139 344 -1 -1 -1 -1 
469 63 266 46 138 344 -1 -1 -1 -1 
470 63 266 42 141 347 -1 -1 -1 -1 
471 63 267 37 142 350 -1 -1 -1 -1 
472 63 267 47 139 339 -1 -1 -1 -1 
473 63 261 36 143 353 -1 -1 -1 -1 
474 63 260 34 146 361 -1 -1 -1 -1 
475 63 262 37 148 362 -1 -1 -1 -1 
476 63 262 36 155 373 -1 -1 -1 -1 
477 63 264 37 154 366 -1 -1 -1 -1 
478 63 262 37 148 352 -1 -1 -1 -1 
479 63 259 42 147 350 -1 -1 -1 -1 
480 63 257 39 150 359 -1 -1 -1 -1 
481 63 250 33 155 385 -1 -1 -1 -1 
482 63 246 36 148 370 -1 -1 -1 -1 
483 63 243 44 139 363 -1 -1 -1 -1 
484 63 222 46 162 410 -1 -1 -1 -1 
485 63 215 48 168 425 -1 -1 -1 -1 
486 63 220 43 153 383 -1 -1 -1 -1 
487 63 209 40 159 408 -1 -1 -1 -1 
488 63 206 36 151 391 -1 -1 -1 -1 
489 63 205 34 143 362 -1 -1 -1 -1 
490 63 116 12 179 436 -1 -1 -1 -1 
491 63 88 5 193 461 -1 -1 -1 -1 
492 63 89 0 203 472 -1 -1 -1 -1 
493 63 144 28 182 438 -1 -1 -1 -1 
494 63 172 41 168 416 -1 -1 -1 -1 
495 63 182 31 160 410 -1 -1 -1 -1 
496 63 189 30 157 390 -1 -1 -1 -1 
497 63 197 28 148 377 -1 -1 -1 -1 
498 63 201 28 142 360 -1 -1 -1 -1 
499 63 194 29 157 417 -1 -1 -1 -1 
500 63 186 37 168 431 -1 -1 -1 -1 
501 63 177 33 182 445 -1 -1 -1 -1 
502 63 116 12 199 462 -1 -1 -1 -1 
503 63 112 0 200 470 -1 -1 -1 -1 
504 63 110 -3 199 473 -1 -1 -1 -1 
445 65 499 82 119 292 -1 -1 -1 -1 
446 65 494 83 120 293 -1 -1 -1 -1 
447 65 491 89 119 295 -1 -1 -1 -1 
448 65 483 85 122 297 -1 -1 -1 -1 
449 65 481 84 122 298 -1 -1 -1 -1 
450 65 482 85 122 296 -1 -1 -1 -1 
451 65 482 87 122 299 -1 -1 -1 -1 
452 65 484 92 121 297 -1 -1 -1 -1 
453 65 489 86 123 300 -1 -1 -1 -1 
454 65 496 88 123 299 -1 -1 -1 -1 
455 65 497 80 122 301 -1 -1 -1 -1 
456 65 498 80 124 305 -1 -1 -1 -1 
457 65 500 85 126 305 -1 -1 -1 -1 
458 65 501 84 127 309 -1 -1 -1 -1 
459 65 505 90 126 310 -1 -1 -1 -1 
460 65 503 88 128 310 -1 -1 -1 -1 
461 65 504 80 128 314 -1 -1 -1 -1 
462 65 499 81 130 314 -1 -1 -1 -1 
463 65 494 87 130 316 -1 -1 -1 -1 
464 65 484 89 130 320 -1 -1 -1 -1 
465 65 477 89 129 319 -1 -1 -1 -1 
466 65 472 89 126 312 -1 -1 -1 -1 
467 65 467 87 127 311 -1 -1 -1 -1 
468 65 462 84 125 307 -1 -1 -1 -1 
469 65 454 81 125 309 -1 -1 -1 -1 
470 65 450 85 129 312 -1 -1 -1 -1 
471 65 450 88 130 309 -1 -1 -1 -1 
472 65 447 88 130 311 -1 -1 -1 -1 
473 65 440 87 126 307 -1 -1 -1 -1 
474 65 438 85 124 305 -1 -1 -1 -1 
475 65 440 83 124 304 -1 -1 -1 -1 
476 65 440 83 128 310 -1 -1 -1 -1 
477 65 438 85 127 311 -1 -1 -1 -1 
478 65 435 84 128 313 -1 -1 -1 -1 
479 65 431 91 125 308 -1 -1 -1 -1 
480 65 428 91 124 304 -1 -1 -1 -1 
481 65 423 83 124 305 -1 -1 -1 -1 
482 65 414 82 123 304 -1 -1 -1 -1 
483 65 407 91 123 307 -1 -1 -1 -1 
484 65 401 95 123 305 -1 -1 -1 -1 
485 65 396 97 125 305 -1 -1 -1 -1 
486 65 391 93 125 306 -1 -1 -1 -1 
487 65 382 97 123 304 -1 -1 -1 -1 
488 65 374 99 123 306 -1 -1 -1 -1 
489 65 370 99 123 308 -1 -1 -1 -1 
490 65 365 102 122 307 -1 -1 -1 -1 
491 65 363 105 126 312 -1 -1 -1 -1 
492 65 362 103 125 306 -1 -1 -1 -1 
493 65 361 102 126 304 -1 -1 -1 -1 
494 65 360 101 126 305 -1 -1 -1 -1 
495 65 360 90 125 311 -1 -1 -1 -1 
496 65 363 91 126 312 -1 -1 -1 -1 
497 65 365 93 124 309 -1 -1 -1 -1 
498 65 367 90 127 315 -1 -1 -1 -1 
499 65 368 90 129 312 -1 -1 -1 -1 
500 65 372 93 127 310 -1 -1 -1 -1 
501 65 374 92 127 309 -1 -1 -1 -1 
502 65 378 94 126 306 -1 -1 -1 -1 
503 65 379 91 124 308 -1 -1 -1 -1 
504 65 382 89 124 310 -1 -1 -1 -1 
505 65 384 91 123 303 -1 -1 -1 -1 
506 65 376 82 127 307 -1 -1 -1 -1 
507 65 370 81 129 311 -1 -1 -1 -1 
508 65 370 80 128 310 -1 -1 -1 -1 
509 65 371 76 128 311 -1 -1 -1 -1 
510 65 372 83 128 313 -1 -1 -1 -1 
511 65 374 82 132 318 -1 -1 -1 -1 
512 65 378 90 131 316 -1 -1 -1 -1 
513 65 384 93 130 313 -1 -1 -1 -1 
514 65 385 91 125 307 -1 -1 -1 -1 
515 65 384 94 124 297 -1 -1 -1 -1 
519 65 367 8 196 455 -1 -1 -1 -1 
520 65 383 0 202 470 -1 -1 -1 -1 
521 65 391 -2 209 476 -1 -1 -1 -1 
522 65 411 -2 205 476 -1 -1 -1 -1 
523 65 417 -4 206 475 -1 -1 -1 -1 
448 66 199 181 26 65 -1 -1 -1 -1 
449 66 202 183 27 66 -1 -1 -1 -1 
450 66 211 183 26 66 -1 -1 -1 -1 
451 66 215 184 27 66 -1 -1 -1 -1 
452 66 224 182 26 67 -1 -1 -1 -1 
453 66 232 180 27 67 -1 -1 -1 -1 
454 66 241 185 26 66 -1 -1 -1 -1 
455 66 248 182 26 66 -1 -1 -1 -1 
456 66 252 181 27 69 -1 -1 -1 -1 
457 66 260 182 28 70 -1 -1 -1 -1 
458 66 265 182 27 67 -1 -1 -1 -1 
459 66 272 189 26 66 -1 -1 -1 -1 
460 66 273 186 27 68 -1 -1 -1 -1 
461 66 278 184 28 67 -1 -1 -1 -1 
462 66 279 183 29 72 -1 -1 -1 -1 
511 67 112 0 209 467 -1 -1 -1 -1 
512 67 118 1 216 467 -1 -1 -1 -1 
513 67 78 53 176 417 -1 -1 -1 -1 
514 67 135 14 206 455 -1 -1 -1 -1 
515 67 188 6 210 465 -1 -1 -1 -1 
516 67 210 0 214 469 -1 -1 -1 -1 
517 67 237 0 212 467 -1 -1 -1 -1 
518 67 199 19 184 412 -1 -1 -1 -1 
519 67 179 22 188 430 -1 -1 -1 -1 
520 67 175 23 174 411 -1 -1 -1 -1 
521 67 175 15 178 426 -1 -1 -1 -1 
522 67 176 14 181 435 -1 -1 -1 -1 
523 67 176 10 180 439 -1 -1 -1 -1 
524 67 178 3 183 450 -1 -1 -1 -1 
525 67 188 11 179 434 -1 -1 -1 -1 
526 67 198 12 175 434 -1 -1 -1 -1 
527 67 198 11 175 438 -1 -1 -1 -1 
528 67 201 25 181 441 -1 -1 -1 -1 
529 67 202 29 184 448 -1 -1 -1 -1 
530 67 206 32 179 439 -1 -1 -1 -1 
531 67 209 33 178 442 -1 -1 -1 -1 
532 67 203 31 181 445 -1 -1 -1 -1 
533 67 192 24 186 445 -1 -1 -1 -1 
534 67 182 21 184 455 -1 -1 -1 -1 
535 67 178 20 186 460 -1 -1 -1 -1 
536 67 179 16 186 462 -1 -1 -1 -1 
537 67 178 3 186 463 -1 -1 -1 -1 
538 67 178 0 189 466 -1 -1 -1 -1 
539 67 181 -1 194 465 -1 -1 -1 -1 
540 67 184 0 198 467 -1 -1 -1 -1 
541 67 193 0 199 467 -1 -1 -1 -1 
542 67 198 0 201 469 -1 -1 -1 -1 
543 67 212 0 196 467 -1 -1 -1 -1 
544 67 212 -1 207 476 -1 -1 -1 -1 
545 67 226 -1 205 468 -1 -1 -1 -1 
546 67 241 0 202 459 -1 -1 -1 -1 
549 67 262 -1 204 475 -1 -1 -1 -1 
550 67 266 -4 204 479 -1 -1 -1 -1 
551 67 265 -1 206 479 -1 -1 -1 -1 
552 67 264 2 205 481 -1 -1 -1 -1 
553 67 265 1 202 478 -1 -1 -1 -1 
554 67 260 1 206 475 -1 -1 -1 -1 
555 67 259 0 207 476 -1 -1 -1 -1 
556 67 259 0 206 476 -1 -1 -1 -1 
557 67 248 3 210 479 -1 -1 -1 -1 
558 67 243 0 212 476 -1 -1 -1 -1 
559 67 253 -1 213 470 -1 -1 -1 -1 
560 67 253 0 212 469 -1 -1 -1 -1 
561 67 241 -1 211 471 -1 -1 -1 -1 
562 67 235 -2 208 471 -1 -1 -1 -1 
563 67 237 0 200 472 -1 -1 -1 -1 
564 67 237 0 202 475 -1 -1 -1 -1 
565 67 238 0 204 473 -1 -1 -1 -1 
566 67 238 0 200 474 -1 -1 -1 -1 
567 67 238 0 198 472 -1 -1 -1 -1 
568 67 238 0 197 472 -1 -1 -1 -1 
569 67 237 0 199 470 -1 -1 -1 -1 
570 67 236 0 198 472 -1 -1 -1 -1 
571 67 236 0 199 475 -1 -1 -1 -1 
572 67 235 0 198 474 -1 -1 -1 -1 
573 67 234 1 199 474 -1 -1 -1 -1 
574 67 236 1 202 471 -1 -1 -1 -1 
575 67 237 0 205 470 -1 -1 -1 -1 
576 67 239 0 207 469 -1 -1 -1 -1 
577 67 240 0 208 470 -1 -1 -1 -1 
578 67 241 0 210 469 -1 -1 -1 -1 
579 67 242 -3 213 469 -1 -1 -1 -1 
580 67 241 -1 215 471 -1 -1 -1 -1 
581 67 254 1 214 472 -1 -1 -1 -1 
582 67 261 1 210 474 -1 -1 -1 -1 
583 67 268 3 210 475 -1 -1 -1 -1 
584 67 286 2 207 471 -1 -1 -1 -1 
585 67 290 0 211 471 -1 -1 -1 -1 
586 67 299 0 207 475 -1 -1 -1 -1 
587 67 297 0 209 474 -1 -1 -1 -1 
588 67 291 0 213 476 -1 -1 -1 -1 
589 67 269 0 209 479 -1 -1 -1 -1 
590 67 259 -1 209 479 -1 -1 -1 -1 
591 67 242 -1 208 478 -1 -1 -1 -1 
592 67 236 1 205 480 -1 -1 -1 -1 
593 67 212 -1 209 477 -1 -1 -1 -1 
594 67 201 -2 214 477 -1 -1 -1 -1 
595 67 199 0 207 479 -1 -1 -1 -1 
596 67 197 0 207 478 -1 -1 -1 -1 
597 67 197 0 204 478 -1 -1 -1 -1 
598 67 195 1 208 478 -1 -1 -1 -1 
599 67 195 0 208 478 -1 -1 -1 -1 
600 67 195 0 208 478 -1 -1 -1 -1 
601 67 199 0 210 473 -1 -1 -1 -1 
602 67 202 0 209 472 -1 -1 -1 -1 
603 67 202 0 209 477 -1 -1 -1 -1 
604 67 206 0 207 477 -1 -1 -1 -1 
605 67 209 0 207 475 -1 -1 -1 -1 
606 67 212 0 207 471 -1 -1 -1 -1 
607 67 213 -1 209 472 -1 -1 -1 -1 
608 67 215 0 209 472 -1 -1 -1 -1 
609 67 216 -1 212 472 -1 -1 -1 -1 
610 67 225 0 208 474 -1 -1 -1 -1 
611 67 231 1 207 477 -1 -1 -1 -1 
612 67 235 0 209 476 -1 -1 -1 -1 
613 67 236 -1 208 474 -1 -1 -1 -1 
614 67 242 0 209 474 -1 -1 -1 -1 
615 67 253 0 208 477 -1 -1 -1 -1 
616 67 263 0 213 473 -1 -1 -1 -1 
618 67 277 -2 216 476 -1 -1 -1 -1 
619 67 287 0 209 473 -1 -1 -1 -1 
620 67 291 0 210 473 -1 -1 -1 -1 
621 67 294 3 218 473 -1 -1 -1 -1 
622 67 301 3 220 474 -1 -1 -1 -1 
623 67 301 1 222 475 -1 -1 -1 -1 
624 67 293 0 224 478 -1 -1 -1 -1 
625 67 307 -1 219 473 -1 -1 -1 -1 
626 67 317 -1 216 469 -1 -1 -1 -1 
627 67 316 -2 219 472 -1 -1 -1 -1 
628 67 322 -2 221 473 -1 -1 -1 -1 
629 67 328 2 224 476 -1 -1 -1 -1 
630 67 347 1 220 472 -1 -1 -1 -1 
631 67 359 0 220 470 -1 -1 -1 -1 
632 67 375 0 218 471 -1 -1 -1 -1 
633 67 387 0 219 469 -1 -1 -1 -1 
634 67 396 -1 222 474 -1 -1 -1 -1 
635 67 414 0 216 468 -1 -1 -1 -1 
636 67 424 0 211 468 -1 -1 -1 -1 
637 67 430 -1 210 468 -1 -1 -1 -1 
638 67 432 -1 210 468 -1 -1 -1 -1 
639 67 429 -1 213 467 -1 -1 -1 -1 
640 67 428 0 210 468 -1 -1 -1 -1 
641 67 427 1 210 469 -1 -1 -1 -1 
642 67 429 1 208 470 -1 -1 -1 -1 
643 67 430 0 206 471 -1 -1 -1 -1 
644 67 427 0 209 469 -1 -1 -1 -1 
645 67 421 -1 210 468 -1 -1 -1 -1 
646 67 402 -1 217 468 -1 -1 -1 -1 
647 67 399 0 213 470 -1 -1 -1 -1 
648 67 399 0 212 471 -1 -1 -1 -1 
649 67 399 1 212 469 -1 -1 -1 -1 
650 67 399 0 211 470 -1 -1 -1 -1 
651 67 396 -1 215 471 -1 -1 -1 -1 
652 67 397 0 215 473 -1 -1 -1 -1 
653 67 399 2 212 471 -1 -1 -1 -1 
654 67 413 -2 206 470 -1 -1 -1 -1 
655 67 424 -1 200 471 -1 -1 -1 -1 
656 67 430 0 199 472 -1 -1 -1 -1 
657 67 410 -2 211 469 -1 -1 -1 -1 
658 67 403 -1 212 468 -1 -1 -1 -1 
659 67 421 -1 208 469 -1 -1 -1 -1 
660 67 406 1 211 470 -1 -1 -1 -1 
661 67 399 0 219 467 -1 -1 -1 -1 
662 67 398 0 217 470 -1 -1 -1 -1 
663 67 399 0 216 470 -1 -1 -1 -1 
664 67 401 0 217 470 -1 -1 -1 -1 
665 67 408 0 222 470 -1 -1 -1 -1 
666 67 416 0 218 469 -1 -1 -1 -1 
667 67 425 0 213 469 -1 -1 -1 -1 
668 67 432 1 209 470 -1 -1 -1 -1 
669 67 443 -1 198 473 -1 -1 -1 -1 
688 67 479 10 160 470 -1 -1 -1 -1 
689 67 482 11 158 469 -1 -1 -1 -1 
690 67 487 20 153 459 -1 -1 -1 -1 
691 67 488 24 153 455 -1 -1 -1 -1 
692 67 482 8 159 455 -1 -1 -1 -1 
693 67 481 0 160 455 -1 -1 -1 -1 
694 67 479 -1 162 442 -1 -1 -1 -1 
695 67 466 -1 174 466 -1 -1 -1 -1 
703 67 436 0 202 478 -1 -1 -1 -1 
704 67 433 0 206 474 -1 -1 -1 -1 
705 67 420 -1 217 477 -1 -1 -1 -1 
706 67 412 -1 223 478 -1 -1 -1 -1 
707 67 420 0 212 474 -1 -1 -1 -1 
708 67 425 0 205 472 -1 -1 -1 -1 
709 67 430 0 205 471 -1 -1 -1 -1 
710 67 429 0 204 471 -1 -1 -1 -1 
711 67 427 0 204 470 -1 -1 -1 -1 
712 67 408 0 209 472 -1 -1 -1 -1 
714 67 373 0 211 475 -1 -1 -1 -1 
715 67 353 0 217 478 -1 -1 -1 -1 
716 67 354 1 224 480 -1 -1 -1 -1 
717 67 383 0 210 480 -1 -1 -1 -1 
718 67 393 2 208 476 -1 -1 -1 -1 
719 67 396 1 209 473 -1 -1 -1 -1 
720 67 401 0 209 471 -1 -1 -1 -1 
721 67 391 0 219 476 -1 -1 -1 -1 
722 67 388 0 227 478 -1 -1 -1 -1 
732 67 428 0 204 469 -1 -1 -1 -1 
733 67 429 0 204 471 -1 -1 -1 -1 
734 67 429 1 205 470 -1 -1 -1 -1 
735 67 426 -2 207 469 -1 -1 -1 -1 
736 67 424 -2 205 471 -1 -1 -1 -1 
737 67 424 -1 204 470 -1 -1 -1 -1 
738 67 426 0 202 469 -1 -1 -1 -1 
739 67 428 0 201 471 -1 -1 -1 -1 
740 67 407 0 210 473 -1 -1 -1 -1 
741 67 398 0 214 470 -1 -1 -1 -1 
742 67 399 0 212 469 -1 -1 -1 -1 
743 67 418 0 205 468 -1 -1 -1 -1 
744 67 425 0 203 469 -1 -1 -1 -1 
745 67 428 0 202 470 -1 -1 -1 -1 
746 67 428 0 203 472 -1 -1 -1 -1 
747 67 426 0 203 472 -1 -1 -1 -1 
748 67 429 0 200 471 -1 -1 -1 -1 
754 67 459 0 182 475 -1 -1 -1 -1 
755 67 459 0 182 475 -1 -1 -1 -1 
756 67 462 0 180 477 -1 -1 -1 -1 
772 67 475 38 124 301 -1 -1 -1 -1 
773 67 496 9 122 286 -1 -1 -1 -1 
774 67 480 10 125 288 -1 -1 -1 -1 
777 67 436 19 158 365 -1 -1 -1 -1 
778 67 420 23 168 400 -1 -1 -1 -1 
779 67 406 24 181 435 -1 -1 -1 -1 
780 67 394 18 185 449 -1 -1 -1 -1 
785 67 422 3 205 438 -1 -1 -1 -1 
786 67 437 2 196 432 -1 -1 -1 -1 
787 67 427 5 191 421 -1 -1 -1 -1 
788 67 473 2 157 424 -1 -1 -1 -1 
789 67 491 1 144 428 -1 -1 -1 -1 
790 67 487 2 149 435 -1 -1 -1 -1 
793 67 407 26 167 422 -1 -1 -1 -1 
794 67 396 26 164 401 -1 -1 -1 -1 
795 67 389 31 162 389 -1 -1 -1 -1 
796 67 392 37 157 381 -1 -1 -1 -1 
797 67 389 35 156 381 -1 -1 -1 -1 
798 67 389 33 160 387 -1 -1 -1 -1 
799 67 382 13 179 423 -1 -1 -1 -1 
800 67 382 21 167 393 -1 -1 -1 -1 
801 67 384 34 161 381 -1 -1 -1 -1 
802 67 387 33 155 377 -1 -1 -1 -1 
803 67 388 36 154 378 -1 -1 -1 -1 
804 67 393 39 154 379 -1 -1 -1 -1 
805 67 398 37 161 388 -1 -1 -1 -1 
806 67 407 37 163 402 -1 -1 -1 -1 
807 67 413 30 173 426 -1 -1 -1 -1 
808 67 422 27 175 428 -1 -1 -1 -1 
809 67 439 14 177 433 -1 -1 -1 -1 
810 67 451 20 175 423 -1 -1 -1 -1 
811 67 461 13 175 425 -1 -1 -1 -1 
812 67 470 8 169 434 -1 -1 -1 -1 
813 67 481 6 159 442 -1 -1 -1 -1 
814 67 487 5 154 443 -1 -1 -1 -1 
815 67 492 7 149 441 -1 -1 -1 -1 
816 67 501 21 139 410 -1 -1 -1 -1 
817 67 505 19 134 412 -1 -1 -1 -1 
818 67 508 13 133 423 -1 -1 -1 -1 
819 67 514 6 126 438 -1 -1 -1 -1 
820 67 514 3 124 448 -1 -1 -1 -1 
821 67 514 2 123 449 -1 -1 -1 -1 
513 68 62 71 145 337 -1 -1 -1 -1 
514 68 69 72 132 314 -1 -1 -1 -1 
515 68 77 73 128 315 -1 -1 -1 -1 
516 68 87 78 125 304 -1 -1 -1 -1 
517 68 93 83 123 298 -1 -1 -1 -1 
518 68 104 85 118 290 -1 -1 -1 -1 
519 68 108 78 120 295 -1 -1 -1 -1 
520 68 113 81 120 295 -1 -1 -1 -1 
521 68 129 82 119 293 -1 -1 -1 -1 
524 68 133 88 115 282 -1 -1 -1 -1 
525 68 142 92 109 265 -1 -1 -1 -1 
526 68 146 83 111 272 -1 -1 -1 -1 
527 68 145 76 112 277 -1 -1 -1 -1 
528 68 147 89 114 282 -1 -1 -1 -1 
529 68 149 99 115 281 -1 -1 -1 -1 
530 68 152 102 115 277 -1 -1 -1 -1 
531 68 154 104 115 280 -1 -1 -1 -1 
532 68 154 103 118 285 -1 -1 -1 -1 
533 68 157 95 113 279 -1 -1 -1 -1 
534 68 151 88 109 274 -1 -1 -1 -1 
535 68 152 91 107 269 -1 -1 -1 -1 
536 68 156 97 110 267 -1 -1 -1 -1 
537 68 160 103 104 256 -1 -1 -1 -1 
514 69 9 118 91 224 -1 -1 -1 -1 
515 69 4 117 92 233 -1 -1 -1 -1 
516 69 2 113 82 241 -1 -1 -1 -1 
517 69 0 119 68 237 -1 -1 -1 -1 
518 69 0 102 52 258 -1 -1 -1 -1 
529 70 121 167 55 137 -1 -1 -1 -1 
530 70 112 163 59 144 -1 -1 -1 -1 
531 70 104 162 61 149 -1 -1 -1 -1 
532 70 90 158 64 156 -1 -1 -1 -1 
533 70 75 154 65 159 -1 -1 -1 -1 
534 70 52 146 67 166 -1 -1 -1 -1 
535 70 35 141 70 174 -1 -1 -1 -1 
536 70 24 133 75 186 -1 -1 -1 -1 
537 70 12 120 81 200 -1 -1 -1 -1 
538 70 1 115 86 215 -1 -1 -1 -1 
539 70 0 113 80 222 -1 -1 -1 -1 
540 70 -1 113 78 235 -1 -1 -1 -1 
541 70 0 108 77 248 -1 -1 -1 -1 
542 70 0 101 70 268 -1 -1 -1 -1 
543 70 -1 94 63 283 -1 -1 -1 -1 
533 71 150 162 48 119 -1 -1 -1 -1 
534 71 135 159 48 122 -1 -1 -1 -1 
535 71 128 155 50 125 -1 -1 -1 -1 
536 71 125 154 51 127 -1 -1 -1 -1 
537 71 120 146 54 132 -1 -1 -1 -1 
538 71 118 146 55 135 -1 -1 -1 -1 
539 71 116 141 57 140 -1 -1 -1 -1 
540 71 116 141 59 143 -1 -1 -1 -1 
541 71 119 141 60 147 -1 -1 -1 -1 
542 71 118 141 62 151 -1 -1 -1 -1 
543 71 117 143 62 153 -1 -1 -1 -1 
544 71 113 138 64 157 -1 -1 -1 -1 
545 71 111 135 65 161 -1 -1 -1 -1 
546 71 112 132 69 167 -1 -1 -1 -1 
547 71 111 125 71 172 -1 -1 -1 -1 
548 71 109 123 73 178 -1 -1 -1 -1 
549 71 105 119 76 185 -1 -1 -1 -1 
550 71 99 105 78 191 -1 -1 -1 -1 
551 71 90 100 80 196 -1 -1 -1 -1 
552 71 79 104 82 201 -1 -1 -1 -1 
553 71 70 101 84 209 -1 -1 -1 -1 
554 71 59 100 87 216 -1 -1 -1 -1 
555 71 48 92 92 227 -1 -1 -1 -1 
556 71 36 92 96 236 -1 -1 -1 -1 
557 71 19 93 99 246 -1 -1 -1 -1 
558 71 5 86 102 255 -1 -1 -1 -1 
559 71 0 79 101 263 -1 -1 -1 -1 
560 71 -3 79 91 271 -1 -1 -1 -1 
561 71 -6 55 79 292 -1 -1 -1 -1 
562 71 -5 44 61 298 -1 -1 -1 -1 
540 72 395 133 85 207 -1 -1 -1 -1 
541 72 405 132 85 209 -1 -1 -1 -1 
542 72 412 134 81 199 -1 -1 -1 -1 
543 72 416 137 82 201 -1 -1 -1 -1 
544 72 423 134 81 201 -1 -1 -1 -1 
545 72 426 132 83 204 -1 -1 -1 -1 
546 72 434 129 86 212 -1 -1 -1 -1 
547 72 442 123 92 225 -1 -1 -1 -1 
548 72 451 123 95 227 -1 -1 -1 -1 
549 72 457 122 96 231 -1 -1 -1 -1 
550 72 468 110 95 233 -1 -1 -1 -1 
551 72 472 108 95 234 -1 -1 -1 -1 
552 72 475 115 96 237 -1 -1 -1 -1 
553 72 482 118 95 238 -1 -1 -1 -1 
554 72 488 119 98 242 -1 -1 -1 -1 
555 72 495 114 100 243 -1 -1 -1 -1 
556 72 499 117 99 240 -1 -1 -1 -1 
557 72 505 128 96 239 -1 -1 -1 -1 
558 72 508 128 97 238 -1 -1 -1 -1 
559 72 520 119 97 237 -1 -1 -1 -1 
560 72 524 117 100 244 -1 -1 -1 -1 
561 72 521 112 99 243 -1 -1 -1 -1 
569 72 547 56 92 349 -1 -1 -1 -1 
543 73 182 154 56 137 -1 -1 -1 -1 
544 73 183 148 57 142 -1 -1 -1 -1 
545 73 184 147 57 142 -1 -1 -1 -1 
546 73 189 146 60 146 -1 -1 -1 -1 
547 73 191 139 62 153 -1 -1 -1 -1 
548 73 193 137 65 159 -1 -1 -1 -1 
549 73 193 133 68 164 -1 -1 -1 -1 
550 73 192 116 70 172 -1 -1 -1 -1 
551 73 187 111 73 177 -1 -1 -1 -1 
552 73 180 114 75 185 -1 -1 -1 -1 
553 73 174 114 77 190 -1 -1 -1 -1 
554 73 169 114 80 195 -1 -1 -1 -1 
555 73 167 110 82 200 -1 -1 -1 -1 
556 73 161 109 85 209 -1 -1 -1 -1 
557 73 155 111 88 219 -1 -1 -1 -1 
558 73 149 105 91 226 -1 -1 -1 -1 
559 73 146 94 97 237 -1 -1 -1 -1 
560 73 137 88 102 251 -1 -1 -1 -1 
561 73 120 78 107 265 -1 -1 -1 -1 
562 73 105 68 109 273 -1 -1 -1 -1 
563 73 92 63 116 288 -1 -1 -1 -1 
564 73 81 57 124 306 -1 -1 -1 -1 
565 73 69 49 133 328 -1 -1 -1 -1 
566 73 53 39 140 347 -1 -1 -1 -1 
567 73 37 28 147 365 -1 -1 -1 -1 
568 73 23 17 155 385 -1 -1 -1 -1 
569 73 6 4 165 415 -1 -1 -1 -1 
570 73 0 -1 165 430 -1 -1 -1 -1 
571 73 -2 -2 144 437 -1 -1 -1 -1 
560 75 400 99 92 227 -1 -1 -1 -1 
561 75 393 91 94 233 -1 -1 -1 -1 
562 75 386 83 99 244 -1 -1 -1 -1 
563 75 383 81 104 255 -1 -1 -1 -1 
564 75 383 79 109 266 -1 -1 -1 -1 
565 75 387 73 114 275 -1 -1 -1 -1 
566 75 390 67 119 291 -1 -1 -1 -1 
567 75 394 58 126 311 -1 -1 -1 -1 
568 75 397 50 132 326 -1 -1 -1 -1 
569 75 404 32 143 351 -1 -1 -1 -1 
570 75 409 21 149 365 -1 -1 -1 -1 
571 75 415 9 161 391 -1 -1 -1 -1 
572 75 424 4 168 410 -1 -1 -1 -1 
573 75 428 4 179 432 -1 -1 -1 -1 
574 75 434 0 194 460 -1 -1 -1 -1 
575 75 448 -2 193 470 -1 -1 -1 -1 
576 75 472 -3 173 464 -1 -1 -1 -1 
577 75 485 -4 161 451 -1 -1 -1 -1 
579 75 504 -4 143 414 -1 -1 -1 -1 
580 75 495 45 133 343 -1 -1 -1 -1 
581 75 489 65 128 313 -1 -1 -1 -1 
582 75 480 73 124 302 -1 -1 -1 -1 
583 75 474 83 123 299 -1 -1 -1 -1 
584 75 469 89 122 296 -1 -1 -1 -1 
582 76 210 151 52 130 -1 -1 -1 -1 
583 76 209 159 54 132 -1 -1 -1 -1 
584 76 206 160 54 134 -1 -1 -1 -1 
585 76 199 155 56 138 -1 -1 -1 -1 
586 76 196 155 58 143 -1 -1 -1 -1 
587 76 186 147 62 150 -1 -1 -1 -1 
588 76 176 148 63 154 -1 -1 -1 -1 
589 76 150 146 65 163 -1 -1 -1 -1 
590 76 134 142 68 168 -1 -1 -1 -1 
591 76 115 140 70 173 -1 -1 -1 -1 
592 76 96 144 74 183 -1 -1 -1 -1 
593 76 76 132 78 195 -1 -1 -1 -1 
594 76 60 125 82 203 -1 -1 -1 -1 
595 76 38 122 86 214 -1 -1 -1 -1 
596 76 24 116 90 223 -1 -1 -1 -1 
597 76 8 109 92 233 -1 -1 -1 -1 
598 76 0 111 90 240 -1 -1 -1 -1 
599 76 -3 105 83 273 -1 -1 -1 -1 
600 76 -3 98 68 276 -1 -1 -1 -1 
601 76 -2 123 49 259 -1 -1 -1 -1 
597 77 167 155 54 137 -1 -1 -1 -1 
598 77 160 155 57 143 -1 -1 -1 -1 
599 77 155 153 59 147 -1 -1 -1 -1 
600 77 149 154 61 152 -1 -1 -1 -1 
601 77 145 154 63 156 -1 -1 -1 -1 
602 77 141 150 66 161 -1 -1 -1 -1 
603 77 137 152 66 164 -1 -1 -1 -1 
604 77 131 149 69 170 -1 -1 -1 -1 
605 77 127 145 71 175 -1 -1 -1 -1 
606 77 123 140 72 180 -1 -1 -1 -1 
607 77 115 133 76 186 -1 -1 -1 -1 
608 77 106 132 79 194 -1 -1 -1 -1 
609 77 102 125 82 200 -1 -1 -1 -1 
610 77 98 123 85 206 -1 -1 -1 -1 
611 77 92 126 87 213 -1 -1 -1 -1 
612 77 84 119 91 221 -1 -1 -1 -1 
613 77 69 107 95 234 -1 -1 -1 -1 
614 77 48 99 102 251 -1 -1 -1 -1 
615 77 38 98 104 257 -1 -1 -1 -1 
616 77 14 89 126 314 -1 -1 -1 -1 
617 77 2 75 138 355 -1 -1 -1 -1 
618 77 -3 54 125 408 -1 -1 -1 -1 
619 77 -6 36 119 441 -1 -1 -1 -1 
620 77 -5 28 107 456 -1 -1 -1 -1 
633 77 0 93 62 262 -1 -1 -1 -1 
634 77 0 44 64 353 -1 -1 -1 -1 
597 78 0 82 64 393 -1 -1 -1 -1 
598 78 0 94 61 370 -1 -1 -1 -1 
611 78 0 111 72 358 -1 -1 -1 -1 
612 78 0 92 77 375 -1 -1 -1 -1 
613 78 -1 86 67 385 -1 -1 -1 -1 
614 78 -1 76 55 397 -1 -1 -1 -1 
615 78 0 72 69 405 -1 -1 -1 -1 
621 78 0 30 110 449 -1 -1 -1 -1 
622 78 1 30 121 452 -1 -1 -1 -1 
623 78 0 29 126 452 -1 -1 -1 -1 
624 78 0 14 127 465 -1 -1 -1 -1 
625 78 0 18 130 460 -1 -1 -1 -1 
626 78 1 20 132 458 -1 -1 -1 -1 
627 78 0 21 131 456 -1 -1 -1 -1 
628 78 1 5 139 466 -1 -1 -1 -1 
629 78 4 4 154 470 -1 -1 -1 -1 
630 78 5 1 170 470 -1 -1 -1 -1 
631 78 4 17 184 459 -1 -1 -1 -1 
632 78 2 4 192 474 -1 -1 -1 -1 
633 78 7 0 199 477 -1 -1 -1 -1 
634 78 16 0 200 477 -1 -1 -1 -1 
635 78 33 1 204 474 -1 -1 -1 -1 
636 78 42 0 200 473 -1 -1 -1 -1 
637 78 47 -1 202 473 -1 -1 -1 -1 
638 78 64 0 202 474 -1 -1 -1 -1 
639 78 69 0 202 474 -1 -1 -1 -1 
640 78 56 -1 210 478 -1 -1 -1 -1 
641 78 50 0 209 479 -1 -1 -1 -1 
642 78 49 0 204 481 -1 -1 -1 -1 
643 78 48 0 200 480 -1 -1 -1 -1 
644 78 50 9 201 472 -1 -1 -1 -1 
645 78 42 8 203 471 -1 -1 -1 -1 
646 78 39 1 199 477 -1 -1 -1 -1 
647 78 39 0 197 478 -1 -1 -1 -1 
648 78 41 0 197 477 -1 -1 -1 -1 
649 78 35 0 204 472 -1 -1 -1 -1 
650 78 33 5 205 471 -1 -1 -1 -1 
651 78 28 0 201 465 -1 -1 -1 -1 
652 78 27 6 204 469 -1 -1 -1 -1 
653 78 28 11 208 469 -1 -1 -1 -1 
654 78 36 0 201 474 -1 -1 -1 -1 
655 78 42 0 198 474 -1 -1 -1 -1 
656 78 39 5 203 472 -1 -1 -1 -1 
657 78 46 3 196 467 -1 -1 -1 -1 
658 78 52 9 200 467 -1 -1 -1 -1 
659 78 54 11 200 467 -1 -1 -1 -1 
660 78 51 14 193 466 -1 -1 -1 -1 
661 78 52 11 199 468 -1 -1 -1 -1 
662 78 50 5 191 464 -1 -1 -1 -1 
663 78 51 2 191 464 -1 -1 -1 -1 
664 78 54 10 188 460 -1 -1 -1 -1 
665 78 62 14 187 457 -1 -1 -1 -1 
666 78 63 14 187 460 -1 -1 -1 -1 
667 78 69 14 182 445 -1 -1 -1 -1 
668 78 75 15 186 456 -1 -1 -1 -1 
669 78 81 8 183 450 -1 -1 -1 -1 
670 78 85 8 180 451 -1 -1 -1 -1 
671 78 85 20 184 454 -1 -1 -1 -1 
672 78 87 36 180 446 -1 -1 -1 -1 
673 78 91 30 182 446 -1 -1 -1 -1 
674 78 88 29 183 446 -1 -1 -1 -1 
675 78 80 29 183 448 -1 -1 -1 -1 
676 78 74 27 182 448 -1 -1 -1 -1 
677 78 78 23 186 447 -1 -1 -1 -1 
678 78 76 20 185 448 -1 -1 -1 -1 
679 78 74 29 180 434 -1 -1 -1 -1 
680 78 74 36 176 422 -1 -1 -1 -1 
681 78 71 39 176 421 -1 -1 -1 -1 
682 78 71 33 173 416 -1 -1 -1 -1 
683 78 71 31 176 426 -1 -1 -1 -1 
684 78 70 29 179 430 -1 -1 -1 -1 
685 78 75 26 181 438 -1 -1 -1 -1 
686 78 76 28 184 445 -1 -1 -1 -1 
687 78 78 32 185 446 -1 -1 -1 -1 
688 78 73 31 188 448 -1 -1 -1 -1 
689 78 72 34 186 446 -1 -1 -1 -1 
690 78 69 30 189 450 -1 -1 -1 -1 
691 78 71 31 187 446 -1 -1 -1 -1 
692 78 73 32 185 435 -1 -1 -1 -1 
693 78 81 28 182 429 -1 -1 -1 -1 
694 78 86 26 178 419 -1 -1 -1 -1 
695 78 90 28 177 419 -1 -1 -1 -1 
696 78 103 36 170 411 -1 -1 -1 -1 
697 78 115 38 166 400 -1 -1 -1 -1 
698 78 120 33 166 399 -1 -1 -1 -1 
699 78 120 35 168 402 -1 -1 -1 -1 
700 78 128 45 165 394 -1 -1 -1 -1 
701 78 124 35 171 407 -1 -1 -1 -1 
702 78 123 37 172 412 -1 -1 -1 -1 
703 78 126 46 175 424 -1 -1 -1 -1 
704 78 125 51 175 422 -1 -1 -1 -1 
705 78 124 47 171 419 -1 -1 -1 -1 
706 78 122 41 172 423 -1 -1 -1 -1 
707 78 116 40 170 417 -1 -1 -1 -1 
708 78 116 35 165 408 -1 -1 -1 -1 
709 78 115 36 162 402 -1 -1 -1 -1 
710 78 111 37 165 407 -1 -1 -1 -1 
711 78 105 35 166 417 -1 -1 -1 -1 
712 78 99 34 170 429 -1 -1 -1 -1 
713 78 95 29 173 434 -1 -1 -1 -1 
714 78 97 31 173 435 -1 -1 -1 -1 
715 78 105 29 166 410 -1 -1 -1 -1 
716 78 114 33 157 390 -1 -1 -1 -1 
717 78 117 34 156 382 -1 -1 -1 -1 
718 78 117 47 156 384 -1 -1 -1 -1 
719 78 120 52 151 373 -1 -1 -1 -1 
720 78 120 54 149 368 -1 -1 -1 -1 
721 78 123 54 147 363 -1 -1 -1 -1 
722 78 123 55 149 366 -1 -1 -1 -1 
723 78 127 57 148 361 -1 -1 -1 -1 
724 78 129 57 148 363 -1 -1 -1 -1 
725 78 129 58 149 367 -1 -1 -1 -1 
726 78 127 65 153 373 -1 -1 -1 -1 
727 78 125 64 157 379 -1 -1 -1 -1 
728 78 127 65 150 361 -1 -1 -1 -1 
729 78 129 61 147 355 -1 -1 -1 -1 
730 78 131 68 146 350 -1 -1 -1 -1 
731 78 134 72 143 347 -1 -1 -1 -1 
732 78 133 77 143 347 -1 -1 -1 -1 
733 78 130 83 144 350 -1 -1 -1 -1 
734 78 130 93 143 354 -1 -1 -1 -1 
735 78 125 86 143 348 -1 -1 -1 -1 
736 78 121 82 143 349 -1 -1 -1 -1 
737 78 120 78 140 344 -1 -1 -1 -1 
738 78 121 73 139 342 -1 -1 -1 -1 
739 78 121 76 136 336 -1 -1 -1 -1 
740 78 121 83 137 337 -1 -1 -1 -1 
741 78 119 84 139 338 -1 -1 -1 -1 
742 78 120 87 137 335 -1 -1 -1 -1 
743 78 122 88 132 324 -1 -1 -1 -1 
744 78 125 87 130 315 -1 -1 -1 -1 
745 78 128 82 130 315 -1 -1 -1 -1 
746 78 134 86 128 308 -1 -1 -1 -1 
747 78 137 86 127 309 -1 -1 -1 -1 
748 78 139 87 127 315 -1 -1 -1 -1 
749 78 142 95 127 313 -1 -1 -1 -1 
750 78 150 93 125 307 -1 -1 -1 -1 
751 78 155 90 125 305 -1 -1 -1 -1 
752 78 162 87 123 300 -1 -1 -1 -1 
753 78 169 84 122 297 -1 -1 -1 -1 
754 78 179 85 119 294 -1 -1 -1 -1 
755 78 184 86 121 295 -1 -1 -1 -1 
756 78 190 90 121 293 -1 -1 -1 -1 
757 78 193 89 123 299 -1 -1 -1 -1 
758 78 196 87 122 302 -1 -1 -1 -1 
759 78 198 87 122 301 -1 -1 -1 -1 
760 78 201 83 120 298 -1 -1 -1 -1 
761 78 204 82 116 290 -1 -1 -1 -1 
762 78 208 79 117 288 -1 -1 -1 -1 
763 78 206 72 121 292 -1 -1 -1 -1 
764 78 209 80 120 293 -1 -1 -1 -1 
765 78 213 87 117 284 -1 -1 -1 -1 
766 78 211 89 117 288 -1 -1 -1 -1 
767 78 210 85 115 284 -1 -1 -1 -1 
768 78 208 85 116 284 -1 -1 -1 -1 
769 78 209 85 114 282 -1 -1 -1 -1 
770 78 212 84 114 282 -1 -1 -1 -1 
771 78 207 87 116 284 -1 -1 -1 -1 
772 78 205 88 117 284 -1 -1 -1 -1 
773 78 207 87 113 275 -1 -1 -1 -1 
774 78 211 87 111 271 -1 -1 -1 -1 
775 78 212 86 111 272 -1 -1 -1 -1 
776 78 211 88 110 269 -1 -1 -1 -1 
777 78 211 88 109 271 -1 -1 -1 -1 
778 78 214 94 108 268 -1 -1 -1 -1 
779 78 220 102 106 261 -1 -1 -1 -1 
780 78 225 104 103 255 -1 -1 -1 -1 
781 78 227 104 103 254 -1 -1 -1 -1 
782 78 229 103 103 255 -1 -1 -1 -1 
783 78 231 103 104 254 -1 -1 -1 -1 
784 78 235 107 102 249 -1 -1 -1 -1 
785 78 237 109 99 244 -1 -1 -1 -1 
786 78 236 114 97 241 -1 -1 -1 -1 
787 78 237 118 97 240 -1 -1 -1 -1 
788 78 237 119 95 236 -1 -1 -1 -1 
789 78 234 117 95 237 -1 -1 -1 -1 
790 78 232 121 93 231 -1 -1 -1 -1 
791 78 231 123 90 225 -1 -1 -1 -1 
792 78 228 129 91 224 -1 -1 -1 -1 
793 78 226 128 90 223 -1 -1 -1 -1 
794 78 223 122 89 219 -1 -1 -1 -1 
795 78 218 127 87 216 -1 -1 -1 -1 
796 78 216 131 87 215 -1 -1 -1 -1 
797 78 213 123 88 217 -1 -1 -1 -1 
798 78 215 122 90 218 -1 -1 -1 -1 
799 78 215 121 90 217 -1 -1 -1 -1 
800 78 212 119 89 215 -1 -1 -1 -1 
801 78 211 127 89 213 -1 -1 -1 -1 
802 78 215 130 87 213 -1 -1 -1 -1 
803 78 217 133 86 211 -1 -1 -1 -1 
804 78 224 134 84 206 -1 -1 -1 -1 
805 78 231 129 83 206 -1 -1 -1 -1 
806 78 238 130 82 203 -1 -1 -1 -1 
807 78 245 132 81 199 -1 -1 -1 -1 
808 78 251 132 81 195 -1 -1 -1 -1 
809 78 264 137 80 192 -1 -1 -1 -1 
810 78 272 140 79 191 -1 -1 -1 -1 
811 78 276 135 81 196 -1 -1 -1 -1 
812 78 280 133 81 200 -1 -1 -1 -1 
813 78 284 133 82 201 -1 -1 -1 -1 
814 78 288 131 82 200 -1 -1 -1 -1 
815 78 293 134 81 200 -1 -1 -1 -1 
816 78 296 135 81 200 -1 -1 -1 -1 
817 78 299 135 81 200 -1 -1 -1 -1 
818 78 303 133 81 198 -1 -1 -1 -1 
819 78 307 132 81 198 -1 -1 -1 -1 
820 78 305 133 81 199 -1 -1 -1 -1 
821 78 303 129 79 198 -1 -1 -1 -1 
822 78 301 130 80 198 -1 -1 -1 -1 
823 78 306 138 79 197 -1 -1 -1 -1 
824 78 305 138 80 198 -1 -1 -1 -1 
825 78 304 138 81 198 -1 -1 -1 -1 
826 78 305 133 79 197 -1 -1 -1 -1 
827 78 300 134 79 198 -1 -1 -1 -1 
828 78 302 133 79 197 -1 -1 -1 -1 
829 78 305 132 80 195 -1 -1 -1 -1 
830 78 310 139 79 194 -1 -1 -1 -1 
831 78 308 140 80 195 -1 -1 -1 -1 
832 78 302 135 79 195 -1 -1 -1 -1 
833 78 303 134 78 194 -1 -1 -1 -1 
834 78 305 131 79 193 -1 -1 -1 -1 
835 78 309 128 77 193 -1 -1 -1 -1 
836 78 314 126 78 191 -1 -1 -1 -1 
837 78 322 129 76 187 -1 -1 -1 -1 
612 79 180 120 104 253 -1 -1 -1 -1 
613 79 178 111 102 252 -1 -1 -1 -1 
614 79 171 108 102 251 -1 -1 -1 -1 
615 79 170 109 101 249 -1 -1 -1 -1 
616 79 170 107 103 253 -1 -1 -1 -1 
617 79 168 103 104 254 -1 -1 -1 -1 
618 79 160 97 105 258 -1 -1 -1 -1 
619 79 153 95 105 259 -1 -1 -1 -1 
620 79 151 96 105 256 -1 -1 -1 -1 
621 79 154 104 105 254 -1 -1 -1 -1 
622 79 159 113 105 250 -1 -1 -1 -1 
623 79 157 118 104 251 -1 -1 -1 -1 
624 79 157 121 102 252 -1 -1 -1 -1 
625 79 159 117 103 254 -1 -1 -1 -1 
626 79 163 113 103 252 -1 -1 -1 -1 
627 79 163 107 103 251 -1 -1 -1 -1 
628 79 167 101 103 252 -1 -1 -1 -1 
629 79 178 110 103 251 -1 -1 -1 -1 
630 79 190 115 102 249 -1 -1 -1 -1 
631 79 196 117 101 248 -1 -1 -1 -1 
632 79 200 119 99 247 -1 -1 -1 -1 
633 79 206 117 100 246 -1 -1 -1 -1 
634 79 216 114 101 244 -1 -1 -1 -1 
635 79 226 114 98 239 -1 -1 -1 -1 
636 79 229 116 94 230 -1 -1 -1 -1 
637 79 230 117 93 228 -1 -1 -1 -1 
638 79 231 118 91 223 -1 -1 -1 -1 
639 79 228 117 90 222 -1 -1 -1 -1 
640 79 220 115 92 226 -1 -1 -1 -1 
641 79 213 120 93 229 -1 -1 -1 -1 
642 79 209 124 93 230 -1 -1 -1 -1 
643 79 205 125 93 228 -1 -1 -1 -1 
644 79 200 127 93 230 -1 -1 -1 -1 
645 79 195 125 92 225 -1 -1 -1 -1 
646 79 188 123 96 238 -1 -1 -1 -1 
647 79 189 127 91 227 -1 -1 -1 -1 
648 79 192 131 87 219 -1 -1 -1 -1 
649 79 196 138 84 207 -1 -1 -1 -1 
650 79 194 138 83 205 -1 -1 -1 -1 
651 79 187 130 82 206 -1 -1 -1 -1 
652 79 184 131 84 210 -1 -1 -1 -1 
653 79 183 138 85 210 -1 -1 -1 -1 
654 79 181 132 86 212 -1 -1 -1 -1 
655 79 181 135 86 212 -1 -1 -1 -1 
656 79 182 135 85 212 -1 -1 -1 -1 
657 79 187 131 84 203 -1 -1 -1 -1 
658 79 194 128 82 201 -1 -1 -1 -1 
659 79 201 127 80 196 -1 -1 -1 -1 
660 79 199 135 77 188 -1 -1 -1 -1 
661 79 200 135 78 189 -1 -1 -1 -1 
662 79 195 137 83 204 -1 -1 -1 -1 
663 79 196 136 83 205 -1 -1 -1 -1 
664 79 199 136 82 203 -1 -1 -1 -1 
665 79 205 134 80 199 -1 -1 -1 -1 
666 79 205 132 82 203 -1 -1 -1 -1 
667 79 207 134 82 203 -1 -1 -1 -1 
668 79 210 138 82 202 -1 -1 -1 -1 
669 79 214 132 80 197 -1 -1 -1 -1 
670 79 221 132 76 189 -1 -1 -1 -1 
671 79 224 139 75 184 -1 -1 -1 -1 
672 79 225 152 73 179 -1 -1 -1 -1 
673 79 233 142 72 176 -1 -1 -1 -1 
674 79 231 137 71 174 -1 -1 -1 -1 
675 79 226 141 71 175 -1 -1 -1 -1 
676 79 223 144 73 178 -1 -1 -1 -1 
677 79 224 143 76 185 -1 -1 -1 -1 
678 79 222 142 77 184 -1 -1 -1 -1 
679 79 222 148 77 186 -1 -1 -1 -1 
680 79 221 153 76 185 -1 -1 -1 -1 
681 79 217 151 76 185 -1 -1 -1 -1 
682 79 215 147 73 181 -1 -1 -1 -1 
683 79 214 147 71 177 -1 -1 -1 -1 
684 79 211 143 71 176 -1 -1 -1 -1 
685 79 210 144 71 174 -1 -1 -1 -1 
686 79 208 144 70 173 -1 -1 -1 -1 
687 79 208 144 70 171 -1 -1 -1 -1 
688 79 205 140 70 171 -1 -1 -1 -1 
689 79 204 141 71 173 -1 -1 -1 -1 
690 79 203 141 71 174 -1 -1 -1 -1 
691 79 203 144 70 170 -1 -1 -1 -1 
692 79 203 148 70 173 -1 -1 -1 -1 
693 79 206 143 70 173 -1 -1 -1 -1 
694 79 205 138 72 174 -1 -1 -1 -1 
721 79 231 154 57 140 -1 -1 -1 -1 
722 79 231 156 63 156 -1 -1 -1 -1 
723 79 238 160 61 149 -1 -1 -1 -1 
724 79 243 162 58 144 -1 -1 -1 -1 
725 79 247 159 58 144 -1 -1 -1 -1 
726 79 252 159 58 144 -1 -1 -1 -1 
727 79 254 154 59 146 -1 -1 -1 -1 
728 79 254 154 58 144 -1 -1 -1 -1 
729 79 254 154 57 142 -1 -1 -1 -1 
730 79 255 162 58 142 -1 -1 -1 -1 
731 79 256 167 58 141 -1 -1 -1 -1 
732 79 254 169 58 140 -1 -1 -1 -1 
733 79 253 168 57 140 -1 -1 -1 -1 
734 79 254 171 56 139 -1 -1 -1 -1 
735 79 254 166 57 138 -1 -1 -1 -1 
736 79 254 165 56 137 -1 -1 -1 -1 
737 79 253 166 56 138 -1 -1 -1 -1 
738 79 253 165 55 138 -1 -1 -1 -1 
739 79 252 164 55 139 -1 -1 -1 -1 
740 79 253 164 56 137 -1 -1 -1 -1 
741 79 255 160 55 136 -1 -1 -1 -1 
742 79 255 161 55 136 -1 -1 -1 -1 
743 79 256 161 54 136 -1 -1 -1 -1 
744 79 258 162 54 135 -1 -1 -1 -1 
745 79 260 161 54 133 -1 -1 -1 -1 
746 79 266 162 54 132 -1 -1 -1 -1 
747 79 267 160 55 134 -1 -1 -1 -1 
748 79 271 161 54 134 -1 -1 -1 -1 
749 79 276 167 53 130 -1 -1 -1 -1 
750 79 284 165 53 130 -1 -1 -1 -1 
751 79 290 161 54 131 -1 -1 -1 -1 
752 79 300 161 51 126 -1 -1 -1 -1 
753 79 306 160 50 124 -1 -1 -1 -1 
754 79 316 162 51 123 -1 -1 -1 -1 
755 79 321 162 49 120 -1 -1 -1 -1 
756 79 328 162 49 118 -1 -1 -1 -1 
757 79 329 160 48 116 -1 -1 -1 -1 
612 80 152 168 47 115 -1 -1 -1 -1 
613 80 147 164 47 116 -1 -1 -1 -1 
614 80 137 161 50 122 -1 -1 -1 -1 
615 80 133 159 51 126 -1 -1 -1 -1 
616 80 129 154 54 132 -1 -1 -1 -1 
617 80 125 145 56 137 -1 -1 -1 -1 
618 80 114 139 58 141 -1 -1 -1 -1 
619 80 102 137 60 147 -1 -1 -1 -1 
620 80 95 136 61 151 -1 -1 -1 -1 
621 80 92 142 64 156 -1 -1 -1 -1 
622 80 92 147 65 159 -1 -1 -1 -1 
623 80 81 145 72 173 -1 -1 -1 -1 
642 80 0 54 106 334 -1 -1 -1 -1 
643 80 -3 43 91 350 -1 -1 -1 -1 
618 81 227 125 64 160 -1 -1 -1 -1 
619 81 223 125 65 160 -1 -1 -1 -1 
620 81 222 126 66 163 -1 -1 -1 -1 
621 81 227 136 67 163 -1 -1 -1 -1 
622 81 233 146 67 163 -1 -1 -1 -1 
623 81 233 150 70 163 -1 -1 -1 -1 
624 81 231 152 67 162 -1 -1 -1 -1 
644 81 276 124 88 214 -1 -1 -1 -1 
645 81 269 121 89 218 -1 -1 -1 -1 
646 81 263 120 89 220 -1 -1 -1 -1 
647 81 259 124 87 219 -1 -1 -1 -1 
648 81 259 128 87 217 -1 -1 -1 -1 
649 81 259 132 86 214 -1 -1 -1 -1 
650 81 256 131 86 213 -1 -1 -1 -1 
651 81 248 123 85 213 -1 -1 -1 -1 
652 81 244 126 86 214 -1 -1 -1 -1 
653 81 242 134 87 215 -1 -1 -1 -1 
654 81 242 131 87 212 -1 -1 -1 -1 
655 81 245 131 86 213 -1 -1 -1 -1 
656 81 247 130 86 212 -1 -1 -1 -1 
657 81 254 123 85 208 -1 -1 -1 -1 
658 81 259 121 84 205 -1 -1 -1 -1 
659 81 264 119 84 205 -1 -1 -1 -1 
660 81 260 127 83 205 -1 -1 -1 -1 
661 81 262 128 83 203 -1 -1 -1 -1 
662 81 261 131 81 201 -1 -1 -1 -1 
663 81 263 131 80 199 -1 -1 -1 -1 
664 81 264 131 80 199 -1 -1 -1 -1 
665 81 268 129 80 197 -1 -1 -1 -1 
666 81 269 127 79 195 -1 -1 -1 -1 
667 81 270 127 80 197 -1 -1 -1 -1 
668 81 274 130 80 195 -1 -1 -1 -1 
669 81 277 125 78 191 -1 -1 -1 -1 
670 81 279 124 78 191 -1 -1 -1 -1 
671 81 279 131 77 189 -1 -1 -1 -1 
672 81 278 143 76 188 -1 -1 -1 -1 
673 81 282 133 75 185 -1 -1 -1 -1 
674 81 278 129 75 185 -1 -1 -1 -1 
675 81 272 136 73 180 -1 -1 -1 -1 
676 81 268 140 72 179 -1 -1 -1 -1 
677 81 269 140 74 180 -1 -1 -1 -1 
678 81 266 137 74 181 -1 -1 -1 -1 
679 81 266 142 75 182 -1 -1 -1 -1 
680 81 267 146 74 181 -1 -1 -1 -1 
681 81 266 144 71 178 -1 -1 -1 -1 
682 81 262 141 73 179 -1 -1 -1 -1 
683 81 262 141 71 178 -1 -1 -1 -1 
684 81 260 138 72 178 -1 -1 -1 -1 
685 81 261 138 71 176 -1 -1 -1 -1 
686 81 261 137 71 174 -1 -1 -1 -1 
687 81 261 137 70 173 -1 -1 -1 -1 
688 81 255 133 72 175 -1 -1 -1 -1 
689 81 252 134 73 177 -1 -1 -1 -1 
690 81 251 134 73 178 -1 -1 -1 -1 
691 81 249 137 73 177 -1 -1 -1 -1 
692 81 249 141 73 176 -1 -1 -1 -1 
693 81 252 136 72 175 -1 -1 -1 -1 
694 81 252 130 71 173 -1 -1 -1 -1 
695 81 251 127 70 172 -1 -1 -1 -1 
696 81 252 132 70 173 -1 -1 -1 -1 
697 81 255 134 69 172 -1 -1 -1 -1 
698 81 254 132 70 171 -1 -1 -1 -1 
699 81 255 139 68 169 -1 -1 -1 -1 
700 81 256 147 68 167 -1 -1 -1 -1 
701 81 251 138 67 165 -1 -1 -1 -1 
702 81 246 136 66 166 -1 -1 -1 -1 
703 81 245 140 68 166 -1 -1 -1 -1 
704 81 244 143 67 164 -1 -1 -1 -1 
705 81 241 140 68 168 -1 -1 -1 -1 
706 81 237 139 69 169 -1 -1 -1 -1 
707 81 234 141 70 175 -1 -1 -1 -1 
708 81 230 140 72 181 -1 -1 -1 -1 
709 81 232 140 62 154 -1 -1 -1 -1 
710 81 231 138 62 153 -1 -1 -1 -1 
711 81 230 138 61 147 -1 -1 -1 -1 
712 81 229 142 58 143 -1 -1 -1 -1 
720 81 265 150 62 154 -1 -1 -1 -1 
721 81 269 147 64 159 -1 -1 -1 -1 
722 81 271 148 69 172 -1 -1 -1 -1 
723 81 280 152 61 149 -1 -1 -1 -1 
724 81 286 154 57 141 -1 -1 -1 -1 
725 81 289 152 54 134 -1 -1 -1 -1 
726 81 292 154 54 131 -1 -1 -1 -1 
727 81 294 152 54 131 -1 -1 -1 -1 
728 81 291 149 60 145 -1 -1 -1 -1 
729 81 290 147 64 159 -1 -1 -1 -1 
730 81 293 155 60 150 -1 -1 -1 -1 
629 82 159 140 67 165 -1 -1 -1 -1 
630 82 162 137 69 169 -1 -1 -1 -1 
631 82 158 132 72 178 -1 -1 -1 -1 
632 82 153 132 74 185 -1 -1 -1 -1 
633 82 149 129 82 197 -1 -1 -1 -1 
634 82 154 125 82 195 -1 -1 -1 -1 
663 84 27 132 80 197 -1 -1 -1 -1 
664 84 19 127 83 205 -1 -1 -1 -1 
665 84 9 118 88 219 -1 -1 -1 -1 
666 84 0 107 89 233 -1 -1 -1 -1 
667 84 -1 99 79 242 -1 -1 -1 -1 
668 84 -1 98 73 251 -1 -1 -1 -1 
669 84 -1 88 66 260 -1 -1 -1 -1 
670 84 -1 86 59 266 -1 -1 -1 -1 
671 84 -1 90 50 272 -1 -1 -1 -1 
668 85 48 97 100 246 -1 -1 -1 -1 
669 85 42 89 105 256 -1 -1 -1 -1 
670 85 34 84 107 266 -1 -1 -1 -1 
671 85 23 86 114 282 -1 -1 -1 -1 
672 85 10 88 120 300 -1 -1 -1 -1 
673 85 1 63 124 325 -1 -1 -1 -1 
674 85 -4 46 113 342 -1 -1 -1 -1 
675 85 -5 30 102 375 -1 -1 -1 -1 
676 85 -4 20 89 400 -1 -1 -1 -1 
677 85 -2 10 74 432 -1 -1 -1 -1 
670 86 399 104 102 252 -1 -1 -1 -1 
671 86 398 112 102 252 -1 -1 -1 -1 
672 86 396 125 100 246 -1 -1 -1 -1 
673 86 400 112 101 248 -1 -1 -1 -1 
674 86 395 104 103 251 -1 -1 -1 -1 
675 86 387 109 102 254 -1 -1 -1 -1 
676 86 380 114 104 256 -1 -1 -1 -1 
677 86 379 113 107 257 -1 -1 -1 -1 
678 86 377 111 105 257 -1 -1 -1 -1 
679 86 377 117 104 255 -1 -1 -1 -1 
680 86 375 121 104 256 -1 -1 -1 -1 
681 86 369 117 106 261 -1 -1 -1 -1 
682 86 363 115 104 260 -1 -1 -1 -1 
683 86 361 113 107 263 -1 -1 -1 -1 
684 86 358 108 108 268 -1 -1 -1 -1 
685 86 358 108 109 268 -1 -1 -1 -1 
686 86 356 108 110 271 -1 -1 -1 -1 
687 86 355 108 110 271 -1 -1 -1 -1 
688 86 355 104 108 263 -1 -1 -1 -1 
689 86 353 105 108 263 -1 -1 -1 -1 
690 86 351 104 108 263 -1 -1 -1 -1 
691 86 347 103 110 265 -1 -1 -1 -1 
692 86 345 103 111 270 -1 -1 -1 -1 
693 86 347 100 109 268 -1 -1 -1 -1 
694 86 345 96 112 273 -1 -1 -1 -1 
695 86 342 96 111 271 -1 -1 -1 -1 
696 86 341 100 110 270 -1 -1 -1 -1 
697 86 341 97 109 268 -1 -1 -1 -1 
698 86 336 94 110 268 -1 -1 -1 -1 
699 86 330 99 110 270 -1 -1 -1 -1 
700 86 329 108 110 273 -1 -1 -1 -1 
701 86 324 101 110 271 -1 -1 -1 -1 
702 86 321 103 107 267 -1 -1 -1 -1 
703 86 319 105 106 264 -1 -1 -1 -1 
704 86 314 103 106 260 -1 -1 -1 -1 
705 86 307 97 108 265 -1 -1 -1 -1 
706 86 298 96 109 268 -1 -1 -1 -1 
707 86 292 99 109 270 -1 -1 -1 -1 
708 86 286 100 109 272 -1 -1 -1 -1 
709 86 281 99 111 275 -1 -1 -1 -1 
710 86 276 97 113 277 -1 -1 -1 -1 
712 86 270 96 113 273 -1 -1 -1 -1 
713 86 270 90 113 278 -1 -1 -1 -1 
714 86 269 89 115 279 -1 -1 -1 -1 
715 86 272 92 114 278 -1 -1 -1 -1 
716 86 275 94 115 282 -1 -1 -1 -1 
717 86 281 94 116 286 -1 -1 -1 -1 
718 86 289 97 115 282 -1 -1 -1 -1 
719 86 297 99 113 274 -1 -1 -1 -1 
720 86 299 97 116 271 -1 -1 -1 -1 
721 86 300 96 114 275 -1 -1 -1 -1 
722 86 302 97 115 277 -1 -1 -1 -1 
723 86 305 101 119 282 -1 -1 -1 -1 
724 86 308 103 117 279 -1 -1 -1 -1 
725 86 308 99 117 278 -1 -1 -1 -1 
726 86 310 100 119 280 -1 -1 -1 -1 
727 86 313 94 118 281 -1 -1 -1 -1 
728 86 312 92 118 282 -1 -1 -1 -1 
729 86 309 90 117 284 -1 -1 -1 -1 
730 86 308 101 117 283 -1 -1 -1 -1 
731 86 312 111 116 281 -1 -1 -1 -1 
732 86 312 118 115 282 -1 -1 -1 -1 
733 86 311 117 114 280 -1 -1 -1 -1 
734 86 312 120 115 283 -1 -1 -1 -1 
735 86 314 113 111 275 -1 -1 -1 -1 
736 86 310 107 112 278 -1 -1 -1 -1 
737 86 308 110 111 275 -1 -1 -1 -1 
738 86 307 112 112 273 -1 -1 -1 -1 
739 86 306 117 110 274 -1 -1 -1 -1 
740 86 306 120 110 270 -1 -1 -1 -1 
741 86 305 115 112 272 -1 -1 -1 -1 
742 86 303 115 111 267 -1 -1 -1 -1 
743 86 304 111 110 269 -1 -1 -1 -1 
744 86 305 107 111 273 -1 -1 -1 -1 
745 86 303 101 116 280 -1 -1 -1 -1 
746 86 309 121 116 269 -1 -1 -1 -1 
747 86 309 108 118 286 -1 -1 -1 -1 
748 86 313 108 116 287 -1 -1 -1 -1 
749 86 317 107 118 283 -1 -1 -1 -1 
752 86 332 102 113 276 -1 -1 -1 -1 
753 86 336 105 109 271 -1 -1 -1 -1 
754 86 343 105 110 272 -1 -1 -1 -1 
755 86 345 103 112 277 -1 -1 -1 -1 
756 86 350 102 114 280 -1 -1 -1 -1 
757 86 348 97 118 283 -1 -1 -1 -1 
758 86 349 96 115 283 -1 -1 -1 -1 
759 86 348 95 117 286 -1 -1 -1 -1 
760 86 347 95 118 287 -1 -1 -1 -1 
761 86 349 96 118 290 -1 -1 -1 -1 
762 86 353 94 118 293 -1 -1 -1 -1 
763 86 353 87 119 287 -1 -1 -1 -1 
764 86 359 91 113 273 -1 -1 -1 -1 
765 86 362 91 114 275 -1 -1 -1 -1 
766 86 358 90 115 278 -1 -1 -1 -1 
767 86 352 89 114 282 -1 -1 -1 -1 
768 86 347 94 114 283 -1 -1 -1 -1 
769 86 348 98 114 285 -1 -1 -1 -1 
770 86 348 94 115 283 -1 -1 -1 -1 
771 86 342 92 116 285 -1 -1 -1 -1 
772 86 339 89 116 284 -1 -1 -1 -1 
773 86 337 88 114 281 -1 -1 -1 -1 
774 86 336 88 114 280 -1 -1 -1 -1 
775 86 337 88 115 282 -1 -1 -1 -1 
776 86 337 97 114 282 -1 -1 -1 -1 
777 86 337 100 115 287 -1 -1 -1 -1 
778 86 338 101 114 285 -1 -1 -1 -1 
779 86 345 101 111 277 -1 -1 -1 -1 
786 86 332 40 164 388 -1 -1 -1 -1 
787 86 328 38 164 395 -1 -1 -1 -1 
788 86 313 37 171 414 -1 -1 -1 -1 
789 86 305 46 172 412 -1 -1 -1 -1 
790 86 295 55 172 411 -1 -1 -1 -1 
791 86 289 53 176 424 -1 -1 -1 -1 
792 86 284 59 180 423 -1 -1 -1 -1 
793 86 278 58 174 408 -1 -1 -1 -1 
794 86 280 53 157 381 -1 -1 -1 -1 
795 86 274 61 151 371 -1 -1 -1 -1 
796 86 271 71 150 371 -1 -1 -1 -1 
797 86 269 71 148 365 -1 -1 -1 -1 
798 86 270 71 151 365 -1 -1 -1 -1 
799 86 267 66 156 369 -1 -1 -1 -1 
800 86 265 57 150 357 -1 -1 -1 -1 
801 86 265 58 149 357 -1 -1 -1 -1 
802 86 268 57 148 357 -1 -1 -1 -1 
803 86 270 59 148 360 -1 -1 -1 -1 
804 86 270 60 152 374 -1 -1 -1 -1 
805 86 270 60 155 383 -1 -1 -1 -1 
806 86 279 71 156 388 -1 -1 -1 -1 
807 86 288 65 166 398 -1 -1 -1 -1 
808 86 297 61 164 393 -1 -1 -1 -1 
809 86 317 59 162 375 -1 -1 -1 -1 
810 86 328 58 159 373 -1 -1 -1 -1 
811 86 335 50 163 375 -1 -1 -1 -1 
812 86 342 48 168 393 -1 -1 -1 -1 
813 86 347 44 172 410 -1 -1 -1 -1 
814 86 346 41 182 424 -1 -1 -1 -1 
816 86 371 28 174 415 -1 -1 -1 -1 
817 86 375 20 177 413 -1 -1 -1 -1 
818 86 383 15 182 417 -1 -1 -1 -1 
819 86 385 6 189 433 -1 -1 -1 -1 
820 86 392 4 189 444 -1 -1 -1 -1 
821 86 390 0 200 462 -1 -1 -1 -1 
822 86 393 0 205 473 -1 -1 -1 -1 
823 86 411 32 189 445 -1 -1 -1 -1 
824 86 425 10 197 462 -1 -1 -1 -1 
825 86 436 2 199 473 -1 -1 -1 -1 
681 87 64 133 77 190 -1 -1 -1 -1 
682 87 52 129 81 199 -1 -1 -1 -1 
683 87 42 126 85 212 -1 -1 -1 -1 
684 87 29 116 92 228 -1 -1 -1 -1 
685 87 22 109 94 236 -1 -1 -1 -1 
686 87 6 97 102 251 -1 -1 -1 -1 
687 87 0 88 97 265 -1 -1 -1 -1 
688 87 -4 77 87 278 -1 -1 -1 -1 
689 87 -4 70 74 282 -1 -1 -1 -1 
690 87 -3 65 71 296 -1 -1 -1 -1 
691 87 -2 79 65 291 -1 -1 -1 -1 
688 88 297 152 52 128 -1 -1 -1 -1 
689 88 296 153 55 133 -1 -1 -1 -1 
690 88 299 153 54 133 -1 -1 -1 -1 
691 88 302 155 55 133 -1 -1 -1 -1 
692 88 304 154 56 137 -1 -1 -1 -1 
693 88 311 148 55 137 -1 -1 -1 -1 
694 88 317 140 57 141 -1 -1 -1 -1 
695 88 319 136 69 169 -1 -1 -1 -1 
703 88 356 125 79 201 -1 -1 -1 -1 
704 88 359 120 83 206 -1 -1 -1 -1 
705 88 362 112 85 211 -1 -1 -1 -1 
706 88 363 107 89 220 -1 -1 -1 -1 
707 88 362 105 92 228 -1 -1 -1 -1 
692 89 45 136 71 175 -1 -1 -1 -1 
693 89 39 129 73 180 -1 -1 -1 -1 
694 89 29 126 75 183 -1 -1 -1 -1 
695 89 14 122 79 191 -1 -1 -1 -1 
696 89 5 124 83 201 -1 -1 -1 -1 
697 89 0 120 83 209 -1 -1 -1 -1 
698 89 -3 110 76 223 -1 -1 -1 -1 
699 89 -3 111 66 233 -1 -1 -1 -1 
700 89 -2 111 57 247 -1 -1 -1 -1 
701 89 -3 118 39 230 -1 -1 -1 -1 
695 90 88 141 59 144 -1 -1 -1 -1 
696 90 87 145 60 147 -1 -1 -1 -1 
697 90 87 144 61 151 -1 -1 -1 -1 
698 90 81 140 63 158 -1 -1 -1 -1 
699 90 77 144 65 163 -1 -1 -1 -1 
700 90 72 149 71 175 -1 -1 -1 -1 
701 90 65 146 80 198 -1 -1 -1 -1 
702 90 54 155 83 205 -1 -1 -1 -1 
703 90 44 160 87 215 -1 -1 -1 -1 
704 90 25 159 95 232 -1 -1 -1 -1 
705 90 7 153 101 247 -1 -1 -1 -1 
706 90 -1 146 93 265 -1 -1 -1 -1 
707 90 -4 138 78 284 -1 -1 -1 -1 
708 90 -4 112 64 315 -1 -1 -1 -1 
699 91 98 174 69 170 -1 -1 -1 -1 
700 91 89 172 74 186 -1 -1 -1 -1 
701 91 98 137 77 192 -1 -1 -1 -1 
702 91 93 125 81 202 -1 -1 -1 -1 
703 91 88 124 84 209 -1 -1 -1 -1 
704 91 80 121 89 220 -1 -1 -1 -1 
705 91 68 112 93 228 -1 -1 -1 -1 
706 91 50 104 99 242 -1 -1 -1 -1 
707 91 33 100 104 256 -1 -1 -1 -1 
708 91 17 95 106 262 -1 -1 -1 -1 
709 91 4 90 107 273 -1 -1 -1 -1 
710 91 0 80 103 291 -1 -1 -1 -1 
711 91 -2 63 94 320 -1 -1 -1 -1 
712 91 -2 49 79 343 -1 -1 -1 -1 
713 91 -1 28 69 374 -1 -1 -1 -1 
714 91 0 64 88 292 -1 -1 -1 -1 
715 91 4 78 93 254 -1 -1 -1 -1 
716 91 5 82 98 248 -1 -1 -1 -1 
717 91 5 79 102 254 -1 -1 -1 -1 
718 91 4 79 105 268 -1 -1 -1 -1 
719 91 1 76 107 283 -1 -1 -1 -1 
720 91 0 73 110 295 -1 -1 -1 -1 
721 91 0 59 111 316 -1 -1 -1 -1 
722 91 0 53 113 331 -1 -1 -1 -1 
723 91 0 43 115 349 -1 -1 -1 -1 
724 91 0 37 114 364 -1 -1 -1 -1 
725 91 0 21 109 379 -1 -1 -1 -1 
726 91 0 11 106 401 -1 -1 -1 -1 
727 91 -1 2 102 411 -1 -1 -1 -1 
728 91 -2 0 94 423 -1 -1 -1 -1 
729 91 -2 -2 83 432 -1 -1 -1 -1 
701 92 15 151 60 147 -1 -1 -1 -1 
702 92 7 148 62 152 -1 -1 -1 -1 
703 92 4 150 63 155 -1 -1 -1 -1 
704 92 0 152 60 157 -1 -1 -1 -1 
705 92 -1 147 55 164 -1 -1 -1 -1 
711 94 370 0 220 471 -1 -1 -1 -1 
712 94 353 0 237 478 -1 -1 -1 -1 
713 94 380 0 219 473 -1 -1 -1 -1 
714 94 389 0 219 444 -1 -1 -1 -1 
715 94 396 0 210 464 -1 -1 -1 -1 
716 94 400 1 208 471 -1 -1 -1 -1 
721 94 429 1 204 470 -1 -1 -1 -1 
722 94 434 0 204 469 -1 -1 -1 -1 
723 94 435 0 204 470 -1 -1 -1 -1 
724 94 436 0 202 468 -1 -1 -1 -1 
725 94 434 -1 203 467 -1 -1 -1 -1 
727 94 433 -1 204 467 -1 -1 -1 -1 
728 94 431 -1 205 467 -1 -1 -1 -1 
729 94 426 -1 208 468 -1 -1 -1 -1 
730 94 424 1 209 470 -1 -1 -1 -1 
731 94 425 1 209 470 -1 -1 -1 -1 
725 96 91 189 26 65 -1 -1 -1 -1 
726 96 92 189 26 67 -1 -1 -1 -1 
727 96 92 186 27 67 -1 -1 -1 -1 
728 96 87 187 27 67 -1 -1 -1 -1 
729 96 84 186 27 68 -1 -1 -1 -1 
730 96 81 192 28 69 -1 -1 -1 -1 
731 96 80 194 29 72 -1 -1 -1 -1 
732 96 76 196 29 72 -1 -1 -1 -1 
733 96 69 196 30 75 -1 -1 -1 -1 
734 96 65 200 30 75 -1 -1 -1 -1 
735 96 61 195 31 77 -1 -1 -1 -1 
736 96 55 191 32 78 -1 -1 -1 -1 
737 96 48 188 32 80 -1 -1 -1 -1 
738 96 44 186 33 81 -1 -1 -1 -1 
739 96 37 185 33 83 -1 -1 -1 -1 
740 96 31 184 34 85 -1 -1 -1 -1 
741 96 26 180 35 86 -1 -1 -1 -1 
742 96 21 179 34 87 -1 -1 -1 -1 
743 96 13 176 36 89 -1 -1 -1 -1 
744 96 8 173 38 93 -1 -1 -1 -1 
745 96 5 171 39 95 -1 -1 -1 -1 
746 96 1 172 45 120 -1 -1 -1 -1 
756 96 0 159 28 115 -1 -1 -1 -1 
757 96 0 154 23 143 -1 -1 -1 -1 
726 97 140 196 19 48 -1 -1 -1 -1 
727 97 141 192 19 49 -1 -1 -1 -1 
728 97 138 191 20 50 -1 -1 -1 -1 
729 97 137 193 19 47 -1 -1 -1 -1 
730 97 137 199 20 48 -1 -1 -1 -1 
731 97 137 202 21 49 -1 -1 -1 -1 
759 97 133 180 26 67 -1 -1 -1 -1 
760 97 130 178 27 67 -1 -1 -1 -1 
761 97 127 177 27 67 -1 -1 -1 -1 
762 97 128 173 28 69 -1 -1 -1 -1 
763 97 123 163 29 71 -1 -1 -1 -1 
764 97 123 165 29 74 -1 -1 -1 -1 
765 97 123 171 30 74 -1 -1 -1 -1 
766 97 121 171 30 75 -1 -1 -1 -1 
775 97 89 164 37 91 -1 -1 -1 -1 
776 97 87 166 37 92 -1 -1 -1 -1 
777 97 86 163 39 96 -1 -1 -1 -1 
778 97 90 165 38 95 -1 -1 -1 -1 
779 97 98 168 38 96 -1 -1 -1 -1 
780 97 103 167 39 97 -1 -1 -1 -1 
781 97 105 165 39 98 -1 -1 -1 -1 
737 99 106 139 71 175 -1 -1 -1 -1 
738 99 99 136 73 181 -1 -1 -1 -1 
739 99 91 134 75 185 -1 -1 -1 -1 
740 99 81 132 80 197 -1 -1 -1 -1 
741 99 73 126 83 203 -1 -1 -1 -1 
742 99 61 119 88 215 -1 -1 -1 -1 
743 99 47 109 92 226 -1 -1 -1 -1 
744 99 33 101 98 239 -1 -1 -1 -1 
745 99 22 95 101 248 -1 -1 -1 -1 
746 99 10 93 107 260 -1 -1 -1 -1 
747 99 0 86 108 275 -1 -1 -1 -1 
748 99 -3 77 102 293 -1 -1 -1 -1 
749 99 -3 68 92 313 -1 -1 -1 -1 
750 99 -1 51 81 346 -1 -1 -1 -1 
751 99 -1 35 76 366 -1 -1 -1 -1 
752 99 -1 19 66 388 -1 -1 -1 -1 
745 101 225 149 53 131 -1 -1 -1 -1 
746 101 230 154 53 129 -1 -1 -1 -1 
748 101 239 154 53 132 -1 -1 -1 -1 
749 101 245 157 53 131 -1 -1 -1 -1 
750 101 252 153 53 132 -1 -1 -1 -1 
751 101 257 149 54 132 -1 -1 -1 -1 
752 101 263 150 53 130 -1 -1 -1 -1 
753 101 268 150 51 128 -1 -1 -1 -1 
754 101 270 152 58 144 -1 -1 -1 -1 
755 101 276 151 57 140 -1 -1 -1 -1 
756 101 283 150 54 134 -1 -1 -1 -1 
757 101 286 149 53 132 -1 -1 -1 -1 
758 101 286 150 52 130 -1 -1 -1 -1 
759 101 287 153 50 128 -1 -1 -1 -1 
760 101 288 154 49 122 -1 -1 -1 -1 
761 101 291 154 48 120 -1 -1 -1 -1 
762 101 294 148 50 122 -1 -1 -1 -1 
764 101 296 140 52 126 -1 -1 -1 -1 
765 101 299 146 51 123 -1 -1 -1 -1 
770 101 324 177 26 67 -1 -1 -1 -1 
745 102 120 130 69 171 -1 -1 -1 -1 
746 102 118 132 71 173 -1 -1 -1 -1 
747 102 115 128 72 178 -1 -1 -1 -1 
748 102 109 124 75 185 -1 -1 -1 -1 
749 102 104 123 78 193 -1 -1 -1 -1 
750 102 103 116 82 201 -1 -1 -1 -1 
751 102 101 107 85 209 -1 -1 -1 -1 
752 102 95 102 90 220 -1 -1 -1 -1 
753 102 90 96 95 233 -1 -1 -1 -1 
754 102 87 91 99 245 -1 -1 -1 -1 
755 102 80 86 103 254 -1 -1 -1 -1 
756 102 75 81 108 268 -1 -1 -1 -1 
757 102 59 70 118 290 -1 -1 -1 -1 
758 102 39 56 125 310 -1 -1 -1 -1 
759 102 18 43 133 332 -1 -1 -1 -1 
760 102 3 29 136 349 -1 -1 -1 -1 
761 102 -2 12 120 371 -1 -1 -1 -1 
762 102 -4 1 114 388 -1 -1 -1 -1 
763 102 -6 -2 114 399 -1 -1 -1 -1 
760 103 183 164 45 112 -1 -1 -1 -1 
761 103 178 162 46 114 -1 -1 -1 -1 
762 103 175 158 46 114 -1 -1 -1 -1 
763 103 165 146 48 117 -1 -1 -1 -1 
764 103 159 148 49 121 -1 -1 -1 -1 
765 103 154 155 50 121 -1 -1 -1 -1 
766 103 147 158 49 119 -1 -1 -1 -1 
767 103 135 155 49 120 -1 -1 -1 -1 
768 103 125 156 50 123 -1 -1 -1 -1 
769 103 117 155 50 125 -1 -1 -1 -1 
770 103 110 152 51 126 -1 -1 -1 -1 
771 103 95 150 52 130 -1 -1 -1 -1 
772 103 85 149 52 130 -1 -1 -1 -1 
773 103 75 149 51 128 -1 -1 -1 -1 
774 103 67 151 52 128 -1 -1 -1 -1 
775 103 56 150 53 131 -1 -1 -1 -1 
776 103 47 152 53 131 -1 -1 -1 -1 
777 103 38 150 54 133 -1 -1 -1 -1 
778 103 31 145 56 140 -1 -1 -1 -1 
779 103 29 154 55 135 -1 -1 -1 -1 
780 103 27 156 54 133 -1 -1 -1 -1 
781 103 21 156 53 132 -1 -1 -1 -1 
782 103 15 156 54 133 -1 -1 -1 -1 
783 103 9 156 55 134 -1 -1 -1 -1 
784 103 4 159 55 134 -1 -1 -1 -1 
785 103 -1 157 47 134 -1 -1 -1 -1 
786 103 -3 157 34 136 -1 -1 -1 -1 
763 105 196 152 42 104 -1 -1 -1 -1 
764 105 196 153 44 108 -1 -1 -1 -1 
765 105 197 157 46 111 -1 -1 -1 -1 
766 105 195 156 47 114 -1 -1 -1 -1 
767 105 189 151 48 120 -1 -1 -1 -1 
768 105 183 153 50 123 -1 -1 -1 -1 
769 105 179 154 50 125 -1 -1 -1 -1 
770 105 177 151 51 128 -1 -1 -1 -1 
771 105 168 149 53 132 -1 -1 -1 -1 
772 105 162 145 55 135 -1 -1 -1 -1 
773 105 155 140 57 140 -1 -1 -1 -1 
774 105 150 138 59 147 -1 -1 -1 -1 
775 105 145 138 62 151 -1 -1 -1 -1 
776 105 138 139 63 156 -1 -1 -1 -1 
777 105 133 138 64 160 -1 -1 -1 -1 
778 105 130 136 66 167 -1 -1 -1 -1 
779 105 129 135 69 173 -1 -1 -1 -1 
780 105 126 133 71 176 -1 -1 -1 -1 
781 105 119 128 75 184 -1 -1 -1 -1 
782 105 115 127 76 188 -1 -1 -1 -1 
783 105 110 126 79 193 -1 -1 -1 -1 
784 105 102 126 82 201 -1 -1 -1 -1 
785 105 91 120 85 210 -1 -1 -1 -1 
786 105 76 113 88 222 -1 -1 -1 -1 
787 105 66 109 93 230 -1 -1 -1 -1 
788 105 50 104 98 245 -1 -1 -1 -1 
789 105 29 101 104 255 -1 -1 -1 -1 
790 105 7 100 109 272 -1 -1 -1 -1 
791 105 -1 92 105 293 -1 -1 -1 -1 
792 105 -4 86 90 314 -1 -1 -1 -1 
793 105 -4 71 72 333 -1 -1 -1 -1 
794 105 -4 55 59 348 -1 -1 -1 -1 
764 106 55 154 38 93 -1 -1 -1 -1 
765 106 61 159 39 96 -1 -1 -1 -1 
766 106 62 160 39 96 -1 -1 -1 -1 
767 106 59 156 39 98 -1 -1 -1 -1 
768 106 55 157 39 99 -1 -1 -1 -1 
769 106 54 157 39 99 -1 -1 -1 -1 
770 106 56 156 40 101 -1 -1 -1 -1 
771 106 51 155 42 102 -1 -1 -1 -1 
772 106 48 152 41 102 -1 -1 -1 -1 
773 106 47 150 40 102 -1 -1 -1 -1 
774 106 48 152 42 103 -1 -1 -1 -1 
786 106 44 170 39 97 -1 -1 -1 -1 
816 106 31 139 60 154 -1 -1 -1 -1 
817 106 26 140 61 154 -1 -1 -1 -1 
818 106 17 142 63 154 -1 -1 -1 -1 
819 106 8 142 65 158 -1 -1 -1 -1 
820 106 0 145 58 160 -1 -1 -1 -1 
821 106 -1 137 44 165 -1 -1 -1 -1 
764 107 87 163 34 82 -1 -1 -1 -1 
765 107 92 170 33 80 -1 -1 -1 -1 
766 107 91 169 34 83 -1 -1 -1 -1 
767 107 87 165 33 82 -1 -1 -1 -1 
768 107 85 165 35 87 -1 -1 -1 -1 
769 107 83 165 37 89 -1 -1 -1 -1 
770 107 80 167 35 87 -1 -1 -1 -1 
771 107 79 160 38 94 -1 -1 -1 -1 
779 107 67 160 42 106 -1 -1 -1 -1 
780 107 69 160 43 108 -1 -1 -1 -1 
781 107 70 157 44 109 -1 -1 -1 -1 
782 107 72 158 44 109 -1 -1 -1 -1 
783 107 77 157 45 111 -1 -1 -1 -1 
784 107 79 158 46 114 -1 -1 -1 -1 
799 107 27 150 54 135 -1 -1 -1 -1 
800 107 22 145 55 136 -1 -1 -1 -1 
801 107 18 148 57 138 -1 -1 -1 -1 
802 107 16 146 58 140 -1 -1 -1 -1 
803 107 14 145 59 145 -1 -1 -1 -1 
804 107 19 148 58 144 -1 -1 -1 -1 
805 107 22 144 59 145 -1 -1 -1 -1 
806 107 27 145 59 144 -1 -1 -1 -1 
807 107 33 144 59 144 -1 -1 -1 -1 
808 107 37 140 60 146 -1 -1 -1 -1 
809 107 48 144 60 147 -1 -1 -1 -1 
810 107 57 147 59 145 -1 -1 -1 -1 
811 107 60 146 58 145 -1 -1 -1 -1 
812 107 62 146 58 146 -1 -1 -1 -1 
813 107 60 144 59 147 -1 -1 -1 -1 
814 107 58 140 60 150 -1 -1 -1 -1 
815 107 55 142 61 151 -1 -1 -1 -1 
816 107 51 137 62 155 -1 -1 -1 -1 
817 107 49 136 64 156 -1 -1 -1 -1 
818 107 45 134 67 163 -1 -1 -1 -1 
819 107 41 133 69 169 -1 -1 -1 -1 
820 107 34 136 67 168 -1 -1 -1 -1 
821 107 24 129 66 167 -1 -1 -1 -1 
822 107 15 126 67 172 -1 -1 -1 -1 
823 107 10 131 69 174 -1 -1 -1 -1 
778 108 202 142 65 161 -1 -1 -1 -1 
779 108 205 141 69 169 -1 -1 -1 -1 
780 108 205 137 71 177 -1 -1 -1 -1 
781 108 200 131 75 185 -1 -1 -1 -1 
782 108 197 128 77 191 -1 -1 -1 -1 
783 108 194 125 81 197 -1 -1 -1 -1 
784 108 189 123 84 206 -1 -1 -1 -1 
785 108 180 118 87 216 -1 -1 -1 -1 
786 108 166 114 91 226 -1 -1 -1 -1 
787 108 156 114 93 232 -1 -1 -1 -1 
788 108 142 110 99 246 -1 -1 -1 -1 
789 108 124 102 107 268 -1 -1 -1 -1 
790 108 105 96 112 284 -1 -1 -1 -1 
791 108 88 90 118 297 -1 -1 -1 -1 
792 108 68 84 127 317 -1 -1 -1 -1 
793 108 48 71 135 332 -1 -1 -1 -1 
794 108 26 53 143 350 -1 -1 -1 -1 
795 108 4 39 145 400 -1 -1 -1 -1 
796 108 -1 27 131 416 -1 -1 -1 -1 
797 108 -4 6 119 452 -1 -1 -1 -1 
790 109 198 192 33 81 -1 -1 -1 -1 
791 109 194 192 32 81 -1 -1 -1 -1 
792 109 190 195 33 83 -1 -1 -1 -1 
793 109 185 190 34 84 -1 -1 -1 -1 
794 109 180 180 34 86 -1 -1 -1 -1 
795 109 173 182 36 89 -1 -1 -1 -1 
796 109 171 185 36 91 -1 -1 -1 -1 
797 109 165 181 37 92 -1 -1 -1 -1 
798 109 166 181 38 94 -1 -1 -1 -1 
799 109 164 180 39 95 -1 -1 -1 -1 
800 109 158 175 40 96 -1 -1 -1 -1 
801 109 155 178 41 98 -1 -1 -1 -1 
802 109 155 177 41 102 -1 -1 -1 -1 
803 109 154 179 42 104 -1 -1 -1 -1 
804 109 157 182 42 105 -1 -1 -1 -1 
805 109 161 179 43 106 -1 -1 -1 -1 
806 109 166 179 44 108 -1 -1 -1 -1 
807 109 170 176 46 112 -1 -1 -1 -1 
808 109 173 171 47 115 -1 -1 -1 -1 
809 109 183 173 48 118 -1 -1 -1 -1 
810 109 186 174 50 121 -1 -1 -1 -1 
811 109 188 171 51 123 -1 -1 -1 -1 
812 109 188 171 51 126 -1 -1 -1 -1 
813 109 187 169 52 129 -1 -1 -1 -1 
814 109 184 165 54 132 -1 -1 -1 -1 
815 109 182 165 55 136 -1 -1 -1 -1 
816 109 177 161 57 142 -1 -1 -1 -1 
817 109 172 158 59 146 -1 -1 -1 -1 
818 109 168 158 61 150 -1 -1 -1 -1 
819 109 164 159 62 154 -1 -1 -1 -1 
820 109 153 159 65 160 -1 -1 -1 -1 
821 109 143 152 67 166 -1 -1 -1 -1 
822 109 131 147 69 174 -1 -1 -1 -1 
823 109 124 147 73 183 -1 -1 -1 -1 
824 109 111 141 77 191 -1 -1 -1 -1 
825 109 98 137 81 200 -1 -1 -1 -1 
826 109 87 131 85 208 -1 -1 -1 -1 
827 109 69 128 88 220 -1 -1 -1 -1 
828 109 57 122 92 229 -1 -1 -1 -1 
829 109 43 114 98 242 -1 -1 -1 -1 
830 109 29 115 105 256 -1 -1 -1 -1 
831 109 10 107 111 274 -1 -1 -1 -1 
832 109 -2 89 96 304 -1 -1 -1 -1 
833 109 -4 82 81 322 -1 -1 -1 -1 
834 109 -4 71 70 328 -1 -1 -1 -1 
835 109 -3 91 54 306 -1 -1 -1 -1 
794 110 139 169 38 92 -1 -1 -1 -1 
795 110 127 170 38 96 -1 -1 -1 -1 
796 110 121 173 40 98 -1 -1 -1 -1 
797 110 113 168 40 99 -1 -1 -1 -1 
798 110 110 170 40 99 -1 -1 -1 -1 
799 110 105 169 42 101 -1 -1 -1 -1 
800 110 96 164 42 103 -1 -1 -1 -1 
801 110 90 166 42 106 -1 -1 -1 -1 
802 110 83 165 44 109 -1 -1 -1 -1 
803 110 79 166 46 112 -1 -1 -1 -1 
804 110 80 168 45 112 -1 -1 -1 -1 
805 110 79 163 46 114 -1 -1 -1 -1 
798 111 61 161 47 116 -1 -1 -1 -1 
799 111 60 161 47 118 -1 -1 -1 -1 
800 111 54 155 49 121 -1 -1 -1 -1 
801 111 52 159 48 121 -1 -1 -1 -1 
802 111 51 159 49 122 -1 -1 -1 -1 
803 111 51 160 49 122 -1 -1 -1 -1 
804 111 54 161 50 125 -1 -1 -1 -1 
805 111 59 158 50 126 -1 -1 -1 -1 
806 111 70 160 49 123 -1 -1 -1 -1 
807 111 75 158 50 124 -1 -1 -1 -1 
808 111 77 155 52 127 -1 -1 -1 -1 
809 111 86 156 53 130 -1 -1 -1 -1 
810 111 87 158 54 130 -1 -1 -1 -1 
811 111 92 156 53 131 -1 -1 -1 -1 
812 111 94 156 53 132 -1 -1 -1 -1 
813 111 94 155 53 134 -1 -1 -1 -1 
814 111 93 151 55 136 -1 -1 -1 -1 
815 111 94 152 55 138 -1 -1 -1 -1 
816 111 91 149 56 141 -1 -1 -1 -1 
817 111 89 148 57 141 -1 -1 -1 -1 
818 111 86 146 59 145 -1 -1 -1 -1 
819 111 84 147 59 146 -1 -1 -1 -1 
820 111 75 149 61 149 -1 -1 -1 -1 
821 111 67 142 62 152 -1 -1 -1 -1 
822 111 57 142 62 154 -1 -1 -1 -1 
823 111 54 145 63 157 -1 -1 -1 -1 
824 111 45 141 65 161 -1 -1 -1 -1 
825 111 37 140 65 162 -1 -1 -1 -1 
826 111 33 135 67 165 -1 -1 -1 -1 
827 111 21 133 68 171 -1 -1 -1 -1 
828 111 15 130 69 173 -1 -1 -1 -1 
829 111 11 128 72 177 -1 -1 -1 -1 
830 111 8 135 72 179 -1 -1 -1 -1 
831 111 0 134 70 182 -1 -1 -1 -1 
798 112 187 185 28 67 -1 -1 -1 -1 
799 112 186 184 27 68 -1 -1 -1 -1 
805 112 186 184 30 75 -1 -1 -1 -1 
806 112 188 183 31 77 -1 -1 -1 -1 
807 112 192 183 32 77 -1 -1 -1 -1 
808 112 197 184 30 75 -1 -1 -1 -1 
810 112 212 185 32 78 -1 -1 -1 -1 
811 112 214 182 33 80 -1 -1 -1 -1 
812 112 215 182 33 80 -1 -1 -1 -1 
814 112 215 175 35 87 -1 -1 -1 -1 
815 112 215 176 36 89 -1 -1 -1 -1 
816 112 214 175 36 88 -1 -1 -1 -1 
819 112 209 169 39 97 -1 -1 -1 -1 
820 112 201 171 40 98 -1 -1 -1 -1 
821 112 194 166 40 101 -1 -1 -1 -1 
822 112 186 165 41 102 -1 -1 -1 -1 
823 112 184 169 41 104 -1 -1 -1 -1 
824 112 175 165 44 109 -1 -1 -1 -1 
825 112 170 162 45 113 -1 -1 -1 -1 
826 112 165 156 46 116 -1 -1 -1 -1 
800 113 206 182 30 75 -1 -1 -1 -1 
801 113 203 185 31 77 -1 -1 -1 -1 
802 113 202 187 31 77 -1 -1 -1 -1 
803 113 201 190 31 77 -1 -1 -1 -1 
804 113 205 192 31 77 -1 -1 -1 -1 
805 113 207 186 33 81 -1 -1 -1 -1 
806 113 210 187 34 82 -1 -1 -1 -1 
807 113 215 186 34 84 -1 -1 -1 -1 
808 113 218 184 35 85 -1 -1 -1 -1 
809 113 228 186 36 87 -1 -1 -1 -1 
810 113 234 188 36 88 -1 -1 -1 -1 
811 113 239 184 36 90 -1 -1 -1 -1 
812 113 239 183 37 92 -1 -1 -1 -1 
813 113 239 182 37 94 -1 -1 -1 -1 
814 113 237 178 39 97 -1 -1 -1 -1 
815 113 237 181 39 97 -1 -1 -1 -1 
816 113 235 177 40 101 -1 -1 -1 -1 
817 113 233 174 41 103 -1 -1 -1 -1 
818 113 230 171 43 107 -1 -1 -1 -1 
819 113 227 169 45 112 -1 -1 -1 -1 
820 113 218 171 47 117 -1 -1 -1 -1 
821 113 211 167 47 119 -1 -1 -1 -1 
822 113 202 167 49 120 -1 -1 -1 -1 
823 113 199 169 51 126 -1 -1 -1 -1 
824 113 192 164 52 130 -1 -1 -1 -1 
825 113 185 160 54 135 -1 -1 -1 -1 
826 113 178 153 56 141 -1 -1 -1 -1 
827 113 163 155 58 146 -1 -1 -1 -1 
828 113 156 154 60 150 -1 -1 -1 -1 
829 113 151 151 63 155 -1 -1 -1 -1 
830 113 146 154 66 162 -1 -1 -1 -1 
831 113 137 148 69 168 -1 -1 -1 -1 
832 113 118 136 73 180 -1 -1 -1 -1 
833 113 107 132 77 191 -1 -1 -1 -1 
834 113 97 128 82 201 -1 -1 -1 -1 
835 113 87 125 86 213 -1 -1 -1 -1 
836 113 80 121 91 224 -1 -1 -1 -1 
837 113 73 116 97 240 -1 -1 -1 -1 
809 114 254 198 30 73 -1 -1 -1 -1 
810 114 259 199 30 75 -1 -1 -1 -1 
811 114 262 194 32 78 -1 -1 -1 -1 
812 114 263 193 32 81 -1 -1 -1 -1 
813 114 262 193 34 83 -1 -1 -1 -1 
814 114 262 192 34 83 -1 -1 -1 -1 
815 114 263 194 35 84 -1 -1 -1 -1 
816 114 262 193 34 84 -1 -1 -1 -1 
817 114 261 190 35 86 -1 -1 -1 -1 
818 114 259 187 38 91 -1 -1 -1 -1 
819 114 258 186 39 95 -1 -1 -1 -1 
820 114 252 190 39 96 -1 -1 -1 -1 
821 114 247 187 39 97 -1 -1 -1 -1 
822 114 241 185 41 102 -1 -1 -1 -1 
823 114 241 189 42 104 -1 -1 -1 -1 
824 114 235 183 44 109 -1 -1 -1 -1 
825 114 231 181 45 113 -1 -1 -1 -1 
826 114 226 176 47 117 -1 -1 -1 -1 
827 114 216 179 48 121 -1 -1 -1 -1 
828 114 212 179 49 123 -1 -1 -1 -1 
829 114 208 175 52 129 -1 -1 -1 -1 
830 114 206 179 54 134 -1 -1 -1 -1 
831 114 198 174 57 142 -1 -1 -1 -1 
832 114 181 164 61 152 -1 -1 -1 -1 
833 114 174 162 63 157 -1 -1 -1 -1 
834 114 167 160 66 163 -1 -1 -1 -1 
835 114 160 157 69 171 -1 -1 -1 -1 
836 114 154 153 74 182 -1 -1 -1 -1 
837 114 149 149 79 194 -1 -1 -1 -1 
816 115 285 185 32 80 -1 -1 -1 -1 
817 115 283 182 33 82 -1 -1 -1 -1 
818 115 283 180 34 84 -1 -1 -1 -1 
819 115 283 180 34 86 -1 -1 -1 -1 
820 115 277 183 35 86 -1 -1 -1 -1 
821 115 272 181 35 86 -1 -1 -1 -1 
822 115 266 179 36 90 -1 -1 -1 -1 
823 115 265 182 37 93 -1 -1 -1 -1 
824 115 260 177 38 96 -1 -1 -1 -1 
825 115 255 174 40 101 -1 -1 -1 -1 
826 115 252 170 41 102 -1 -1 -1 -1 
827 115 243 174 41 103 -1 -1 -1 -1 
828 115 241 174 41 105 -1 -1 -1 -1 
829 115 240 171 43 108 -1 -1 -1 -1 
830 115 241 175 45 110 -1 -1 -1 -1 
831 115 236 171 47 115 -1 -1 -1 -1 
832 115 225 163 48 119 -1 -1 -1 -1 
833 115 222 162 49 123 -1 -1 -1 -1 
834 115 219 160 51 126 -1 -1 -1 -1 
835 115 218 158 53 130 -1 -1 -1 -1 
836 115 220 156 54 134 -1 -1 -1 -1 
837 115 224 155 56 138 -1 -1 -1 -1 
824 116 376 116 105 257 -1 -1 -1 -1 
825 116 381 114 101 245 -1 -1 -1 -1 
826 116 381 108 101 243 -1 -1 -1 -1 
827 116 375 113 101 250 -1 -1 -1 -1 
828 116 374 114 102 252 -1 -1 -1 -1 
829 116 376 114 104 254 -1 -1 -1 -1 
830 116 379 120 104 253 -1 -1 -1 -1 
831 116 377 119 106 256 -1 -1 -1 -1 
832 116 369 110 105 259 -1 -1 -1 -1 
833 116 367 108 106 260 -1 -1 -1 -1 
834 116 370 105 106 260 -1 -1 -1 -1 
835 116 372 105 106 261 -1 -1 -1 -1 
836 116 378 106 106 263 -1 -1 -1 -1 
837 116 386 110 107 264 -1 -1 -1 -1 
828 117 289 174 38 96 -1 -1 -1 -1 
829 117 290 171 39 97 -1 -1 -1 -1 
830 117 291 174 40 99 -1 -1 -1 -1 
831 117 288 172 40 99 -1 -1 -1 -1 
832 117 278 165 39 100 -1 -1 -1 -1 
833 117 273 166 39 99 -1 -1 -1 -1 
834 117 270 166 40 98 -1 -1 -1 -1 
835 117 271 166 38 97 -1 -1 -1 -1 
836 117 273 166 39 96 -1 -1 -1 -1 
837 117 278 168 39 96 -1 -1 -1 -1 
