1 1 1717 396 130 321 -1 -1 -1 -1 
2 1 1711 400 129 319 -1 -1 -1 -1 
3 1 1708 402 129 319 -1 -1 -1 -1 
4 1 1706 400 131 322 -1 -1 -1 -1 
5 1 1702 396 134 330 -1 -1 -1 -1 
6 1 1699 394 135 332 -1 -1 -1 -1 
7 1 1697 394 136 331 -1 -1 -1 -1 
8 1 1693 395 137 333 -1 -1 -1 -1 
9 1 1690 397 137 332 -1 -1 -1 -1 
10 1 1688 398 137 334 -1 -1 -1 -1 
11 1 1686 398 138 336 -1 -1 -1 -1 
12 1 1686 396 139 339 -1 -1 -1 -1 
13 1 1684 392 140 344 -1 -1 -1 -1 
14 1 1683 389 142 348 -1 -1 -1 -1 
15 1 1682 385 143 352 -1 -1 -1 -1 
16 1 1682 386 143 350 -1 -1 -1 -1 
17 1 1677 385 143 350 -1 -1 -1 -1 
18 1 1671 385 143 350 -1 -1 -1 -1 
19 1 1666 385 142 351 -1 -1 -1 -1 
20 1 1661 385 143 353 -1 -1 -1 -1 
21 1 1658 385 145 355 -1 -1 -1 -1 
22 1 1656 384 146 357 -1 -1 -1 -1 
23 1 1654 386 146 357 -1 -1 -1 -1 
24 1 1653 386 147 358 -1 -1 -1 -1 
25 1 1653 388 147 357 -1 -1 -1 -1 
26 1 1651 388 147 358 -1 -1 -1 -1 
27 1 1648 387 148 360 -1 -1 -1 -1 
28 1 1643 385 149 364 -1 -1 -1 -1 
29 1 1641 383 148 363 -1 -1 -1 -1 
30 1 1640 384 146 361 -1 -1 -1 -1 
31 1 1639 383 148 363 -1 -1 -1 -1 
32 1 1635 382 150 365 -1 -1 -1 -1 
33 1 1633 379 152 370 -1 -1 -1 -1 
34 1 1634 380 152 372 -1 -1 -1 -1 
35 1 1631 379 155 376 -1 -1 -1 -1 
36 1 1628 378 156 379 -1 -1 -1 -1 
37 1 1626 376 157 384 -1 -1 -1 -1 
38 1 1624 377 156 382 -1 -1 -1 -1 
39 1 1622 378 155 380 -1 -1 -1 -1 
40 1 1621 379 155 382 -1 -1 -1 -1 
41 1 1617 380 157 386 -1 -1 -1 -1 
42 1 1614 379 159 391 -1 -1 -1 -1 
43 1 1613 378 161 394 -1 -1 -1 -1 
44 1 1613 377 161 395 -1 -1 -1 -1 
45 1 1614 375 160 396 -1 -1 -1 -1 
46 1 1612 371 161 400 -1 -1 -1 -1 
47 1 1609 369 163 402 -1 -1 -1 -1 
48 1 1606 368 162 400 -1 -1 -1 -1 
49 1 1602 368 163 400 -1 -1 -1 -1 
50 1 1597 367 164 403 -1 -1 -1 -1 
51 1 1594 367 165 404 -1 -1 -1 -1 
52 1 1589 369 165 404 -1 -1 -1 -1 
53 1 1582 367 167 407 -1 -1 -1 -1 
54 1 1578 369 166 406 -1 -1 -1 -1 
55 1 1570 366 169 411 -1 -1 -1 -1 
56 1 1566 367 169 413 -1 -1 -1 -1 
57 1 1560 369 169 413 -1 -1 -1 -1 
58 1 1557 366 168 415 -1 -1 -1 -1 
59 1 1552 365 170 418 -1 -1 -1 -1 
60 1 1547 364 172 420 -1 -1 -1 -1 
61 1 1543 362 173 424 -1 -1 -1 -1 
62 1 1538 359 174 427 -1 -1 -1 -1 
63 1 1536 356 174 429 -1 -1 -1 -1 
64 1 1533 354 176 432 -1 -1 -1 -1 
65 1 1529 352 177 435 -1 -1 -1 -1 
66 1 1525 353 179 438 -1 -1 -1 -1 
67 1 1522 354 179 441 -1 -1 -1 -1 
68 1 1518 352 181 447 -1 -1 -1 -1 
69 1 1516 354 181 447 -1 -1 -1 -1 
70 1 1512 355 182 450 -1 -1 -1 -1 
71 1 1508 358 182 449 -1 -1 -1 -1 
72 1 1505 359 182 450 -1 -1 -1 -1 
73 1 1503 356 185 458 -1 -1 -1 -1 
74 1 1501 352 187 466 -1 -1 -1 -1 
75 1 1499 345 191 473 -1 -1 -1 -1 
76 1 1500 342 191 475 -1 -1 -1 -1 
77 1 1498 339 194 478 -1 -1 -1 -1 
78 1 1496 338 193 478 -1 -1 -1 -1 
79 1 1490 337 193 476 -1 -1 -1 -1 
80 1 1486 334 195 481 -1 -1 -1 -1 
81 1 1478 332 198 486 -1 -1 -1 -1 
82 1 1471 330 199 488 -1 -1 -1 -1 
83 1 1465 329 200 489 -1 -1 -1 -1 
84 1 1459 330 200 492 -1 -1 -1 -1 
85 1 1454 332 198 490 -1 -1 -1 -1 
86 1 1450 334 200 492 -1 -1 -1 -1 
87 1 1445 333 201 493 -1 -1 -1 -1 
88 1 1436 333 201 494 -1 -1 -1 -1 
89 1 1430 334 201 494 -1 -1 -1 -1 
90 1 1421 332 203 498 -1 -1 -1 -1 
91 1 1416 330 204 501 -1 -1 -1 -1 
92 1 1413 328 205 504 -1 -1 -1 -1 
93 1 1408 326 206 507 -1 -1 -1 -1 
94 1 1403 324 208 510 -1 -1 -1 -1 
95 1 1399 325 208 512 -1 -1 -1 -1 
96 1 1389 322 211 521 -1 -1 -1 -1 
97 1 1380 322 214 526 -1 -1 -1 -1 
98 1 1370 321 217 532 -1 -1 -1 -1 
99 1 1364 322 219 537 -1 -1 -1 -1 
100 1 1354 320 222 545 -1 -1 -1 -1 
101 1 1345 322 222 545 -1 -1 -1 -1 
102 1 1340 328 220 537 -1 -1 -1 -1 
103 1 1334 329 221 540 -1 -1 -1 -1 
104 1 1330 328 222 544 -1 -1 -1 -1 
105 1 1328 323 224 550 -1 -1 -1 -1 
106 1 1323 317 227 556 -1 -1 -1 -1 
107 1 1321 313 228 560 -1 -1 -1 -1 
108 1 1310 310 230 567 -1 -1 -1 -1 
109 1 1305 307 231 570 -1 -1 -1 -1 
110 1 1299 302 234 577 -1 -1 -1 -1 
111 1 1291 299 237 578 -1 -1 -1 -1 
112 1 1283 298 238 580 -1 -1 -1 -1 
113 1 1270 299 238 583 -1 -1 -1 -1 
114 1 1258 300 240 585 -1 -1 -1 -1 
115 1 1248 301 240 588 -1 -1 -1 -1 
116 1 1241 301 239 589 -1 -1 -1 -1 
117 1 1232 301 240 590 -1 -1 -1 -1 
118 1 1223 303 242 593 -1 -1 -1 -1 
119 1 1211 303 246 602 -1 -1 -1 -1 
120 1 1205 303 247 605 -1 -1 -1 -1 
121 1 1197 299 247 607 -1 -1 -1 -1 
122 1 1191 296 248 612 -1 -1 -1 -1 
123 1 1183 293 252 615 -1 -1 -1 -1 
124 1 1179 291 254 622 -1 -1 -1 -1 
125 1 1172 288 257 629 -1 -1 -1 -1 
126 1 1162 285 258 636 -1 -1 -1 -1 
127 1 1150 284 262 642 -1 -1 -1 -1 
128 1 1134 284 267 651 -1 -1 -1 -1 
129 1 1124 281 272 664 -1 -1 -1 -1 
130 1 1115 279 274 669 -1 -1 -1 -1 
131 1 1100 278 274 670 -1 -1 -1 -1 
132 1 1091 277 274 671 -1 -1 -1 -1 
133 1 1082 278 276 676 -1 -1 -1 -1 
134 1 1072 278 280 686 -1 -1 -1 -1 
135 1 1070 276 281 691 -1 -1 -1 -1 
136 1 1065 271 285 701 -1 -1 -1 -1 
137 1 1062 266 288 706 -1 -1 -1 -1 
138 1 1053 265 290 711 -1 -1 -1 -1 
139 1 1045 263 294 717 -1 -1 -1 -1 
140 1 1038 259 295 723 -1 -1 -1 -1 
141 1 1028 251 298 730 -1 -1 -1 -1 
142 1 1017 249 298 734 -1 -1 -1 -1 
143 1 999 246 303 744 -1 -1 -1 -1 
144 1 985 241 307 753 -1 -1 -1 -1 
145 1 973 241 306 753 -1 -1 -1 -1 
146 1 961 241 308 754 -1 -1 -1 -1 
147 1 951 245 310 754 -1 -1 -1 -1 
148 1 935 243 313 770 -1 -1 -1 -1 
149 1 909 244 322 787 -1 -1 -1 -1 
150 1 893 245 325 798 -1 -1 -1 -1 
151 1 888 240 325 801 -1 -1 -1 -1 
152 1 885 237 325 799 -1 -1 -1 -1 
153 1 872 231 330 806 -1 -1 -1 -1 
154 1 861 226 331 816 -1 -1 -1 -1 
155 1 854 226 328 813 -1 -1 -1 -1 
156 1 839 224 334 823 -1 -1 -1 -1 
157 1 825 219 342 831 -1 -1 -1 -1 
158 1 805 216 344 841 -1 -1 -1 -1 
159 1 792 213 345 851 -1 -1 -1 -1 
160 1 782 214 343 849 -1 -1 -1 -1 
161 1 760 213 350 854 -1 -1 -1 -1 
162 1 740 211 350 858 -1 -1 -1 -1 
163 1 725 216 347 850 -1 -1 -1 -1 
164 1 705 211 351 855 -1 -1 -1 -1 
165 1 694 209 353 858 -1 -1 -1 -1 
166 1 689 208 351 857 -1 -1 -1 -1 
167 1 676 200 355 865 -1 -1 -1 -1 
168 1 661 193 359 875 -1 -1 -1 -1 
169 1 650 187 361 882 -1 -1 -1 -1 
170 1 640 181 361 888 -1 -1 -1 -1 
171 1 617 173 367 896 -1 -1 -1 -1 
172 1 600 168 369 898 -1 -1 -1 -1 
173 1 577 160 371 905 -1 -1 -1 -1 
174 1 558 154 372 913 -1 -1 -1 -1 
175 1 537 157 374 911 -1 -1 -1 -1 
176 1 510 149 378 920 -1 -1 -1 -1 
177 1 481 148 382 923 -1 -1 -1 -1 
178 1 461 142 383 930 -1 -1 -1 -1 
179 1 441 142 383 931 -1 -1 -1 -1 
180 1 424 139 383 933 -1 -1 -1 -1 
181 1 383 153 381 918 -1 -1 -1 -1 
182 1 354 159 384 913 -1 -1 -1 -1 
183 1 330 150 385 921 -1 -1 -1 -1 
184 1 304 137 389 933 -1 -1 -1 -1 
185 1 278 131 396 939 -1 -1 -1 -1 
186 1 237 124 395 945 -1 -1 -1 -1 
187 1 207 116 399 952 -1 -1 -1 -1 
188 1 166 108 403 961 -1 -1 -1 -1 
189 1 134 96 408 971 -1 -1 -1 -1 
190 1 106 82 409 987 -1 -1 -1 -1 
191 1 72 80 409 988 -1 -1 -1 -1 
192 1 38 78 406 989 -1 -1 -1 -1 
193 1 14 73 409 996 -1 -1 -1 -1 
194 1 -3 79 387 987 -1 -1 -1 -1 
195 1 -9 91 367 984 -1 -1 -1 -1 
196 1 -10 88 327 990 -1 -1 -1 -1 
197 1 -9 95 289 984 -1 -1 -1 -1 
198 1 -7 107 261 964 -1 -1 -1 -1 
199 1 -6 90 239 987 -1 -1 -1 -1 
200 1 -5 98 209 975 -1 -1 -1 -1 
201 1 -3 106 196 968 -1 -1 -1 -1 
202 1 -2 114 152 952 -1 -1 -1 -1 
203 1 -1 95 131 970 -1 -1 -1 -1 
204 1 0 170 112 893 -1 -1 -1 -1 
207 1 -2 270 134 750 -1 -1 -1 -1 
208 1 -3 272 153 729 -1 -1 -1 -1 
209 1 -3 271 177 717 -1 -1 -1 -1 
210 1 -3 276 203 694 -1 -1 -1 -1 
211 1 -3 274 205 684 -1 -1 -1 -1 
212 1 -3 269 163 737 -1 -1 -1 -1 
1 2 1283 463 77 189 -1 -1 -1 -1 
2 2 1282 461 79 193 -1 -1 -1 -1 
3 2 1283 461 79 192 -1 -1 -1 -1 
4 2 1284 459 79 194 -1 -1 -1 -1 
5 2 1284 459 81 198 -1 -1 -1 -1 
6 2 1288 461 79 194 -1 -1 -1 -1 
7 2 1291 461 78 194 -1 -1 -1 -1 
8 2 1295 461 80 195 -1 -1 -1 -1 
9 2 1298 460 80 196 -1 -1 -1 -1 
10 2 1300 458 80 198 -1 -1 -1 -1 
11 2 1301 459 79 197 -1 -1 -1 -1 
12 2 1299 458 80 198 -1 -1 -1 -1 
13 2 1301 459 80 198 -1 -1 -1 -1 
14 2 1300 458 80 198 -1 -1 -1 -1 
15 2 1301 459 78 195 -1 -1 -1 -1 
16 2 1303 461 78 192 -1 -1 -1 -1 
17 2 1305 462 76 189 -1 -1 -1 -1 
18 2 1307 462 77 190 -1 -1 -1 -1 
19 2 1309 463 77 190 -1 -1 -1 -1 
20 2 1311 464 78 194 -1 -1 -1 -1 
21 2 1311 464 77 192 -1 -1 -1 -1 
22 2 1314 466 77 190 -1 -1 -1 -1 
23 2 1321 467 77 190 -1 -1 -1 -1 
24 2 1323 467 77 191 -1 -1 -1 -1 
25 2 1323 468 77 190 -1 -1 -1 -1 
26 2 1324 467 77 191 -1 -1 -1 -1 
27 2 1323 466 78 192 -1 -1 -1 -1 
28 2 1323 466 78 191 -1 -1 -1 -1 
29 2 1324 467 78 190 -1 -1 -1 -1 
30 2 1325 467 78 191 -1 -1 -1 -1 
31 2 1325 467 78 193 -1 -1 -1 -1 
32 2 1326 468 78 191 -1 -1 -1 -1 
33 2 1326 469 75 189 -1 -1 -1 -1 
34 2 1326 469 75 189 -1 -1 -1 -1 
35 2 1327 469 76 189 -1 -1 -1 -1 
36 2 1329 469 76 189 -1 -1 -1 -1 
37 2 1329 469 76 189 -1 -1 -1 -1 
38 2 1328 468 76 189 -1 -1 -1 -1 
39 2 1329 468 77 189 -1 -1 -1 -1 
40 2 1331 469 77 189 -1 -1 -1 -1 
41 2 1331 470 77 187 -1 -1 -1 -1 
42 2 1330 470 76 187 -1 -1 -1 -1 
43 2 1330 471 75 184 -1 -1 -1 -1 
44 2 1330 471 75 184 -1 -1 -1 -1 
45 2 1333 471 76 185 -1 -1 -1 -1 
46 2 1332 471 75 184 -1 -1 -1 -1 
47 2 1333 471 74 183 -1 -1 -1 -1 
48 2 1333 472 73 180 -1 -1 -1 -1 
49 2 1335 471 73 182 -1 -1 -1 -1 
50 2 1334 472 72 179 -1 -1 -1 -1 
51 2 1336 472 73 180 -1 -1 -1 -1 
52 2 1337 473 72 179 -1 -1 -1 -1 
53 2 1337 475 70 175 -1 -1 -1 -1 
54 2 1336 475 70 173 -1 -1 -1 -1 
55 2 1336 475 70 174 -1 -1 -1 -1 
56 2 1336 475 70 174 -1 -1 -1 -1 
57 2 1337 475 71 176 -1 -1 -1 -1 
58 2 1336 475 70 174 -1 -1 -1 -1 
59 2 1334 475 71 176 -1 -1 -1 -1 
60 2 1334 475 70 175 -1 -1 -1 -1 
61 2 1334 475 71 175 -1 -1 -1 -1 
62 2 1336 474 72 178 -1 -1 -1 -1 
63 2 1335 474 71 177 -1 -1 -1 -1 
64 2 1334 475 71 175 -1 -1 -1 -1 
65 2 1334 475 71 175 -1 -1 -1 -1 
66 2 1334 475 70 174 -1 -1 -1 -1 
67 2 1335 475 70 175 -1 -1 -1 -1 
68 2 1336 474 72 179 -1 -1 -1 -1 
69 2 1335 474 72 178 -1 -1 -1 -1 
70 2 1335 474 71 177 -1 -1 -1 -1 
71 2 1334 474 72 178 -1 -1 -1 -1 
72 2 1334 473 72 179 -1 -1 -1 -1 
73 2 1334 474 72 178 -1 -1 -1 -1 
74 2 1334 474 71 178 -1 -1 -1 -1 
75 2 1334 474 73 181 -1 -1 -1 -1 
76 2 1334 473 74 183 -1 -1 -1 -1 
77 2 1334 473 74 183 -1 -1 -1 -1 
78 2 1333 474 75 183 -1 -1 -1 -1 
79 2 1333 473 75 184 -1 -1 -1 -1 
80 2 1333 474 75 183 -1 -1 -1 -1 
81 2 1333 473 76 184 -1 -1 -1 -1 
82 2 1333 473 75 184 -1 -1 -1 -1 
83 2 1331 472 76 185 -1 -1 -1 -1 
84 2 1331 472 75 185 -1 -1 -1 -1 
85 2 1330 472 76 185 -1 -1 -1 -1 
86 2 1330 472 76 185 -1 -1 -1 -1 
87 2 1330 472 76 185 -1 -1 -1 -1 
88 2 1330 473 75 184 -1 -1 -1 -1 
89 2 1330 473 74 184 -1 -1 -1 -1 
90 2 1328 472 74 183 -1 -1 -1 -1 
91 2 1328 472 74 183 -1 -1 -1 -1 
92 2 1327 471 74 184 -1 -1 -1 -1 
93 2 1328 470 75 185 -1 -1 -1 -1 
94 2 1327 470 75 185 -1 -1 -1 -1 
95 2 1327 469 74 186 -1 -1 -1 -1 
96 2 1328 469 74 185 -1 -1 -1 -1 
97 2 1330 470 74 184 -1 -1 -1 -1 
98 2 1331 472 73 184 -1 -1 -1 -1 
99 2 1332 471 74 186 -1 -1 -1 -1 
100 2 1332 471 76 186 -1 -1 -1 -1 
101 2 1331 472 74 185 -1 -1 -1 -1 
102 2 1328 470 74 185 -1 -1 -1 -1 
103 2 1325 468 74 184 -1 -1 -1 -1 
104 2 1326 484 71 172 -1 -1 -1 -1 
1 3 246 457 98 241 -1 -1 -1 -1 
2 3 249 457 99 243 -1 -1 -1 -1 
3 3 252 456 99 244 -1 -1 -1 -1 
4 3 254 456 100 245 -1 -1 -1 -1 
5 3 258 457 99 243 -1 -1 -1 -1 
6 3 262 459 96 239 -1 -1 -1 -1 
7 3 267 457 96 238 -1 -1 -1 -1 
8 3 270 456 96 239 -1 -1 -1 -1 
9 3 274 455 94 238 -1 -1 -1 -1 
10 3 277 456 94 235 -1 -1 -1 -1 
11 3 279 456 94 234 -1 -1 -1 -1 
17 3 294 454 95 236 -1 -1 -1 -1 
18 3 296 453 96 240 -1 -1 -1 -1 
19 3 298 452 96 242 -1 -1 -1 -1 
20 3 302 453 95 239 -1 -1 -1 -1 
21 3 304 454 95 238 -1 -1 -1 -1 
22 3 305 454 96 237 -1 -1 -1 -1 
23 3 307 455 96 237 -1 -1 -1 -1 
24 3 308 454 96 239 -1 -1 -1 -1 
25 3 311 454 96 239 -1 -1 -1 -1 
26 3 313 456 96 238 -1 -1 -1 -1 
27 3 314 454 97 240 -1 -1 -1 -1 
28 3 317 451 98 243 -1 -1 -1 -1 
29 3 321 452 97 244 -1 -1 -1 -1 
30 3 324 460 96 235 -1 -1 -1 -1 
31 3 324 454 97 241 -1 -1 -1 -1 
32 3 325 452 97 242 -1 -1 -1 -1 
33 3 322 436 103 257 -1 -1 -1 -1 
34 3 321 432 106 262 -1 -1 -1 -1 
35 3 325 440 104 254 -1 -1 -1 -1 
36 3 328 440 103 254 -1 -1 -1 -1 
37 3 324 432 105 257 -1 -1 -1 -1 
51 3 352 434 100 245 -1 -1 -1 -1 
52 3 363 425 104 256 -1 -1 -1 -1 
53 3 360 435 101 248 -1 -1 -1 -1 
54 3 359 443 99 243 -1 -1 -1 -1 
55 3 366 450 95 238 -1 -1 -1 -1 
56 3 370 451 97 242 -1 -1 -1 -1 
57 3 374 452 97 243 -1 -1 -1 -1 
58 3 375 451 100 248 -1 -1 -1 -1 
59 3 379 449 100 248 -1 -1 -1 -1 
60 3 383 447 100 251 -1 -1 -1 -1 
61 3 386 446 102 253 -1 -1 -1 -1 
62 3 391 450 100 248 -1 -1 -1 -1 
63 3 393 446 102 253 -1 -1 -1 -1 
64 3 396 445 102 252 -1 -1 -1 -1 
65 3 399 442 103 255 -1 -1 -1 -1 
66 3 401 441 104 256 -1 -1 -1 -1 
67 3 404 440 103 258 -1 -1 -1 -1 
68 3 406 441 103 255 -1 -1 -1 -1 
69 3 408 441 104 256 -1 -1 -1 -1 
70 3 411 440 104 257 -1 -1 -1 -1 
71 3 413 440 105 259 -1 -1 -1 -1 
72 3 415 440 106 261 -1 -1 -1 -1 
73 3 418 441 105 261 -1 -1 -1 -1 
74 3 420 441 104 261 -1 -1 -1 -1 
75 3 421 441 105 260 -1 -1 -1 -1 
76 3 421 440 106 262 -1 -1 -1 -1 
77 3 422 439 106 263 -1 -1 -1 -1 
78 3 423 438 106 263 -1 -1 -1 -1 
79 3 424 436 107 265 -1 -1 -1 -1 
80 3 426 435 109 266 -1 -1 -1 -1 
81 3 428 435 109 266 -1 -1 -1 -1 
82 3 431 434 109 268 -1 -1 -1 -1 
83 3 435 433 108 269 -1 -1 -1 -1 
84 3 438 431 109 271 -1 -1 -1 -1 
85 3 440 431 109 271 -1 -1 -1 -1 
86 3 442 434 108 268 -1 -1 -1 -1 
87 3 444 434 109 268 -1 -1 -1 -1 
88 3 447 434 109 266 -1 -1 -1 -1 
89 3 450 434 109 265 -1 -1 -1 -1 
90 3 453 434 107 264 -1 -1 -1 -1 
91 3 456 434 106 264 -1 -1 -1 -1 
92 3 458 434 106 266 -1 -1 -1 -1 
93 3 460 435 107 267 -1 -1 -1 -1 
94 3 463 434 106 269 -1 -1 -1 -1 
95 3 463 432 108 271 -1 -1 -1 -1 
96 3 464 430 110 273 -1 -1 -1 -1 
97 3 466 429 111 273 -1 -1 -1 -1 
98 3 469 427 111 274 -1 -1 -1 -1 
99 3 471 425 112 275 -1 -1 -1 -1 
100 3 473 426 111 271 -1 -1 -1 -1 
101 3 473 425 112 274 -1 -1 -1 -1 
102 3 474 425 112 274 -1 -1 -1 -1 
103 3 474 425 112 276 -1 -1 -1 -1 
104 3 474 425 113 277 -1 -1 -1 -1 
105 3 473 425 113 277 -1 -1 -1 -1 
106 3 473 425 113 277 -1 -1 -1 -1 
107 3 473 425 112 276 -1 -1 -1 -1 
108 3 471 427 113 275 -1 -1 -1 -1 
109 3 471 428 113 276 -1 -1 -1 -1 
110 3 469 428 114 277 -1 -1 -1 -1 
111 3 467 427 114 279 -1 -1 -1 -1 
112 3 466 424 115 283 -1 -1 -1 -1 
113 3 463 422 116 286 -1 -1 -1 -1 
114 3 462 421 117 289 -1 -1 -1 -1 
115 3 461 420 117 289 -1 -1 -1 -1 
116 3 459 417 117 291 -1 -1 -1 -1 
117 3 457 416 118 292 -1 -1 -1 -1 
118 3 456 414 119 294 -1 -1 -1 -1 
119 3 454 414 120 296 -1 -1 -1 -1 
120 3 453 413 121 299 -1 -1 -1 -1 
121 3 451 413 122 300 -1 -1 -1 -1 
122 3 450 414 122 301 -1 -1 -1 -1 
123 3 448 415 121 300 -1 -1 -1 -1 
124 3 447 416 121 299 -1 -1 -1 -1 
125 3 446 416 122 301 -1 -1 -1 -1 
126 3 446 416 122 300 -1 -1 -1 -1 
127 3 446 415 122 301 -1 -1 -1 -1 
128 3 446 413 123 303 -1 -1 -1 -1 
129 3 445 411 125 307 -1 -1 -1 -1 
130 3 445 410 126 310 -1 -1 -1 -1 
131 3 443 408 127 313 -1 -1 -1 -1 
132 3 443 407 126 314 -1 -1 -1 -1 
133 3 441 404 127 316 -1 -1 -1 -1 
134 3 440 402 127 317 -1 -1 -1 -1 
135 3 438 400 129 320 -1 -1 -1 -1 
136 3 436 399 130 321 -1 -1 -1 -1 
137 3 436 398 130 323 -1 -1 -1 -1 
138 3 435 397 132 325 -1 -1 -1 -1 
139 3 435 396 132 327 -1 -1 -1 -1 
140 3 435 398 132 324 -1 -1 -1 -1 
141 3 437 400 130 321 -1 -1 -1 -1 
142 3 437 400 132 324 -1 -1 -1 -1 
143 3 437 398 133 329 -1 -1 -1 -1 
144 3 437 399 134 331 -1 -1 -1 -1 
145 3 437 399 133 330 -1 -1 -1 -1 
146 3 435 396 135 335 -1 -1 -1 -1 
147 3 435 396 135 336 -1 -1 -1 -1 
148 3 435 394 137 339 -1 -1 -1 -1 
149 3 437 393 137 338 -1 -1 -1 -1 
150 3 439 391 137 339 -1 -1 -1 -1 
151 3 439 389 139 342 -1 -1 -1 -1 
152 3 440 387 139 345 -1 -1 -1 -1 
153 3 442 386 140 347 -1 -1 -1 -1 
154 3 444 386 141 349 -1 -1 -1 -1 
155 3 445 387 141 349 -1 -1 -1 -1 
156 3 446 387 142 349 -1 -1 -1 -1 
157 3 449 388 141 350 -1 -1 -1 -1 
158 3 453 392 139 346 -1 -1 -1 -1 
159 3 456 392 139 347 -1 -1 -1 -1 
160 3 459 394 140 347 -1 -1 -1 -1 
161 3 461 395 142 350 -1 -1 -1 -1 
162 3 464 394 142 353 -1 -1 -1 -1 
163 3 469 394 142 353 -1 -1 -1 -1 
164 3 472 393 146 358 -1 -1 -1 -1 
165 3 476 392 148 361 -1 -1 -1 -1 
166 3 486 386 144 350 -1 -1 -1 -1 
187 3 522 379 159 390 -1 -1 -1 -1 
188 3 521 380 159 388 -1 -1 -1 -1 
189 3 525 379 160 391 -1 -1 -1 -1 
190 3 532 378 157 391 -1 -1 -1 -1 
191 3 538 380 157 389 -1 -1 -1 -1 
192 3 545 382 157 385 -1 -1 -1 -1 
193 3 551 383 156 381 -1 -1 -1 -1 
194 3 555 383 156 382 -1 -1 -1 -1 
195 3 560 381 151 371 -1 -1 -1 -1 
196 3 557 379 157 384 -1 -1 -1 -1 
209 3 646 379 164 406 -1 -1 -1 -1 
210 3 656 380 162 404 -1 -1 -1 -1 
211 3 670 380 161 399 -1 -1 -1 -1 
212 3 679 380 161 400 -1 -1 -1 -1 
213 3 684 381 163 399 -1 -1 -1 -1 
214 3 697 379 163 398 -1 -1 -1 -1 
215 3 706 376 163 401 -1 -1 -1 -1 
216 3 716 373 162 400 -1 -1 -1 -1 
217 3 725 372 162 400 -1 -1 -1 -1 
218 3 731 368 162 402 -1 -1 -1 -1 
219 3 742 371 163 403 -1 -1 -1 -1 
220 3 746 368 168 412 -1 -1 -1 -1 
221 3 761 368 166 409 -1 -1 -1 -1 
222 3 774 372 162 398 -1 -1 -1 -1 
223 3 786 373 160 395 -1 -1 -1 -1 
224 3 810 385 152 377 -1 -1 -1 -1 
225 3 829 407 144 352 -1 -1 -1 -1 
226 3 822 367 160 392 -1 -1 -1 -1 
227 3 842 382 153 374 -1 -1 -1 -1 
228 3 833 335 169 420 -1 -1 -1 -1 
229 3 834 301 180 461 -1 -1 -1 -1 
230 3 840 300 184 466 -1 -1 -1 -1 
239 3 873 368 157 382 -1 -1 -1 -1 
240 3 871 370 160 390 -1 -1 -1 -1 
241 3 881 376 153 372 -1 -1 -1 -1 
242 3 890 382 147 359 -1 -1 -1 -1 
243 3 901 384 143 352 -1 -1 -1 -1 
244 3 907 383 146 355 -1 -1 -1 -1 
245 3 915 386 142 349 -1 -1 -1 -1 
246 3 925 387 140 346 -1 -1 -1 -1 
247 3 934 387 138 341 -1 -1 -1 -1 
248 3 944 386 139 339 -1 -1 -1 -1 
249 3 951 384 141 349 -1 -1 -1 -1 
250 3 955 382 144 355 -1 -1 -1 -1 
251 3 965 383 142 348 -1 -1 -1 -1 
252 3 967 383 142 346 -1 -1 -1 -1 
253 3 967 383 145 360 -1 -1 -1 -1 
254 3 972 384 145 363 -1 -1 -1 -1 
255 3 978 385 143 353 -1 -1 -1 -1 
256 3 989 387 138 344 -1 -1 -1 -1 
257 3 998 390 138 342 -1 -1 -1 -1 
258 3 1006 393 135 334 -1 -1 -1 -1 
259 3 1015 396 133 329 -1 -1 -1 -1 
260 3 1019 396 136 333 -1 -1 -1 -1 
261 3 1024 397 139 343 -1 -1 -1 -1 
262 3 1026 395 144 355 -1 -1 -1 -1 
263 3 1032 393 149 365 -1 -1 -1 -1 
264 3 1045 392 143 350 -1 -1 -1 -1 
265 3 1053 388 142 349 -1 -1 -1 -1 
266 3 1059 388 140 345 -1 -1 -1 -1 
5 4 0 240 125 654 -1 -1 -1 -1 
6 4 0 238 127 653 -1 -1 -1 -1 
7 4 0 237 132 652 -1 -1 -1 -1 
8 4 0 239 138 648 -1 -1 -1 -1 
9 4 0 236 142 649 -1 -1 -1 -1 
10 4 0 238 147 646 -1 -1 -1 -1 
11 4 0 233 153 651 -1 -1 -1 -1 
12 4 0 236 158 647 -1 -1 -1 -1 
13 4 0 236 162 650 -1 -1 -1 -1 
14 4 0 234 170 661 -1 -1 -1 -1 
15 4 0 233 180 663 -1 -1 -1 -1 
16 4 0 232 188 665 -1 -1 -1 -1 
17 4 0 232 195 663 -1 -1 -1 -1 
18 4 0 233 209 659 -1 -1 -1 -1 
19 4 0 237 217 653 -1 -1 -1 -1 
20 4 0 241 224 649 -1 -1 -1 -1 
21 4 0 244 233 646 -1 -1 -1 -1 
22 4 0 245 239 642 -1 -1 -1 -1 
23 4 0 247 246 641 -1 -1 -1 -1 
24 4 1 248 249 642 -1 -1 -1 -1 
25 4 2 245 257 646 -1 -1 -1 -1 
26 4 6 240 263 652 -1 -1 -1 -1 
27 4 15 239 264 651 -1 -1 -1 -1 
28 4 27 239 264 647 -1 -1 -1 -1 
29 4 37 237 265 647 -1 -1 -1 -1 
30 4 53 238 265 646 -1 -1 -1 -1 
31 4 66 236 264 643 -1 -1 -1 -1 
32 4 77 236 264 642 -1 -1 -1 -1 
33 4 97 247 260 632 -1 -1 -1 -1 
34 4 111 249 259 628 -1 -1 -1 -1 
35 4 135 251 256 620 -1 -1 -1 -1 
36 4 149 252 255 619 -1 -1 -1 -1 
37 4 158 254 255 619 -1 -1 -1 -1 
38 4 173 258 253 613 -1 -1 -1 -1 
39 4 187 258 252 612 -1 -1 -1 -1 
40 4 204 261 249 606 -1 -1 -1 -1 
41 4 216 263 249 604 -1 -1 -1 -1 
42 4 229 266 250 601 -1 -1 -1 -1 
43 4 246 263 250 600 -1 -1 -1 -1 
44 4 264 262 249 599 -1 -1 -1 -1 
45 4 282 263 246 596 -1 -1 -1 -1 
46 4 303 264 243 590 -1 -1 -1 -1 
47 4 319 263 244 595 -1 -1 -1 -1 
48 4 340 263 243 593 -1 -1 -1 -1 
49 4 362 265 240 586 -1 -1 -1 -1 
50 4 386 270 237 581 -1 -1 -1 -1 
51 4 405 273 235 576 -1 -1 -1 -1 
52 4 419 277 234 567 -1 -1 -1 -1 
53 4 437 284 230 562 -1 -1 -1 -1 
54 4 452 288 224 554 -1 -1 -1 -1 
55 4 470 290 221 548 -1 -1 -1 -1 
56 4 483 288 225 552 -1 -1 -1 -1 
57 4 499 285 223 551 -1 -1 -1 -1 
58 4 516 287 216 542 -1 -1 -1 -1 
59 4 526 284 213 542 -1 -1 -1 -1 
60 4 544 273 222 554 -1 -1 -1 -1 
61 4 558 263 227 564 -1 -1 -1 -1 
62 4 565 270 225 556 -1 -1 -1 -1 
63 4 591 274 224 550 -1 -1 -1 -1 
64 4 612 267 220 552 -1 -1 -1 -1 
65 4 628 274 220 545 -1 -1 -1 -1 
66 4 644 279 215 538 -1 -1 -1 -1 
67 4 655 288 212 525 -1 -1 -1 -1 
68 4 670 291 210 519 -1 -1 -1 -1 
69 4 684 295 207 510 -1 -1 -1 -1 
70 4 696 293 207 511 -1 -1 -1 -1 
71 4 709 292 206 509 -1 -1 -1 -1 
72 4 723 292 204 506 -1 -1 -1 -1 
73 4 739 290 203 501 -1 -1 -1 -1 
74 4 748 288 206 505 -1 -1 -1 -1 
75 4 767 286 206 507 -1 -1 -1 -1 
76 4 787 289 204 501 -1 -1 -1 -1 
77 4 798 292 203 495 -1 -1 -1 -1 
78 4 816 295 199 490 -1 -1 -1 -1 
79 4 832 298 198 483 -1 -1 -1 -1 
80 4 847 300 195 478 -1 -1 -1 -1 
81 4 856 299 195 480 -1 -1 -1 -1 
82 4 866 301 194 479 -1 -1 -1 -1 
83 4 881 306 190 470 -1 -1 -1 -1 
84 4 891 307 190 468 -1 -1 -1 -1 
85 4 904 304 191 469 -1 -1 -1 -1 
86 4 916 301 190 469 -1 -1 -1 -1 
87 4 927 301 190 466 -1 -1 -1 -1 
88 4 941 301 190 466 -1 -1 -1 -1 
89 4 951 302 188 463 -1 -1 -1 -1 
90 4 964 307 184 455 -1 -1 -1 -1 
91 4 977 313 180 447 -1 -1 -1 -1 
92 4 988 320 178 439 -1 -1 -1 -1 
93 4 997 322 178 436 -1 -1 -1 -1 
94 4 1004 328 176 430 -1 -1 -1 -1 
95 4 1010 327 173 427 -1 -1 -1 -1 
96 4 1021 327 171 422 -1 -1 -1 -1 
97 4 1030 326 170 420 -1 -1 -1 -1 
98 4 1043 324 170 419 -1 -1 -1 -1 
99 4 1051 325 170 419 -1 -1 -1 -1 
100 4 1060 325 172 419 -1 -1 -1 -1 
101 4 1072 324 171 418 -1 -1 -1 -1 
102 4 1085 330 167 410 -1 -1 -1 -1 
103 4 1095 327 167 409 -1 -1 -1 -1 
104 4 1108 331 164 401 -1 -1 -1 -1 
105 4 1114 332 162 397 -1 -1 -1 -1 
106 4 1126 336 159 392 -1 -1 -1 -1 
107 4 1135 338 157 387 -1 -1 -1 -1 
108 4 1147 337 157 388 -1 -1 -1 -1 
109 4 1152 335 158 389 -1 -1 -1 -1 
110 4 1158 331 159 390 -1 -1 -1 -1 
111 4 1167 328 160 393 -1 -1 -1 -1 
112 4 1174 328 161 392 -1 -1 -1 -1 
113 4 1187 332 157 386 -1 -1 -1 -1 
114 4 1198 336 155 382 -1 -1 -1 -1 
115 4 1206 338 154 380 -1 -1 -1 -1 
5 5 107 503 94 231 -1 -1 -1 -1 
6 5 110 505 93 229 -1 -1 -1 -1 
7 5 111 504 93 230 -1 -1 -1 -1 
8 5 110 503 93 231 -1 -1 -1 -1 
9 5 111 503 93 231 -1 -1 -1 -1 
12 5 109 498 94 237 -1 -1 -1 -1 
13 5 105 493 96 241 -1 -1 -1 -1 
14 5 102 489 98 244 -1 -1 -1 -1 
15 5 107 494 96 240 -1 -1 -1 -1 
16 5 107 487 99 248 -1 -1 -1 -1 
17 5 110 489 98 244 -1 -1 -1 -1 
18 5 114 506 93 229 -1 -1 -1 -1 
37 5 108 493 97 242 -1 -1 -1 -1 
38 5 102 483 103 252 -1 -1 -1 -1 
39 5 90 477 126 310 -1 -1 -1 -1 
40 5 100 479 113 278 -1 -1 -1 -1 
41 5 90 459 117 283 -1 -1 -1 -1 
42 5 102 467 111 270 -1 -1 -1 -1 
43 5 106 475 111 261 -1 -1 -1 -1 
44 5 105 490 101 244 -1 -1 -1 -1 
45 5 93 487 102 248 -1 -1 -1 -1 
46 5 99 499 96 236 -1 -1 -1 -1 
47 5 111 501 94 231 -1 -1 -1 -1 
48 5 107 512 90 222 -1 -1 -1 -1 
49 5 105 518 89 216 -1 -1 -1 -1 
50 5 106 519 88 215 -1 -1 -1 -1 
51 5 106 516 88 218 -1 -1 -1 -1 
52 5 107 514 90 220 -1 -1 -1 -1 
53 5 109 506 92 228 -1 -1 -1 -1 
54 5 113 504 92 230 -1 -1 -1 -1 
55 5 115 506 92 229 -1 -1 -1 -1 
56 5 114 507 91 227 -1 -1 -1 -1 
57 5 112 506 92 228 -1 -1 -1 -1 
58 5 111 504 92 229 -1 -1 -1 -1 
59 5 109 502 94 231 -1 -1 -1 -1 
60 5 108 502 94 231 -1 -1 -1 -1 
61 5 109 503 93 230 -1 -1 -1 -1 
62 5 109 504 93 229 -1 -1 -1 -1 
63 5 111 505 92 228 -1 -1 -1 -1 
64 5 112 505 92 228 -1 -1 -1 -1 
65 5 113 504 92 229 -1 -1 -1 -1 
66 5 113 506 92 227 -1 -1 -1 -1 
67 5 110 505 93 229 -1 -1 -1 -1 
68 5 109 506 92 228 -1 -1 -1 -1 
69 5 112 508 91 226 -1 -1 -1 -1 
70 5 114 510 90 224 -1 -1 -1 -1 
71 5 112 507 92 227 -1 -1 -1 -1 
72 5 110 505 94 229 -1 -1 -1 -1 
73 5 106 501 96 234 -1 -1 -1 -1 
74 5 109 504 93 231 -1 -1 -1 -1 
75 5 108 503 95 231 -1 -1 -1 -1 
76 5 107 501 96 233 -1 -1 -1 -1 
77 5 103 493 99 241 -1 -1 -1 -1 
78 5 99 489 101 245 -1 -1 -1 -1 
79 5 93 485 103 250 -1 -1 -1 -1 
80 5 86 479 105 255 -1 -1 -1 -1 
81 5 105 498 95 236 -1 -1 -1 -1 
82 5 113 504 92 230 -1 -1 -1 -1 
83 5 115 506 93 228 -1 -1 -1 -1 
84 5 117 508 92 227 -1 -1 -1 -1 
85 5 117 508 92 227 -1 -1 -1 -1 
86 5 117 509 92 226 -1 -1 -1 -1 
87 5 116 508 92 227 -1 -1 -1 -1 
88 5 113 504 93 230 -1 -1 -1 -1 
89 5 112 501 95 233 -1 -1 -1 -1 
90 5 110 499 96 235 -1 -1 -1 -1 
91 5 111 499 95 235 -1 -1 -1 -1 
92 5 111 500 95 234 -1 -1 -1 -1 
93 5 112 500 95 234 -1 -1 -1 -1 
94 5 115 504 94 231 -1 -1 -1 -1 
95 5 115 506 94 229 -1 -1 -1 -1 
96 5 116 507 93 228 -1 -1 -1 -1 
97 5 117 507 93 228 -1 -1 -1 -1 
98 5 116 507 93 228 -1 -1 -1 -1 
99 5 116 507 93 227 -1 -1 -1 -1 
100 5 116 506 93 229 -1 -1 -1 -1 
101 5 116 507 93 228 -1 -1 -1 -1 
102 5 117 507 92 228 -1 -1 -1 -1 
103 5 116 507 93 227 -1 -1 -1 -1 
104 5 116 506 93 228 -1 -1 -1 -1 
105 5 116 507 93 227 -1 -1 -1 -1 
106 5 117 507 92 227 -1 -1 -1 -1 
107 5 117 507 92 227 -1 -1 -1 -1 
108 5 117 507 93 228 -1 -1 -1 -1 
109 5 117 507 93 228 -1 -1 -1 -1 
110 5 117 507 92 228 -1 -1 -1 -1 
111 5 116 507 93 228 -1 -1 -1 -1 
112 5 115 507 94 228 -1 -1 -1 -1 
113 5 116 507 93 227 -1 -1 -1 -1 
114 5 116 507 92 227 -1 -1 -1 -1 
115 5 116 507 92 227 -1 -1 -1 -1 
116 5 116 507 92 227 -1 -1 -1 -1 
117 5 116 507 92 227 -1 -1 -1 -1 
118 5 116 507 93 228 -1 -1 -1 -1 
119 5 116 506 93 229 -1 -1 -1 -1 
120 5 115 506 94 229 -1 -1 -1 -1 
121 5 116 507 92 228 -1 -1 -1 -1 
122 5 115 506 93 229 -1 -1 -1 -1 
123 5 114 503 94 231 -1 -1 -1 -1 
124 5 116 501 94 234 -1 -1 -1 -1 
125 5 116 501 94 234 -1 -1 -1 -1 
126 5 116 503 93 233 -1 -1 -1 -1 
127 5 114 501 95 235 -1 -1 -1 -1 
128 5 113 503 95 233 -1 -1 -1 -1 
129 5 112 502 95 234 -1 -1 -1 -1 
130 5 109 517 90 218 -1 -1 -1 -1 
131 5 106 521 87 214 -1 -1 -1 -1 
132 5 105 520 87 214 -1 -1 -1 -1 
133 5 106 511 91 223 -1 -1 -1 -1 
134 5 107 511 91 223 -1 -1 -1 -1 
135 5 107 513 90 221 -1 -1 -1 -1 
136 5 112 511 90 222 -1 -1 -1 -1 
137 5 115 509 89 223 -1 -1 -1 -1 
138 5 108 500 94 233 -1 -1 -1 -1 
139 5 98 479 104 255 -1 -1 -1 -1 
148 5 3 345 177 539 -1 -1 -1 -1 
149 5 -1 361 180 524 -1 -1 -1 -1 
150 5 4 384 185 493 -1 -1 -1 -1 
151 5 16 376 201 512 -1 -1 -1 -1 
152 5 27 381 202 503 -1 -1 -1 -1 
153 5 52 380 201 499 -1 -1 -1 -1 
154 5 74 383 194 483 -1 -1 -1 -1 
155 5 90 386 197 485 -1 -1 -1 -1 
156 5 104 378 202 494 -1 -1 -1 -1 
157 5 116 389 199 484 -1 -1 -1 -1 
158 5 137 395 195 478 -1 -1 -1 -1 
159 5 160 395 192 473 -1 -1 -1 -1 
160 5 185 404 186 453 -1 -1 -1 -1 
161 5 199 380 195 479 -1 -1 -1 -1 
162 5 216 380 193 479 -1 -1 -1 -1 
163 5 245 399 180 449 -1 -1 -1 -1 
164 5 257 393 184 455 -1 -1 -1 -1 
165 5 283 394 181 451 -1 -1 -1 -1 
166 5 298 388 185 460 -1 -1 -1 -1 
167 5 310 384 189 470 -1 -1 -1 -1 
168 5 325 390 187 463 -1 -1 -1 -1 
169 5 343 388 187 463 -1 -1 -1 -1 
170 5 360 386 189 463 -1 -1 -1 -1 
171 5 374 388 187 455 -1 -1 -1 -1 
172 5 386 388 188 453 -1 -1 -1 -1 
173 5 408 394 184 442 -1 -1 -1 -1 
174 5 438 391 178 438 -1 -1 -1 -1 
175 5 462 389 176 433 -1 -1 -1 -1 
186 5 605 360 176 436 -1 -1 -1 -1 
187 5 620 372 171 422 -1 -1 -1 -1 
188 5 636 387 166 408 -1 -1 -1 -1 
189 5 655 384 168 415 -1 -1 -1 -1 
190 5 678 414 158 387 -1 -1 -1 -1 
203 5 785 257 209 522 -1 -1 -1 -1 
204 5 795 301 197 480 -1 -1 -1 -1 
205 5 836 364 167 415 -1 -1 -1 -1 
206 5 859 399 153 378 -1 -1 -1 -1 
207 5 874 415 143 353 -1 -1 -1 -1 
208 5 882 414 143 352 -1 -1 -1 -1 
209 5 893 417 142 348 -1 -1 -1 -1 
210 5 903 416 142 347 -1 -1 -1 -1 
211 5 916 414 143 347 -1 -1 -1 -1 
212 5 928 416 140 347 -1 -1 -1 -1 
213 5 934 411 144 351 -1 -1 -1 -1 
214 5 946 410 144 351 -1 -1 -1 -1 
215 5 956 411 142 349 -1 -1 -1 -1 
216 5 969 419 138 337 -1 -1 -1 -1 
217 5 977 421 137 337 -1 -1 -1 -1 
218 5 985 423 135 333 -1 -1 -1 -1 
219 5 994 423 136 333 -1 -1 -1 -1 
220 5 999 422 136 333 -1 -1 -1 -1 
221 5 1008 420 134 331 -1 -1 -1 -1 
222 5 1018 420 131 327 -1 -1 -1 -1 
223 5 1026 421 131 325 -1 -1 -1 -1 
224 5 1035 420 132 325 -1 -1 -1 -1 
225 5 1044 421 130 322 -1 -1 -1 -1 
226 5 1056 421 130 319 -1 -1 -1 -1 
227 5 1063 423 128 315 -1 -1 -1 -1 
228 5 1070 422 128 314 -1 -1 -1 -1 
229 5 1077 427 128 310 -1 -1 -1 -1 
230 5 1082 427 130 310 -1 -1 -1 -1 
231 5 1093 426 127 309 -1 -1 -1 -1 
232 5 1100 421 128 313 -1 -1 -1 -1 
233 5 1107 424 124 306 -1 -1 -1 -1 
234 5 1115 421 125 308 -1 -1 -1 -1 
235 5 1121 421 124 307 -1 -1 -1 -1 
236 5 1127 420 125 309 -1 -1 -1 -1 
237 5 1131 413 126 315 -1 -1 -1 -1 
238 5 1135 410 129 318 -1 -1 -1 -1 
239 5 1148 417 125 309 -1 -1 -1 -1 
240 5 1157 419 124 306 -1 -1 -1 -1 
241 5 1168 424 123 299 -1 -1 -1 -1 
242 5 1173 420 124 301 -1 -1 -1 -1 
243 5 1178 414 124 306 -1 -1 -1 -1 
244 5 1185 417 122 301 -1 -1 -1 -1 
245 5 1190 410 124 306 -1 -1 -1 -1 
246 5 1198 418 121 297 -1 -1 -1 -1 
247 5 1203 407 124 306 -1 -1 -1 -1 
248 5 1207 391 130 321 -1 -1 -1 -1 
249 5 1213 384 131 327 -1 -1 -1 -1 
250 5 1220 382 133 330 -1 -1 -1 -1 
251 5 1227 379 133 334 -1 -1 -1 -1 
252 5 1235 379 134 334 -1 -1 -1 -1 
253 5 1240 376 136 337 -1 -1 -1 -1 
254 5 1247 376 134 333 -1 -1 -1 -1 
255 5 1256 386 128 320 -1 -1 -1 -1 
256 5 1266 422 115 282 -1 -1 -1 -1 
257 5 1271 426 113 279 -1 -1 -1 -1 
258 5 1273 425 114 280 -1 -1 -1 -1 
259 5 1278 425 114 279 -1 -1 -1 -1 
260 5 1278 407 121 300 -1 -1 -1 -1 
261 5 1281 409 121 299 -1 -1 -1 -1 
262 5 1289 424 115 281 -1 -1 -1 -1 
263 5 1282 402 123 301 -1 -1 -1 -1 
264 5 1294 417 115 283 -1 -1 -1 -1 
265 5 1303 427 110 271 -1 -1 -1 -1 
266 5 1309 431 108 266 -1 -1 -1 -1 
267 5 1312 424 111 271 -1 -1 -1 -1 
268 5 1319 430 107 264 -1 -1 -1 -1 
269 5 1325 430 108 264 -1 -1 -1 -1 
270 5 1332 434 105 260 -1 -1 -1 -1 
271 5 1337 440 103 252 -1 -1 -1 -1 
272 5 1342 444 101 248 -1 -1 -1 -1 
273 5 1346 438 102 253 -1 -1 -1 -1 
274 5 1352 435 103 254 -1 -1 -1 -1 
275 5 1350 435 104 254 -1 -1 -1 -1 
276 5 1358 434 104 253 -1 -1 -1 -1 
277 5 1366 432 105 255 -1 -1 -1 -1 
278 5 1371 430 105 257 -1 -1 -1 -1 
279 5 1377 425 105 263 -1 -1 -1 -1 
280 5 1382 422 106 264 -1 -1 -1 -1 
281 5 1385 420 107 265 -1 -1 -1 -1 
282 5 1389 421 107 264 -1 -1 -1 -1 
283 5 1392 422 107 263 -1 -1 -1 -1 
284 5 1396 426 105 259 -1 -1 -1 -1 
285 5 1399 428 104 254 -1 -1 -1 -1 
286 5 1408 436 100 246 -1 -1 -1 -1 
287 5 1414 439 98 240 -1 -1 -1 -1 
288 5 1417 444 95 232 -1 -1 -1 -1 
289 5 1422 441 94 234 -1 -1 -1 -1 
290 5 1425 438 95 235 -1 -1 -1 -1 
291 5 1422 432 99 241 -1 -1 -1 -1 
292 5 1427 431 100 244 -1 -1 -1 -1 
293 5 1437 436 95 237 -1 -1 -1 -1 
294 5 1446 443 91 225 -1 -1 -1 -1 
9 6 1273 539 47 118 -1 -1 -1 -1 
10 6 1274 541 47 114 -1 -1 -1 -1 
11 6 1274 541 48 114 -1 -1 -1 -1 
12 6 1277 542 48 114 -1 -1 -1 -1 
13 6 1279 541 48 115 -1 -1 -1 -1 
14 6 1281 541 48 118 -1 -1 -1 -1 
15 6 1283 541 48 119 -1 -1 -1 -1 
16 6 1283 540 50 123 -1 -1 -1 -1 
17 6 1284 540 50 124 -1 -1 -1 -1 
18 6 1286 539 50 124 -1 -1 -1 -1 
19 6 1288 539 50 122 -1 -1 -1 -1 
20 6 1290 539 51 123 -1 -1 -1 -1 
21 6 1292 539 50 123 -1 -1 -1 -1 
22 6 1292 539 52 125 -1 -1 -1 -1 
23 6 1295 541 48 121 -1 -1 -1 -1 
24 6 1296 541 48 118 -1 -1 -1 -1 
25 6 1298 541 48 118 -1 -1 -1 -1 
26 6 1299 541 50 119 -1 -1 -1 -1 
27 6 1300 541 50 118 -1 -1 -1 -1 
28 6 1302 541 50 119 -1 -1 -1 -1 
29 6 1302 541 50 119 -1 -1 -1 -1 
30 6 1302 540 51 120 -1 -1 -1 -1 
31 6 1305 538 50 122 -1 -1 -1 -1 
32 6 1305 539 50 121 -1 -1 -1 -1 
33 6 1306 538 50 121 -1 -1 -1 -1 
34 6 1308 539 49 120 -1 -1 -1 -1 
35 6 1309 539 48 117 -1 -1 -1 -1 
36 6 1309 539 47 115 -1 -1 -1 -1 
37 6 1310 539 47 114 -1 -1 -1 -1 
38 6 1311 540 48 117 -1 -1 -1 -1 
39 6 1312 541 48 117 -1 -1 -1 -1 
40 6 1313 542 49 116 -1 -1 -1 -1 
41 6 1313 542 49 116 -1 -1 -1 -1 
42 6 1314 543 49 115 -1 -1 -1 -1 
43 6 1315 543 48 116 -1 -1 -1 -1 
44 6 1315 543 48 115 -1 -1 -1 -1 
45 6 1315 542 48 115 -1 -1 -1 -1 
46 6 1317 543 48 114 -1 -1 -1 -1 
47 6 1318 544 48 112 -1 -1 -1 -1 
48 6 1318 544 47 113 -1 -1 -1 -1 
49 6 1318 544 48 113 -1 -1 -1 -1 
50 6 1318 543 47 115 -1 -1 -1 -1 
51 6 1318 543 48 114 -1 -1 -1 -1 
52 6 1318 542 48 116 -1 -1 -1 -1 
53 6 1318 541 48 118 -1 -1 -1 -1 
54 6 1318 541 48 118 -1 -1 -1 -1 
55 6 1317 541 49 118 -1 -1 -1 -1 
56 6 1317 541 49 117 -1 -1 -1 -1 
57 6 1317 541 49 117 -1 -1 -1 -1 
58 6 1316 541 49 117 -1 -1 -1 -1 
59 6 1316 542 48 116 -1 -1 -1 -1 
60 6 1316 542 48 115 -1 -1 -1 -1 
61 6 1316 542 48 115 -1 -1 -1 -1 
62 6 1316 542 48 115 -1 -1 -1 -1 
63 6 1316 542 48 116 -1 -1 -1 -1 
64 6 1316 543 48 115 -1 -1 -1 -1 
65 6 1316 542 48 116 -1 -1 -1 -1 
66 6 1315 543 49 115 -1 -1 -1 -1 
67 6 1315 542 48 116 -1 -1 -1 -1 
68 6 1315 543 48 114 -1 -1 -1 -1 
69 6 1315 543 48 114 -1 -1 -1 -1 
70 6 1315 543 47 114 -1 -1 -1 -1 
71 6 1314 543 48 114 -1 -1 -1 -1 
98 6 1311 541 48 114 -1 -1 -1 -1 
99 6 1310 541 47 115 -1 -1 -1 -1 
100 6 1310 540 48 117 -1 -1 -1 -1 
101 6 1310 541 47 116 -1 -1 -1 -1 
102 6 1310 541 47 117 -1 -1 -1 -1 
103 6 1309 541 48 117 -1 -1 -1 -1 
104 6 1310 541 48 117 -1 -1 -1 -1 
105 6 1310 541 49 118 -1 -1 -1 -1 
106 6 1310 541 49 118 -1 -1 -1 -1 
13 7 1788 442 70 174 -1 -1 -1 -1 
14 7 1791 443 69 170 -1 -1 -1 -1 
15 7 1797 442 69 169 -1 -1 -1 -1 
16 7 1800 441 68 170 -1 -1 -1 -1 
17 7 1802 442 67 168 -1 -1 -1 -1 
18 7 1804 445 67 165 -1 -1 -1 -1 
19 7 1807 446 67 164 -1 -1 -1 -1 
20 7 1809 446 68 165 -1 -1 -1 -1 
21 7 1811 449 67 162 -1 -1 -1 -1 
22 7 1812 448 68 161 -1 -1 -1 -1 
23 7 1811 447 69 163 -1 -1 -1 -1 
24 7 1811 448 68 162 -1 -1 -1 -1 
25 7 1812 447 68 161 -1 -1 -1 -1 
21 8 1845 327 75 412 -1 -1 -1 -1 
22 8 1840 324 80 417 -1 -1 -1 -1 
23 8 1831 322 89 428 -1 -1 -1 -1 
24 8 1826 326 94 429 -1 -1 -1 -1 
25 8 1822 334 98 418 -1 -1 -1 -1 
26 8 1817 336 102 415 -1 -1 -1 -1 
27 8 1815 335 104 419 -1 -1 -1 -1 
28 8 1809 329 110 430 -1 -1 -1 -1 
29 8 1804 325 115 434 -1 -1 -1 -1 
30 8 1799 320 120 437 -1 -1 -1 -1 
31 8 1796 315 123 442 -1 -1 -1 -1 
32 8 1794 311 125 446 -1 -1 -1 -1 
33 8 1792 308 127 448 -1 -1 -1 -1 
34 8 1790 307 129 450 -1 -1 -1 -1 
35 8 1789 305 131 452 -1 -1 -1 -1 
36 8 1787 304 133 454 -1 -1 -1 -1 
37 8 1785 304 135 456 -1 -1 -1 -1 
38 8 1785 304 135 456 -1 -1 -1 -1 
39 8 1782 305 138 457 -1 -1 -1 -1 
40 8 1781 305 139 460 -1 -1 -1 -1 
41 8 1780 306 140 462 -1 -1 -1 -1 
42 8 1778 306 142 466 -1 -1 -1 -1 
43 8 1778 306 141 466 -1 -1 -1 -1 
44 8 1778 307 141 468 -1 -1 -1 -1 
45 8 1778 307 141 470 -1 -1 -1 -1 
46 8 1777 304 142 475 -1 -1 -1 -1 
47 8 1776 302 143 477 -1 -1 -1 -1 
48 8 1775 299 144 479 -1 -1 -1 -1 
49 8 1775 297 144 480 -1 -1 -1 -1 
50 8 1774 295 145 483 -1 -1 -1 -1 
51 8 1772 291 147 488 -1 -1 -1 -1 
52 8 1772 290 147 488 -1 -1 -1 -1 
53 8 1769 289 150 489 -1 -1 -1 -1 
54 8 1766 288 153 492 -1 -1 -1 -1 
55 8 1762 287 157 495 -1 -1 -1 -1 
56 8 1756 287 163 498 -1 -1 -1 -1 
57 8 1752 288 167 499 -1 -1 -1 -1 
58 8 1749 287 170 504 -1 -1 -1 -1 
59 8 1747 288 172 504 -1 -1 -1 -1 
60 8 1745 287 174 508 -1 -1 -1 -1 
61 8 1742 287 177 510 -1 -1 -1 -1 
62 8 1739 285 180 512 -1 -1 -1 -1 
63 8 1737 283 182 515 -1 -1 -1 -1 
64 8 1735 282 184 518 -1 -1 -1 -1 
65 8 1732 281 187 520 -1 -1 -1 -1 
66 8 1729 278 190 521 -1 -1 -1 -1 
67 8 1727 277 193 523 -1 -1 -1 -1 
68 8 1725 273 195 528 -1 -1 -1 -1 
69 8 1721 273 199 529 -1 -1 -1 -1 
70 8 1715 271 205 533 -1 -1 -1 -1 
71 8 1711 269 208 538 -1 -1 -1 -1 
72 8 1708 267 211 542 -1 -1 -1 -1 
73 8 1704 267 215 547 -1 -1 -1 -1 
74 8 1701 268 217 550 -1 -1 -1 -1 
75 8 1698 269 219 551 -1 -1 -1 -1 
76 8 1695 270 221 552 -1 -1 -1 -1 
77 8 1692 271 223 552 -1 -1 -1 -1 
78 8 1690 271 224 555 -1 -1 -1 -1 
79 8 1687 271 226 557 -1 -1 -1 -1 
80 8 1685 269 229 562 -1 -1 -1 -1 
81 8 1684 267 229 565 -1 -1 -1 -1 
82 8 1682 265 231 568 -1 -1 -1 -1 
83 8 1677 259 235 579 -1 -1 -1 -1 
84 8 1673 256 239 584 -1 -1 -1 -1 
85 8 1668 252 238 583 -1 -1 -1 -1 
86 8 1665 249 240 585 -1 -1 -1 -1 
87 8 1662 248 239 584 -1 -1 -1 -1 
88 8 1656 246 241 588 -1 -1 -1 -1 
89 8 1650 245 243 594 -1 -1 -1 -1 
90 8 1644 244 245 598 -1 -1 -1 -1 
91 8 1637 243 246 602 -1 -1 -1 -1 
92 8 1633 242 247 607 -1 -1 -1 -1 
93 8 1627 243 247 610 -1 -1 -1 -1 
94 8 1622 247 247 608 -1 -1 -1 -1 
95 8 1615 247 249 610 -1 -1 -1 -1 
96 8 1609 248 250 613 -1 -1 -1 -1 
97 8 1603 247 253 617 -1 -1 -1 -1 
98 8 1595 244 255 621 -1 -1 -1 -1 
99 8 1589 241 255 625 -1 -1 -1 -1 
100 8 1583 236 258 631 -1 -1 -1 -1 
101 8 1576 233 261 635 -1 -1 -1 -1 
102 8 1570 232 261 633 -1 -1 -1 -1 
103 8 1563 232 261 634 -1 -1 -1 -1 
104 8 1557 229 264 640 -1 -1 -1 -1 
105 8 1552 223 266 648 -1 -1 -1 -1 
106 8 1544 218 270 658 -1 -1 -1 -1 
107 8 1536 214 273 667 -1 -1 -1 -1 
108 8 1529 217 273 669 -1 -1 -1 -1 
109 8 1522 218 275 673 -1 -1 -1 -1 
110 8 1515 217 278 679 -1 -1 -1 -1 
111 8 1510 215 279 681 -1 -1 -1 -1 
112 8 1503 213 281 683 -1 -1 -1 -1 
113 8 1499 214 279 685 -1 -1 -1 -1 
114 8 1495 215 280 688 -1 -1 -1 -1 
115 8 1488 218 279 687 -1 -1 -1 -1 
116 8 1481 214 282 692 -1 -1 -1 -1 
117 8 1475 205 286 702 -1 -1 -1 -1 
118 8 1470 202 287 711 -1 -1 -1 -1 
119 8 1463 198 291 722 -1 -1 -1 -1 
120 8 1454 186 298 739 -1 -1 -1 -1 
121 8 1447 180 300 745 -1 -1 -1 -1 
122 8 1441 169 304 755 -1 -1 -1 -1 
123 8 1432 162 308 761 -1 -1 -1 -1 
124 8 1426 163 307 758 -1 -1 -1 -1 
125 8 1421 162 307 759 -1 -1 -1 -1 
126 8 1410 161 309 767 -1 -1 -1 -1 
127 8 1398 162 313 771 -1 -1 -1 -1 
128 8 1386 167 317 773 -1 -1 -1 -1 
129 8 1379 167 318 776 -1 -1 -1 -1 
130 8 1375 172 315 770 -1 -1 -1 -1 
131 8 1367 176 316 772 -1 -1 -1 -1 
132 8 1361 174 317 779 -1 -1 -1 -1 
133 8 1353 174 318 780 -1 -1 -1 -1 
134 8 1342 170 320 783 -1 -1 -1 -1 
135 8 1333 167 324 790 -1 -1 -1 -1 
136 8 1322 157 328 803 -1 -1 -1 -1 
137 8 1317 152 330 809 -1 -1 -1 -1 
138 8 1310 152 333 811 -1 -1 -1 -1 
139 8 1301 144 335 820 -1 -1 -1 -1 
140 8 1294 143 336 818 -1 -1 -1 -1 
141 8 1288 145 335 822 -1 -1 -1 -1 
142 8 1278 143 339 831 -1 -1 -1 -1 
143 8 1267 140 342 839 -1 -1 -1 -1 
144 8 1257 138 345 849 -1 -1 -1 -1 
145 8 1246 136 351 859 -1 -1 -1 -1 
146 8 1234 140 354 867 -1 -1 -1 -1 
147 8 1228 139 357 874 -1 -1 -1 -1 
148 8 1222 135 361 885 -1 -1 -1 -1 
149 8 1213 133 359 890 -1 -1 -1 -1 
150 8 1205 134 361 894 -1 -1 -1 -1 
151 8 1201 131 362 894 -1 -1 -1 -1 
152 8 1195 126 365 894 -1 -1 -1 -1 
153 8 1186 118 368 907 -1 -1 -1 -1 
154 8 1177 104 374 925 -1 -1 -1 -1 
155 8 1170 95 379 936 -1 -1 -1 -1 
156 8 1159 88 384 953 -1 -1 -1 -1 
157 8 1151 83 389 960 -1 -1 -1 -1 
158 8 1138 77 391 963 -1 -1 -1 -1 
159 8 1130 71 393 975 -1 -1 -1 -1 
160 8 1121 69 394 981 -1 -1 -1 -1 
161 8 1108 63 401 988 -1 -1 -1 -1 
162 8 1100 63 402 988 -1 -1 -1 -1 
163 8 1086 55 404 999 -1 -1 -1 -1 
164 8 1071 47 407 1008 -1 -1 -1 -1 
165 8 1059 48 408 1009 -1 -1 -1 -1 
166 8 1047 46 409 1011 -1 -1 -1 -1 
167 8 1039 44 411 1016 -1 -1 -1 -1 
168 8 1026 44 414 1020 -1 -1 -1 -1 
169 8 1012 40 415 1027 -1 -1 -1 -1 
170 8 997 33 420 1034 -1 -1 -1 -1 
171 8 974 26 424 1044 -1 -1 -1 -1 
172 8 960 19 425 1051 -1 -1 -1 -1 
173 8 943 9 430 1063 -1 -1 -1 -1 
174 8 930 5 433 1069 -1 -1 -1 -1 
175 8 916 0 437 1078 -1 -1 -1 -1 
176 8 904 -1 436 1078 -1 -1 -1 -1 
177 8 889 -2 439 1079 -1 -1 -1 -1 
178 8 876 -2 440 1080 -1 -1 -1 -1 
179 8 863 -2 438 1079 -1 -1 -1 -1 
180 8 850 -1 434 1073 -1 -1 -1 -1 
181 8 830 -1 438 1072 -1 -1 -1 -1 
182 8 813 -1 443 1077 -1 -1 -1 -1 
183 8 800 -1 443 1078 -1 -1 -1 -1 
184 8 776 -1 450 1080 -1 -1 -1 -1 
185 8 759 -1 453 1081 -1 -1 -1 -1 
186 8 745 0 447 1080 -1 -1 -1 -1 
187 8 733 0 448 1076 -1 -1 -1 -1 
188 8 721 0 444 1074 -1 -1 -1 -1 
189 8 694 0 447 1078 -1 -1 -1 -1 
190 8 676 0 450 1075 -1 -1 -1 -1 
191 8 650 0 448 1074 -1 -1 -1 -1 
192 8 628 0 447 1077 -1 -1 -1 -1 
193 8 610 0 445 1076 -1 -1 -1 -1 
194 8 591 1 433 1050 -1 -1 -1 -1 
195 8 574 1 428 1040 -1 -1 -1 -1 
196 8 547 0 443 1046 -1 -1 -1 -1 
197 8 529 0 454 1050 -1 -1 -1 -1 
198 8 508 3 469 1066 -1 -1 -1 -1 
199 8 473 10 488 1066 -1 -1 -1 -1 
200 8 453 10 492 1069 -1 -1 -1 -1 
201 8 418 7 500 1073 -1 -1 -1 -1 
202 8 401 6 505 1071 -1 -1 -1 -1 
203 8 385 2 493 1060 -1 -1 -1 -1 
204 8 352 1 508 1065 -1 -1 -1 -1 
205 8 338 0 523 1074 -1 -1 -1 -1 
206 8 275 0 524 1061 -1 -1 -1 -1 
207 8 251 0 511 1065 -1 -1 -1 -1 
208 8 222 0 518 1063 -1 -1 -1 -1 
209 8 144 0 549 1073 -1 -1 -1 -1 
210 8 99 0 561 1072 -1 -1 -1 -1 
211 8 52 0 541 1074 -1 -1 -1 -1 
212 8 6 0 541 1066 -1 -1 -1 -1 
213 8 -9 0 517 1075 -1 -1 -1 -1 
214 8 -13 1 428 1078 -1 -1 -1 -1 
215 8 -10 0 423 1078 -1 -1 -1 -1 
216 8 -8 59 415 974 -1 -1 -1 -1 
217 8 7 60 391 945 -1 -1 -1 -1 
218 8 30 121 363 867 -1 -1 -1 -1 
219 8 6 49 313 971 -1 -1 -1 -1 
222 8 85 275 267 697 -1 -1 -1 -1 
223 8 116 306 259 644 -1 -1 -1 -1 
224 8 142 321 255 626 -1 -1 -1 -1 
225 8 167 327 250 615 -1 -1 -1 -1 
226 8 194 330 243 593 -1 -1 -1 -1 
227 8 211 328 240 588 -1 -1 -1 -1 
228 8 223 325 242 587 -1 -1 -1 -1 
229 8 251 322 239 582 -1 -1 -1 -1 
230 8 268 320 237 577 -1 -1 -1 -1 
231 8 293 317 235 571 -1 -1 -1 -1 
232 8 319 315 232 567 -1 -1 -1 -1 
233 8 342 316 232 570 -1 -1 -1 -1 
234 8 362 320 231 564 -1 -1 -1 -1 
235 8 381 322 228 561 -1 -1 -1 -1 
236 8 400 327 225 554 -1 -1 -1 -1 
237 8 416 332 222 549 -1 -1 -1 -1 
238 8 425 334 227 552 -1 -1 -1 -1 
239 8 445 337 224 548 -1 -1 -1 -1 
240 8 463 338 223 546 -1 -1 -1 -1 
241 8 481 336 220 540 -1 -1 -1 -1 
242 8 496 336 218 536 -1 -1 -1 -1 
243 8 514 338 215 524 -1 -1 -1 -1 
244 8 534 335 211 517 -1 -1 -1 -1 
245 8 550 333 214 522 -1 -1 -1 -1 
246 8 567 336 210 517 -1 -1 -1 -1 
247 8 581 336 208 513 -1 -1 -1 -1 
248 8 598 338 206 507 -1 -1 -1 -1 
249 8 625 345 203 500 -1 -1 -1 -1 
250 8 638 348 202 497 -1 -1 -1 -1 
251 8 662 346 192 500 -1 -1 -1 -1 
252 8 670 347 193 489 -1 -1 -1 -1 
253 8 679 344 196 492 -1 -1 -1 -1 
254 8 688 343 199 493 -1 -1 -1 -1 
255 8 698 344 199 489 -1 -1 -1 -1 
256 8 712 343 197 485 -1 -1 -1 -1 
257 8 725 343 196 479 -1 -1 -1 -1 
258 8 741 343 195 477 -1 -1 -1 -1 
259 8 754 341 196 481 -1 -1 -1 -1 
260 8 768 340 195 482 -1 -1 -1 -1 
261 8 782 343 195 480 -1 -1 -1 -1 
262 8 798 345 194 477 -1 -1 -1 -1 
263 8 808 345 193 476 -1 -1 -1 -1 
264 8 820 349 189 466 -1 -1 -1 -1 
265 8 830 353 186 458 -1 -1 -1 -1 
266 8 838 356 184 453 -1 -1 -1 -1 
267 8 853 360 180 444 -1 -1 -1 -1 
268 8 863 359 178 442 -1 -1 -1 -1 
269 8 878 357 179 439 -1 -1 -1 -1 
270 8 891 359 178 434 -1 -1 -1 -1 
271 8 900 355 178 440 -1 -1 -1 -1 
272 8 917 353 179 441 -1 -1 -1 -1 
273 8 928 351 180 439 -1 -1 -1 -1 
274 8 941 358 176 434 -1 -1 -1 -1 
275 8 951 359 175 431 -1 -1 -1 -1 
276 8 957 355 178 434 -1 -1 -1 -1 
277 8 966 357 176 432 -1 -1 -1 -1 
278 8 973 360 174 427 -1 -1 -1 -1 
279 8 985 359 173 425 -1 -1 -1 -1 
280 8 992 360 171 422 -1 -1 -1 -1 
281 8 999 362 168 416 -1 -1 -1 -1 
282 8 1008 365 165 410 -1 -1 -1 -1 
283 8 1013 362 167 412 -1 -1 -1 -1 
284 8 1021 361 166 411 -1 -1 -1 -1 
285 8 1027 362 167 411 -1 -1 -1 -1 
286 8 1034 362 166 413 -1 -1 -1 -1 
287 8 1042 365 164 413 -1 -1 -1 -1 
288 8 1050 368 163 407 -1 -1 -1 -1 
289 8 1060 370 162 402 -1 -1 -1 -1 
290 8 1065 368 160 399 -1 -1 -1 -1 
291 8 1070 368 159 397 -1 -1 -1 -1 
292 8 1074 368 160 395 -1 -1 -1 -1 
293 8 1077 369 159 394 -1 -1 -1 -1 
294 8 1084 371 158 391 -1 -1 -1 -1 
295 8 1090 373 155 384 -1 -1 -1 -1 
296 8 1095 372 156 386 -1 -1 -1 -1 
297 8 1102 371 157 388 -1 -1 -1 -1 
298 8 1107 370 156 388 -1 -1 -1 -1 
299 8 1111 369 156 390 -1 -1 -1 -1 
300 8 1117 369 158 388 -1 -1 -1 -1 
301 8 1120 372 157 386 -1 -1 -1 -1 
302 8 1131 373 153 380 -1 -1 -1 -1 
303 8 1135 373 153 377 -1 -1 -1 -1 
304 8 1140 376 151 374 -1 -1 -1 -1 
305 8 1145 379 151 371 -1 -1 -1 -1 
306 8 1149 377 151 372 -1 -1 -1 -1 
307 8 1155 376 151 372 -1 -1 -1 -1 
308 8 1160 376 150 373 -1 -1 -1 -1 
309 8 1165 379 149 368 -1 -1 -1 -1 
310 8 1169 379 149 365 -1 -1 -1 -1 
311 8 1173 376 150 367 -1 -1 -1 -1 
312 8 1181 378 148 365 -1 -1 -1 -1 
313 8 1189 379 148 363 -1 -1 -1 -1 
314 8 1194 377 151 365 -1 -1 -1 -1 
315 8 1201 381 148 363 -1 -1 -1 -1 
316 8 1198 397 140 344 -1 -1 -1 -1 
317 8 1197 404 135 333 -1 -1 -1 -1 
318 8 1199 405 135 332 -1 -1 -1 -1 
319 8 1217 401 136 334 -1 -1 -1 -1 
320 8 1221 401 136 333 -1 -1 -1 -1 
321 8 1229 398 136 335 -1 -1 -1 -1 
322 8 1234 391 140 342 -1 -1 -1 -1 
323 8 1237 389 141 344 -1 -1 -1 -1 
324 8 1242 386 140 343 -1 -1 -1 -1 
325 8 1244 387 139 339 -1 -1 -1 -1 
326 8 1251 387 138 339 -1 -1 -1 -1 
327 8 1256 386 140 342 -1 -1 -1 -1 
328 8 1260 386 139 342 -1 -1 -1 -1 
329 8 1265 388 138 338 -1 -1 -1 -1 
330 8 1271 389 137 335 -1 -1 -1 -1 
331 8 1272 388 139 338 -1 -1 -1 -1 
332 8 1277 391 137 335 -1 -1 -1 -1 
333 8 1281 392 136 333 -1 -1 -1 -1 
334 8 1286 393 134 329 -1 -1 -1 -1 
335 8 1290 394 133 326 -1 -1 -1 -1 
336 8 1293 395 133 324 -1 -1 -1 -1 
337 8 1298 392 132 327 -1 -1 -1 -1 
338 8 1303 391 133 329 -1 -1 -1 -1 
339 8 1308 391 132 326 -1 -1 -1 -1 
340 8 1311 390 132 326 -1 -1 -1 -1 
341 8 1316 389 132 325 -1 -1 -1 -1 
342 8 1322 389 131 324 -1 -1 -1 -1 
343 8 1330 389 131 324 -1 -1 -1 -1 
345 8 1346 392 128 319 -1 -1 -1 -1 
346 8 1349 392 129 317 -1 -1 -1 -1 
347 8 1352 392 129 317 -1 -1 -1 -1 
348 8 1353 394 128 315 -1 -1 -1 -1 
349 8 1356 397 126 311 -1 -1 -1 -1 
350 8 1360 400 125 306 -1 -1 -1 -1 
351 8 1366 401 123 304 -1 -1 -1 -1 
352 8 1371 403 121 301 -1 -1 -1 -1 
353 8 1375 403 121 298 -1 -1 -1 -1 
354 8 1379 403 119 295 -1 -1 -1 -1 
355 8 1381 401 120 298 -1 -1 -1 -1 
356 8 1384 401 122 298 -1 -1 -1 -1 
357 8 1395 401 120 298 -1 -1 -1 -1 
358 8 1402 403 120 293 -1 -1 -1 -1 
359 8 1406 404 120 292 -1 -1 -1 -1 
360 8 1415 406 119 289 -1 -1 -1 -1 
361 8 1423 408 116 285 -1 -1 -1 -1 
362 8 1429 409 115 283 -1 -1 -1 -1 
363 8 1435 409 115 282 -1 -1 -1 -1 
364 8 1436 409 116 283 -1 -1 -1 -1 
365 8 1436 406 117 286 -1 -1 -1 -1 
366 8 1438 404 117 288 -1 -1 -1 -1 
367 8 1443 404 117 288 -1 -1 -1 -1 
368 8 1447 404 116 287 -1 -1 -1 -1 
369 8 1449 405 115 285 -1 -1 -1 -1 
370 8 1452 407 114 282 -1 -1 -1 -1 
371 8 1454 406 114 282 -1 -1 -1 -1 
372 8 1458 408 114 282 -1 -1 -1 -1 
373 8 1462 411 113 277 -1 -1 -1 -1 
374 8 1464 412 112 276 -1 -1 -1 -1 
375 8 1468 414 110 274 -1 -1 -1 -1 
376 8 1473 415 108 271 -1 -1 -1 -1 
377 8 1477 417 106 266 -1 -1 -1 -1 
378 8 1479 417 105 263 -1 -1 -1 -1 
379 8 1480 414 106 266 -1 -1 -1 -1 
380 8 1482 410 108 269 -1 -1 -1 -1 
381 8 1483 408 110 271 -1 -1 -1 -1 
382 8 1491 413 107 265 -1 -1 -1 -1 
383 8 1495 414 106 262 -1 -1 -1 -1 
384 8 1500 418 104 255 -1 -1 -1 -1 
385 8 1504 420 104 250 -1 -1 -1 -1 
386 8 1506 420 105 252 -1 -1 -1 -1 
387 8 1512 418 103 252 -1 -1 -1 -1 
388 8 1507 414 106 258 -1 -1 -1 -1 
389 8 1507 413 106 260 -1 -1 -1 -1 
390 8 1504 407 107 265 -1 -1 -1 -1 
391 8 1509 408 105 262 -1 -1 -1 -1 
392 8 1515 412 104 258 -1 -1 -1 -1 
393 8 1515 409 106 261 -1 -1 -1 -1 
394 8 1518 407 107 263 -1 -1 -1 -1 
395 8 1525 410 105 261 -1 -1 -1 -1 
396 8 1529 412 105 260 -1 -1 -1 -1 
397 8 1537 412 103 258 -1 -1 -1 -1 
398 8 1540 412 102 257 -1 -1 -1 -1 
399 8 1543 412 101 255 -1 -1 -1 -1 
400 8 1546 412 101 253 -1 -1 -1 -1 
401 8 1547 410 101 255 -1 -1 -1 -1 
402 8 1551 411 102 254 -1 -1 -1 -1 
403 8 1555 413 102 252 -1 -1 -1 -1 
404 8 1561 414 100 250 -1 -1 -1 -1 
405 8 1569 414 100 250 -1 -1 -1 -1 
406 8 1575 417 99 247 -1 -1 -1 -1 
407 8 1584 416 98 247 -1 -1 -1 -1 
408 8 1586 415 100 248 -1 -1 -1 -1 
409 8 1585 414 101 249 -1 -1 -1 -1 
410 8 1597 419 98 239 -1 -1 -1 -1 
411 8 1605 420 97 239 -1 -1 -1 -1 
412 8 1610 420 96 238 -1 -1 -1 -1 
413 8 1616 419 96 238 -1 -1 -1 -1 
414 8 1621 418 96 239 -1 -1 -1 -1 
415 8 1628 420 95 235 -1 -1 -1 -1 
416 8 1632 420 94 235 -1 -1 -1 -1 
417 8 1632 419 95 236 -1 -1 -1 -1 
418 8 1626 416 98 241 -1 -1 -1 -1 
419 8 1627 415 97 240 -1 -1 -1 -1 
420 8 1642 419 95 231 -1 -1 -1 -1 
421 8 1651 422 93 230 -1 -1 -1 -1 
422 8 1656 421 93 231 -1 -1 -1 -1 
423 8 1659 420 94 233 -1 -1 -1 -1 
424 8 1663 424 91 228 -1 -1 -1 -1 
425 8 1667 424 92 228 -1 -1 -1 -1 
426 8 1669 421 92 229 -1 -1 -1 -1 
427 8 1673 421 92 230 -1 -1 -1 -1 
428 8 1677 418 94 232 -1 -1 -1 -1 
429 8 1682 417 94 233 -1 -1 -1 -1 
430 8 1689 419 94 230 -1 -1 -1 -1 
431 8 1699 424 91 224 -1 -1 -1 -1 
432 8 1703 421 93 227 -1 -1 -1 -1 
433 8 1705 421 93 227 -1 -1 -1 -1 
434 8 1707 415 95 235 -1 -1 -1 -1 
435 8 1712 416 94 233 -1 -1 -1 -1 
436 8 1716 416 93 233 -1 -1 -1 -1 
437 8 1719 422 92 226 -1 -1 -1 -1 
438 8 1725 422 90 221 -1 -1 -1 -1 
439 8 1727 425 90 219 -1 -1 -1 -1 
440 8 1729 422 92 224 -1 -1 -1 -1 
441 8 1735 426 89 219 -1 -1 -1 -1 
442 8 1739 426 88 221 -1 -1 -1 -1 
443 8 1744 425 87 220 -1 -1 -1 -1 
444 8 1746 427 88 217 -1 -1 -1 -1 
445 8 1751 425 89 220 -1 -1 -1 -1 
446 8 1753 427 89 217 -1 -1 -1 -1 
447 8 1758 428 89 217 -1 -1 -1 -1 
448 8 1759 429 89 219 -1 -1 -1 -1 
449 8 1761 430 90 220 -1 -1 -1 -1 
454 8 1758 404 105 256 -1 -1 -1 -1 
461 8 1757 394 108 269 -1 -1 -1 -1 
462 8 1748 394 109 266 -1 -1 -1 -1 
463 8 1743 395 108 266 -1 -1 -1 -1 
464 8 1739 395 107 265 -1 -1 -1 -1 
465 8 1735 396 107 263 -1 -1 -1 -1 
466 8 1721 400 104 259 -1 -1 -1 -1 
467 8 1717 402 102 256 -1 -1 -1 -1 
468 8 1707 405 101 248 -1 -1 -1 -1 
469 8 1693 407 99 247 -1 -1 -1 -1 
470 8 1692 404 102 254 -1 -1 -1 -1 
471 8 1685 405 103 252 -1 -1 -1 -1 
472 8 1682 404 103 254 -1 -1 -1 -1 
473 8 1675 403 104 255 -1 -1 -1 -1 
474 8 1669 402 103 255 -1 -1 -1 -1 
475 8 1658 402 104 255 -1 -1 -1 -1 
476 8 1647 406 102 249 -1 -1 -1 -1 
477 8 1639 405 102 251 -1 -1 -1 -1 
478 8 1632 405 102 251 -1 -1 -1 -1 
479 8 1624 407 102 251 -1 -1 -1 -1 
480 8 1617 410 100 248 -1 -1 -1 -1 
481 8 1611 413 100 244 -1 -1 -1 -1 
482 8 1606 415 97 240 -1 -1 -1 -1 
483 8 1599 415 97 242 -1 -1 -1 -1 
484 8 1592 417 96 240 -1 -1 -1 -1 
485 8 1580 417 99 243 -1 -1 -1 -1 
486 8 1573 415 99 244 -1 -1 -1 -1 
487 8 1567 413 99 245 -1 -1 -1 -1 
488 8 1556 412 98 243 -1 -1 -1 -1 
489 8 1549 414 98 241 -1 -1 -1 -1 
490 8 1544 414 98 241 -1 -1 -1 -1 
491 8 1540 414 97 241 -1 -1 -1 -1 
492 8 1536 417 97 239 -1 -1 -1 -1 
493 8 1527 421 96 237 -1 -1 -1 -1 
494 8 1517 424 94 232 -1 -1 -1 -1 
495 8 1528 441 85 212 -1 -1 -1 -1 
496 8 1533 448 79 197 -1 -1 -1 -1 
497 8 1535 446 81 203 -1 -1 -1 -1 
498 8 1537 443 83 207 -1 -1 -1 -1 
46 10 222 458 95 239 -1 -1 -1 -1 
47 10 222 458 96 239 -1 -1 -1 -1 
48 10 224 459 95 234 -1 -1 -1 -1 
49 10 225 459 95 232 -1 -1 -1 -1 
50 10 226 458 94 233 -1 -1 -1 -1 
51 10 226 458 94 233 -1 -1 -1 -1 
52 10 226 459 94 232 -1 -1 -1 -1 
53 10 226 460 92 231 -1 -1 -1 -1 
54 10 224 460 93 231 -1 -1 -1 -1 
55 10 222 459 94 233 -1 -1 -1 -1 
56 10 221 458 94 235 -1 -1 -1 -1 
57 10 218 457 95 237 -1 -1 -1 -1 
62 10 220 474 88 219 -1 -1 -1 -1 
63 10 219 477 88 218 -1 -1 -1 -1 
64 10 221 478 87 220 -1 -1 -1 -1 
65 10 223 477 86 222 -1 -1 -1 -1 
66 10 225 477 87 221 -1 -1 -1 -1 
67 10 228 479 88 220 -1 -1 -1 -1 
68 10 234 480 87 218 -1 -1 -1 -1 
69 10 238 480 88 219 -1 -1 -1 -1 
70 10 242 480 89 220 -1 -1 -1 -1 
71 10 244 479 90 222 -1 -1 -1 -1 
72 10 246 477 90 223 -1 -1 -1 -1 
73 10 248 474 90 227 -1 -1 -1 -1 
74 10 249 472 90 228 -1 -1 -1 -1 
75 10 254 471 91 227 -1 -1 -1 -1 
76 10 260 471 91 226 -1 -1 -1 -1 
77 10 265 469 91 228 -1 -1 -1 -1 
78 10 272 470 90 225 -1 -1 -1 -1 
79 10 277 471 90 223 -1 -1 -1 -1 
80 10 281 469 92 227 -1 -1 -1 -1 
81 10 284 469 93 229 -1 -1 -1 -1 
82 10 288 472 91 226 -1 -1 -1 -1 
83 10 292 465 93 233 -1 -1 -1 -1 
84 10 295 466 92 231 -1 -1 -1 -1 
85 10 297 467 93 232 -1 -1 -1 -1 
86 10 300 465 95 234 -1 -1 -1 -1 
87 10 306 466 93 231 -1 -1 -1 -1 
88 10 310 466 93 230 -1 -1 -1 -1 
89 10 313 465 93 231 -1 -1 -1 -1 
90 10 316 465 93 232 -1 -1 -1 -1 
91 10 319 463 92 235 -1 -1 -1 -1 
92 10 321 465 93 233 -1 -1 -1 -1 
93 10 322 463 95 237 -1 -1 -1 -1 
94 10 324 459 96 239 -1 -1 -1 -1 
95 10 328 463 94 234 -1 -1 -1 -1 
96 10 331 464 95 236 -1 -1 -1 -1 
97 10 332 464 96 237 -1 -1 -1 -1 
98 10 334 461 97 241 -1 -1 -1 -1 
99 10 335 460 99 245 -1 -1 -1 -1 
100 10 335 457 101 248 -1 -1 -1 -1 
101 10 334 454 102 252 -1 -1 -1 -1 
102 10 336 453 102 252 -1 -1 -1 -1 
103 10 338 452 101 251 -1 -1 -1 -1 
104 10 341 452 100 251 -1 -1 -1 -1 
105 10 343 453 101 251 -1 -1 -1 -1 
106 10 345 454 101 250 -1 -1 -1 -1 
107 10 346 455 102 248 -1 -1 -1 -1 
108 10 348 455 101 248 -1 -1 -1 -1 
109 10 349 454 101 250 -1 -1 -1 -1 
110 10 348 454 103 253 -1 -1 -1 -1 
111 10 349 453 104 256 -1 -1 -1 -1 
112 10 350 452 104 256 -1 -1 -1 -1 
113 10 351 450 105 257 -1 -1 -1 -1 
114 10 351 447 106 260 -1 -1 -1 -1 
115 10 351 444 107 264 -1 -1 -1 -1 
116 10 349 442 108 268 -1 -1 -1 -1 
117 10 348 441 109 270 -1 -1 -1 -1 
118 10 347 442 109 271 -1 -1 -1 -1 
119 10 345 444 109 270 -1 -1 -1 -1 
120 10 344 447 109 268 -1 -1 -1 -1 
121 10 344 448 108 268 -1 -1 -1 -1 
122 10 344 446 108 270 -1 -1 -1 -1 
123 10 342 446 110 272 -1 -1 -1 -1 
124 10 340 443 111 276 -1 -1 -1 -1 
125 10 338 443 112 275 -1 -1 -1 -1 
126 10 336 442 111 275 -1 -1 -1 -1 
127 10 335 439 113 279 -1 -1 -1 -1 
128 10 333 437 115 283 -1 -1 -1 -1 
129 10 332 436 115 285 -1 -1 -1 -1 
130 10 331 435 116 286 -1 -1 -1 -1 
131 10 330 435 117 288 -1 -1 -1 -1 
132 10 330 436 117 287 -1 -1 -1 -1 
133 10 329 436 118 288 -1 -1 -1 -1 
134 10 329 435 117 291 -1 -1 -1 -1 
135 10 328 434 118 292 -1 -1 -1 -1 
136 10 328 432 118 294 -1 -1 -1 -1 
137 10 327 431 120 295 -1 -1 -1 -1 
138 10 325 428 121 298 -1 -1 -1 -1 
139 10 324 425 122 301 -1 -1 -1 -1 
140 10 323 423 123 303 -1 -1 -1 -1 
141 10 322 422 123 305 -1 -1 -1 -1 
142 10 321 421 123 307 -1 -1 -1 -1 
143 10 318 422 123 306 -1 -1 -1 -1 
144 10 316 422 124 306 -1 -1 -1 -1 
145 10 316 422 124 306 -1 -1 -1 -1 
146 10 315 422 125 310 -1 -1 -1 -1 
147 10 314 422 126 314 -1 -1 -1 -1 
148 10 312 420 128 315 -1 -1 -1 -1 
149 10 311 419 127 312 -1 -1 -1 -1 
150 10 310 419 127 312 -1 -1 -1 -1 
151 10 308 417 126 312 -1 -1 -1 -1 
152 10 307 413 128 315 -1 -1 -1 -1 
153 10 306 411 131 324 -1 -1 -1 -1 
154 10 311 411 129 322 -1 -1 -1 -1 
155 10 315 411 129 322 -1 -1 -1 -1 
173 10 348 409 160 399 -1 -1 -1 -1 
174 10 351 410 159 396 -1 -1 -1 -1 
175 10 357 409 157 393 -1 -1 -1 -1 
176 10 363 404 156 389 -1 -1 -1 -1 
177 10 368 403 155 386 -1 -1 -1 -1 
178 10 373 400 156 389 -1 -1 -1 -1 
179 10 378 399 158 390 -1 -1 -1 -1 
180 10 384 398 159 391 -1 -1 -1 -1 
181 10 380 411 152 377 -1 -1 -1 -1 
190 10 462 393 163 398 -1 -1 -1 -1 
191 10 464 393 165 401 -1 -1 -1 -1 
192 10 466 391 165 403 -1 -1 -1 -1 
193 10 476 390 163 403 -1 -1 -1 -1 
194 10 486 389 162 401 -1 -1 -1 -1 
195 10 492 390 164 402 -1 -1 -1 -1 
196 10 503 391 161 401 -1 -1 -1 -1 
197 10 508 390 161 399 -1 -1 -1 -1 
198 10 510 387 162 398 -1 -1 -1 -1 
62 11 35 496 98 244 -1 -1 -1 -1 
63 11 35 497 97 243 -1 -1 -1 -1 
64 11 33 497 98 243 -1 -1 -1 -1 
65 11 30 499 98 241 -1 -1 -1 -1 
66 11 30 499 98 241 -1 -1 -1 -1 
67 11 31 500 97 240 -1 -1 -1 -1 
68 11 31 500 97 240 -1 -1 -1 -1 
69 11 32 501 96 239 -1 -1 -1 -1 
70 11 33 501 96 239 -1 -1 -1 -1 
71 11 34 499 96 241 -1 -1 -1 -1 
72 11 35 499 96 240 -1 -1 -1 -1 
73 11 36 500 95 239 -1 -1 -1 -1 
74 11 36 499 96 241 -1 -1 -1 -1 
75 11 36 500 96 240 -1 -1 -1 -1 
76 11 37 500 95 240 -1 -1 -1 -1 
77 11 36 499 96 240 -1 -1 -1 -1 
78 11 36 498 96 242 -1 -1 -1 -1 
79 11 35 499 98 241 -1 -1 -1 -1 
80 11 36 497 97 243 -1 -1 -1 -1 
81 11 36 497 97 243 -1 -1 -1 -1 
82 11 36 496 98 245 -1 -1 -1 -1 
83 11 34 499 97 242 -1 -1 -1 -1 
84 11 32 501 96 239 -1 -1 -1 -1 
85 11 30 501 97 239 -1 -1 -1 -1 
86 11 28 499 99 240 -1 -1 -1 -1 
87 11 27 489 103 251 -1 -1 -1 -1 
88 11 19 466 112 274 -1 -1 -1 -1 
89 11 16 458 115 283 -1 -1 -1 -1 
90 11 9 455 117 286 -1 -1 -1 -1 
91 11 5 454 115 287 -1 -1 -1 -1 
92 11 4 455 114 285 -1 -1 -1 -1 
93 11 1 456 112 283 -1 -1 -1 -1 
94 11 0 455 108 283 -1 -1 -1 -1 
95 11 0 456 105 281 -1 -1 -1 -1 
99 11 30 493 98 245 -1 -1 -1 -1 
100 11 34 499 96 240 -1 -1 -1 -1 
101 11 35 500 97 239 -1 -1 -1 -1 
102 11 35 501 96 238 -1 -1 -1 -1 
103 11 35 500 97 239 -1 -1 -1 -1 
104 11 35 499 97 240 -1 -1 -1 -1 
105 11 36 500 96 239 -1 -1 -1 -1 
106 11 36 501 96 238 -1 -1 -1 -1 
107 11 37 501 95 238 -1 -1 -1 -1 
108 11 36 500 96 239 -1 -1 -1 -1 
109 11 37 500 95 239 -1 -1 -1 -1 
110 11 36 501 96 238 -1 -1 -1 -1 
111 11 35 500 96 238 -1 -1 -1 -1 
112 11 35 500 96 238 -1 -1 -1 -1 
113 11 34 499 97 239 -1 -1 -1 -1 
114 11 34 499 97 239 -1 -1 -1 -1 
115 11 35 498 97 241 -1 -1 -1 -1 
116 11 34 497 98 241 -1 -1 -1 -1 
117 11 33 496 98 243 -1 -1 -1 -1 
118 11 32 496 99 243 -1 -1 -1 -1 
119 11 32 496 99 243 -1 -1 -1 -1 
120 11 32 495 99 244 -1 -1 -1 -1 
121 11 30 494 101 245 -1 -1 -1 -1 
122 11 29 495 101 244 -1 -1 -1 -1 
123 11 30 495 100 244 -1 -1 -1 -1 
124 11 31 494 99 245 -1 -1 -1 -1 
125 11 32 497 98 243 -1 -1 -1 -1 
126 11 31 499 98 241 -1 -1 -1 -1 
127 11 28 497 100 243 -1 -1 -1 -1 
128 11 28 498 99 242 -1 -1 -1 -1 
129 11 29 500 99 240 -1 -1 -1 -1 
130 11 31 502 98 240 -1 -1 -1 -1 
131 11 30 496 100 248 -1 -1 -1 -1 
132 11 31 497 100 247 -1 -1 -1 -1 
133 11 31 496 98 245 -1 -1 -1 -1 
134 11 31 496 99 245 -1 -1 -1 -1 
138 11 3 324 110 569 -1 -1 -1 -1 
139 11 0 297 130 611 -1 -1 -1 -1 
140 11 0 287 140 631 -1 -1 -1 -1 
141 11 -1 275 153 647 -1 -1 -1 -1 
142 11 -1 274 159 645 -1 -1 -1 -1 
143 11 -1 267 177 649 -1 -1 -1 -1 
144 11 -1 264 195 650 -1 -1 -1 -1 
145 11 -1 264 212 647 -1 -1 -1 -1 
146 11 0 264 233 643 -1 -1 -1 -1 
147 11 6 269 248 639 -1 -1 -1 -1 
148 11 34 276 252 631 -1 -1 -1 -1 
149 11 54 278 256 627 -1 -1 -1 -1 
150 11 82 289 249 607 -1 -1 -1 -1 
151 11 104 293 245 594 -1 -1 -1 -1 
152 11 119 296 246 594 -1 -1 -1 -1 
153 11 143 296 242 589 -1 -1 -1 -1 
154 11 159 294 241 590 -1 -1 -1 -1 
155 11 179 296 239 588 -1 -1 -1 -1 
156 11 204 295 237 584 -1 -1 -1 -1 
157 11 220 291 237 582 -1 -1 -1 -1 
158 11 238 289 236 583 -1 -1 -1 -1 
159 11 255 289 235 581 -1 -1 -1 -1 
160 11 268 288 236 584 -1 -1 -1 -1 
161 11 287 289 237 577 -1 -1 -1 -1 
162 11 308 293 230 566 -1 -1 -1 -1 
163 11 335 297 228 561 -1 -1 -1 -1 
164 11 354 299 228 559 -1 -1 -1 -1 
165 11 368 303 229 560 -1 -1 -1 -1 
166 11 389 307 224 553 -1 -1 -1 -1 
167 11 400 309 223 548 -1 -1 -1 -1 
168 11 422 309 221 542 -1 -1 -1 -1 
169 11 442 308 219 537 -1 -1 -1 -1 
170 11 458 310 215 528 -1 -1 -1 -1 
171 11 475 311 214 526 -1 -1 -1 -1 
172 11 498 312 205 508 -1 -1 -1 -1 
173 11 512 312 211 519 -1 -1 -1 -1 
174 11 523 312 206 511 -1 -1 -1 -1 
181 11 666 320 202 498 -1 -1 -1 -1 
182 11 677 320 200 493 -1 -1 -1 -1 
183 11 681 320 199 492 -1 -1 -1 -1 
184 11 690 320 200 495 -1 -1 -1 -1 
185 11 699 319 202 497 -1 -1 -1 -1 
186 11 711 317 204 498 -1 -1 -1 -1 
196 11 888 434 149 364 -1 -1 -1 -1 
197 11 891 411 158 380 -1 -1 -1 -1 
198 11 889 380 172 413 -1 -1 -1 -1 
199 11 883 323 193 470 -1 -1 -1 -1 
200 11 883 301 202 492 -1 -1 -1 -1 
201 11 917 317 193 469 -1 -1 -1 -1 
202 11 937 325 188 457 -1 -1 -1 -1 
203 11 949 327 185 451 -1 -1 -1 -1 
204 11 966 332 180 444 -1 -1 -1 -1 
205 11 979 335 178 438 -1 -1 -1 -1 
206 11 992 336 178 438 -1 -1 -1 -1 
207 11 1003 337 176 434 -1 -1 -1 -1 
208 11 1006 333 179 438 -1 -1 -1 -1 
209 11 1015 331 179 441 -1 -1 -1 -1 
210 11 1024 331 179 442 -1 -1 -1 -1 
211 11 1035 329 182 446 -1 -1 -1 -1 
212 11 1045 331 179 445 -1 -1 -1 -1 
213 11 1057 331 178 441 -1 -1 -1 -1 
214 11 1072 336 175 432 -1 -1 -1 -1 
215 11 1082 342 172 423 -1 -1 -1 -1 
216 11 1092 343 170 421 -1 -1 -1 -1 
217 11 1100 346 170 415 -1 -1 -1 -1 
218 11 1107 346 168 414 -1 -1 -1 -1 
219 11 1115 347 167 413 -1 -1 -1 -1 
220 11 1123 348 167 413 -1 -1 -1 -1 
221 11 1135 349 165 405 -1 -1 -1 -1 
222 11 1144 350 162 402 -1 -1 -1 -1 
223 11 1152 347 162 404 -1 -1 -1 -1 
224 11 1163 346 164 404 -1 -1 -1 -1 
225 11 1171 345 165 404 -1 -1 -1 -1 
226 11 1181 348 165 400 -1 -1 -1 -1 
227 11 1188 352 162 397 -1 -1 -1 -1 
228 11 1192 353 162 395 -1 -1 -1 -1 
229 11 1199 356 161 392 -1 -1 -1 -1 
230 11 1205 355 161 393 -1 -1 -1 -1 
231 11 1212 354 160 392 -1 -1 -1 -1 
232 11 1218 355 160 390 -1 -1 -1 -1 
233 11 1225 357 157 385 -1 -1 -1 -1 
234 11 1231 355 156 385 -1 -1 -1 -1 
235 11 1236 352 156 386 -1 -1 -1 -1 
236 11 1243 352 155 384 -1 -1 -1 -1 
237 11 1246 352 155 382 -1 -1 -1 -1 
238 11 1250 355 153 379 -1 -1 -1 -1 
239 11 1257 357 153 377 -1 -1 -1 -1 
240 11 1264 358 151 375 -1 -1 -1 -1 
241 11 1270 362 150 368 -1 -1 -1 -1 
242 11 1275 367 147 362 -1 -1 -1 -1 
243 11 1280 370 145 357 -1 -1 -1 -1 
244 11 1286 370 144 357 -1 -1 -1 -1 
245 11 1290 369 143 355 -1 -1 -1 -1 
246 11 1297 369 142 352 -1 -1 -1 -1 
247 11 1303 369 141 348 -1 -1 -1 -1 
248 11 1308 368 140 347 -1 -1 -1 -1 
249 11 1314 367 142 350 -1 -1 -1 -1 
250 11 1320 367 142 350 -1 -1 -1 -1 
251 11 1329 370 138 342 -1 -1 -1 -1 
252 11 1333 370 139 342 -1 -1 -1 -1 
253 11 1338 369 139 342 -1 -1 -1 -1 
254 11 1343 371 137 341 -1 -1 -1 -1 
255 11 1346 373 137 339 -1 -1 -1 -1 
256 11 1352 373 137 340 -1 -1 -1 -1 
257 11 1357 374 137 339 -1 -1 -1 -1 
258 11 1360 374 137 336 -1 -1 -1 -1 
259 11 1366 372 136 335 -1 -1 -1 -1 
260 11 1373 372 135 333 -1 -1 -1 -1 
261 11 1377 372 135 332 -1 -1 -1 -1 
262 11 1383 372 135 332 -1 -1 -1 -1 
263 11 1386 372 136 335 -1 -1 -1 -1 
264 11 1393 373 134 332 -1 -1 -1 -1 
265 11 1397 374 133 330 -1 -1 -1 -1 
266 11 1398 373 134 331 -1 -1 -1 -1 
267 11 1405 377 133 326 -1 -1 -1 -1 
268 11 1409 380 132 321 -1 -1 -1 -1 
269 11 1412 383 130 316 -1 -1 -1 -1 
270 11 1416 385 128 312 -1 -1 -1 -1 
271 11 1419 385 126 310 -1 -1 -1 -1 
272 11 1424 384 126 310 -1 -1 -1 -1 
273 11 1427 384 125 308 -1 -1 -1 -1 
274 11 1431 384 124 307 -1 -1 -1 -1 
275 11 1434 380 127 311 -1 -1 -1 -1 
276 11 1438 380 127 312 -1 -1 -1 -1 
277 11 1443 382 126 310 -1 -1 -1 -1 
278 11 1447 383 126 309 -1 -1 -1 -1 
279 11 1457 387 121 303 -1 -1 -1 -1 
280 11 1464 389 118 300 -1 -1 -1 -1 
281 11 1467 390 119 298 -1 -1 -1 -1 
282 11 1471 393 118 295 -1 -1 -1 -1 
283 11 1474 392 119 294 -1 -1 -1 -1 
284 11 1476 391 120 295 -1 -1 -1 -1 
285 11 1479 393 118 295 -1 -1 -1 -1 
286 11 1485 393 116 291 -1 -1 -1 -1 
287 11 1488 391 117 293 -1 -1 -1 -1 
288 11 1490 388 120 298 -1 -1 -1 -1 
289 11 1494 386 120 298 -1 -1 -1 -1 
290 11 1500 389 118 293 -1 -1 -1 -1 
291 11 1507 392 119 292 -1 -1 -1 -1 
292 11 1512 389 119 294 -1 -1 -1 -1 
293 11 1516 390 119 295 -1 -1 -1 -1 
294 11 1523 394 118 289 -1 -1 -1 -1 
295 11 1527 394 117 290 -1 -1 -1 -1 
296 11 1532 393 119 292 -1 -1 -1 -1 
297 11 1540 395 117 290 -1 -1 -1 -1 
298 11 1547 396 117 291 -1 -1 -1 -1 
299 11 1551 393 119 296 -1 -1 -1 -1 
300 11 1553 391 120 298 -1 -1 -1 -1 
301 11 1557 391 120 297 -1 -1 -1 -1 
302 11 1561 387 120 301 -1 -1 -1 -1 
303 11 1563 383 121 304 -1 -1 -1 -1 
304 11 1566 385 120 301 -1 -1 -1 -1 
305 11 1570 388 118 296 -1 -1 -1 -1 
306 11 1573 390 117 292 -1 -1 -1 -1 
307 11 1585 397 112 280 -1 -1 -1 -1 
308 11 1595 399 108 265 -1 -1 -1 -1 
309 11 1604 398 105 258 -1 -1 -1 -1 
310 11 1617 401 100 247 -1 -1 -1 -1 
311 11 1622 399 101 250 -1 -1 -1 -1 
312 11 1626 399 103 251 -1 -1 -1 -1 
313 11 1631 400 103 252 -1 -1 -1 -1 
314 11 1633 398 105 256 -1 -1 -1 -1 
315 11 1636 395 105 262 -1 -1 -1 -1 
316 11 1639 394 104 263 -1 -1 -1 -1 
317 11 1642 397 104 260 -1 -1 -1 -1 
318 11 1644 396 105 261 -1 -1 -1 -1 
319 11 1645 396 109 265 -1 -1 -1 -1 
320 11 1649 397 112 273 -1 -1 -1 -1 
321 11 1653 398 113 279 -1 -1 -1 -1 
322 11 1656 398 113 277 -1 -1 -1 -1 
323 11 1659 398 111 275 -1 -1 -1 -1 
324 11 1662 399 112 276 -1 -1 -1 -1 
325 11 1665 398 112 271 -1 -1 -1 -1 
326 11 1670 397 111 272 -1 -1 -1 -1 
327 11 1681 398 106 263 -1 -1 -1 -1 
328 11 1689 400 104 257 -1 -1 -1 -1 
329 11 1696 403 103 252 -1 -1 -1 -1 
330 11 1699 403 102 249 -1 -1 -1 -1 
331 11 1703 405 100 244 -1 -1 -1 -1 
332 11 1705 406 100 245 -1 -1 -1 -1 
333 11 1707 407 100 245 -1 -1 -1 -1 
334 11 1711 406 100 246 -1 -1 -1 -1 
335 11 1715 406 99 245 -1 -1 -1 -1 
336 11 1718 406 99 245 -1 -1 -1 -1 
337 11 1720 401 101 249 -1 -1 -1 -1 
338 11 1723 402 101 249 -1 -1 -1 -1 
339 11 1724 403 100 248 -1 -1 -1 -1 
340 11 1727 399 101 251 -1 -1 -1 -1 
341 11 1729 402 102 250 -1 -1 -1 -1 
342 11 1734 400 102 252 -1 -1 -1 -1 
343 11 1738 402 100 250 -1 -1 -1 -1 
344 11 1740 403 98 245 -1 -1 -1 -1 
345 11 1742 404 98 244 -1 -1 -1 -1 
346 11 1745 405 98 243 -1 -1 -1 -1 
347 11 1749 407 97 240 -1 -1 -1 -1 
348 11 1751 409 97 237 -1 -1 -1 -1 
349 11 1754 407 95 239 -1 -1 -1 -1 
350 11 1758 408 94 236 -1 -1 -1 -1 
351 11 1761 406 94 234 -1 -1 -1 -1 
352 11 1763 404 95 236 -1 -1 -1 -1 
353 11 1765 404 97 237 -1 -1 -1 -1 
354 11 1770 405 96 237 -1 -1 -1 -1 
355 11 1771 404 97 237 -1 -1 -1 -1 
356 11 1775 406 94 234 -1 -1 -1 -1 
357 11 1779 408 93 231 -1 -1 -1 -1 
358 11 1782 409 92 230 -1 -1 -1 -1 
359 11 1783 409 92 229 -1 -1 -1 -1 
360 11 1787 410 91 228 -1 -1 -1 -1 
361 11 1788 409 92 229 -1 -1 -1 -1 
362 11 1793 410 90 226 -1 -1 -1 -1 
363 11 1797 410 89 221 -1 -1 -1 -1 
364 11 1802 411 86 216 -1 -1 -1 -1 
365 11 1787 403 110 273 -1 -1 -1 -1 
366 11 1785 401 118 292 -1 -1 -1 -1 
367 11 1792 402 116 295 -1 -1 -1 -1 
368 11 1795 405 115 295 -1 -1 -1 -1 
372 11 1807 410 113 293 -1 -1 -1 -1 
373 11 1809 408 111 302 -1 -1 -1 -1 
374 11 1806 409 114 298 -1 -1 -1 -1 
383 11 1825 385 95 338 -1 -1 -1 -1 
384 11 1827 384 93 337 -1 -1 -1 -1 
385 11 1832 383 87 335 -1 -1 -1 -1 
386 11 1837 384 83 332 -1 -1 -1 -1 
387 11 1843 383 76 330 -1 -1 -1 -1 
388 11 1846 379 73 334 -1 -1 -1 -1 
389 11 1862 396 57 263 -1 -1 -1 -1 
390 11 1875 409 44 227 -1 -1 -1 -1 
391 11 1880 409 39 220 -1 -1 -1 -1 
157 12 1455 370 123 299 -1 -1 -1 -1 
158 12 1461 370 124 298 -1 -1 -1 -1 
159 12 1466 370 124 298 -1 -1 -1 -1 
160 12 1468 370 125 301 -1 -1 -1 -1 
161 12 1480 373 121 297 -1 -1 -1 -1 
162 12 1486 374 121 293 -1 -1 -1 -1 
163 12 1492 370 121 299 -1 -1 -1 -1 
164 12 1497 371 120 299 -1 -1 -1 -1 
165 12 1500 376 119 294 -1 -1 -1 -1 
166 12 1502 378 119 294 -1 -1 -1 -1 
167 12 1505 382 117 289 -1 -1 -1 -1 
168 12 1509 383 115 285 -1 -1 -1 -1 
173 12 1530 384 112 273 -1 -1 -1 -1 
174 12 1535 383 112 276 -1 -1 -1 -1 
175 12 1538 384 112 274 -1 -1 -1 -1 
176 12 1543 384 111 273 -1 -1 -1 -1 
177 12 1547 384 111 274 -1 -1 -1 -1 
178 12 1551 384 111 271 -1 -1 -1 -1 
179 12 1558 387 110 268 -1 -1 -1 -1 
180 12 1564 388 108 267 -1 -1 -1 -1 
181 12 1567 386 109 268 -1 -1 -1 -1 
182 12 1569 386 108 265 -1 -1 -1 -1 
183 12 1577 388 106 261 -1 -1 -1 -1 
184 12 1582 387 107 263 -1 -1 -1 -1 
185 12 1586 386 107 264 -1 -1 -1 -1 
186 12 1587 384 108 265 -1 -1 -1 -1 
187 12 1590 381 108 268 -1 -1 -1 -1 
188 12 1593 383 107 266 -1 -1 -1 -1 
189 12 1598 385 107 263 -1 -1 -1 -1 
190 12 1601 388 106 260 -1 -1 -1 -1 
191 12 1604 390 105 258 -1 -1 -1 -1 
192 12 1606 393 104 256 -1 -1 -1 -1 
193 12 1609 395 102 253 -1 -1 -1 -1 
194 12 1612 397 100 248 -1 -1 -1 -1 
195 12 1614 398 100 247 -1 -1 -1 -1 
196 12 1619 398 99 245 -1 -1 -1 -1 
197 12 1622 397 99 244 -1 -1 -1 -1 
198 12 1625 396 99 244 -1 -1 -1 -1 
199 12 1628 393 100 247 -1 -1 -1 -1 
200 12 1631 392 101 248 -1 -1 -1 -1 
201 12 1635 393 100 245 -1 -1 -1 -1 
202 12 1639 394 98 241 -1 -1 -1 -1 
203 12 1642 396 97 240 -1 -1 -1 -1 
204 12 1647 398 96 238 -1 -1 -1 -1 
205 12 1651 401 95 235 -1 -1 -1 -1 
206 12 1656 402 94 233 -1 -1 -1 -1 
207 12 1660 403 94 231 -1 -1 -1 -1 
208 12 1664 402 93 232 -1 -1 -1 -1 
209 12 1666 402 95 232 -1 -1 -1 -1 
210 12 1668 401 95 234 -1 -1 -1 -1 
211 12 1671 399 96 235 -1 -1 -1 -1 
212 12 1674 397 97 237 -1 -1 -1 -1 
213 12 1676 396 97 239 -1 -1 -1 -1 
214 12 1682 399 95 235 -1 -1 -1 -1 
215 12 1687 401 92 233 -1 -1 -1 -1 
216 12 1691 402 94 233 -1 -1 -1 -1 
217 12 1693 404 94 232 -1 -1 -1 -1 
218 12 1696 406 92 228 -1 -1 -1 -1 
219 12 1696 407 91 225 -1 -1 -1 -1 
220 12 1696 407 91 225 -1 -1 -1 -1 
221 12 1699 408 90 221 -1 -1 -1 -1 
222 12 1698 408 91 223 -1 -1 -1 -1 
223 12 1700 406 92 226 -1 -1 -1 -1 
224 12 1704 405 92 227 -1 -1 -1 -1 
225 12 1707 403 92 227 -1 -1 -1 -1 
226 12 1716 405 89 222 -1 -1 -1 -1 
227 12 1722 405 88 218 -1 -1 -1 -1 
228 12 1727 406 86 214 -1 -1 -1 -1 
229 12 1733 405 85 209 -1 -1 -1 -1 
230 12 1739 407 84 208 -1 -1 -1 -1 
231 12 1746 409 84 206 -1 -1 -1 -1 
232 12 1749 409 83 207 -1 -1 -1 -1 
233 12 1753 407 84 210 -1 -1 -1 -1 
234 12 1755 404 86 215 -1 -1 -1 -1 
235 12 1755 403 87 217 -1 -1 -1 -1 
236 12 1756 400 89 220 -1 -1 -1 -1 
237 12 1758 399 88 220 -1 -1 -1 -1 
238 12 1759 400 87 218 -1 -1 -1 -1 
239 12 1763 402 85 214 -1 -1 -1 -1 
240 12 1766 404 83 209 -1 -1 -1 -1 
241 12 1768 406 84 207 -1 -1 -1 -1 
242 12 1772 406 81 203 -1 -1 -1 -1 
243 12 1770 408 82 207 -1 -1 -1 -1 
244 12 1772 412 82 206 -1 -1 -1 -1 
245 12 1783 418 76 190 -1 -1 -1 -1 
246 12 1784 416 80 205 -1 -1 -1 -1 
247 12 1785 412 84 212 -1 -1 -1 -1 
248 12 1783 412 84 214 -1 -1 -1 -1 
249 12 1786 416 82 209 -1 -1 -1 -1 
250 12 1795 414 81 210 -1 -1 -1 -1 
252 12 1789 416 86 212 -1 -1 -1 -1 
254 12 1794 416 87 212 -1 -1 -1 -1 
255 12 1797 417 85 211 -1 -1 -1 -1 
256 12 1801 416 85 212 -1 -1 -1 -1 
257 12 1805 416 85 212 -1 -1 -1 -1 
258 12 1812 424 82 203 -1 -1 -1 -1 
259 12 1816 420 83 208 -1 -1 -1 -1 
260 12 1819 420 83 207 -1 -1 -1 -1 
261 12 1821 418 84 209 -1 -1 -1 -1 
262 12 1823 417 83 210 -1 -1 -1 -1 
263 12 1823 417 86 211 -1 -1 -1 -1 
264 12 1826 418 85 210 -1 -1 -1 -1 
265 12 1830 422 82 205 -1 -1 -1 -1 
266 12 1834 424 80 200 -1 -1 -1 -1 
267 12 1838 423 79 201 -1 -1 -1 -1 
268 12 1841 422 78 202 -1 -1 -1 -1 
269 12 1841 421 79 201 -1 -1 -1 -1 
270 12 1842 421 78 200 -1 -1 -1 -1 
271 12 1844 420 76 200 -1 -1 -1 -1 
272 12 1845 420 74 201 -1 -1 -1 -1 
273 12 1848 416 72 207 -1 -1 -1 -1 
274 12 1851 418 69 207 -1 -1 -1 -1 
275 12 1851 420 69 204 -1 -1 -1 -1 
276 12 1850 422 70 202 -1 -1 -1 -1 
277 12 1850 424 70 199 -1 -1 -1 -1 
278 12 1851 425 69 198 -1 -1 -1 -1 
279 12 1855 425 65 197 -1 -1 -1 -1 
280 12 1857 425 63 193 -1 -1 -1 -1 
281 12 1857 426 63 191 -1 -1 -1 -1 
282 12 1860 428 60 187 -1 -1 -1 -1 
283 12 1865 427 55 186 -1 -1 -1 -1 
284 12 1868 425 52 187 -1 -1 -1 -1 
285 12 1869 424 50 187 -1 -1 -1 -1 
286 12 1872 423 47 180 -1 -1 -1 -1 
287 12 1876 424 43 176 -1 -1 -1 -1 
288 12 1877 425 42 174 -1 -1 -1 -1 
289 12 1877 425 42 166 -1 -1 -1 -1 
290 12 1878 426 41 156 -1 -1 -1 -1 
291 12 1879 428 40 149 -1 -1 -1 -1 
163 13 115 525 84 209 -1 -1 -1 -1 
164 13 114 522 85 213 -1 -1 -1 -1 
165 13 115 523 84 212 -1 -1 -1 -1 
166 13 118 523 84 211 -1 -1 -1 -1 
167 13 116 512 91 222 -1 -1 -1 -1 
168 13 117 512 90 223 -1 -1 -1 -1 
169 13 119 512 89 223 -1 -1 -1 -1 
170 13 120 514 90 222 -1 -1 -1 -1 
171 13 120 513 89 222 -1 -1 -1 -1 
172 13 120 516 89 219 -1 -1 -1 -1 
173 13 121 522 87 214 -1 -1 -1 -1 
174 13 121 524 86 212 -1 -1 -1 -1 
175 13 122 528 84 208 -1 -1 -1 -1 
176 13 121 528 84 208 -1 -1 -1 -1 
177 13 121 528 84 208 -1 -1 -1 -1 
178 13 121 526 85 210 -1 -1 -1 -1 
179 13 121 522 86 214 -1 -1 -1 -1 
180 13 121 519 87 216 -1 -1 -1 -1 
181 13 121 520 86 215 -1 -1 -1 -1 
182 13 122 523 85 212 -1 -1 -1 -1 
183 13 123 523 85 212 -1 -1 -1 -1 
184 13 123 521 87 217 -1 -1 -1 -1 
169 14 1376 453 87 214 -1 -1 -1 -1 
170 14 1376 452 87 215 -1 -1 -1 -1 
171 14 1378 448 90 219 -1 -1 -1 -1 
172 14 1380 445 90 222 -1 -1 -1 -1 
173 14 1382 451 88 215 -1 -1 -1 -1 
174 14 1384 453 86 212 -1 -1 -1 -1 
175 14 1386 456 87 212 -1 -1 -1 -1 
176 14 1387 454 88 215 -1 -1 -1 -1 
177 14 1389 453 88 216 -1 -1 -1 -1 
178 14 1392 455 87 212 -1 -1 -1 -1 
179 14 1392 454 86 211 -1 -1 -1 -1 
180 14 1393 455 84 209 -1 -1 -1 -1 
181 14 1397 456 84 211 -1 -1 -1 -1 
182 14 1398 457 86 212 -1 -1 -1 -1 
183 14 1398 457 86 213 -1 -1 -1 -1 
184 14 1398 456 87 216 -1 -1 -1 -1 
185 14 1398 455 88 218 -1 -1 -1 -1 
186 14 1399 452 88 219 -1 -1 -1 -1 
187 14 1400 450 90 222 -1 -1 -1 -1 
188 14 1401 448 88 220 -1 -1 -1 -1 
189 14 1401 446 89 222 -1 -1 -1 -1 
190 14 1401 445 90 223 -1 -1 -1 -1 
191 14 1401 445 90 226 -1 -1 -1 -1 
192 14 1402 445 91 228 -1 -1 -1 -1 
193 14 1403 443 92 230 -1 -1 -1 -1 
194 14 1403 446 92 225 -1 -1 -1 -1 
195 14 1404 446 93 225 -1 -1 -1 -1 
196 14 1410 445 93 228 -1 -1 -1 -1 
197 14 1413 443 94 231 -1 -1 -1 -1 
198 14 1413 440 96 237 -1 -1 -1 -1 
199 14 1416 442 97 236 -1 -1 -1 -1 
200 14 1419 443 96 235 -1 -1 -1 -1 
201 14 1421 441 96 238 -1 -1 -1 -1 
202 14 1423 443 95 235 -1 -1 -1 -1 
203 14 1426 443 94 235 -1 -1 -1 -1 
204 14 1427 445 97 237 -1 -1 -1 -1 
205 14 1428 443 95 237 -1 -1 -1 -1 
206 14 1432 443 96 237 -1 -1 -1 -1 
207 14 1435 442 96 239 -1 -1 -1 -1 
208 14 1436 440 97 240 -1 -1 -1 -1 
209 14 1437 440 97 240 -1 -1 -1 -1 
210 14 1439 439 97 241 -1 -1 -1 -1 
211 14 1441 438 97 243 -1 -1 -1 -1 
212 14 1441 435 100 246 -1 -1 -1 -1 
213 14 1443 438 99 244 -1 -1 -1 -1 
214 14 1446 439 99 243 -1 -1 -1 -1 
215 14 1451 441 98 241 -1 -1 -1 -1 
216 14 1454 440 99 244 -1 -1 -1 -1 
217 14 1459 443 99 243 -1 -1 -1 -1 
218 14 1459 442 100 243 -1 -1 -1 -1 
219 14 1464 444 99 243 -1 -1 -1 -1 
220 14 1465 441 100 247 -1 -1 -1 -1 
221 14 1467 444 99 242 -1 -1 -1 -1 
222 14 1477 446 85 207 -1 -1 -1 -1 
223 14 1484 443 84 207 -1 -1 -1 -1 
224 14 1484 441 85 215 -1 -1 -1 -1 
225 14 1482 436 95 238 -1 -1 -1 -1 
226 14 1484 433 100 248 -1 -1 -1 -1 
227 14 1487 431 103 252 -1 -1 -1 -1 
228 14 1492 430 103 257 -1 -1 -1 -1 
229 14 1498 429 103 258 -1 -1 -1 -1 
230 14 1500 432 103 255 -1 -1 -1 -1 
231 14 1504 430 105 256 -1 -1 -1 -1 
232 14 1505 428 106 260 -1 -1 -1 -1 
233 14 1505 429 108 261 -1 -1 -1 -1 
234 14 1506 429 107 260 -1 -1 -1 -1 
235 14 1511 427 106 261 -1 -1 -1 -1 
236 14 1516 432 105 259 -1 -1 -1 -1 
237 14 1518 430 107 261 -1 -1 -1 -1 
238 14 1521 429 105 260 -1 -1 -1 -1 
239 14 1523 427 105 263 -1 -1 -1 -1 
240 14 1523 428 103 262 -1 -1 -1 -1 
241 14 1525 429 93 239 -1 -1 -1 -1 
242 14 1526 430 93 232 -1 -1 -1 -1 
243 14 1532 431 93 231 -1 -1 -1 -1 
244 14 1531 430 100 249 -1 -1 -1 -1 
245 14 1533 429 104 259 -1 -1 -1 -1 
246 14 1535 428 107 265 -1 -1 -1 -1 
247 14 1535 426 110 268 -1 -1 -1 -1 
248 14 1536 425 110 271 -1 -1 -1 -1 
249 14 1538 426 109 269 -1 -1 -1 -1 
250 14 1539 427 108 267 -1 -1 -1 -1 
251 14 1538 426 109 268 -1 -1 -1 -1 
252 14 1535 426 109 266 -1 -1 -1 -1 
253 14 1534 425 109 267 -1 -1 -1 -1 
254 14 1534 424 109 268 -1 -1 -1 -1 
255 14 1534 424 109 267 -1 -1 -1 -1 
256 14 1534 424 109 267 -1 -1 -1 -1 
257 14 1533 424 109 267 -1 -1 -1 -1 
258 14 1533 424 109 267 -1 -1 -1 -1 
259 14 1533 423 110 269 -1 -1 -1 -1 
260 14 1533 423 110 269 -1 -1 -1 -1 
261 14 1532 421 111 271 -1 -1 -1 -1 
262 14 1532 421 112 271 -1 -1 -1 -1 
263 14 1532 421 111 271 -1 -1 -1 -1 
264 14 1532 421 111 271 -1 -1 -1 -1 
265 14 1533 420 110 271 -1 -1 -1 -1 
266 14 1534 421 110 270 -1 -1 -1 -1 
267 14 1535 422 109 269 -1 -1 -1 -1 
268 14 1536 422 109 269 -1 -1 -1 -1 
269 14 1538 423 108 268 -1 -1 -1 -1 
270 14 1539 424 108 268 -1 -1 -1 -1 
271 14 1539 425 107 267 -1 -1 -1 -1 
272 14 1539 426 108 266 -1 -1 -1 -1 
273 14 1540 427 107 266 -1 -1 -1 -1 
274 14 1543 428 107 264 -1 -1 -1 -1 
275 14 1546 429 107 262 -1 -1 -1 -1 
276 14 1551 433 106 258 -1 -1 -1 -1 
277 14 1557 436 104 255 -1 -1 -1 -1 
278 14 1562 439 102 252 -1 -1 -1 -1 
279 14 1566 444 99 246 -1 -1 -1 -1 
280 14 1570 449 97 241 -1 -1 -1 -1 
281 14 1572 453 97 238 -1 -1 -1 -1 
282 14 1577 462 92 226 -1 -1 -1 -1 
283 14 1578 469 89 218 -1 -1 -1 -1 
284 14 1585 474 87 215 -1 -1 -1 -1 
285 14 1588 477 86 213 -1 -1 -1 -1 
286 14 1591 482 86 210 -1 -1 -1 -1 
287 14 1591 487 85 204 -1 -1 -1 -1 
288 14 1591 491 82 197 -1 -1 -1 -1 
314 14 1597 480 87 218 -1 -1 -1 -1 
315 14 1596 479 88 218 -1 -1 -1 -1 
316 14 1595 472 90 222 -1 -1 -1 -1 
317 14 1595 470 91 224 -1 -1 -1 -1 
318 14 1594 468 91 226 -1 -1 -1 -1 
319 14 1590 464 91 228 -1 -1 -1 -1 
320 14 1589 459 93 234 -1 -1 -1 -1 
321 14 1587 456 94 236 -1 -1 -1 -1 
322 14 1584 450 98 243 -1 -1 -1 -1 
323 14 1583 448 99 245 -1 -1 -1 -1 
324 14 1582 442 101 251 -1 -1 -1 -1 
325 14 1578 438 103 254 -1 -1 -1 -1 
326 14 1579 437 103 254 -1 -1 -1 -1 
327 14 1580 434 104 256 -1 -1 -1 -1 
328 14 1578 425 107 264 -1 -1 -1 -1 
329 14 1580 423 107 260 -1 -1 -1 -1 
330 14 1581 416 110 272 -1 -1 -1 -1 
331 14 1582 413 112 277 -1 -1 -1 -1 
332 14 1584 411 113 281 -1 -1 -1 -1 
333 14 1585 409 115 284 -1 -1 -1 -1 
334 14 1589 408 114 282 -1 -1 -1 -1 
335 14 1593 409 113 280 -1 -1 -1 -1 
336 14 1593 409 114 280 -1 -1 -1 -1 
337 14 1599 413 113 278 -1 -1 -1 -1 
338 14 1603 414 111 277 -1 -1 -1 -1 
339 14 1611 415 108 269 -1 -1 -1 -1 
340 14 1618 415 103 250 -1 -1 -1 -1 
341 14 1628 418 98 240 -1 -1 -1 -1 
342 14 1629 414 106 259 -1 -1 -1 -1 
343 14 1636 415 104 259 -1 -1 -1 -1 
344 14 1644 417 102 256 -1 -1 -1 -1 
345 14 1652 415 102 257 -1 -1 -1 -1 
346 14 1656 412 105 259 -1 -1 -1 -1 
347 14 1661 408 113 279 -1 -1 -1 -1 
348 14 1666 408 117 290 -1 -1 -1 -1 
349 14 1668 405 117 289 -1 -1 -1 -1 
350 14 1670 404 122 301 -1 -1 -1 -1 
351 14 1678 403 117 289 -1 -1 -1 -1 
352 14 1682 402 121 298 -1 -1 -1 -1 
353 14 1685 402 123 302 -1 -1 -1 -1 
354 14 1690 403 122 302 -1 -1 -1 -1 
355 14 1696 404 119 298 -1 -1 -1 -1 
356 14 1697 405 119 296 -1 -1 -1 -1 
357 14 1700 403 121 300 -1 -1 -1 -1 
358 14 1704 402 119 291 -1 -1 -1 -1 
359 14 1707 402 118 290 -1 -1 -1 -1 
360 14 1713 399 120 300 -1 -1 -1 -1 
361 14 1718 398 120 300 -1 -1 -1 -1 
362 14 1720 397 122 303 -1 -1 -1 -1 
363 14 1721 396 123 304 -1 -1 -1 -1 
364 14 1727 394 125 309 -1 -1 -1 -1 
365 14 1730 394 127 315 -1 -1 -1 -1 
366 14 1734 393 130 321 -1 -1 -1 -1 
367 14 1742 392 131 321 -1 -1 -1 -1 
368 14 1746 393 132 321 -1 -1 -1 -1 
369 14 1754 391 130 318 -1 -1 -1 -1 
370 14 1757 390 130 318 -1 -1 -1 -1 
371 14 1762 389 129 318 -1 -1 -1 -1 
372 14 1768 391 124 309 -1 -1 -1 -1 
373 14 1771 391 127 318 -1 -1 -1 -1 
374 14 1777 388 129 322 -1 -1 -1 -1 
375 14 1785 386 124 312 -1 -1 -1 -1 
376 14 1790 384 123 310 -1 -1 -1 -1 
377 14 1797 385 119 299 -1 -1 -1 -1 
378 14 1800 385 116 289 -1 -1 -1 -1 
379 14 1805 386 114 288 -1 -1 -1 -1 
380 14 1805 383 115 315 -1 -1 -1 -1 
381 14 1810 382 111 332 -1 -1 -1 -1 
382 14 1815 381 106 339 -1 -1 -1 -1 
177 16 1338 547 54 132 -1 -1 -1 -1 
178 16 1340 547 53 132 -1 -1 -1 -1 
179 16 1343 545 53 133 -1 -1 -1 -1 
180 16 1345 545 53 132 -1 -1 -1 -1 
181 16 1347 545 53 133 -1 -1 -1 -1 
182 16 1348 545 53 133 -1 -1 -1 -1 
183 16 1349 545 53 133 -1 -1 -1 -1 
184 16 1352 546 53 133 -1 -1 -1 -1 
185 16 1354 547 53 134 -1 -1 -1 -1 
186 16 1357 548 53 132 -1 -1 -1 -1 
187 16 1359 549 53 132 -1 -1 -1 -1 
188 16 1361 550 53 132 -1 -1 -1 -1 
189 16 1364 550 53 133 -1 -1 -1 -1 
190 16 1365 549 54 134 -1 -1 -1 -1 
191 16 1366 546 56 137 -1 -1 -1 -1 
192 16 1366 543 59 141 -1 -1 -1 -1 
193 16 1368 541 59 143 -1 -1 -1 -1 
194 16 1373 539 59 144 -1 -1 -1 -1 
195 16 1376 537 59 149 -1 -1 -1 -1 
196 16 1379 537 60 149 -1 -1 -1 -1 
197 16 1381 537 59 147 -1 -1 -1 -1 
203 16 1402 538 60 147 -1 -1 -1 -1 
204 16 1405 539 59 147 -1 -1 -1 -1 
205 16 1409 543 57 144 -1 -1 -1 -1 
206 16 1412 543 57 144 -1 -1 -1 -1 
207 16 1415 543 57 144 -1 -1 -1 -1 
208 16 1416 541 60 147 -1 -1 -1 -1 
209 16 1418 539 61 150 -1 -1 -1 -1 
210 16 1419 538 62 153 -1 -1 -1 -1 
211 16 1421 539 64 153 -1 -1 -1 -1 
212 16 1424 537 65 159 -1 -1 -1 -1 
213 16 1427 536 64 158 -1 -1 -1 -1 
214 16 1431 536 63 155 -1 -1 -1 -1 
215 16 1433 537 63 154 -1 -1 -1 -1 
216 16 1438 536 62 155 -1 -1 -1 -1 
217 16 1441 537 61 154 -1 -1 -1 -1 
219 16 1446 537 63 158 -1 -1 -1 -1 
220 16 1449 541 62 154 -1 -1 -1 -1 
221 16 1451 542 62 153 -1 -1 -1 -1 
222 16 1456 542 61 150 -1 -1 -1 -1 
223 16 1459 543 62 151 -1 -1 -1 -1 
224 16 1465 543 61 151 -1 -1 -1 -1 
225 16 1466 545 61 150 -1 -1 -1 -1 
226 16 1469 542 63 155 -1 -1 -1 -1 
227 16 1472 540 64 157 -1 -1 -1 -1 
228 16 1476 542 63 157 -1 -1 -1 -1 
229 16 1481 544 61 154 -1 -1 -1 -1 
230 16 1484 543 62 153 -1 -1 -1 -1 
231 16 1489 542 63 154 -1 -1 -1 -1 
232 16 1494 541 63 156 -1 -1 -1 -1 
233 16 1497 540 64 159 -1 -1 -1 -1 
234 16 1502 539 64 159 -1 -1 -1 -1 
235 16 1505 539 65 158 -1 -1 -1 -1 
236 16 1509 537 67 161 -1 -1 -1 -1 
237 16 1515 538 65 160 -1 -1 -1 -1 
238 16 1522 537 64 160 -1 -1 -1 -1 
241 16 1542 537 65 160 -1 -1 -1 -1 
242 16 1548 538 65 159 -1 -1 -1 -1 
249 16 1595 535 70 170 -1 -1 -1 -1 
250 16 1600 533 71 173 -1 -1 -1 -1 
251 16 1607 533 71 173 -1 -1 -1 -1 
252 16 1610 534 72 172 -1 -1 -1 -1 
253 16 1616 533 70 173 -1 -1 -1 -1 
254 16 1625 529 70 177 -1 -1 -1 -1 
255 16 1629 523 74 183 -1 -1 -1 -1 
256 16 1639 527 71 178 -1 -1 -1 -1 
257 16 1644 528 70 178 -1 -1 -1 -1 
258 16 1648 531 70 176 -1 -1 -1 -1 
259 16 1654 534 71 175 -1 -1 -1 -1 
260 16 1659 533 72 178 -1 -1 -1 -1 
261 16 1662 531 73 180 -1 -1 -1 -1 
262 16 1670 529 73 183 -1 -1 -1 -1 
263 16 1676 528 75 184 -1 -1 -1 -1 
264 16 1683 528 74 184 -1 -1 -1 -1 
265 16 1689 527 75 187 -1 -1 -1 -1 
266 16 1694 529 74 186 -1 -1 -1 -1 
267 16 1700 533 74 183 -1 -1 -1 -1 
268 16 1704 535 75 182 -1 -1 -1 -1 
269 16 1708 533 75 184 -1 -1 -1 -1 
270 16 1713 531 74 185 -1 -1 -1 -1 
271 16 1719 530 76 188 -1 -1 -1 -1 
272 16 1724 530 77 188 -1 -1 -1 -1 
273 16 1729 531 76 188 -1 -1 -1 -1 
274 16 1734 532 75 187 -1 -1 -1 -1 
275 16 1736 534 76 188 -1 -1 -1 -1 
276 16 1740 535 74 188 -1 -1 -1 -1 
277 16 1738 529 79 192 -1 -1 -1 -1 
278 16 1738 528 80 194 -1 -1 -1 -1 
279 16 1738 530 78 192 -1 -1 -1 -1 
280 16 1738 533 77 189 -1 -1 -1 -1 
281 16 1738 534 75 189 -1 -1 -1 -1 
282 16 1735 532 77 192 -1 -1 -1 -1 
283 16 1733 531 78 194 -1 -1 -1 -1 
284 16 1732 530 78 194 -1 -1 -1 -1 
285 16 1731 529 79 195 -1 -1 -1 -1 
286 16 1727 528 79 195 -1 -1 -1 -1 
287 16 1724 528 79 197 -1 -1 -1 -1 
288 16 1721 528 81 196 -1 -1 -1 -1 
289 16 1719 528 79 195 -1 -1 -1 -1 
290 16 1716 528 78 194 -1 -1 -1 -1 
291 16 1715 529 78 195 -1 -1 -1 -1 
292 16 1713 531 77 193 -1 -1 -1 -1 
293 16 1712 532 77 193 -1 -1 -1 -1 
294 16 1708 530 78 194 -1 -1 -1 -1 
295 16 1705 528 80 196 -1 -1 -1 -1 
296 16 1704 529 80 196 -1 -1 -1 -1 
297 16 1703 530 80 195 -1 -1 -1 -1 
298 16 1700 531 79 194 -1 -1 -1 -1 
299 16 1698 530 79 196 -1 -1 -1 -1 
300 16 1698 532 78 193 -1 -1 -1 -1 
301 16 1702 535 75 187 -1 -1 -1 -1 
302 16 1703 535 75 186 -1 -1 -1 -1 
303 16 1704 535 75 186 -1 -1 -1 -1 
304 16 1704 533 75 186 -1 -1 -1 -1 
313 16 1701 526 79 193 -1 -1 -1 -1 
314 16 1698 526 79 194 -1 -1 -1 -1 
315 16 1696 525 81 196 -1 -1 -1 -1 
316 16 1696 525 79 196 -1 -1 -1 -1 
317 16 1696 527 78 194 -1 -1 -1 -1 
318 16 1695 530 78 189 -1 -1 -1 -1 
319 16 1694 530 77 190 -1 -1 -1 -1 
320 16 1693 530 77 190 -1 -1 -1 -1 
321 16 1688 527 83 192 -1 -1 -1 -1 
322 16 1689 530 78 190 -1 -1 -1 -1 
323 16 1687 531 76 190 -1 -1 -1 -1 
324 16 1683 532 77 188 -1 -1 -1 -1 
325 16 1681 531 77 188 -1 -1 -1 -1 
326 16 1680 530 78 189 -1 -1 -1 -1 
327 16 1678 530 77 191 -1 -1 -1 -1 
328 16 1676 530 77 190 -1 -1 -1 -1 
329 16 1675 532 77 189 -1 -1 -1 -1 
330 16 1677 531 76 190 -1 -1 -1 -1 
331 16 1677 532 76 189 -1 -1 -1 -1 
332 16 1676 532 76 188 -1 -1 -1 -1 
333 16 1676 533 76 188 -1 -1 -1 -1 
334 16 1676 534 75 188 -1 -1 -1 -1 
335 16 1678 534 75 187 -1 -1 -1 -1 
336 16 1678 533 76 188 -1 -1 -1 -1 
337 16 1680 530 77 192 -1 -1 -1 -1 
338 16 1680 531 77 191 -1 -1 -1 -1 
339 16 1681 532 76 189 -1 -1 -1 -1 
340 16 1681 532 75 189 -1 -1 -1 -1 
341 16 1680 532 76 189 -1 -1 -1 -1 
342 16 1679 530 77 191 -1 -1 -1 -1 
343 16 1679 530 76 191 -1 -1 -1 -1 
344 16 1677 530 77 191 -1 -1 -1 -1 
345 16 1677 531 77 193 -1 -1 -1 -1 
346 16 1676 530 78 195 -1 -1 -1 -1 
347 16 1676 531 78 193 -1 -1 -1 -1 
348 16 1676 530 78 194 -1 -1 -1 -1 
349 16 1678 531 78 193 -1 -1 -1 -1 
350 16 1678 532 77 191 -1 -1 -1 -1 
351 16 1678 530 80 193 -1 -1 -1 -1 
180 17 31 498 97 243 -1 -1 -1 -1 
181 17 6 255 123 673 -1 -1 -1 -1 
182 17 -1 163 155 831 -1 -1 -1 -1 
183 17 -4 130 182 894 -1 -1 -1 -1 
184 17 -5 123 215 905 -1 -1 -1 -1 
185 17 -4 135 244 881 -1 -1 -1 -1 
186 17 -2 145 264 858 -1 -1 -1 -1 
187 17 0 156 283 845 -1 -1 -1 -1 
188 17 0 172 291 827 -1 -1 -1 -1 
189 17 15 177 302 813 -1 -1 -1 -1 
190 17 33 188 298 773 -1 -1 -1 -1 
196 17 198 220 287 713 -1 -1 -1 -1 
197 17 215 226 289 707 -1 -1 -1 -1 
198 17 236 226 287 700 -1 -1 -1 -1 
199 17 259 233 287 701 -1 -1 -1 -1 
200 17 277 238 279 679 -1 -1 -1 -1 
201 17 293 242 279 676 -1 -1 -1 -1 
202 17 304 247 278 674 -1 -1 -1 -1 
203 17 322 247 276 685 -1 -1 -1 -1 
211 17 502 252 257 631 -1 -1 -1 -1 
212 17 514 251 255 629 -1 -1 -1 -1 
213 17 525 256 255 623 -1 -1 -1 -1 
214 17 543 261 253 617 -1 -1 -1 -1 
215 17 557 263 250 611 -1 -1 -1 -1 
216 17 573 265 249 604 -1 -1 -1 -1 
217 17 581 264 250 603 -1 -1 -1 -1 
218 17 594 260 251 606 -1 -1 -1 -1 
219 17 616 261 247 601 -1 -1 -1 -1 
220 17 634 264 243 598 -1 -1 -1 -1 
221 17 654 269 243 594 -1 -1 -1 -1 
222 17 669 271 240 594 -1 -1 -1 -1 
223 17 685 276 237 583 -1 -1 -1 -1 
224 17 705 283 230 572 -1 -1 -1 -1 
225 17 721 281 232 570 -1 -1 -1 -1 
226 17 742 286 227 563 -1 -1 -1 -1 
227 17 754 286 225 562 -1 -1 -1 -1 
228 17 760 283 227 564 -1 -1 -1 -1 
229 17 773 282 229 562 -1 -1 -1 -1 
230 17 784 283 227 563 -1 -1 -1 -1 
231 17 796 280 225 558 -1 -1 -1 -1 
232 17 813 278 224 555 -1 -1 -1 -1 
233 17 829 279 223 550 -1 -1 -1 -1 
234 17 843 275 223 550 -1 -1 -1 -1 
235 17 855 276 222 549 -1 -1 -1 -1 
236 17 874 280 220 543 -1 -1 -1 -1 
237 17 886 281 220 541 -1 -1 -1 -1 
238 17 899 282 220 540 -1 -1 -1 -1 
239 17 912 286 215 535 -1 -1 -1 -1 
240 17 924 289 212 527 -1 -1 -1 -1 
241 17 934 295 210 521 -1 -1 -1 -1 
242 17 943 296 212 520 -1 -1 -1 -1 
243 17 952 298 211 517 -1 -1 -1 -1 
244 17 964 294 210 518 -1 -1 -1 -1 
245 17 973 295 209 515 -1 -1 -1 -1 
246 17 988 296 209 513 -1 -1 -1 -1 
247 17 1002 298 205 506 -1 -1 -1 -1 
248 17 1008 299 204 502 -1 -1 -1 -1 
249 17 1019 301 203 502 -1 -1 -1 -1 
250 17 1031 301 202 500 -1 -1 -1 -1 
251 17 1045 303 201 494 -1 -1 -1 -1 
252 17 1055 305 201 490 -1 -1 -1 -1 
253 17 1062 306 201 491 -1 -1 -1 -1 
254 17 1070 308 199 489 -1 -1 -1 -1 
255 17 1077 307 198 489 -1 -1 -1 -1 
256 17 1084 305 197 487 -1 -1 -1 -1 
257 17 1090 305 197 487 -1 -1 -1 -1 
258 17 1097 306 195 480 -1 -1 -1 -1 
259 17 1106 304 196 480 -1 -1 -1 -1 
260 17 1115 303 196 480 -1 -1 -1 -1 
261 17 1120 302 198 483 -1 -1 -1 -1 
262 17 1134 302 197 481 -1 -1 -1 -1 
263 17 1144 303 195 477 -1 -1 -1 -1 
264 17 1156 307 194 471 -1 -1 -1 -1 
265 17 1161 308 192 468 -1 -1 -1 -1 
266 17 1166 309 191 466 -1 -1 -1 -1 
267 17 1175 313 187 460 -1 -1 -1 -1 
268 17 1179 315 185 456 -1 -1 -1 -1 
269 17 1187 318 184 452 -1 -1 -1 -1 
270 17 1195 321 181 445 -1 -1 -1 -1 
271 17 1203 320 178 440 -1 -1 -1 -1 
272 17 1212 318 177 439 -1 -1 -1 -1 
273 17 1217 320 176 440 -1 -1 -1 -1 
274 17 1227 320 176 442 -1 -1 -1 -1 
275 17 1231 321 178 440 -1 -1 -1 -1 
276 17 1236 322 179 440 -1 -1 -1 -1 
277 17 1244 324 177 436 -1 -1 -1 -1 
278 17 1250 324 176 435 -1 -1 -1 -1 
279 17 1260 325 174 432 -1 -1 -1 -1 
280 17 1268 329 171 424 -1 -1 -1 -1 
281 17 1275 331 167 416 -1 -1 -1 -1 
282 17 1281 332 165 411 -1 -1 -1 -1 
283 17 1285 332 165 409 -1 -1 -1 -1 
284 17 1287 333 165 409 -1 -1 -1 -1 
285 17 1289 330 167 412 -1 -1 -1 -1 
286 17 1291 329 166 411 -1 -1 -1 -1 
287 17 1296 329 167 412 -1 -1 -1 -1 
288 17 1302 331 168 414 -1 -1 -1 -1 
289 17 1308 333 168 415 -1 -1 -1 -1 
290 17 1316 333 166 409 -1 -1 -1 -1 
291 17 1324 334 165 402 -1 -1 -1 -1 
292 17 1332 337 163 401 -1 -1 -1 -1 
293 17 1344 339 157 387 -1 -1 -1 -1 
294 17 1356 346 151 370 -1 -1 -1 -1 
295 17 1363 349 146 357 -1 -1 -1 -1 
296 17 1372 353 142 347 -1 -1 -1 -1 
182 18 1424 428 79 207 -1 -1 -1 -1 
183 18 1429 427 80 199 -1 -1 -1 -1 
184 18 1433 426 83 204 -1 -1 -1 -1 
185 18 1436 426 87 212 -1 -1 -1 -1 
186 18 1442 426 89 216 -1 -1 -1 -1 
187 18 1446 426 89 218 -1 -1 -1 -1 
188 18 1452 429 86 213 -1 -1 -1 -1 
189 18 1455 430 85 207 -1 -1 -1 -1 
190 18 1459 430 83 206 -1 -1 -1 -1 
191 18 1462 430 83 204 -1 -1 -1 -1 
192 18 1469 431 84 208 -1 -1 -1 -1 
193 18 1477 433 85 210 -1 -1 -1 -1 
194 18 1482 430 88 217 -1 -1 -1 -1 
195 18 1486 428 88 219 -1 -1 -1 -1 
196 18 1491 427 89 221 -1 -1 -1 -1 
197 18 1495 426 89 221 -1 -1 -1 -1 
198 18 1497 423 91 224 -1 -1 -1 -1 
199 18 1502 424 90 221 -1 -1 -1 -1 
200 18 1504 422 90 223 -1 -1 -1 -1 
201 18 1512 420 89 223 -1 -1 -1 -1 
202 18 1515 420 89 223 -1 -1 -1 -1 
203 18 1519 419 91 227 -1 -1 -1 -1 
204 18 1527 421 90 224 -1 -1 -1 -1 
205 18 1535 426 87 216 -1 -1 -1 -1 
206 18 1545 429 85 211 -1 -1 -1 -1 
207 18 1551 431 85 209 -1 -1 -1 -1 
208 18 1557 432 82 206 -1 -1 -1 -1 
209 18 1561 432 81 204 -1 -1 -1 -1 
210 18 1565 431 83 208 -1 -1 -1 -1 
211 18 1569 429 85 211 -1 -1 -1 -1 
212 18 1575 429 84 211 -1 -1 -1 -1 
213 18 1576 426 86 214 -1 -1 -1 -1 
214 18 1583 425 88 216 -1 -1 -1 -1 
215 18 1591 425 87 216 -1 -1 -1 -1 
216 18 1595 425 88 216 -1 -1 -1 -1 
217 18 1602 424 88 216 -1 -1 -1 -1 
218 18 1607 424 88 216 -1 -1 -1 -1 
219 18 1614 425 87 215 -1 -1 -1 -1 
220 18 1619 425 88 217 -1 -1 -1 -1 
221 18 1627 426 86 209 -1 -1 -1 -1 
222 18 1634 429 80 196 -1 -1 -1 -1 
223 18 1643 429 77 191 -1 -1 -1 -1 
224 18 1649 429 78 191 -1 -1 -1 -1 
225 18 1647 424 84 208 -1 -1 -1 -1 
226 18 1661 424 84 207 -1 -1 -1 -1 
227 18 1664 423 83 210 -1 -1 -1 -1 
228 18 1673 421 86 213 -1 -1 -1 -1 
229 18 1676 419 87 215 -1 -1 -1 -1 
230 18 1680 417 89 219 -1 -1 -1 -1 
231 18 1686 417 88 218 -1 -1 -1 -1 
232 18 1693 420 86 217 -1 -1 -1 -1 
233 18 1695 418 87 218 -1 -1 -1 -1 
234 18 1697 416 89 222 -1 -1 -1 -1 
235 18 1700 417 89 220 -1 -1 -1 -1 
236 18 1707 419 88 218 -1 -1 -1 -1 
237 18 1710 418 89 219 -1 -1 -1 -1 
238 18 1715 418 88 218 -1 -1 -1 -1 
239 18 1723 418 87 217 -1 -1 -1 -1 
240 18 1726 420 85 212 -1 -1 -1 -1 
241 18 1737 420 84 210 -1 -1 -1 -1 
242 18 1742 419 84 212 -1 -1 -1 -1 
243 18 1746 419 86 213 -1 -1 -1 -1 
244 18 1752 417 89 217 -1 -1 -1 -1 
245 18 1756 417 87 217 -1 -1 -1 -1 
246 18 1758 418 87 215 -1 -1 -1 -1 
247 18 1761 420 86 214 -1 -1 -1 -1 
248 18 1764 420 87 214 -1 -1 -1 -1 
249 18 1767 423 85 210 -1 -1 -1 -1 
250 18 1772 420 84 210 -1 -1 -1 -1 
251 18 1778 418 86 211 -1 -1 -1 -1 
189 19 0 233 162 742 -1 -1 -1 -1 
190 19 0 230 181 739 -1 -1 -1 -1 
191 19 0 238 199 715 -1 -1 -1 -1 
192 19 0 242 215 694 -1 -1 -1 -1 
193 19 0 253 229 673 -1 -1 -1 -1 
199 19 105 271 260 643 -1 -1 -1 -1 
200 19 118 272 265 644 -1 -1 -1 -1 
201 19 139 265 268 653 -1 -1 -1 -1 
202 19 164 265 265 643 -1 -1 -1 -1 
203 19 184 263 258 632 -1 -1 -1 -1 
204 19 205 264 253 619 -1 -1 -1 -1 
205 19 219 269 248 607 -1 -1 -1 -1 
206 19 232 282 241 584 -1 -1 -1 -1 
211 19 401 182 282 704 -1 -1 -1 -1 
214 19 394 283 244 591 -1 -1 -1 -1 
215 19 395 288 241 590 -1 -1 -1 -1 
216 19 411 289 233 572 -1 -1 -1 -1 
217 19 427 294 229 560 -1 -1 -1 -1 
218 19 444 293 228 562 -1 -1 -1 -1 
219 19 463 294 226 556 -1 -1 -1 -1 
220 19 480 297 224 549 -1 -1 -1 -1 
221 19 500 301 222 542 -1 -1 -1 -1 
222 19 510 303 218 533 -1 -1 -1 -1 
223 19 521 304 215 529 -1 -1 -1 -1 
224 19 536 309 214 526 -1 -1 -1 -1 
225 19 546 308 213 524 -1 -1 -1 -1 
226 19 558 308 213 520 -1 -1 -1 -1 
227 19 568 309 212 519 -1 -1 -1 -1 
228 19 578 307 213 521 -1 -1 -1 -1 
229 19 594 305 212 517 -1 -1 -1 -1 
230 19 612 304 208 509 -1 -1 -1 -1 
231 19 627 304 209 511 -1 -1 -1 -1 
232 19 641 305 210 513 -1 -1 -1 -1 
233 19 654 306 208 510 -1 -1 -1 -1 
234 19 667 307 207 507 -1 -1 -1 -1 
235 19 681 311 203 500 -1 -1 -1 -1 
236 19 698 317 197 487 -1 -1 -1 -1 
237 19 709 320 197 484 -1 -1 -1 -1 
238 19 717 320 198 485 -1 -1 -1 -1 
239 19 729 318 197 486 -1 -1 -1 -1 
240 19 741 317 197 486 -1 -1 -1 -1 
241 19 754 315 197 485 -1 -1 -1 -1 
242 19 763 313 200 492 -1 -1 -1 -1 
243 19 775 313 199 489 -1 -1 -1 -1 
244 19 788 311 197 485 -1 -1 -1 -1 
245 19 795 311 196 482 -1 -1 -1 -1 
246 19 807 312 195 478 -1 -1 -1 -1 
247 19 821 312 193 473 -1 -1 -1 -1 
248 19 835 315 192 470 -1 -1 -1 -1 
249 19 848 319 191 464 -1 -1 -1 -1 
250 19 861 323 185 458 -1 -1 -1 -1 
251 19 868 322 185 460 -1 -1 -1 -1 
252 19 873 329 184 455 -1 -1 -1 -1 
253 19 878 326 189 465 -1 -1 -1 -1 
254 19 889 329 187 460 -1 -1 -1 -1 
255 19 897 329 189 459 -1 -1 -1 -1 
256 19 917 329 181 442 -1 -1 -1 -1 
257 19 923 327 181 437 -1 -1 -1 -1 
258 19 894 333 200 488 -1 -1 -1 -1 
259 19 935 330 176 433 -1 -1 -1 -1 
274 19 1065 339 154 375 -1 -1 -1 -1 
275 19 1072 338 154 378 -1 -1 -1 -1 
276 19 1080 338 156 382 -1 -1 -1 -1 
277 19 1088 338 160 396 -1 -1 -1 -1 
278 19 1095 341 161 398 -1 -1 -1 -1 
279 19 1101 343 165 407 -1 -1 -1 -1 
280 19 1106 343 166 411 -1 -1 -1 -1 
281 19 1110 346 167 409 -1 -1 -1 -1 
282 19 1118 347 163 398 -1 -1 -1 -1 
283 19 1125 348 162 399 -1 -1 -1 -1 
284 19 1139 349 155 384 -1 -1 -1 -1 
285 19 1147 349 154 380 -1 -1 -1 -1 
286 19 1153 348 153 379 -1 -1 -1 -1 
287 19 1160 347 156 386 -1 -1 -1 -1 
288 19 1166 346 157 388 -1 -1 -1 -1 
289 19 1173 346 152 375 -1 -1 -1 -1 
290 19 1175 347 155 385 -1 -1 -1 -1 
291 19 1179 346 159 391 -1 -1 -1 -1 
292 19 1186 349 158 389 -1 -1 -1 -1 
293 19 1193 352 158 387 -1 -1 -1 -1 
294 19 1199 353 156 387 -1 -1 -1 -1 
295 19 1206 358 152 378 -1 -1 -1 -1 
296 19 1214 362 149 370 -1 -1 -1 -1 
297 19 1220 362 148 365 -1 -1 -1 -1 
298 19 1223 358 152 373 -1 -1 -1 -1 
299 19 1228 357 154 376 -1 -1 -1 -1 
300 19 1229 356 154 378 -1 -1 -1 -1 
301 19 1235 355 153 376 -1 -1 -1 -1 
302 19 1244 352 152 374 -1 -1 -1 -1 
303 19 1250 352 150 369 -1 -1 -1 -1 
304 19 1256 354 149 372 -1 -1 -1 -1 
305 19 1258 352 150 370 -1 -1 -1 -1 
306 19 1263 353 150 368 -1 -1 -1 -1 
307 19 1270 352 152 371 -1 -1 -1 -1 
308 19 1273 353 152 371 -1 -1 -1 -1 
309 19 1275 357 151 367 -1 -1 -1 -1 
310 19 1276 358 150 368 -1 -1 -1 -1 
311 19 1280 361 148 363 -1 -1 -1 -1 
312 19 1286 364 145 358 -1 -1 -1 -1 
313 19 1290 366 144 356 -1 -1 -1 -1 
314 19 1292 369 142 351 -1 -1 -1 -1 
315 19 1293 370 141 349 -1 -1 -1 -1 
316 19 1299 371 138 344 -1 -1 -1 -1 
317 19 1304 368 137 342 -1 -1 -1 -1 
318 19 1306 368 136 339 -1 -1 -1 -1 
319 19 1309 367 138 342 -1 -1 -1 -1 
320 19 1312 365 138 341 -1 -1 -1 -1 
321 19 1316 367 135 334 -1 -1 -1 -1 
322 19 1319 367 133 330 -1 -1 -1 -1 
323 19 1321 367 135 336 -1 -1 -1 -1 
324 19 1323 370 136 335 -1 -1 -1 -1 
325 19 1324 371 136 333 -1 -1 -1 -1 
326 19 1326 374 133 327 -1 -1 -1 -1 
327 19 1329 375 132 324 -1 -1 -1 -1 
328 19 1330 376 132 323 -1 -1 -1 -1 
329 19 1331 377 132 324 -1 -1 -1 -1 
330 19 1334 376 133 325 -1 -1 -1 -1 
331 19 1337 377 134 326 -1 -1 -1 -1 
332 19 1343 377 131 322 -1 -1 -1 -1 
333 19 1348 377 128 318 -1 -1 -1 -1 
334 19 1350 376 128 318 -1 -1 -1 -1 
335 19 1351 376 128 318 -1 -1 -1 -1 
336 19 1352 377 128 316 -1 -1 -1 -1 
337 19 1355 380 126 311 -1 -1 -1 -1 
338 19 1357 381 125 312 -1 -1 -1 -1 
339 19 1360 383 123 312 -1 -1 -1 -1 
340 19 1360 384 123 306 -1 -1 -1 -1 
341 19 1360 387 125 307 -1 -1 -1 -1 
342 19 1360 389 126 308 -1 -1 -1 -1 
343 19 1359 392 125 308 -1 -1 -1 -1 
222 21 233 299 262 642 -1 -1 -1 -1 
223 21 249 300 260 638 -1 -1 -1 -1 
224 21 274 297 258 637 -1 -1 -1 -1 
225 21 294 299 259 636 -1 -1 -1 -1 
226 21 303 293 266 649 -1 -1 -1 -1 
227 21 311 290 268 654 -1 -1 -1 -1 
228 21 325 293 267 647 -1 -1 -1 -1 
229 21 352 288 265 648 -1 -1 -1 -1 
230 21 368 287 266 649 -1 -1 -1 -1 
231 21 390 293 262 639 -1 -1 -1 -1 
232 21 413 296 257 631 -1 -1 -1 -1 
233 21 433 305 254 616 -1 -1 -1 -1 
234 21 459 307 247 608 -1 -1 -1 -1 
235 21 476 317 241 592 -1 -1 -1 -1 
236 21 498 327 235 574 -1 -1 -1 -1 
237 21 511 325 235 572 -1 -1 -1 -1 
238 21 528 324 231 564 -1 -1 -1 -1 
239 21 549 325 225 552 -1 -1 -1 -1 
240 21 566 319 222 552 -1 -1 -1 -1 
241 21 583 319 229 561 -1 -1 -1 -1 
242 21 601 317 233 566 -1 -1 -1 -1 
243 21 621 326 230 557 -1 -1 -1 -1 
244 21 645 327 227 551 -1 -1 -1 -1 
245 21 661 332 225 545 -1 -1 -1 -1 
246 21 683 335 221 537 -1 -1 -1 -1 
247 21 702 335 216 533 -1 -1 -1 -1 
248 21 717 338 214 526 -1 -1 -1 -1 
249 21 736 336 213 524 -1 -1 -1 -1 
250 21 747 332 215 529 -1 -1 -1 -1 
251 21 764 327 216 533 -1 -1 -1 -1 
252 21 777 319 219 540 -1 -1 -1 -1 
253 21 790 318 220 543 -1 -1 -1 -1 
254 21 804 321 220 538 -1 -1 -1 -1 
255 21 823 325 219 533 -1 -1 -1 -1 
256 21 843 328 217 526 -1 -1 -1 -1 
257 21 855 329 216 524 -1 -1 -1 -1 
259 21 884 331 214 520 -1 -1 -1 -1 
260 21 895 333 211 516 -1 -1 -1 -1 
261 21 910 332 208 511 -1 -1 -1 -1 
262 21 931 339 203 497 -1 -1 -1 -1 
263 21 944 336 201 494 -1 -1 -1 -1 
264 21 958 335 201 494 -1 -1 -1 -1 
265 21 971 335 201 496 -1 -1 -1 -1 
266 21 982 333 203 499 -1 -1 -1 -1 
267 21 1000 334 202 496 -1 -1 -1 -1 
268 21 1012 334 201 493 -1 -1 -1 -1 
269 21 1029 341 199 483 -1 -1 -1 -1 
270 21 1038 342 198 482 -1 -1 -1 -1 
271 21 1046 339 199 486 -1 -1 -1 -1 
272 21 1054 337 201 489 -1 -1 -1 -1 
273 21 1068 336 200 487 -1 -1 -1 -1 
274 21 1086 340 196 479 -1 -1 -1 -1 
275 21 1102 338 195 477 -1 -1 -1 -1 
276 21 1115 336 194 477 -1 -1 -1 -1 
277 21 1129 335 194 477 -1 -1 -1 -1 
278 21 1138 335 193 476 -1 -1 -1 -1 
279 21 1154 336 192 472 -1 -1 -1 -1 
280 21 1166 337 190 467 -1 -1 -1 -1 
281 21 1173 341 189 463 -1 -1 -1 -1 
282 21 1183 343 189 461 -1 -1 -1 -1 
283 21 1192 348 186 455 -1 -1 -1 -1 
284 21 1200 350 184 452 -1 -1 -1 -1 
285 21 1212 351 181 445 -1 -1 -1 -1 
286 21 1219 350 181 443 -1 -1 -1 -1 
287 21 1233 347 179 441 -1 -1 -1 -1 
288 21 1243 347 177 438 -1 -1 -1 -1 
289 21 1254 347 179 441 -1 -1 -1 -1 
290 21 1262 346 180 441 -1 -1 -1 -1 
291 21 1267 349 178 435 -1 -1 -1 -1 
292 21 1278 351 176 430 -1 -1 -1 -1 
293 21 1290 355 173 423 -1 -1 -1 -1 
294 21 1303 357 170 420 -1 -1 -1 -1 
295 21 1311 358 171 422 -1 -1 -1 -1 
296 21 1322 355 171 421 -1 -1 -1 -1 
297 21 1337 356 169 418 -1 -1 -1 -1 
298 21 1346 354 170 417 -1 -1 -1 -1 
299 21 1354 354 169 418 -1 -1 -1 -1 
300 21 1360 352 169 419 -1 -1 -1 -1 
301 21 1364 350 169 419 -1 -1 -1 -1 
302 21 1372 351 168 418 -1 -1 -1 -1 
303 21 1374 348 170 420 -1 -1 -1 -1 
304 21 1379 351 168 416 -1 -1 -1 -1 
305 21 1383 354 166 411 -1 -1 -1 -1 
306 21 1386 357 165 407 -1 -1 -1 -1 
307 21 1390 359 163 405 -1 -1 -1 -1 
308 21 1394 358 164 404 -1 -1 -1 -1 
309 21 1401 359 164 401 -1 -1 -1 -1 
310 21 1406 362 160 395 -1 -1 -1 -1 
311 21 1408 362 159 393 -1 -1 -1 -1 
312 21 1411 363 158 391 -1 -1 -1 -1 
313 21 1416 363 158 389 -1 -1 -1 -1 
314 21 1422 358 160 393 -1 -1 -1 -1 
315 21 1423 362 160 390 -1 -1 -1 -1 
316 21 1430 364 158 388 -1 -1 -1 -1 
317 21 1433 364 158 386 -1 -1 -1 -1 
318 21 1433 364 156 386 -1 -1 -1 -1 
319 21 1435 365 157 384 -1 -1 -1 -1 
320 21 1442 373 153 373 -1 -1 -1 -1 
321 21 1447 375 151 370 -1 -1 -1 -1 
322 21 1448 375 150 368 -1 -1 -1 -1 
323 21 1453 373 150 368 -1 -1 -1 -1 
324 21 1455 373 150 367 -1 -1 -1 -1 
325 21 1456 372 149 367 -1 -1 -1 -1 
326 21 1455 371 150 368 -1 -1 -1 -1 
327 21 1456 372 150 367 -1 -1 -1 -1 
328 21 1456 371 149 365 -1 -1 -1 -1 
329 21 1455 372 147 361 -1 -1 -1 -1 
330 21 1455 373 146 360 -1 -1 -1 -1 
331 21 1455 374 145 359 -1 -1 -1 -1 
332 21 1455 378 144 355 -1 -1 -1 -1 
333 21 1456 381 143 352 -1 -1 -1 -1 
334 21 1456 380 143 352 -1 -1 -1 -1 
335 21 1456 381 142 348 -1 -1 -1 -1 
336 21 1455 381 140 347 -1 -1 -1 -1 
337 21 1455 382 138 341 -1 -1 -1 -1 
338 21 1454 382 138 339 -1 -1 -1 -1 
339 21 1453 382 138 338 -1 -1 -1 -1 
340 21 1454 382 139 339 -1 -1 -1 -1 
341 21 1454 384 138 337 -1 -1 -1 -1 
342 21 1454 385 138 337 -1 -1 -1 -1 
343 21 1456 385 136 334 -1 -1 -1 -1 
344 21 1457 387 134 330 -1 -1 -1 -1 
345 21 1456 388 133 329 -1 -1 -1 -1 
346 21 1456 390 133 328 -1 -1 -1 -1 
347 21 1459 387 134 330 -1 -1 -1 -1 
348 21 1461 389 132 327 -1 -1 -1 -1 
349 21 1462 390 131 324 -1 -1 -1 -1 
350 21 1462 394 130 319 -1 -1 -1 -1 
351 21 1463 397 128 315 -1 -1 -1 -1 
352 21 1467 397 127 313 -1 -1 -1 -1 
353 21 1470 397 126 312 -1 -1 -1 -1 
354 21 1473 397 127 312 -1 -1 -1 -1 
355 21 1476 397 127 313 -1 -1 -1 -1 
356 21 1479 398 127 312 -1 -1 -1 -1 
357 21 1483 400 124 306 -1 -1 -1 -1 
358 21 1486 401 123 305 -1 -1 -1 -1 
359 21 1490 402 122 302 -1 -1 -1 -1 
360 21 1495 403 120 299 -1 -1 -1 -1 
361 21 1500 404 120 297 -1 -1 -1 -1 
362 21 1504 402 121 297 -1 -1 -1 -1 
363 21 1508 401 120 296 -1 -1 -1 -1 
364 21 1515 401 119 295 -1 -1 -1 -1 
365 21 1522 403 119 294 -1 -1 -1 -1 
366 21 1526 403 120 292 -1 -1 -1 -1 
367 21 1534 406 115 285 -1 -1 -1 -1 
368 21 1538 406 117 287 -1 -1 -1 -1 
369 21 1543 407 116 288 -1 -1 -1 -1 
370 21 1551 411 115 282 -1 -1 -1 -1 
371 21 1555 410 116 283 -1 -1 -1 -1 
372 21 1560 407 117 286 -1 -1 -1 -1 
373 21 1565 406 116 285 -1 -1 -1 -1 
374 21 1571 406 114 284 -1 -1 -1 -1 
375 21 1574 403 116 286 -1 -1 -1 -1 
376 21 1577 400 118 290 -1 -1 -1 -1 
377 21 1581 404 118 289 -1 -1 -1 -1 
378 21 1585 404 117 290 -1 -1 -1 -1 
379 21 1588 405 118 290 -1 -1 -1 -1 
380 21 1590 403 119 290 -1 -1 -1 -1 
381 21 1591 401 117 289 -1 -1 -1 -1 
382 21 1594 400 117 288 -1 -1 -1 -1 
383 21 1600 408 114 281 -1 -1 -1 -1 
384 21 1607 412 110 273 -1 -1 -1 -1 
385 21 1614 410 110 272 -1 -1 -1 -1 
386 21 1619 411 108 268 -1 -1 -1 -1 
387 21 1624 411 109 268 -1 -1 -1 -1 
388 21 1627 412 109 268 -1 -1 -1 -1 
389 21 1627 411 110 269 -1 -1 -1 -1 
390 21 1642 411 109 266 -1 -1 -1 -1 
391 21 1649 412 108 264 -1 -1 -1 -1 
392 21 1652 413 108 266 -1 -1 -1 -1 
393 21 1654 416 106 260 -1 -1 -1 -1 
394 21 1658 417 105 260 -1 -1 -1 -1 
395 21 1663 416 104 261 -1 -1 -1 -1 
396 21 1669 418 105 260 -1 -1 -1 -1 
397 21 1671 416 105 258 -1 -1 -1 -1 
398 21 1674 416 103 257 -1 -1 -1 -1 
399 21 1679 414 105 259 -1 -1 -1 -1 
400 21 1685 411 105 263 -1 -1 -1 -1 
401 21 1688 409 107 265 -1 -1 -1 -1 
402 21 1693 406 108 267 -1 -1 -1 -1 
403 21 1697 407 106 265 -1 -1 -1 -1 
404 21 1698 409 106 263 -1 -1 -1 -1 
405 21 1699 411 106 261 -1 -1 -1 -1 
406 21 1700 409 106 262 -1 -1 -1 -1 
407 21 1705 408 104 262 -1 -1 -1 -1 
408 21 1708 409 104 259 -1 -1 -1 -1 
409 21 1711 410 102 256 -1 -1 -1 -1 
410 21 1713 409 102 256 -1 -1 -1 -1 
411 21 1714 409 103 256 -1 -1 -1 -1 
412 21 1718 411 102 254 -1 -1 -1 -1 
413 21 1722 413 102 251 -1 -1 -1 -1 
414 21 1728 413 101 252 -1 -1 -1 -1 
415 21 1733 415 101 249 -1 -1 -1 -1 
416 21 1736 415 100 248 -1 -1 -1 -1 
417 21 1741 417 98 245 -1 -1 -1 -1 
418 21 1744 420 96 240 -1 -1 -1 -1 
419 21 1747 419 96 242 -1 -1 -1 -1 
420 21 1751 420 97 240 -1 -1 -1 -1 
421 21 1754 418 98 242 -1 -1 -1 -1 
422 21 1760 418 97 241 -1 -1 -1 -1 
423 21 1765 422 95 238 -1 -1 -1 -1 
424 21 1769 420 96 239 -1 -1 -1 -1 
425 21 1773 419 98 242 -1 -1 -1 -1 
426 21 1777 419 97 239 -1 -1 -1 -1 
427 21 1783 418 96 240 -1 -1 -1 -1 
428 21 1786 420 96 237 -1 -1 -1 -1 
429 21 1790 421 95 237 -1 -1 -1 -1 
430 21 1793 423 94 234 -1 -1 -1 -1 
431 21 1795 423 95 234 -1 -1 -1 -1 
432 21 1799 421 95 234 -1 -1 -1 -1 
433 21 1804 423 94 230 -1 -1 -1 -1 
434 21 1808 421 95 233 -1 -1 -1 -1 
435 21 1812 419 95 234 -1 -1 -1 -1 
436 21 1814 418 96 236 -1 -1 -1 -1 
437 21 1816 418 96 238 -1 -1 -1 -1 
438 21 1817 419 95 236 -1 -1 -1 -1 
439 21 1820 419 95 236 -1 -1 -1 -1 
440 21 1823 422 94 238 -1 -1 -1 -1 
441 21 1824 424 94 237 -1 -1 -1 -1 
442 21 1826 427 93 233 -1 -1 -1 -1 
443 21 1823 434 89 221 -1 -1 -1 -1 
444 21 1831 402 87 261 -1 -1 -1 -1 
445 21 1829 393 91 274 -1 -1 -1 -1 
446 21 1822 387 97 281 -1 -1 -1 -1 
447 21 1815 388 105 279 -1 -1 -1 -1 
448 21 1808 391 107 277 -1 -1 -1 -1 
449 21 1799 394 110 275 -1 -1 -1 -1 
450 21 1792 397 110 272 -1 -1 -1 -1 
451 21 1784 399 109 267 -1 -1 -1 -1 
452 21 1774 402 106 261 -1 -1 -1 -1 
453 21 1763 398 107 265 -1 -1 -1 -1 
454 21 1744 400 106 264 -1 -1 -1 -1 
455 21 1740 397 108 267 -1 -1 -1 -1 
456 21 1736 397 109 269 -1 -1 -1 -1 
457 21 1727 398 110 271 -1 -1 -1 -1 
458 21 1719 396 110 272 -1 -1 -1 -1 
459 21 1713 396 110 270 -1 -1 -1 -1 
460 21 1702 399 108 266 -1 -1 -1 -1 
461 21 1693 404 107 261 -1 -1 -1 -1 
462 21 1687 404 105 260 -1 -1 -1 -1 
463 21 1680 406 106 260 -1 -1 -1 -1 
464 21 1671 408 104 256 -1 -1 -1 -1 
465 21 1661 409 103 253 -1 -1 -1 -1 
466 21 1655 412 102 250 -1 -1 -1 -1 
467 21 1648 411 101 249 -1 -1 -1 -1 
468 21 1639 411 100 249 -1 -1 -1 -1 
469 21 1630 410 102 252 -1 -1 -1 -1 
470 21 1619 407 105 257 -1 -1 -1 -1 
471 21 1612 407 105 258 -1 -1 -1 -1 
472 21 1608 408 105 259 -1 -1 -1 -1 
473 21 1597 410 103 255 -1 -1 -1 -1 
474 21 1588 413 102 251 -1 -1 -1 -1 
475 21 1579 416 101 247 -1 -1 -1 -1 
476 21 1573 418 101 246 -1 -1 -1 -1 
477 21 1569 419 98 242 -1 -1 -1 -1 
478 21 1561 419 98 243 -1 -1 -1 -1 
479 21 1554 419 97 239 -1 -1 -1 -1 
480 21 1546 419 98 244 -1 -1 -1 -1 
481 21 1539 418 98 244 -1 -1 -1 -1 
482 21 1534 419 98 242 -1 -1 -1 -1 
483 21 1526 419 98 242 -1 -1 -1 -1 
484 21 1521 424 97 238 -1 -1 -1 -1 
485 21 1511 422 96 239 -1 -1 -1 -1 
486 21 1499 427 95 233 -1 -1 -1 -1 
487 21 1496 427 95 232 -1 -1 -1 -1 
488 21 1496 432 92 222 -1 -1 -1 -1 
489 21 1504 445 82 205 -1 -1 -1 -1 
490 21 1513 449 83 204 -1 -1 -1 -1 
491 21 1514 453 83 201 -1 -1 -1 -1 
500 21 1459 430 89 219 -1 -1 -1 -1 
501 21 1455 426 91 225 -1 -1 -1 -1 
502 21 1454 423 93 231 -1 -1 -1 -1 
503 21 1452 427 92 224 -1 -1 -1 -1 
504 21 1449 426 92 226 -1 -1 -1 -1 
505 21 1442 428 91 225 -1 -1 -1 -1 
506 21 1436 429 91 224 -1 -1 -1 -1 
507 21 1431 430 89 221 -1 -1 -1 -1 
508 21 1423 431 88 222 -1 -1 -1 -1 
509 21 1416 431 89 223 -1 -1 -1 -1 
510 21 1410 431 90 224 -1 -1 -1 -1 
511 21 1405 430 91 226 -1 -1 -1 -1 
512 21 1400 429 90 225 -1 -1 -1 -1 
513 21 1393 430 91 224 -1 -1 -1 -1 
514 21 1387 429 91 224 -1 -1 -1 -1 
515 21 1383 429 92 226 -1 -1 -1 -1 
516 21 1375 433 89 220 -1 -1 -1 -1 
517 21 1371 436 86 218 -1 -1 -1 -1 
518 21 1365 435 89 220 -1 -1 -1 -1 
519 21 1361 437 89 219 -1 -1 -1 -1 
520 21 1357 439 87 216 -1 -1 -1 -1 
521 21 1353 441 81 202 -1 -1 -1 -1 
522 21 1351 443 76 192 -1 -1 -1 -1 
523 21 1345 446 78 188 -1 -1 -1 -1 
524 21 1341 445 77 191 -1 -1 -1 -1 
525 21 1335 443 78 192 -1 -1 -1 -1 
226 22 113 508 90 227 -1 -1 -1 -1 
227 22 115 513 88 222 -1 -1 -1 -1 
228 22 114 519 86 216 -1 -1 -1 -1 
229 22 116 515 88 221 -1 -1 -1 -1 
230 22 115 512 92 225 -1 -1 -1 -1 
231 22 114 521 86 215 -1 -1 -1 -1 
232 22 110 532 82 203 -1 -1 -1 -1 
233 22 112 537 79 198 -1 -1 -1 -1 
234 22 111 536 81 200 -1 -1 -1 -1 
235 22 110 536 81 200 -1 -1 -1 -1 
236 22 101 498 96 238 -1 -1 -1 -1 
237 22 106 521 87 214 -1 -1 -1 -1 
238 22 107 531 84 204 -1 -1 -1 -1 
239 22 108 535 82 199 -1 -1 -1 -1 
240 22 108 534 82 200 -1 -1 -1 -1 
241 22 108 534 83 200 -1 -1 -1 -1 
242 22 107 533 84 202 -1 -1 -1 -1 
243 22 106 532 84 204 -1 -1 -1 -1 
244 22 106 529 85 207 -1 -1 -1 -1 
245 22 108 504 93 231 -1 -1 -1 -1 
246 22 112 499 96 237 -1 -1 -1 -1 
247 22 114 501 96 235 -1 -1 -1 -1 
248 22 113 499 98 238 -1 -1 -1 -1 
249 22 115 499 97 238 -1 -1 -1 -1 
250 22 115 499 97 238 -1 -1 -1 -1 
251 22 115 504 95 233 -1 -1 -1 -1 
252 22 117 511 90 226 -1 -1 -1 -1 
253 22 118 514 89 223 -1 -1 -1 -1 
254 22 118 514 89 223 -1 -1 -1 -1 
255 22 119 517 87 220 -1 -1 -1 -1 
256 22 118 511 90 226 -1 -1 -1 -1 
257 22 117 509 92 227 -1 -1 -1 -1 
258 22 117 506 92 230 -1 -1 -1 -1 
259 22 116 513 89 223 -1 -1 -1 -1 
260 22 110 519 89 216 -1 -1 -1 -1 
261 22 108 525 87 210 -1 -1 -1 -1 
262 22 108 527 85 208 -1 -1 -1 -1 
263 22 108 527 84 208 -1 -1 -1 -1 
264 22 108 526 84 209 -1 -1 -1 -1 
265 22 111 519 86 217 -1 -1 -1 -1 
266 22 110 522 87 214 -1 -1 -1 -1 
267 22 110 522 88 214 -1 -1 -1 -1 
268 22 110 520 88 216 -1 -1 -1 -1 
269 22 112 524 86 213 -1 -1 -1 -1 
270 22 112 525 85 212 -1 -1 -1 -1 
271 22 112 527 85 210 -1 -1 -1 -1 
272 22 112 527 84 210 -1 -1 -1 -1 
273 22 114 523 84 213 -1 -1 -1 -1 
274 22 114 520 86 215 -1 -1 -1 -1 
275 22 112 523 86 212 -1 -1 -1 -1 
276 22 115 522 84 214 -1 -1 -1 -1 
277 22 117 516 87 221 -1 -1 -1 -1 
278 22 117 513 89 224 -1 -1 -1 -1 
279 22 117 512 90 225 -1 -1 -1 -1 
280 22 114 518 88 218 -1 -1 -1 -1 
281 22 117 516 88 221 -1 -1 -1 -1 
282 22 118 515 88 222 -1 -1 -1 -1 
283 22 119 514 88 223 -1 -1 -1 -1 
284 22 117 511 91 226 -1 -1 -1 -1 
285 22 117 510 91 227 -1 -1 -1 -1 
286 22 116 509 93 228 -1 -1 -1 -1 
287 22 117 510 92 227 -1 -1 -1 -1 
288 22 117 510 92 227 -1 -1 -1 -1 
289 22 116 507 94 230 -1 -1 -1 -1 
290 22 116 505 95 233 -1 -1 -1 -1 
291 22 117 507 93 231 -1 -1 -1 -1 
292 22 117 508 93 230 -1 -1 -1 -1 
293 22 117 508 93 230 -1 -1 -1 -1 
294 22 117 508 93 230 -1 -1 -1 -1 
295 22 117 510 92 227 -1 -1 -1 -1 
296 22 118 512 91 225 -1 -1 -1 -1 
297 22 118 513 91 224 -1 -1 -1 -1 
298 22 119 515 88 222 -1 -1 -1 -1 
299 22 119 515 89 223 -1 -1 -1 -1 
300 22 120 516 87 221 -1 -1 -1 -1 
301 22 120 517 87 221 -1 -1 -1 -1 
302 22 119 515 89 222 -1 -1 -1 -1 
303 22 118 514 90 223 -1 -1 -1 -1 
304 22 119 514 89 223 -1 -1 -1 -1 
305 22 121 516 87 221 -1 -1 -1 -1 
306 22 119 513 89 224 -1 -1 -1 -1 
307 22 116 506 93 231 -1 -1 -1 -1 
308 22 115 504 95 233 -1 -1 -1 -1 
309 22 114 501 97 237 -1 -1 -1 -1 
310 22 113 500 98 238 -1 -1 -1 -1 
311 22 106 496 101 242 -1 -1 -1 -1 
312 22 110 499 99 239 -1 -1 -1 -1 
313 22 112 501 98 236 -1 -1 -1 -1 
314 22 115 505 95 232 -1 -1 -1 -1 
315 22 116 508 94 229 -1 -1 -1 -1 
316 22 116 509 93 228 -1 -1 -1 -1 
317 22 117 512 92 225 -1 -1 -1 -1 
318 22 118 513 90 224 -1 -1 -1 -1 
319 22 117 511 92 226 -1 -1 -1 -1 
320 22 117 512 92 226 -1 -1 -1 -1 
321 22 119 515 89 222 -1 -1 -1 -1 
322 22 119 515 89 222 -1 -1 -1 -1 
323 22 119 516 89 221 -1 -1 -1 -1 
324 22 119 514 90 223 -1 -1 -1 -1 
325 22 118 512 91 224 -1 -1 -1 -1 
326 22 118 509 92 226 -1 -1 -1 -1 
327 22 118 510 92 225 -1 -1 -1 -1 
328 22 118 509 92 226 -1 -1 -1 -1 
329 22 119 510 90 224 -1 -1 -1 -1 
330 22 119 513 88 220 -1 -1 -1 -1 
331 22 118 521 86 213 -1 -1 -1 -1 
332 22 118 525 85 210 -1 -1 -1 -1 
333 22 119 526 84 209 -1 -1 -1 -1 
334 22 120 526 85 209 -1 -1 -1 -1 
335 22 121 525 84 211 -1 -1 -1 -1 
336 22 122 525 84 210 -1 -1 -1 -1 
337 22 121 523 85 212 -1 -1 -1 -1 
338 22 121 523 85 212 -1 -1 -1 -1 
339 22 121 522 85 212 -1 -1 -1 -1 
340 22 121 523 85 211 -1 -1 -1 -1 
341 22 121 524 85 210 -1 -1 -1 -1 
342 22 122 525 83 209 -1 -1 -1 -1 
343 22 122 526 83 208 -1 -1 -1 -1 
344 22 122 526 83 208 -1 -1 -1 -1 
345 22 121 525 85 208 -1 -1 -1 -1 
346 22 121 524 84 209 -1 -1 -1 -1 
347 22 119 521 87 212 -1 -1 -1 -1 
348 22 121 524 85 210 -1 -1 -1 -1 
349 22 122 524 84 209 -1 -1 -1 -1 
350 22 123 524 83 210 -1 -1 -1 -1 
351 22 123 524 83 209 -1 -1 -1 -1 
352 22 122 523 84 211 -1 -1 -1 -1 
353 22 122 524 84 210 -1 -1 -1 -1 
354 22 122 524 84 210 -1 -1 -1 -1 
355 22 121 523 84 211 -1 -1 -1 -1 
356 22 120 523 85 211 -1 -1 -1 -1 
357 22 120 522 85 212 -1 -1 -1 -1 
358 22 117 520 87 214 -1 -1 -1 -1 
359 22 116 517 88 217 -1 -1 -1 -1 
360 22 116 522 85 212 -1 -1 -1 -1 
361 22 116 524 85 210 -1 -1 -1 -1 
362 22 116 525 84 209 -1 -1 -1 -1 
363 22 115 524 84 210 -1 -1 -1 -1 
364 22 115 524 84 210 -1 -1 -1 -1 
365 22 99 504 116 284 -1 -1 -1 -1 
366 22 97 511 117 290 -1 -1 -1 -1 
377 22 110 497 97 240 -1 -1 -1 -1 
378 22 110 498 96 235 -1 -1 -1 -1 
379 22 111 500 94 232 -1 -1 -1 -1 
380 22 110 499 95 233 -1 -1 -1 -1 
381 22 111 499 94 232 -1 -1 -1 -1 
382 22 110 492 99 241 -1 -1 -1 -1 
383 22 109 493 99 240 -1 -1 -1 -1 
384 22 102 487 103 247 -1 -1 -1 -1 
385 22 92 475 108 259 -1 -1 -1 -1 
386 22 103 506 94 228 -1 -1 -1 -1 
387 22 107 518 88 216 -1 -1 -1 -1 
388 22 106 514 91 220 -1 -1 -1 -1 
389 22 107 515 89 219 -1 -1 -1 -1 
390 22 108 503 93 231 -1 -1 -1 -1 
391 22 112 505 92 228 -1 -1 -1 -1 
392 22 111 506 91 227 -1 -1 -1 -1 
393 22 109 506 91 227 -1 -1 -1 -1 
394 22 107 507 92 227 -1 -1 -1 -1 
395 22 109 512 89 222 -1 -1 -1 -1 
396 22 109 514 88 220 -1 -1 -1 -1 
397 22 109 514 88 221 -1 -1 -1 -1 
398 22 108 509 90 226 -1 -1 -1 -1 
399 22 107 508 92 227 -1 -1 -1 -1 
400 22 108 508 91 226 -1 -1 -1 -1 
401 22 108 509 91 225 -1 -1 -1 -1 
402 22 106 508 91 226 -1 -1 -1 -1 
403 22 105 508 91 226 -1 -1 -1 -1 
404 22 105 507 91 227 -1 -1 -1 -1 
405 22 104 506 92 227 -1 -1 -1 -1 
406 22 106 506 91 227 -1 -1 -1 -1 
407 22 107 509 91 225 -1 -1 -1 -1 
408 22 106 509 90 225 -1 -1 -1 -1 
409 22 107 509 90 225 -1 -1 -1 -1 
410 22 108 512 89 222 -1 -1 -1 -1 
411 22 108 513 89 221 -1 -1 -1 -1 
412 22 108 513 90 221 -1 -1 -1 -1 
413 22 109 510 89 224 -1 -1 -1 -1 
414 22 108 508 90 226 -1 -1 -1 -1 
415 22 106 507 91 227 -1 -1 -1 -1 
416 22 106 505 92 229 -1 -1 -1 -1 
417 22 111 506 92 228 -1 -1 -1 -1 
418 22 110 511 90 223 -1 -1 -1 -1 
419 22 109 511 90 223 -1 -1 -1 -1 
420 22 109 504 94 230 -1 -1 -1 -1 
421 22 105 501 95 233 -1 -1 -1 -1 
422 22 104 517 90 218 -1 -1 -1 -1 
423 22 99 509 95 225 -1 -1 -1 -1 
424 22 105 523 87 211 -1 -1 -1 -1 
425 22 106 525 87 208 -1 -1 -1 -1 
426 22 102 488 99 246 -1 -1 -1 -1 
427 22 97 478 104 256 -1 -1 -1 -1 
428 22 93 467 109 268 -1 -1 -1 -1 
429 22 90 462 111 273 -1 -1 -1 -1 
430 22 90 469 108 265 -1 -1 -1 -1 
431 22 90 472 109 261 -1 -1 -1 -1 
432 22 95 500 98 234 -1 -1 -1 -1 
433 22 96 486 104 248 -1 -1 -1 -1 
434 22 92 479 108 256 -1 -1 -1 -1 
228 23 32 499 96 238 -1 -1 -1 -1 
229 23 34 498 96 240 -1 -1 -1 -1 
230 23 33 497 97 241 -1 -1 -1 -1 
231 23 32 493 100 246 -1 -1 -1 -1 
232 23 33 493 99 247 -1 -1 -1 -1 
233 23 33 495 99 245 -1 -1 -1 -1 
234 23 30 491 101 249 -1 -1 -1 -1 
235 23 30 482 105 258 -1 -1 -1 -1 
236 23 33 489 100 249 -1 -1 -1 -1 
237 23 32 493 99 245 -1 -1 -1 -1 
238 23 31 495 99 244 -1 -1 -1 -1 
239 23 28 498 97 241 -1 -1 -1 -1 
240 23 25 501 96 238 -1 -1 -1 -1 
241 23 27 499 97 240 -1 -1 -1 -1 
242 23 28 499 97 241 -1 -1 -1 -1 
243 23 29 499 96 241 -1 -1 -1 -1 
244 23 29 499 97 241 -1 -1 -1 -1 
245 23 29 497 98 243 -1 -1 -1 -1 
246 23 30 497 98 243 -1 -1 -1 -1 
247 23 30 497 98 243 -1 -1 -1 -1 
248 23 30 497 98 243 -1 -1 -1 -1 
249 23 31 498 97 242 -1 -1 -1 -1 
250 23 30 497 98 243 -1 -1 -1 -1 
251 23 31 498 98 242 -1 -1 -1 -1 
252 23 31 498 97 242 -1 -1 -1 -1 
253 23 31 498 98 242 -1 -1 -1 -1 
254 23 31 499 98 242 -1 -1 -1 -1 
255 23 31 499 98 242 -1 -1 -1 -1 
256 23 30 500 98 240 -1 -1 -1 -1 
257 23 31 501 96 239 -1 -1 -1 -1 
258 23 31 502 96 238 -1 -1 -1 -1 
259 23 29 503 97 237 -1 -1 -1 -1 
260 23 26 502 98 238 -1 -1 -1 -1 
261 23 27 504 96 236 -1 -1 -1 -1 
262 23 29 503 96 237 -1 -1 -1 -1 
263 23 30 502 96 238 -1 -1 -1 -1 
264 23 33 502 95 238 -1 -1 -1 -1 
265 23 33 500 96 241 -1 -1 -1 -1 
266 23 33 499 97 241 -1 -1 -1 -1 
267 23 34 499 96 241 -1 -1 -1 -1 
268 23 34 500 97 241 -1 -1 -1 -1 
269 23 34 499 96 241 -1 -1 -1 -1 
270 23 34 499 97 242 -1 -1 -1 -1 
271 23 34 499 97 242 -1 -1 -1 -1 
272 23 34 498 97 243 -1 -1 -1 -1 
273 23 33 497 97 243 -1 -1 -1 -1 
274 23 33 497 97 242 -1 -1 -1 -1 
275 23 32 498 97 240 -1 -1 -1 -1 
276 23 29 497 99 241 -1 -1 -1 -1 
277 23 28 497 99 242 -1 -1 -1 -1 
278 23 28 498 99 241 -1 -1 -1 -1 
279 23 27 498 99 241 -1 -1 -1 -1 
280 23 29 500 97 239 -1 -1 -1 -1 
281 23 30 502 97 238 -1 -1 -1 -1 
282 23 31 502 96 238 -1 -1 -1 -1 
283 23 31 502 96 238 -1 -1 -1 -1 
284 23 32 502 96 238 -1 -1 -1 -1 
285 23 33 503 95 237 -1 -1 -1 -1 
286 23 32 503 95 237 -1 -1 -1 -1 
287 23 32 503 95 237 -1 -1 -1 -1 
288 23 32 503 94 237 -1 -1 -1 -1 
289 23 31 503 95 237 -1 -1 -1 -1 
290 23 31 501 96 239 -1 -1 -1 -1 
291 23 29 500 96 239 -1 -1 -1 -1 
292 23 30 501 96 238 -1 -1 -1 -1 
293 23 31 502 95 238 -1 -1 -1 -1 
294 23 32 502 95 238 -1 -1 -1 -1 
295 23 32 502 95 238 -1 -1 -1 -1 
296 23 32 502 95 238 -1 -1 -1 -1 
297 23 33 502 95 237 -1 -1 -1 -1 
298 23 34 502 95 238 -1 -1 -1 -1 
299 23 34 503 95 237 -1 -1 -1 -1 
300 23 34 503 95 237 -1 -1 -1 -1 
301 23 33 503 95 237 -1 -1 -1 -1 
302 23 32 502 95 238 -1 -1 -1 -1 
303 23 31 501 96 239 -1 -1 -1 -1 
304 23 31 501 96 239 -1 -1 -1 -1 
305 23 31 501 96 240 -1 -1 -1 -1 
306 23 31 501 96 239 -1 -1 -1 -1 
307 23 31 501 96 239 -1 -1 -1 -1 
308 23 32 501 95 239 -1 -1 -1 -1 
309 23 32 500 96 240 -1 -1 -1 -1 
310 23 27 501 96 239 -1 -1 -1 -1 
311 23 26 501 96 239 -1 -1 -1 -1 
312 23 30 500 97 241 -1 -1 -1 -1 
313 23 30 499 97 241 -1 -1 -1 -1 
314 23 31 498 97 242 -1 -1 -1 -1 
315 23 32 498 97 242 -1 -1 -1 -1 
316 23 32 499 97 241 -1 -1 -1 -1 
317 23 30 499 97 240 -1 -1 -1 -1 
318 23 32 502 96 238 -1 -1 -1 -1 
319 23 27 502 95 239 -1 -1 -1 -1 
320 23 30 501 96 239 -1 -1 -1 -1 
321 23 31 501 96 239 -1 -1 -1 -1 
322 23 32 499 97 241 -1 -1 -1 -1 
323 23 33 498 98 241 -1 -1 -1 -1 
324 23 32 498 98 242 -1 -1 -1 -1 
325 23 30 498 98 242 -1 -1 -1 -1 
326 23 21 500 97 239 -1 -1 -1 -1 
327 23 28 500 97 240 -1 -1 -1 -1 
328 23 30 501 97 239 -1 -1 -1 -1 
329 23 31 500 96 239 -1 -1 -1 -1 
330 23 32 500 96 239 -1 -1 -1 -1 
331 23 34 501 96 238 -1 -1 -1 -1 
332 23 33 501 95 238 -1 -1 -1 -1 
333 23 31 501 96 239 -1 -1 -1 -1 
334 23 30 500 96 240 -1 -1 -1 -1 
335 23 30 499 96 240 -1 -1 -1 -1 
336 23 30 498 97 240 -1 -1 -1 -1 
337 23 25 497 99 241 -1 -1 -1 -1 
338 23 28 498 98 241 -1 -1 -1 -1 
339 23 29 498 97 241 -1 -1 -1 -1 
340 23 28 499 97 240 -1 -1 -1 -1 
341 23 18 503 95 236 -1 -1 -1 -1 
342 23 18 512 91 225 -1 -1 -1 -1 
343 23 17 519 86 215 -1 -1 -1 -1 
344 23 17 519 86 215 -1 -1 -1 -1 
345 23 19 511 89 223 -1 -1 -1 -1 
355 23 28 499 97 238 -1 -1 -1 -1 
356 23 28 499 98 239 -1 -1 -1 -1 
357 23 27 499 98 239 -1 -1 -1 -1 
358 23 27 498 99 240 -1 -1 -1 -1 
359 23 30 499 97 240 -1 -1 -1 -1 
360 23 32 500 96 239 -1 -1 -1 -1 
361 23 34 501 96 238 -1 -1 -1 -1 
362 23 32 500 99 239 -1 -1 -1 -1 
363 23 12 432 122 457 -1 -1 -1 -1 
364 23 4 320 149 635 -1 -1 -1 -1 
365 23 1 269 168 698 -1 -1 -1 -1 
366 23 0 242 183 730 -1 -1 -1 -1 
367 23 0 230 213 745 -1 -1 -1 -1 
368 23 0 227 237 747 -1 -1 -1 -1 
369 23 0 229 263 743 -1 -1 -1 -1 
370 23 6 233 283 730 -1 -1 -1 -1 
371 23 25 240 289 717 -1 -1 -1 -1 
372 23 45 251 287 702 -1 -1 -1 -1 
373 23 65 257 285 694 -1 -1 -1 -1 
374 23 85 262 281 686 -1 -1 -1 -1 
375 23 116 272 277 668 -1 -1 -1 -1 
376 23 142 272 271 656 -1 -1 -1 -1 
377 23 177 276 266 647 -1 -1 -1 -1 
378 23 199 277 263 640 -1 -1 -1 -1 
379 23 219 277 259 634 -1 -1 -1 -1 
380 23 244 282 254 622 -1 -1 -1 -1 
381 23 271 278 254 625 -1 -1 -1 -1 
382 23 297 280 252 619 -1 -1 -1 -1 
383 23 314 284 250 609 -1 -1 -1 -1 
384 23 335 289 249 600 -1 -1 -1 -1 
385 23 353 296 242 591 -1 -1 -1 -1 
386 23 368 303 237 580 -1 -1 -1 -1 
387 23 391 308 232 569 -1 -1 -1 -1 
388 23 406 312 230 561 -1 -1 -1 -1 
389 23 418 315 227 555 -1 -1 -1 -1 
390 23 438 317 222 544 -1 -1 -1 -1 
391 23 450 313 221 542 -1 -1 -1 -1 
392 23 475 311 219 538 -1 -1 -1 -1 
393 23 499 310 218 536 -1 -1 -1 -1 
394 23 514 310 217 531 -1 -1 -1 -1 
395 23 534 309 216 533 -1 -1 -1 -1 
396 23 550 310 214 529 -1 -1 -1 -1 
397 23 563 314 214 523 -1 -1 -1 -1 
398 23 577 321 211 514 -1 -1 -1 -1 
399 23 594 327 206 504 -1 -1 -1 -1 
400 23 609 331 201 495 -1 -1 -1 -1 
401 23 622 330 201 495 -1 -1 -1 -1 
402 23 639 331 199 491 -1 -1 -1 -1 
403 23 651 333 198 487 -1 -1 -1 -1 
404 23 662 333 196 485 -1 -1 -1 -1 
405 23 674 332 197 483 -1 -1 -1 -1 
406 23 689 331 194 478 -1 -1 -1 -1 
407 23 707 330 193 478 -1 -1 -1 -1 
408 23 718 330 194 478 -1 -1 -1 -1 
409 23 726 331 194 478 -1 -1 -1 -1 
410 23 748 338 182 464 -1 -1 -1 -1 
411 23 756 337 184 463 -1 -1 -1 -1 
412 23 756 344 185 461 -1 -1 -1 -1 
413 23 766 342 185 459 -1 -1 -1 -1 
414 23 772 343 185 456 -1 -1 -1 -1 
420 23 858 340 179 437 -1 -1 -1 -1 
421 23 870 340 175 433 -1 -1 -1 -1 
422 23 884 343 174 431 -1 -1 -1 -1 
423 23 897 346 171 422 -1 -1 -1 -1 
424 23 907 351 169 414 -1 -1 -1 -1 
425 23 920 355 168 408 -1 -1 -1 -1 
426 23 928 359 164 402 -1 -1 -1 -1 
427 23 936 362 161 399 -1 -1 -1 -1 
428 23 946 363 160 396 -1 -1 -1 -1 
429 23 955 364 160 395 -1 -1 -1 -1 
430 23 962 365 159 391 -1 -1 -1 -1 
431 23 971 364 158 390 -1 -1 -1 -1 
432 23 979 362 158 388 -1 -1 -1 -1 
433 23 992 359 158 390 -1 -1 -1 -1 
434 23 1001 362 157 388 -1 -1 -1 -1 
435 23 1009 362 157 389 -1 -1 -1 -1 
436 23 1019 361 158 387 -1 -1 -1 -1 
437 23 1029 364 156 380 -1 -1 -1 -1 
438 23 1041 367 152 374 -1 -1 -1 -1 
439 23 1051 371 151 368 -1 -1 -1 -1 
440 23 1063 374 147 362 -1 -1 -1 -1 
441 23 1069 376 146 360 -1 -1 -1 -1 
442 23 1074 376 146 361 -1 -1 -1 -1 
443 23 1086 376 144 359 -1 -1 -1 -1 
444 23 1092 374 145 359 -1 -1 -1 -1 
445 23 1103 374 145 358 -1 -1 -1 -1 
446 23 1113 373 146 360 -1 -1 -1 -1 
447 23 1121 371 144 360 -1 -1 -1 -1 
448 23 1129 369 146 361 -1 -1 -1 -1 
449 23 1137 368 147 363 -1 -1 -1 -1 
450 23 1149 370 145 358 -1 -1 -1 -1 
451 23 1157 373 144 354 -1 -1 -1 -1 
452 23 1166 376 142 351 -1 -1 -1 -1 
453 23 1177 379 141 347 -1 -1 -1 -1 
454 23 1185 382 139 343 -1 -1 -1 -1 
455 23 1194 385 138 340 -1 -1 -1 -1 
456 23 1202 383 138 339 -1 -1 -1 -1 
457 23 1209 382 136 336 -1 -1 -1 -1 
458 23 1213 381 137 336 -1 -1 -1 -1 
459 23 1221 378 137 339 -1 -1 -1 -1 
460 23 1232 375 139 342 -1 -1 -1 -1 
461 23 1239 376 139 342 -1 -1 -1 -1 
462 23 1246 377 137 340 -1 -1 -1 -1 
463 23 1257 379 135 334 -1 -1 -1 -1 
464 23 1264 382 133 328 -1 -1 -1 -1 
465 23 1273 385 132 325 -1 -1 -1 -1 
466 23 1280 390 128 320 -1 -1 -1 -1 
467 23 1284 390 130 322 -1 -1 -1 -1 
468 23 1289 391 131 321 -1 -1 -1 -1 
469 23 1296 390 128 319 -1 -1 -1 -1 
470 23 1304 388 128 320 -1 -1 -1 -1 
471 23 1311 387 129 319 -1 -1 -1 -1 
472 23 1319 385 129 317 -1 -1 -1 -1 
473 23 1326 384 128 318 -1 -1 -1 -1 
474 23 1332 385 128 319 -1 -1 -1 -1 
475 23 1342 386 128 314 -1 -1 -1 -1 
476 23 1347 387 128 314 -1 -1 -1 -1 
477 23 1355 390 125 309 -1 -1 -1 -1 
478 23 1359 393 125 307 -1 -1 -1 -1 
479 23 1367 396 123 303 -1 -1 -1 -1 
480 23 1376 395 122 301 -1 -1 -1 -1 
481 23 1380 394 122 301 -1 -1 -1 -1 
482 23 1385 394 122 302 -1 -1 -1 -1 
483 23 1392 394 122 299 -1 -1 -1 -1 
484 23 1399 393 120 297 -1 -1 -1 -1 
485 23 1405 391 121 298 -1 -1 -1 -1 
486 23 1410 389 122 300 -1 -1 -1 -1 
487 23 1413 389 123 301 -1 -1 -1 -1 
488 23 1422 388 122 301 -1 -1 -1 -1 
489 23 1427 389 120 298 -1 -1 -1 -1 
490 23 1434 392 119 295 -1 -1 -1 -1 
491 23 1439 394 119 292 -1 -1 -1 -1 
492 23 1445 395 119 292 -1 -1 -1 -1 
493 23 1449 396 118 291 -1 -1 -1 -1 
494 23 1452 396 117 291 -1 -1 -1 -1 
495 23 1461 396 118 289 -1 -1 -1 -1 
496 23 1468 396 116 288 -1 -1 -1 -1 
497 23 1475 395 116 286 -1 -1 -1 -1 
498 23 1481 394 115 282 -1 -1 -1 -1 
499 23 1485 395 114 282 -1 -1 -1 -1 
500 23 1491 397 114 282 -1 -1 -1 -1 
501 23 1496 397 115 283 -1 -1 -1 -1 
502 23 1499 394 117 286 -1 -1 -1 -1 
503 23 1503 395 116 283 -1 -1 -1 -1 
504 23 1505 397 115 279 -1 -1 -1 -1 
505 23 1513 402 112 273 -1 -1 -1 -1 
506 23 1518 401 111 273 -1 -1 -1 -1 
507 23 1522 403 110 272 -1 -1 -1 -1 
508 23 1529 403 109 269 -1 -1 -1 -1 
509 23 1535 404 109 268 -1 -1 -1 -1 
510 23 1541 402 106 270 -1 -1 -1 -1 
511 23 1544 401 108 270 -1 -1 -1 -1 
512 23 1546 400 108 270 -1 -1 -1 -1 
513 23 1547 400 108 269 -1 -1 -1 -1 
514 23 1549 399 108 270 -1 -1 -1 -1 
515 23 1554 401 109 269 -1 -1 -1 -1 
516 23 1561 403 107 268 -1 -1 -1 -1 
517 23 1564 405 105 266 -1 -1 -1 -1 
518 23 1569 410 104 260 -1 -1 -1 -1 
519 23 1572 412 103 257 -1 -1 -1 -1 
520 23 1575 413 103 257 -1 -1 -1 -1 
521 23 1578 415 103 254 -1 -1 -1 -1 
522 23 1583 412 103 254 -1 -1 -1 -1 
523 23 1589 410 100 250 -1 -1 -1 -1 
524 23 1592 405 103 256 -1 -1 -1 -1 
525 23 1594 406 103 252 -1 -1 -1 -1 
229 24 1157 433 84 206 -1 -1 -1 -1 
230 24 1161 434 84 207 -1 -1 -1 -1 
231 24 1168 432 83 209 -1 -1 -1 -1 
232 24 1170 433 83 205 -1 -1 -1 -1 
233 24 1172 432 84 207 -1 -1 -1 -1 
234 24 1175 434 84 209 -1 -1 -1 -1 
235 24 1179 435 84 210 -1 -1 -1 -1 
236 24 1185 435 83 210 -1 -1 -1 -1 
237 24 1190 435 83 211 -1 -1 -1 -1 
238 24 1191 434 86 212 -1 -1 -1 -1 
252 24 1211 425 95 225 -1 -1 -1 -1 
253 24 1211 424 96 227 -1 -1 -1 -1 
254 24 1214 423 95 229 -1 -1 -1 -1 
255 24 1214 424 95 229 -1 -1 -1 -1 
256 24 1216 423 95 233 -1 -1 -1 -1 
257 24 1217 422 96 236 -1 -1 -1 -1 
258 24 1217 422 96 239 -1 -1 -1 -1 
259 24 1221 416 100 247 -1 -1 -1 -1 
260 24 1228 424 98 241 -1 -1 -1 -1 
261 24 1228 420 100 248 -1 -1 -1 -1 
285 25 1817 423 65 163 -1 -1 -1 -1 
286 25 1817 423 64 162 -1 -1 -1 -1 
302 26 1201 422 115 284 -1 -1 -1 -1 
303 26 1205 420 110 271 -1 -1 -1 -1 
304 26 1207 417 107 264 -1 -1 -1 -1 
305 26 1209 405 110 272 -1 -1 -1 -1 
315 26 1181 411 118 289 -1 -1 -1 -1 
316 26 1179 410 119 293 -1 -1 -1 -1 
319 26 1182 408 118 292 -1 -1 -1 -1 
320 26 1182 408 118 294 -1 -1 -1 -1 
321 26 1179 408 120 295 -1 -1 -1 -1 
322 26 1176 406 121 298 -1 -1 -1 -1 
323 26 1174 406 122 299 -1 -1 -1 -1 
324 26 1172 407 121 299 -1 -1 -1 -1 
325 26 1170 408 121 300 -1 -1 -1 -1 
326 26 1169 408 122 302 -1 -1 -1 -1 
327 26 1165 404 124 308 -1 -1 -1 -1 
328 26 1163 402 125 311 -1 -1 -1 -1 
329 26 1162 401 125 311 -1 -1 -1 -1 
330 26 1159 399 126 312 -1 -1 -1 -1 
331 26 1157 397 127 313 -1 -1 -1 -1 
332 26 1155 395 128 317 -1 -1 -1 -1 
333 26 1153 394 129 320 -1 -1 -1 -1 
334 26 1152 394 130 322 -1 -1 -1 -1 
335 26 1151 394 130 323 -1 -1 -1 -1 
336 26 1150 394 131 324 -1 -1 -1 -1 
337 26 1150 395 130 323 -1 -1 -1 -1 
338 26 1151 396 130 323 -1 -1 -1 -1 
339 26 1151 395 131 326 -1 -1 -1 -1 
340 26 1151 393 132 328 -1 -1 -1 -1 
341 26 1151 391 133 330 -1 -1 -1 -1 
342 26 1150 389 133 332 -1 -1 -1 -1 
343 26 1149 387 135 335 -1 -1 -1 -1 
344 26 1148 385 135 338 -1 -1 -1 -1 
345 26 1144 383 139 342 -1 -1 -1 -1 
346 26 1141 382 140 344 -1 -1 -1 -1 
347 26 1138 384 140 343 -1 -1 -1 -1 
348 26 1136 385 140 343 -1 -1 -1 -1 
349 26 1134 385 140 343 -1 -1 -1 -1 
350 26 1133 386 140 344 -1 -1 -1 -1 
351 26 1131 386 140 346 -1 -1 -1 -1 
352 26 1128 385 141 349 -1 -1 -1 -1 
353 26 1125 383 143 352 -1 -1 -1 -1 
354 26 1123 382 145 353 -1 -1 -1 -1 
355 26 1120 379 145 355 -1 -1 -1 -1 
356 26 1117 375 147 361 -1 -1 -1 -1 
357 26 1114 374 147 364 -1 -1 -1 -1 
358 26 1111 373 149 368 -1 -1 -1 -1 
359 26 1109 374 150 369 -1 -1 -1 -1 
360 26 1108 373 151 374 -1 -1 -1 -1 
361 26 1107 373 151 375 -1 -1 -1 -1 
362 26 1106 374 152 377 -1 -1 -1 -1 
363 26 1105 375 152 377 -1 -1 -1 -1 
364 26 1105 375 152 379 -1 -1 -1 -1 
365 26 1103 373 154 382 -1 -1 -1 -1 
366 26 1101 372 155 383 -1 -1 -1 -1 
367 26 1098 370 157 385 -1 -1 -1 -1 
368 26 1094 366 161 392 -1 -1 -1 -1 
369 26 1092 362 161 398 -1 -1 -1 -1 
370 26 1089 360 162 400 -1 -1 -1 -1 
371 26 1083 358 165 405 -1 -1 -1 -1 
372 26 1078 358 165 408 -1 -1 -1 -1 
373 26 1074 359 165 406 -1 -1 -1 -1 
374 26 1070 361 165 405 -1 -1 -1 -1 
375 26 1067 362 166 407 -1 -1 -1 -1 
376 26 1064 360 166 410 -1 -1 -1 -1 
377 26 1058 358 170 414 -1 -1 -1 -1 
378 26 1053 356 170 415 -1 -1 -1 -1 
379 26 1048 353 170 418 -1 -1 -1 -1 
380 26 1045 349 170 421 -1 -1 -1 -1 
381 26 1042 346 171 427 -1 -1 -1 -1 
382 26 1035 342 174 435 -1 -1 -1 -1 
383 26 1028 341 177 441 -1 -1 -1 -1 
384 26 1022 340 180 445 -1 -1 -1 -1 
385 26 1015 340 182 451 -1 -1 -1 -1 
386 26 1012 341 182 451 -1 -1 -1 -1 
387 26 1009 344 182 449 -1 -1 -1 -1 
388 26 1007 345 183 454 -1 -1 -1 -1 
389 26 1003 344 187 459 -1 -1 -1 -1 
390 26 998 342 190 462 -1 -1 -1 -1 
391 26 994 339 192 466 -1 -1 -1 -1 
392 26 989 333 192 472 -1 -1 -1 -1 
393 26 984 330 192 473 -1 -1 -1 -1 
394 26 976 327 194 477 -1 -1 -1 -1 
395 26 967 326 195 479 -1 -1 -1 -1 
396 26 960 323 195 484 -1 -1 -1 -1 
397 26 948 323 196 487 -1 -1 -1 -1 
398 26 939 323 199 489 -1 -1 -1 -1 
399 26 932 324 199 490 -1 -1 -1 -1 
400 26 922 324 199 491 -1 -1 -1 -1 
401 26 912 324 201 497 -1 -1 -1 -1 
402 26 902 323 204 500 -1 -1 -1 -1 
403 26 896 322 205 503 -1 -1 -1 -1 
404 26 889 316 208 508 -1 -1 -1 -1 
405 26 881 311 209 514 -1 -1 -1 -1 
406 26 873 307 212 519 -1 -1 -1 -1 
407 26 859 302 216 529 -1 -1 -1 -1 
408 26 845 299 221 540 -1 -1 -1 -1 
409 26 837 298 222 545 -1 -1 -1 -1 
410 26 829 299 221 544 -1 -1 -1 -1 
411 26 822 301 221 544 -1 -1 -1 -1 
412 26 812 303 223 546 -1 -1 -1 -1 
413 26 805 303 226 552 -1 -1 -1 -1 
414 26 801 303 226 554 -1 -1 -1 -1 
415 26 792 301 228 560 -1 -1 -1 -1 
416 26 782 297 231 565 -1 -1 -1 -1 
417 26 772 292 233 576 -1 -1 -1 -1 
418 26 762 285 239 584 -1 -1 -1 -1 
419 26 751 281 239 588 -1 -1 -1 -1 
420 26 738 278 239 591 -1 -1 -1 -1 
421 26 724 275 244 598 -1 -1 -1 -1 
422 26 706 275 246 604 -1 -1 -1 -1 
423 26 690 276 249 606 -1 -1 -1 -1 
424 26 679 278 250 608 -1 -1 -1 -1 
425 26 665 280 251 610 -1 -1 -1 -1 
426 26 655 278 250 613 -1 -1 -1 -1 
427 26 646 278 252 616 -1 -1 -1 -1 
428 26 634 273 255 621 -1 -1 -1 -1 
429 26 625 269 255 624 -1 -1 -1 -1 
430 26 608 263 259 632 -1 -1 -1 -1 
431 26 594 261 261 637 -1 -1 -1 -1 
432 26 581 257 263 646 -1 -1 -1 -1 
433 26 560 253 270 661 -1 -1 -1 -1 
434 26 545 250 274 672 -1 -1 -1 -1 
435 26 530 250 273 675 -1 -1 -1 -1 
436 26 517 250 274 675 -1 -1 -1 -1 
437 26 505 247 276 681 -1 -1 -1 -1 
438 26 488 249 281 688 -1 -1 -1 -1 
439 26 479 248 283 691 -1 -1 -1 -1 
440 26 464 244 284 699 -1 -1 -1 -1 
441 26 448 237 290 713 -1 -1 -1 -1 
442 26 432 235 294 722 -1 -1 -1 -1 
443 26 413 227 300 736 -1 -1 -1 -1 
444 26 394 220 303 747 -1 -1 -1 -1 
445 26 372 214 307 753 -1 -1 -1 -1 
446 26 353 211 311 765 -1 -1 -1 -1 
447 26 332 208 314 775 -1 -1 -1 -1 
448 26 308 208 318 782 -1 -1 -1 -1 
449 26 285 206 325 790 -1 -1 -1 -1 
450 26 265 208 323 792 -1 -1 -1 -1 
451 26 248 207 325 796 -1 -1 -1 -1 
452 26 228 202 328 807 -1 -1 -1 -1 
453 26 206 194 332 817 -1 -1 -1 -1 
454 26 185 188 334 830 -1 -1 -1 -1 
455 26 166 184 335 833 -1 -1 -1 -1 
456 26 148 179 340 841 -1 -1 -1 -1 
457 26 123 169 344 861 -1 -1 -1 -1 
458 26 82 159 354 881 -1 -1 -1 -1 
459 26 57 155 357 887 -1 -1 -1 -1 
460 26 21 148 365 900 -1 -1 -1 -1 
461 26 1 142 364 913 -1 -1 -1 -1 
462 26 -7 142 356 921 -1 -1 -1 -1 
463 26 -9 142 334 922 -1 -1 -1 -1 
464 26 -9 145 323 921 -1 -1 -1 -1 
465 26 -8 138 297 930 -1 -1 -1 -1 
466 26 -7 135 267 936 -1 -1 -1 -1 
467 26 -5 125 247 944 -1 -1 -1 -1 
468 26 -4 110 220 963 -1 -1 -1 -1 
469 26 -3 101 201 965 -1 -1 -1 -1 
470 26 -2 99 180 967 -1 -1 -1 -1 
471 26 -1 143 159 933 -1 -1 -1 -1 
315 27 1361 405 111 273 -1 -1 -1 -1 
316 27 1349 389 118 292 -1 -1 -1 -1 
317 27 1339 378 121 302 -1 -1 -1 -1 
318 27 1336 372 124 310 -1 -1 -1 -1 
322 27 1388 398 110 274 -1 -1 -1 -1 
323 27 1399 401 109 270 -1 -1 -1 -1 
324 27 1402 406 102 254 -1 -1 -1 -1 
325 27 1408 403 109 267 -1 -1 -1 -1 
326 27 1408 400 112 271 -1 -1 -1 -1 
327 27 1418 395 116 283 -1 -1 -1 -1 
328 27 1422 399 116 276 -1 -1 -1 -1 
329 27 1426 389 117 285 -1 -1 -1 -1 
348 27 1501 388 118 291 -1 -1 -1 -1 
349 27 1502 386 119 295 -1 -1 -1 -1 
350 27 1506 388 119 291 -1 -1 -1 -1 
351 27 1509 387 119 290 -1 -1 -1 -1 
352 27 1515 389 117 287 -1 -1 -1 -1 
353 27 1517 390 116 285 -1 -1 -1 -1 
354 27 1521 390 115 285 -1 -1 -1 -1 
355 27 1527 391 116 281 -1 -1 -1 -1 
356 27 1532 391 115 278 -1 -1 -1 -1 
357 27 1536 390 115 278 -1 -1 -1 -1 
358 27 1538 389 117 281 -1 -1 -1 -1 
359 27 1545 392 114 278 -1 -1 -1 -1 
360 27 1550 392 114 275 -1 -1 -1 -1 
361 27 1554 392 113 274 -1 -1 -1 -1 
362 27 1557 393 112 273 -1 -1 -1 -1 
363 27 1564 400 110 266 -1 -1 -1 -1 
364 27 1568 395 110 270 -1 -1 -1 -1 
365 27 1574 396 108 262 -1 -1 -1 -1 
366 27 1578 394 108 259 -1 -1 -1 -1 
367 27 1587 396 104 251 -1 -1 -1 -1 
368 27 1589 396 103 251 -1 -1 -1 -1 
369 27 1588 390 105 257 -1 -1 -1 -1 
378 27 1631 398 102 248 -1 -1 -1 -1 
379 27 1636 400 102 248 -1 -1 -1 -1 
380 27 1644 400 106 255 -1 -1 -1 -1 
381 27 1651 398 105 258 -1 -1 -1 -1 
382 27 1655 397 106 259 -1 -1 -1 -1 
383 27 1656 395 107 262 -1 -1 -1 -1 
384 27 1660 395 105 259 -1 -1 -1 -1 
385 27 1666 397 105 257 -1 -1 -1 -1 
386 27 1669 398 103 254 -1 -1 -1 -1 
387 27 1672 401 103 249 -1 -1 -1 -1 
388 27 1677 400 103 250 -1 -1 -1 -1 
389 27 1677 400 105 257 -1 -1 -1 -1 
390 27 1683 401 101 249 -1 -1 -1 -1 
391 27 1688 401 98 245 -1 -1 -1 -1 
392 27 1691 400 97 244 -1 -1 -1 -1 
393 27 1694 401 97 243 -1 -1 -1 -1 
394 27 1700 400 98 245 -1 -1 -1 -1 
395 27 1706 400 93 232 -1 -1 -1 -1 
399 27 1722 404 101 244 -1 -1 -1 -1 
400 27 1730 402 99 244 -1 -1 -1 -1 
401 27 1735 402 99 244 -1 -1 -1 -1 
402 27 1742 401 97 241 -1 -1 -1 -1 
403 27 1743 400 96 237 -1 -1 -1 -1 
404 27 1746 401 99 240 -1 -1 -1 -1 
405 27 1752 402 99 241 -1 -1 -1 -1 
406 27 1756 402 97 242 -1 -1 -1 -1 
407 27 1761 403 96 237 -1 -1 -1 -1 
408 27 1763 401 96 237 -1 -1 -1 -1 
409 27 1765 401 97 238 -1 -1 -1 -1 
410 27 1766 400 100 243 -1 -1 -1 -1 
411 27 1769 400 101 244 -1 -1 -1 -1 
412 27 1772 400 101 244 -1 -1 -1 -1 
413 27 1775 401 101 243 -1 -1 -1 -1 
414 27 1784 400 98 239 -1 -1 -1 -1 
415 27 1789 401 95 234 -1 -1 -1 -1 
416 27 1793 402 95 231 -1 -1 -1 -1 
417 27 1800 403 94 233 -1 -1 -1 -1 
418 27 1799 403 95 235 -1 -1 -1 -1 
419 27 1799 402 96 237 -1 -1 -1 -1 
420 27 1803 404 95 234 -1 -1 -1 -1 
421 27 1805 403 94 233 -1 -1 -1 -1 
422 27 1809 402 94 233 -1 -1 -1 -1 
423 27 1812 401 95 236 -1 -1 -1 -1 
424 27 1813 402 96 237 -1 -1 -1 -1 
425 27 1817 400 96 240 -1 -1 -1 -1 
426 27 1819 401 96 239 -1 -1 -1 -1 
427 27 1822 403 93 233 -1 -1 -1 -1 
428 27 1830 406 88 224 -1 -1 -1 -1 
429 27 1834 406 85 222 -1 -1 -1 -1 
430 27 1838 405 82 224 -1 -1 -1 -1 
431 27 1844 406 77 223 -1 -1 -1 -1 
432 27 1848 408 72 219 -1 -1 -1 -1 
433 27 1853 408 67 216 -1 -1 -1 -1 
434 27 1853 406 67 219 -1 -1 -1 -1 
435 27 1858 407 62 216 -1 -1 -1 -1 
436 27 1859 407 61 226 -1 -1 -1 -1 
437 27 1861 402 59 251 -1 -1 -1 -1 
438 27 1861 402 59 260 -1 -1 -1 -1 
439 27 1865 408 55 259 -1 -1 -1 -1 
440 27 1868 410 52 258 -1 -1 -1 -1 
441 27 1868 414 52 255 -1 -1 -1 -1 
442 27 1873 421 47 248 -1 -1 -1 -1 
443 27 1844 405 76 263 -1 -1 -1 -1 
449 27 1851 387 68 280 -1 -1 -1 -1 
450 27 1838 385 81 278 -1 -1 -1 -1 
451 27 1835 386 84 275 -1 -1 -1 -1 
452 27 1830 387 89 273 -1 -1 -1 -1 
453 27 1822 387 97 273 -1 -1 -1 -1 
454 27 1815 391 102 267 -1 -1 -1 -1 
455 27 1810 393 105 266 -1 -1 -1 -1 
456 27 1799 391 109 266 -1 -1 -1 -1 
457 27 1792 393 110 264 -1 -1 -1 -1 
458 27 1782 394 109 263 -1 -1 -1 -1 
459 27 1774 392 111 268 -1 -1 -1 -1 
334 28 1546 418 93 234 -1 -1 -1 -1 
335 28 1547 418 97 243 -1 -1 -1 -1 
336 28 1548 416 101 252 -1 -1 -1 -1 
337 28 1555 416 102 254 -1 -1 -1 -1 
338 28 1561 416 103 255 -1 -1 -1 -1 
339 28 1567 416 103 260 -1 -1 -1 -1 
340 28 1571 415 109 269 -1 -1 -1 -1 
341 28 1573 416 111 272 -1 -1 -1 -1 
342 28 1575 417 111 273 -1 -1 -1 -1 
343 28 1578 417 109 270 -1 -1 -1 -1 
344 28 1582 422 106 259 -1 -1 -1 -1 
345 28 1588 426 99 246 -1 -1 -1 -1 
346 28 1591 425 96 240 -1 -1 -1 -1 
347 28 1595 425 96 239 -1 -1 -1 -1 
348 28 1598 426 94 234 -1 -1 -1 -1 
349 28 1601 425 95 236 -1 -1 -1 -1 
350 28 1606 423 95 239 -1 -1 -1 -1 
351 28 1611 426 92 230 -1 -1 -1 -1 
352 28 1614 423 94 236 -1 -1 -1 -1 
353 28 1615 422 95 235 -1 -1 -1 -1 
354 28 1617 422 94 234 -1 -1 -1 -1 
355 28 1619 424 94 232 -1 -1 -1 -1 
356 28 1621 421 96 237 -1 -1 -1 -1 
357 28 1621 421 95 236 -1 -1 -1 -1 
358 28 1622 426 92 230 -1 -1 -1 -1 
359 28 1624 426 92 229 -1 -1 -1 -1 
360 28 1628 425 92 228 -1 -1 -1 -1 
361 28 1635 424 91 228 -1 -1 -1 -1 
362 28 1644 423 90 226 -1 -1 -1 -1 
363 28 1648 425 89 223 -1 -1 -1 -1 
364 28 1654 425 90 224 -1 -1 -1 -1 
365 28 1659 426 91 225 -1 -1 -1 -1 
366 28 1661 422 94 230 -1 -1 -1 -1 
367 28 1663 421 95 232 -1 -1 -1 -1 
368 28 1665 419 95 233 -1 -1 -1 -1 
369 28 1666 420 94 232 -1 -1 -1 -1 
370 28 1671 423 92 228 -1 -1 -1 -1 
371 28 1672 425 92 226 -1 -1 -1 -1 
372 28 1673 428 92 224 -1 -1 -1 -1 
373 28 1676 431 90 219 -1 -1 -1 -1 
374 28 1675 427 92 225 -1 -1 -1 -1 
375 28 1676 426 91 222 -1 -1 -1 -1 
376 28 1679 420 92 227 -1 -1 -1 -1 
377 28 1682 424 93 228 -1 -1 -1 -1 
378 28 1684 425 93 225 -1 -1 -1 -1 
379 28 1690 427 91 223 -1 -1 -1 -1 
380 28 1697 420 92 225 -1 -1 -1 -1 
381 28 1703 415 92 227 -1 -1 -1 -1 
382 28 1707 417 90 224 -1 -1 -1 -1 
383 28 1709 417 91 225 -1 -1 -1 -1 
384 28 1711 419 88 219 -1 -1 -1 -1 
385 28 1714 416 90 225 -1 -1 -1 -1 
386 28 1723 440 82 201 -1 -1 -1 -1 
387 28 1718 422 88 218 -1 -1 -1 -1 
388 28 1722 423 87 214 -1 -1 -1 -1 
389 28 1728 425 84 209 -1 -1 -1 -1 
390 28 1733 427 83 207 -1 -1 -1 -1 
391 28 1737 427 82 205 -1 -1 -1 -1 
392 28 1740 429 83 205 -1 -1 -1 -1 
393 28 1741 428 84 208 -1 -1 -1 -1 
394 28 1743 427 84 209 -1 -1 -1 -1 
395 28 1746 428 83 207 -1 -1 -1 -1 
396 28 1747 431 83 205 -1 -1 -1 -1 
397 28 1751 439 79 197 -1 -1 -1 -1 
398 28 1739 424 88 218 -1 -1 -1 -1 
425 28 1757 422 83 205 -1 -1 -1 -1 
426 28 1761 425 83 202 -1 -1 -1 -1 
427 28 1763 427 82 200 -1 -1 -1 -1 
428 28 1766 429 82 199 -1 -1 -1 -1 
429 28 1769 433 80 194 -1 -1 -1 -1 
430 28 1770 433 77 191 -1 -1 -1 -1 
431 28 1770 432 77 191 -1 -1 -1 -1 
432 28 1771 430 78 191 -1 -1 -1 -1 
433 28 1772 429 79 192 -1 -1 -1 -1 
434 28 1774 429 78 191 -1 -1 -1 -1 
435 28 1776 428 76 189 -1 -1 -1 -1 
436 28 1775 427 77 192 -1 -1 -1 -1 
437 28 1775 426 77 193 -1 -1 -1 -1 
438 28 1777 427 78 192 -1 -1 -1 -1 
439 28 1780 429 77 190 -1 -1 -1 -1 
440 28 1785 430 77 190 -1 -1 -1 -1 
441 28 1788 432 76 188 -1 -1 -1 -1 
442 28 1790 432 76 188 -1 -1 -1 -1 
443 28 1792 434 74 185 -1 -1 -1 -1 
444 28 1793 434 75 186 -1 -1 -1 -1 
445 28 1798 433 73 177 -1 -1 -1 -1 
460 28 1817 434 80 197 -1 -1 -1 -1 
461 28 1814 432 82 203 -1 -1 -1 -1 
462 28 1812 430 83 205 -1 -1 -1 -1 
463 28 1812 429 84 206 -1 -1 -1 -1 
464 28 1814 426 85 209 -1 -1 -1 -1 
465 28 1816 426 85 210 -1 -1 -1 -1 
466 28 1817 425 86 210 -1 -1 -1 -1 
467 28 1821 427 84 208 -1 -1 -1 -1 
468 28 1824 428 84 206 -1 -1 -1 -1 
469 28 1826 429 83 205 -1 -1 -1 -1 
470 28 1829 431 81 201 -1 -1 -1 -1 
471 28 1830 432 81 201 -1 -1 -1 -1 
472 28 1831 433 81 201 -1 -1 -1 -1 
473 28 1834 435 79 200 -1 -1 -1 -1 
474 28 1837 437 79 196 -1 -1 -1 -1 
475 28 1841 437 77 195 -1 -1 -1 -1 
476 28 1846 436 73 193 -1 -1 -1 -1 
477 28 1849 435 71 193 -1 -1 -1 -1 
478 28 1851 433 68 194 -1 -1 -1 -1 
479 28 1853 431 67 196 -1 -1 -1 -1 
480 28 1852 430 68 197 -1 -1 -1 -1 
481 28 1852 431 68 197 -1 -1 -1 -1 
482 28 1852 433 68 195 -1 -1 -1 -1 
483 28 1854 436 66 192 -1 -1 -1 -1 
484 28 1854 436 66 190 -1 -1 -1 -1 
485 28 1855 437 65 189 -1 -1 -1 -1 
486 28 1854 436 66 188 -1 -1 -1 -1 
487 28 1855 435 65 188 -1 -1 -1 -1 
488 28 1857 435 63 188 -1 -1 -1 -1 
489 28 1858 434 62 189 -1 -1 -1 -1 
490 28 1860 434 60 189 -1 -1 -1 -1 
491 28 1861 433 59 190 -1 -1 -1 -1 
492 28 1862 432 58 192 -1 -1 -1 -1 
493 28 1866 434 53 190 -1 -1 -1 -1 
494 28 1869 434 51 191 -1 -1 -1 -1 
495 28 1870 436 50 187 -1 -1 -1 -1 
496 28 1872 437 47 183 -1 -1 -1 -1 
497 28 1874 439 46 179 -1 -1 -1 -1 
498 28 1875 440 45 177 -1 -1 -1 -1 
499 28 1876 440 44 177 -1 -1 -1 -1 
500 28 1876 440 44 178 -1 -1 -1 -1 
501 28 1877 438 43 180 -1 -1 -1 -1 
502 28 1878 435 41 186 -1 -1 -1 -1 
503 28 1877 434 42 189 -1 -1 -1 -1 
504 28 1878 435 41 186 -1 -1 -1 -1 
505 28 1878 432 41 191 -1 -1 -1 -1 
506 28 1877 431 42 205 -1 -1 -1 -1 
507 28 1877 433 42 222 -1 -1 -1 -1 
508 28 1877 435 42 230 -1 -1 -1 -1 
509 28 1878 436 41 235 -1 -1 -1 -1 
510 28 1883 437 36 213 -1 -1 -1 -1 
511 28 1885 437 34 206 -1 -1 -1 -1 
512 28 1890 428 29 217 -1 -1 -1 -1 
513 28 1890 422 29 232 -1 -1 -1 -1 
514 28 1888 412 31 248 -1 -1 -1 -1 
515 28 1886 404 33 263 -1 -1 -1 -1 
516 28 1881 398 38 276 -1 -1 -1 -1 
517 28 1881 396 38 281 -1 -1 -1 -1 
518 28 1867 389 52 290 -1 -1 -1 -1 
359 29 1376 418 110 272 -1 -1 -1 -1 
360 29 1379 406 115 285 -1 -1 -1 -1 
361 29 1379 396 120 297 -1 -1 -1 -1 
362 29 1380 393 120 299 -1 -1 -1 -1 
363 29 1384 396 118 294 -1 -1 -1 -1 
364 29 1389 400 113 280 -1 -1 -1 -1 
365 29 1399 399 104 258 -1 -1 -1 -1 
366 29 1402 399 102 253 -1 -1 -1 -1 
367 29 1408 399 105 258 -1 -1 -1 -1 
368 29 1414 398 106 266 -1 -1 -1 -1 
369 29 1417 396 107 269 -1 -1 -1 -1 
370 29 1420 396 111 275 -1 -1 -1 -1 
371 29 1421 400 109 270 -1 -1 -1 -1 
372 29 1425 398 109 273 -1 -1 -1 -1 
373 29 1428 397 110 274 -1 -1 -1 -1 
374 29 1432 395 111 275 -1 -1 -1 -1 
375 29 1436 398 110 275 -1 -1 -1 -1 
376 29 1439 396 112 277 -1 -1 -1 -1 
377 29 1443 397 109 272 -1 -1 -1 -1 
378 29 1446 395 108 270 -1 -1 -1 -1 
379 29 1448 399 108 267 -1 -1 -1 -1 
380 29 1450 396 109 272 -1 -1 -1 -1 
381 29 1452 396 112 274 -1 -1 -1 -1 
382 29 1456 396 113 276 -1 -1 -1 -1 
383 29 1458 400 111 271 -1 -1 -1 -1 
384 29 1462 402 109 269 -1 -1 -1 -1 
385 29 1468 404 107 267 -1 -1 -1 -1 
386 29 1471 408 105 262 -1 -1 -1 -1 
387 29 1476 406 107 266 -1 -1 -1 -1 
388 29 1478 408 104 260 -1 -1 -1 -1 
389 29 1480 412 101 253 -1 -1 -1 -1 
375 30 1756 451 72 179 -1 -1 -1 -1 
376 30 1759 450 73 181 -1 -1 -1 -1 
377 30 1764 454 72 178 -1 -1 -1 -1 
378 30 1765 455 72 178 -1 -1 -1 -1 
379 30 1769 456 71 176 -1 -1 -1 -1 
380 30 1771 458 70 174 -1 -1 -1 -1 
381 30 1771 459 72 172 -1 -1 -1 -1 
382 30 1772 458 72 174 -1 -1 -1 -1 
383 30 1773 457 71 174 -1 -1 -1 -1 
384 30 1776 455 70 172 -1 -1 -1 -1 
385 30 1778 455 71 171 -1 -1 -1 -1 
386 30 1782 454 70 170 -1 -1 -1 -1 
387 30 1786 453 69 171 -1 -1 -1 -1 
388 30 1791 455 68 169 -1 -1 -1 -1 
389 30 1795 456 68 168 -1 -1 -1 -1 
390 30 1797 454 69 171 -1 -1 -1 -1 
391 30 1799 453 69 173 -1 -1 -1 -1 
392 30 1800 456 68 170 -1 -1 -1 -1 
393 30 1801 457 68 169 -1 -1 -1 -1 
394 30 1803 456 68 170 -1 -1 -1 -1 
395 30 1807 457 68 168 -1 -1 -1 -1 
396 30 1809 457 68 168 -1 -1 -1 -1 
397 30 1811 454 69 172 -1 -1 -1 -1 
398 30 1812 454 70 172 -1 -1 -1 -1 
399 30 1814 455 69 171 -1 -1 -1 -1 
400 30 1815 455 69 171 -1 -1 -1 -1 
401 30 1817 456 68 170 -1 -1 -1 -1 
402 30 1820 457 68 169 -1 -1 -1 -1 
403 30 1822 457 68 168 -1 -1 -1 -1 
404 30 1823 458 67 165 -1 -1 -1 -1 
405 30 1825 457 68 166 -1 -1 -1 -1 
406 30 1827 457 67 164 -1 -1 -1 -1 
407 30 1829 454 66 162 -1 -1 -1 -1 
408 30 1829 452 67 165 -1 -1 -1 -1 
409 30 1830 451 68 168 -1 -1 -1 -1 
410 30 1834 451 68 166 -1 -1 -1 -1 
411 30 1837 450 68 166 -1 -1 -1 -1 
412 30 1836 448 68 170 -1 -1 -1 -1 
390 32 33 498 97 241 -1 -1 -1 -1 
391 32 34 499 96 240 -1 -1 -1 -1 
392 32 33 499 97 240 -1 -1 -1 -1 
393 32 34 500 97 240 -1 -1 -1 -1 
394 32 35 500 96 240 -1 -1 -1 -1 
395 32 35 500 96 240 -1 -1 -1 -1 
396 32 35 500 96 240 -1 -1 -1 -1 
397 32 34 501 96 239 -1 -1 -1 -1 
398 32 34 500 96 241 -1 -1 -1 -1 
399 32 34 500 96 241 -1 -1 -1 -1 
400 32 34 500 96 240 -1 -1 -1 -1 
401 32 34 501 96 240 -1 -1 -1 -1 
402 32 35 500 96 240 -1 -1 -1 -1 
403 32 34 500 97 240 -1 -1 -1 -1 
404 32 34 499 97 241 -1 -1 -1 -1 
405 32 34 499 96 240 -1 -1 -1 -1 
406 32 34 500 96 239 -1 -1 -1 -1 
407 32 34 500 96 240 -1 -1 -1 -1 
408 32 34 500 96 239 -1 -1 -1 -1 
409 32 34 500 96 239 -1 -1 -1 -1 
410 32 35 502 96 237 -1 -1 -1 -1 
411 32 35 502 96 238 -1 -1 -1 -1 
412 32 35 503 96 237 -1 -1 -1 -1 
413 32 36 504 95 236 -1 -1 -1 -1 
414 32 36 504 96 236 -1 -1 -1 -1 
415 32 36 502 95 239 -1 -1 -1 -1 
416 32 36 502 95 238 -1 -1 -1 -1 
417 32 36 502 96 239 -1 -1 -1 -1 
418 32 36 502 96 239 -1 -1 -1 -1 
419 32 36 501 96 240 -1 -1 -1 -1 
420 32 35 500 97 240 -1 -1 -1 -1 
421 32 34 501 97 239 -1 -1 -1 -1 
422 32 35 500 97 240 -1 -1 -1 -1 
423 32 34 499 97 241 -1 -1 -1 -1 
424 32 35 501 97 241 -1 -1 -1 -1 
425 32 35 500 97 241 -1 -1 -1 -1 
426 32 34 500 97 240 -1 -1 -1 -1 
427 32 34 499 96 241 -1 -1 -1 -1 
428 32 33 500 96 239 -1 -1 -1 -1 
429 32 33 500 97 239 -1 -1 -1 -1 
430 32 32 497 99 242 -1 -1 -1 -1 
431 32 29 498 99 242 -1 -1 -1 -1 
432 32 32 502 97 237 -1 -1 -1 -1 
433 32 27 490 103 250 -1 -1 -1 -1 
434 32 24 490 102 252 -1 -1 -1 -1 
439 32 31 496 96 240 -1 -1 -1 -1 
440 32 9 328 114 533 -1 -1 -1 -1 
441 32 3 279 142 613 -1 -1 -1 -1 
442 32 0 253 161 657 -1 -1 -1 -1 
443 32 0 244 180 669 -1 -1 -1 -1 
444 32 -1 241 194 678 -1 -1 -1 -1 
445 32 -1 246 210 670 -1 -1 -1 -1 
446 32 -1 256 222 661 -1 -1 -1 -1 
447 32 -1 261 229 656 -1 -1 -1 -1 
448 32 0 267 240 647 -1 -1 -1 -1 
449 32 0 270 250 640 -1 -1 -1 -1 
450 32 13 276 252 630 -1 -1 -1 -1 
451 32 20 272 257 632 -1 -1 -1 -1 
452 32 29 275 255 624 -1 -1 -1 -1 
453 32 46 276 254 618 -1 -1 -1 -1 
454 32 66 350 225 542 -1 -1 -1 -1 
455 32 91 307 241 585 -1 -1 -1 -1 
461 32 205 381 190 465 -1 -1 -1 -1 
462 32 212 322 210 523 -1 -1 -1 -1 
463 32 221 307 219 546 -1 -1 -1 -1 
464 32 215 297 233 571 -1 -1 -1 -1 
465 32 228 294 236 577 -1 -1 -1 -1 
466 32 239 295 235 576 -1 -1 -1 -1 
467 32 249 295 235 577 -1 -1 -1 -1 
468 32 262 291 236 580 -1 -1 -1 -1 
469 32 276 293 234 573 -1 -1 -1 -1 
470 32 296 296 231 567 -1 -1 -1 -1 
471 32 307 295 229 565 -1 -1 -1 -1 
472 32 316 295 230 566 -1 -1 -1 -1 
473 32 329 292 230 565 -1 -1 -1 -1 
474 32 345 296 226 557 -1 -1 -1 -1 
475 32 359 298 225 553 -1 -1 -1 -1 
476 32 367 300 224 549 -1 -1 -1 -1 
477 32 372 300 223 547 -1 -1 -1 -1 
478 32 385 304 220 542 -1 -1 -1 -1 
479 32 394 309 217 535 -1 -1 -1 -1 
480 32 406 312 214 527 -1 -1 -1 -1 
481 32 414 314 212 524 -1 -1 -1 -1 
482 32 422 314 211 521 -1 -1 -1 -1 
483 32 431 316 211 517 -1 -1 -1 -1 
484 32 441 318 208 510 -1 -1 -1 -1 
485 32 452 317 206 509 -1 -1 -1 -1 
486 32 457 316 207 510 -1 -1 -1 -1 
487 32 466 315 206 508 -1 -1 -1 -1 
488 32 477 314 207 507 -1 -1 -1 -1 
489 32 483 314 210 511 -1 -1 -1 -1 
490 32 494 315 209 512 -1 -1 -1 -1 
491 32 503 316 207 508 -1 -1 -1 -1 
492 32 511 319 204 500 -1 -1 -1 -1 
493 32 522 320 202 499 -1 -1 -1 -1 
494 32 531 320 198 496 -1 -1 -1 -1 
495 32 544 323 196 489 -1 -1 -1 -1 
496 32 553 327 195 484 -1 -1 -1 -1 
497 32 559 330 195 481 -1 -1 -1 -1 
498 32 567 332 195 481 -1 -1 -1 -1 
499 32 572 333 195 482 -1 -1 -1 -1 
500 32 579 334 194 479 -1 -1 -1 -1 
501 32 586 332 194 477 -1 -1 -1 -1 
502 32 595 332 193 475 -1 -1 -1 -1 
503 32 607 333 188 467 -1 -1 -1 -1 
504 32 616 333 187 463 -1 -1 -1 -1 
505 32 622 332 190 467 -1 -1 -1 -1 
506 32 629 330 190 470 -1 -1 -1 -1 
507 32 636 329 190 470 -1 -1 -1 -1 
508 32 643 330 189 468 -1 -1 -1 -1 
509 32 648 330 189 467 -1 -1 -1 -1 
510 32 656 331 187 460 -1 -1 -1 -1 
511 32 664 333 184 452 -1 -1 -1 -1 
512 32 669 338 181 444 -1 -1 -1 -1 
513 32 675 340 180 442 -1 -1 -1 -1 
514 32 681 341 178 440 -1 -1 -1 -1 
515 32 687 344 176 436 -1 -1 -1 -1 
516 32 697 345 175 432 -1 -1 -1 -1 
517 32 706 345 174 430 -1 -1 -1 -1 
518 32 714 347 176 431 -1 -1 -1 -1 
519 32 720 346 178 434 -1 -1 -1 -1 
520 32 727 343 179 439 -1 -1 -1 -1 
523 32 704 304 220 534 -1 -1 -1 -1 
524 32 706 298 226 548 -1 -1 -1 -1 
525 32 718 300 224 546 -1 -1 -1 -1 
392 33 1164 452 75 186 -1 -1 -1 -1 
393 33 1168 455 74 184 -1 -1 -1 -1 
394 33 1171 453 75 185 -1 -1 -1 -1 
395 33 1175 452 75 185 -1 -1 -1 -1 
396 33 1179 453 73 184 -1 -1 -1 -1 
397 33 1183 455 71 180 -1 -1 -1 -1 
398 33 1187 455 72 179 -1 -1 -1 -1 
399 33 1191 455 72 178 -1 -1 -1 -1 
400 33 1196 453 72 179 -1 -1 -1 -1 
401 33 1200 451 73 182 -1 -1 -1 -1 
402 33 1204 453 73 178 -1 -1 -1 -1 
403 33 1208 453 71 178 -1 -1 -1 -1 
404 33 1210 451 73 182 -1 -1 -1 -1 
405 33 1213 451 74 183 -1 -1 -1 -1 
406 33 1216 452 74 183 -1 -1 -1 -1 
407 33 1221 450 74 184 -1 -1 -1 -1 
408 33 1223 449 75 186 -1 -1 -1 -1 
410 33 1231 452 75 182 -1 -1 -1 -1 
411 33 1235 450 75 184 -1 -1 -1 -1 
412 33 1239 449 75 186 -1 -1 -1 -1 
413 33 1243 448 75 184 -1 -1 -1 -1 
414 33 1246 448 75 184 -1 -1 -1 -1 
415 33 1250 448 74 185 -1 -1 -1 -1 
416 33 1253 449 76 185 -1 -1 -1 -1 
426 33 1296 447 77 189 -1 -1 -1 -1 
427 33 1299 447 77 189 -1 -1 -1 -1 
428 33 1304 447 77 189 -1 -1 -1 -1 
429 33 1308 448 78 188 -1 -1 -1 -1 
430 33 1313 449 77 186 -1 -1 -1 -1 
431 33 1316 449 77 188 -1 -1 -1 -1 
432 33 1320 451 75 184 -1 -1 -1 -1 
433 33 1325 452 74 182 -1 -1 -1 -1 
434 33 1329 450 74 183 -1 -1 -1 -1 
438 33 1349 446 77 191 -1 -1 -1 -1 
439 33 1351 446 78 194 -1 -1 -1 -1 
440 33 1354 445 78 194 -1 -1 -1 -1 
441 33 1357 446 78 193 -1 -1 -1 -1 
442 33 1360 448 77 191 -1 -1 -1 -1 
443 33 1364 447 77 192 -1 -1 -1 -1 
444 33 1369 446 76 190 -1 -1 -1 -1 
445 33 1373 449 74 187 -1 -1 -1 -1 
446 33 1376 451 73 183 -1 -1 -1 -1 
447 33 1381 452 73 182 -1 -1 -1 -1 
448 33 1385 451 74 185 -1 -1 -1 -1 
449 33 1387 450 75 187 -1 -1 -1 -1 
450 33 1396 450 74 185 -1 -1 -1 -1 
451 33 1400 448 77 190 -1 -1 -1 -1 
452 33 1402 444 79 195 -1 -1 -1 -1 
453 33 1405 443 81 198 -1 -1 -1 -1 
454 33 1408 444 80 197 -1 -1 -1 -1 
455 33 1411 443 81 198 -1 -1 -1 -1 
456 33 1416 444 80 196 -1 -1 -1 -1 
457 33 1419 445 80 194 -1 -1 -1 -1 
458 33 1424 444 79 196 -1 -1 -1 -1 
459 33 1432 445 80 196 -1 -1 -1 -1 
460 33 1438 444 79 195 -1 -1 -1 -1 
461 33 1442 445 78 194 -1 -1 -1 -1 
462 33 1447 446 77 193 -1 -1 -1 -1 
463 33 1450 446 75 190 -1 -1 -1 -1 
464 33 1453 445 76 190 -1 -1 -1 -1 
465 33 1456 444 78 194 -1 -1 -1 -1 
466 33 1457 441 80 199 -1 -1 -1 -1 
467 33 1461 439 79 196 -1 -1 -1 -1 
468 33 1462 436 81 202 -1 -1 -1 -1 
469 33 1465 436 82 205 -1 -1 -1 -1 
470 33 1473 438 79 202 -1 -1 -1 -1 
471 33 1476 438 80 202 -1 -1 -1 -1 
472 33 1477 435 81 205 -1 -1 -1 -1 
473 33 1492 442 79 196 -1 -1 -1 -1 
474 33 1484 438 81 202 -1 -1 -1 -1 
475 33 1496 440 79 199 -1 -1 -1 -1 
476 33 1498 440 80 199 -1 -1 -1 -1 
477 33 1498 440 80 198 -1 -1 -1 -1 
478 33 1509 444 77 192 -1 -1 -1 -1 
479 33 1515 446 79 199 -1 -1 -1 -1 
480 33 1519 449 76 192 -1 -1 -1 -1 
481 33 1521 444 76 190 -1 -1 -1 -1 
495 33 1579 447 75 189 -1 -1 -1 -1 
498 33 1586 436 80 198 -1 -1 -1 -1 
499 33 1591 438 79 197 -1 -1 -1 -1 
500 33 1595 442 78 192 -1 -1 -1 -1 
501 33 1597 440 78 193 -1 -1 -1 -1 
502 33 1597 438 80 195 -1 -1 -1 -1 
503 33 1599 440 79 193 -1 -1 -1 -1 
504 33 1596 437 81 199 -1 -1 -1 -1 
505 33 1597 436 82 202 -1 -1 -1 -1 
506 33 1598 438 80 197 -1 -1 -1 -1 
507 33 1600 438 80 196 -1 -1 -1 -1 
508 33 1603 436 78 197 -1 -1 -1 -1 
509 33 1600 433 80 199 -1 -1 -1 -1 
510 33 1602 439 76 189 -1 -1 -1 -1 
511 33 1609 440 78 189 -1 -1 -1 -1 
512 33 1617 442 76 188 -1 -1 -1 -1 
513 33 1622 439 78 193 -1 -1 -1 -1 
514 33 1625 435 81 198 -1 -1 -1 -1 
515 33 1631 439 78 194 -1 -1 -1 -1 
516 33 1635 432 82 199 -1 -1 -1 -1 
517 33 1637 436 79 194 -1 -1 -1 -1 
518 33 1640 440 77 191 -1 -1 -1 -1 
519 33 1643 437 77 193 -1 -1 -1 -1 
520 33 1644 438 77 191 -1 -1 -1 -1 
521 33 1648 443 76 186 -1 -1 -1 -1 
522 33 1652 442 75 187 -1 -1 -1 -1 
523 33 1653 436 77 193 -1 -1 -1 -1 
524 33 1654 437 78 192 -1 -1 -1 -1 
525 33 1654 434 80 194 -1 -1 -1 -1 
421 35 1623 406 95 240 -1 -1 -1 -1 
422 35 1630 411 89 229 -1 -1 -1 -1 
423 35 1634 413 78 187 -1 -1 -1 -1 
424 35 1640 411 73 179 -1 -1 -1 -1 
425 35 1645 411 86 216 -1 -1 -1 -1 
426 35 1649 412 92 229 -1 -1 -1 -1 
427 35 1650 412 92 232 -1 -1 -1 -1 
428 35 1650 413 95 235 -1 -1 -1 -1 
429 35 1652 415 94 233 -1 -1 -1 -1 
430 35 1656 416 93 232 -1 -1 -1 -1 
431 35 1662 416 94 233 -1 -1 -1 -1 
432 35 1665 415 93 234 -1 -1 -1 -1 
433 35 1667 418 92 228 -1 -1 -1 -1 
434 35 1668 417 91 226 -1 -1 -1 -1 
435 35 1672 413 93 233 -1 -1 -1 -1 
436 35 1674 412 95 235 -1 -1 -1 -1 
437 35 1678 410 94 235 -1 -1 -1 -1 
438 35 1680 412 94 233 -1 -1 -1 -1 
439 35 1683 415 92 230 -1 -1 -1 -1 
440 35 1686 415 91 229 -1 -1 -1 -1 
441 35 1688 420 89 224 -1 -1 -1 -1 
442 35 1691 417 90 227 -1 -1 -1 -1 
443 35 1694 422 89 221 -1 -1 -1 -1 
444 35 1696 425 87 216 -1 -1 -1 -1 
445 35 1699 416 90 224 -1 -1 -1 -1 
446 35 1705 412 90 223 -1 -1 -1 -1 
447 35 1709 411 90 222 -1 -1 -1 -1 
448 35 1712 412 90 223 -1 -1 -1 -1 
449 35 1715 412 90 224 -1 -1 -1 -1 
450 35 1719 410 93 230 -1 -1 -1 -1 
451 35 1721 412 93 231 -1 -1 -1 -1 
452 35 1725 413 90 218 -1 -1 -1 -1 
453 35 1730 412 89 220 -1 -1 -1 -1 
454 35 1731 410 89 218 -1 -1 -1 -1 
466 35 1756 413 94 238 -1 -1 -1 -1 
467 35 1763 415 89 226 -1 -1 -1 -1 
468 35 1765 416 91 228 -1 -1 -1 -1 
469 35 1769 418 88 221 -1 -1 -1 -1 
470 35 1772 421 82 204 -1 -1 -1 -1 
471 35 1772 423 81 198 -1 -1 -1 -1 
472 35 1773 421 79 195 -1 -1 -1 -1 
473 35 1772 419 82 204 -1 -1 -1 -1 
474 35 1774 419 83 204 -1 -1 -1 -1 
475 35 1778 420 82 203 -1 -1 -1 -1 
476 35 1781 420 82 204 -1 -1 -1 -1 
477 35 1784 419 82 205 -1 -1 -1 -1 
478 35 1786 417 83 208 -1 -1 -1 -1 
479 35 1787 418 85 207 -1 -1 -1 -1 
480 35 1789 420 82 204 -1 -1 -1 -1 
481 35 1790 420 81 203 -1 -1 -1 -1 
482 35 1792 421 82 202 -1 -1 -1 -1 
483 35 1794 420 83 205 -1 -1 -1 -1 
484 35 1796 420 82 203 -1 -1 -1 -1 
485 35 1798 421 80 201 -1 -1 -1 -1 
486 35 1799 421 80 200 -1 -1 -1 -1 
487 35 1799 422 81 201 -1 -1 -1 -1 
488 35 1801 422 81 201 -1 -1 -1 -1 
489 35 1803 421 82 202 -1 -1 -1 -1 
490 35 1807 420 81 202 -1 -1 -1 -1 
491 35 1808 419 80 201 -1 -1 -1 -1 
492 35 1809 421 79 197 -1 -1 -1 -1 
493 35 1810 421 79 198 -1 -1 -1 -1 
494 35 1811 423 79 196 -1 -1 -1 -1 
495 35 1812 424 79 195 -1 -1 -1 -1 
496 35 1813 425 78 193 -1 -1 -1 -1 
497 35 1814 427 76 191 -1 -1 -1 -1 
498 35 1815 429 77 191 -1 -1 -1 -1 
499 35 1816 429 77 192 -1 -1 -1 -1 
500 35 1816 428 78 193 -1 -1 -1 -1 
501 35 1817 427 78 194 -1 -1 -1 -1 
502 35 1819 427 79 195 -1 -1 -1 -1 
503 35 1822 425 78 194 -1 -1 -1 -1 
504 35 1823 425 78 193 -1 -1 -1 -1 
505 35 1826 425 78 192 -1 -1 -1 -1 
506 35 1828 424 78 194 -1 -1 -1 -1 
507 35 1829 425 78 193 -1 -1 -1 -1 
508 35 1830 426 78 192 -1 -1 -1 -1 
509 35 1831 427 78 192 -1 -1 -1 -1 
510 35 1832 427 77 193 -1 -1 -1 -1 
511 35 1833 429 76 190 -1 -1 -1 -1 
512 35 1834 430 76 188 -1 -1 -1 -1 
513 35 1834 431 75 188 -1 -1 -1 -1 
514 35 1835 432 75 187 -1 -1 -1 -1 
515 35 1834 431 76 188 -1 -1 -1 -1 
516 35 1836 436 77 182 -1 -1 -1 -1 
517 35 1838 437 76 180 -1 -1 -1 -1 
518 35 1841 417 75 199 -1 -1 -1 -1 
519 35 1852 395 66 260 -1 -1 -1 -1 
520 35 1853 387 66 282 -1 -1 -1 -1 
521 35 1853 384 67 286 -1 -1 -1 -1 
522 35 1848 382 72 289 -1 -1 -1 -1 
523 35 1843 381 77 293 -1 -1 -1 -1 
524 35 1840 380 80 295 -1 -1 -1 -1 
525 35 1835 379 85 298 -1 -1 -1 -1 
431 36 1152 474 67 164 -1 -1 -1 -1 
432 36 1155 474 65 160 -1 -1 -1 -1 
458 38 1871 429 47 229 -1 -1 -1 -1 
459 38 1873 431 45 199 -1 -1 -1 -1 
460 38 1874 431 44 196 -1 -1 -1 -1 
461 38 1876 428 43 205 -1 -1 -1 -1 
462 38 1880 431 39 193 -1 -1 -1 -1 
463 38 1883 437 36 150 -1 -1 -1 -1 
464 38 1882 437 37 141 -1 -1 -1 -1 
465 38 1884 439 35 154 -1 -1 -1 -1 
466 38 1884 438 35 163 -1 -1 -1 -1 
467 38 1884 436 35 172 -1 -1 -1 -1 
468 38 1884 434 35 175 -1 -1 -1 -1 
469 38 1886 433 34 177 -1 -1 -1 -1 
470 38 1886 435 34 174 -1 -1 -1 -1 
471 38 1886 436 34 174 -1 -1 -1 -1 
472 38 1887 436 33 173 -1 -1 -1 -1 
473 38 1886 439 34 167 -1 -1 -1 -1 
472 41 1139 458 72 180 -1 -1 -1 -1 
473 41 1147 465 70 173 -1 -1 -1 -1 
474 41 1152 463 71 174 -1 -1 -1 -1 
475 41 1157 465 69 171 -1 -1 -1 -1 
476 41 1163 464 69 170 -1 -1 -1 -1 
477 41 1167 462 70 172 -1 -1 -1 -1 
478 41 1172 462 71 174 -1 -1 -1 -1 
479 41 1178 460 72 176 -1 -1 -1 -1 
480 41 1185 460 70 175 -1 -1 -1 -1 
481 41 1189 458 71 177 -1 -1 -1 -1 
482 41 1192 459 71 177 -1 -1 -1 -1 
483 41 1199 459 71 176 -1 -1 -1 -1 
484 41 1204 459 71 175 -1 -1 -1 -1 
485 41 1208 459 72 177 -1 -1 -1 -1 
486 41 1214 459 72 178 -1 -1 -1 -1 
487 41 1217 458 72 179 -1 -1 -1 -1 
488 41 1226 460 70 174 -1 -1 -1 -1 
489 41 1231 461 70 171 -1 -1 -1 -1 
490 41 1236 459 72 177 -1 -1 -1 -1 
491 41 1237 457 75 184 -1 -1 -1 -1 
492 41 1243 457 75 184 -1 -1 -1 -1 
493 41 1250 455 73 181 -1 -1 -1 -1 
494 41 1254 452 73 181 -1 -1 -1 -1 
495 41 1260 451 75 183 -1 -1 -1 -1 
496 41 1267 451 74 184 -1 -1 -1 -1 
497 41 1274 454 73 181 -1 -1 -1 -1 
498 41 1279 454 73 180 -1 -1 -1 -1 
499 41 1285 452 74 183 -1 -1 -1 -1 
500 41 1292 455 72 180 -1 -1 -1 -1 
501 41 1297 455 72 180 -1 -1 -1 -1 
502 41 1301 455 72 180 -1 -1 -1 -1 
503 41 1306 453 73 182 -1 -1 -1 -1 
504 41 1308 453 75 184 -1 -1 -1 -1 
505 41 1318 455 73 180 -1 -1 -1 -1 
506 41 1323 456 71 177 -1 -1 -1 -1 
507 41 1326 454 73 180 -1 -1 -1 -1 
508 41 1333 455 71 180 -1 -1 -1 -1 
521 41 1405 455 79 194 -1 -1 -1 -1 
522 41 1413 455 76 186 -1 -1 -1 -1 
523 41 1420 456 75 186 -1 -1 -1 -1 
524 41 1426 457 74 183 -1 -1 -1 -1 
525 41 1434 457 75 184 -1 -1 -1 -1 
473 42 35 497 96 242 -1 -1 -1 -1 
474 42 35 499 97 240 -1 -1 -1 -1 
475 42 37 501 96 238 -1 -1 -1 -1 
476 42 36 504 95 235 -1 -1 -1 -1 
477 42 33 504 95 235 -1 -1 -1 -1 
478 42 34 505 95 235 -1 -1 -1 -1 
479 42 35 505 95 235 -1 -1 -1 -1 
480 42 34 503 95 237 -1 -1 -1 -1 
481 42 32 500 97 240 -1 -1 -1 -1 
482 42 34 499 96 241 -1 -1 -1 -1 
483 42 36 495 98 246 -1 -1 -1 -1 
484 42 30 498 102 247 -1 -1 -1 -1 
492 42 39 504 93 238 -1 -1 -1 -1 
493 42 38 502 94 239 -1 -1 -1 -1 
494 42 38 503 95 238 -1 -1 -1 -1 
495 42 39 503 95 238 -1 -1 -1 -1 
496 42 38 503 96 238 -1 -1 -1 -1 
497 42 39 503 96 238 -1 -1 -1 -1 
498 42 37 505 96 237 -1 -1 -1 -1 
499 42 36 505 96 237 -1 -1 -1 -1 
500 42 36 503 97 240 -1 -1 -1 -1 
501 42 35 505 97 237 -1 -1 -1 -1 
502 42 35 505 96 237 -1 -1 -1 -1 
503 42 35 506 95 236 -1 -1 -1 -1 
504 42 34 505 96 236 -1 -1 -1 -1 
505 42 30 497 100 244 -1 -1 -1 -1 
506 42 22 447 123 302 -1 -1 -1 -1 
507 42 22 426 135 331 -1 -1 -1 -1 
508 42 28 465 117 285 -1 -1 -1 -1 
509 42 31 485 106 262 -1 -1 -1 -1 
510 42 70 476 110 263 -1 -1 -1 -1 
511 42 88 467 112 269 -1 -1 -1 -1 
512 42 98 443 116 291 -1 -1 -1 -1 
513 42 106 492 98 242 -1 -1 -1 -1 
514 42 108 512 91 222 -1 -1 -1 -1 
515 42 109 519 87 216 -1 -1 -1 -1 
516 42 112 519 86 215 -1 -1 -1 -1 
517 42 111 505 92 229 -1 -1 -1 -1 
518 42 111 512 90 222 -1 -1 -1 -1 
519 42 110 519 89 216 -1 -1 -1 -1 
520 42 110 520 88 215 -1 -1 -1 -1 
521 42 109 523 87 212 -1 -1 -1 -1 
522 42 109 521 89 214 -1 -1 -1 -1 
523 42 109 520 89 215 -1 -1 -1 -1 
524 42 112 514 89 221 -1 -1 -1 -1 
525 42 113 513 90 222 -1 -1 -1 -1 
486 43 0 226 201 744 -1 -1 -1 -1 
487 43 0 228 216 747 -1 -1 -1 -1 
488 43 0 229 242 734 -1 -1 -1 -1 
489 43 0 225 263 735 -1 -1 -1 -1 
490 43 3 224 289 736 -1 -1 -1 -1 
491 43 12 217 305 745 -1 -1 -1 -1 
492 43 31 224 305 737 -1 -1 -1 -1 
493 43 59 225 304 730 -1 -1 -1 -1 
494 43 86 229 302 722 -1 -1 -1 -1 
495 43 119 232 298 715 -1 -1 -1 -1 
496 43 142 238 294 708 -1 -1 -1 -1 
497 43 165 243 290 699 -1 -1 -1 -1 
498 43 191 250 287 689 -1 -1 -1 -1 
499 43 218 257 281 674 -1 -1 -1 -1 
500 43 250 256 276 668 -1 -1 -1 -1 
501 43 275 258 273 661 -1 -1 -1 -1 
502 43 292 258 273 658 -1 -1 -1 -1 
503 43 315 256 270 655 -1 -1 -1 -1 
504 43 333 253 269 656 -1 -1 -1 -1 
505 43 360 252 268 656 -1 -1 -1 -1 
506 43 378 249 268 657 -1 -1 -1 -1 
507 43 399 251 265 649 -1 -1 -1 -1 
508 43 427 260 260 634 -1 -1 -1 -1 
509 43 449 263 257 630 -1 -1 -1 -1 
510 43 471 271 256 623 -1 -1 -1 -1 
511 43 490 276 252 616 -1 -1 -1 -1 
512 43 506 279 249 609 -1 -1 -1 -1 
513 43 521 281 247 606 -1 -1 -1 -1 
514 43 537 284 243 594 -1 -1 -1 -1 
515 43 551 286 240 588 -1 -1 -1 -1 
516 43 578 280 241 590 -1 -1 -1 -1 
517 43 597 276 239 585 -1 -1 -1 -1 
518 43 615 273 238 589 -1 -1 -1 -1 
519 43 633 275 236 586 -1 -1 -1 -1 
520 43 647 276 236 585 -1 -1 -1 -1 
521 43 669 281 234 579 -1 -1 -1 -1 
522 43 682 287 232 568 -1 -1 -1 -1 
497 44 1434 427 94 233 -1 -1 -1 -1 
498 44 1429 430 93 231 -1 -1 -1 -1 
499 44 1417 429 93 232 -1 -1 -1 -1 
500 44 1405 424 94 234 -1 -1 -1 -1 
501 44 1399 424 93 233 -1 -1 -1 -1 
502 44 1394 429 93 227 -1 -1 -1 -1 
503 44 1388 430 92 227 -1 -1 -1 -1 
504 44 1383 437 88 219 -1 -1 -1 -1 
505 44 1377 440 84 212 -1 -1 -1 -1 
506 44 1375 442 84 210 -1 -1 -1 -1 
507 44 1369 441 85 212 -1 -1 -1 -1 
508 44 1360 438 89 218 -1 -1 -1 -1 
509 44 1354 438 89 220 -1 -1 -1 -1 
510 44 1350 437 87 218 -1 -1 -1 -1 
511 44 1345 437 86 216 -1 -1 -1 -1 
512 44 1339 436 88 219 -1 -1 -1 -1 
513 44 1335 435 88 218 -1 -1 -1 -1 
514 44 1334 441 85 208 -1 -1 -1 -1 
515 44 1330 443 82 203 -1 -1 -1 -1 
516 44 1327 452 76 189 -1 -1 -1 -1 
517 44 1320 452 79 192 -1 -1 -1 -1 
518 44 1310 449 82 202 -1 -1 -1 -1 
519 44 1305 446 83 207 -1 -1 -1 -1 
520 44 1298 439 87 215 -1 -1 -1 -1 
521 44 1295 442 86 211 -1 -1 -1 -1 
522 44 1293 438 87 215 -1 -1 -1 -1 
523 44 1289 436 86 214 -1 -1 -1 -1 
524 44 1285 439 85 210 -1 -1 -1 -1 
525 44 1277 433 88 215 -1 -1 -1 -1 
517 45 36 500 97 242 -1 -1 -1 -1 
518 45 38 501 96 241 -1 -1 -1 -1 
519 45 38 502 97 240 -1 -1 -1 -1 
520 45 40 506 95 237 -1 -1 -1 -1 
521 45 39 503 96 239 -1 -1 -1 -1 
522 45 38 500 97 241 -1 -1 -1 -1 
523 45 37 499 98 242 -1 -1 -1 -1 
524 45 36 499 98 243 -1 -1 -1 -1 
525 45 34 500 98 242 -1 -1 -1 -1 
