1 1 909 152 250 609 -1 -1 -1 -1 
2 1 903 150 250 613 -1 -1 -1 -1 
3 1 898 151 250 616 -1 -1 -1 -1 
4 1 895 154 251 615 -1 -1 -1 -1 
5 1 892 153 250 613 -1 -1 -1 -1 
6 1 887 153 250 612 -1 -1 -1 -1 
7 1 883 157 248 607 -1 -1 -1 -1 
8 1 878 157 250 608 -1 -1 -1 -1 
9 1 872 156 252 613 -1 -1 -1 -1 
10 1 866 154 253 614 -1 -1 -1 -1 
11 1 861 155 252 613 -1 -1 -1 -1 
12 1 854 155 253 613 -1 -1 -1 -1 
13 1 849 154 253 611 -1 -1 -1 -1 
14 1 847 153 252 614 -1 -1 -1 -1 
15 1 844 153 252 615 -1 -1 -1 -1 
16 1 840 155 253 616 -1 -1 -1 -1 
17 1 838 159 253 618 -1 -1 -1 -1 
18 1 835 161 255 622 -1 -1 -1 -1 
19 1 836 166 255 625 -1 -1 -1 -1 
20 1 832 169 255 625 -1 -1 -1 -1 
21 1 840 175 254 625 -1 -1 -1 -1 
22 1 854 175 254 620 -1 -1 -1 -1 
23 1 865 178 253 615 -1 -1 -1 -1 
24 1 873 175 255 620 -1 -1 -1 -1 
25 1 881 177 256 622 -1 -1 -1 -1 
26 1 892 180 256 623 -1 -1 -1 -1 
27 1 900 181 256 624 -1 -1 -1 -1 
28 1 904 186 258 631 -1 -1 -1 -1 
29 1 907 193 258 631 -1 -1 -1 -1 
30 1 914 195 258 635 -1 -1 -1 -1 
31 1 919 198 260 639 -1 -1 -1 -1 
32 1 923 204 259 642 -1 -1 -1 -1 
33 1 927 212 261 644 -1 -1 -1 -1 
34 1 933 222 258 636 -1 -1 -1 -1 
35 1 936 230 259 642 -1 -1 -1 -1 
36 1 937 237 259 644 -1 -1 -1 -1 
37 1 936 240 263 650 -1 -1 -1 -1 
38 1 934 247 264 650 -1 -1 -1 -1 
39 1 932 254 266 658 -1 -1 -1 -1 
40 1 934 259 268 658 -1 -1 -1 -1 
41 1 928 261 267 655 -1 -1 -1 -1 
42 1 924 267 263 646 -1 -1 -1 -1 
43 1 920 277 259 636 -1 -1 -1 -1 
44 1 916 282 258 633 -1 -1 -1 -1 
45 1 912 290 254 619 -1 -1 -1 -1 
46 1 906 297 256 625 -1 -1 -1 -1 
47 1 895 304 259 633 -1 -1 -1 -1 
48 1 889 310 260 632 -1 -1 -1 -1 
49 1 882 316 258 632 -1 -1 -1 -1 
50 1 874 329 255 624 -1 -1 -1 -1 
51 1 869 337 254 623 -1 -1 -1 -1 
52 1 864 343 256 624 -1 -1 -1 -1 
53 1 859 348 257 628 -1 -1 -1 -1 
54 1 857 350 257 630 -1 -1 -1 -1 
55 1 854 354 260 632 -1 -1 -1 -1 
56 1 851 356 260 631 -1 -1 -1 -1 
57 1 847 355 258 625 -1 -1 -1 -1 
58 1 844 350 257 626 -1 -1 -1 -1 
59 1 842 348 253 620 -1 -1 -1 -1 
60 1 836 348 257 628 -1 -1 -1 -1 
61 1 833 346 260 636 -1 -1 -1 -1 
62 1 834 344 260 636 -1 -1 -1 -1 
63 1 836 343 259 636 -1 -1 -1 -1 
64 1 839 343 258 637 -1 -1 -1 -1 
65 1 841 342 258 636 -1 -1 -1 -1 
66 1 842 340 259 638 -1 -1 -1 -1 
67 1 844 340 258 638 -1 -1 -1 -1 
68 1 847 339 259 634 -1 -1 -1 -1 
69 1 849 336 258 634 -1 -1 -1 -1 
70 1 850 334 259 637 -1 -1 -1 -1 
71 1 850 329 259 637 -1 -1 -1 -1 
72 1 848 324 261 639 -1 -1 -1 -1 
73 1 849 317 259 634 -1 -1 -1 -1 
74 1 849 312 255 629 -1 -1 -1 -1 
75 1 848 308 254 625 -1 -1 -1 -1 
76 1 847 303 254 627 -1 -1 -1 -1 
77 1 846 300 256 632 -1 -1 -1 -1 
78 1 841 299 257 632 -1 -1 -1 -1 
79 1 837 298 255 628 -1 -1 -1 -1 
80 1 830 297 256 628 -1 -1 -1 -1 
81 1 824 296 254 625 -1 -1 -1 -1 
82 1 818 293 254 624 -1 -1 -1 -1 
83 1 813 292 253 622 -1 -1 -1 -1 
84 1 807 295 249 615 -1 -1 -1 -1 
85 1 798 293 250 617 -1 -1 -1 -1 
86 1 788 290 252 621 -1 -1 -1 -1 
87 1 778 286 252 624 -1 -1 -1 -1 
88 1 765 279 254 625 -1 -1 -1 -1 
89 1 755 272 255 622 -1 -1 -1 -1 
90 1 750 266 254 619 -1 -1 -1 -1 
91 1 745 260 252 617 -1 -1 -1 -1 
92 1 739 251 253 623 -1 -1 -1 -1 
93 1 733 247 253 625 -1 -1 -1 -1 
94 1 726 245 256 629 -1 -1 -1 -1 
95 1 721 246 256 628 -1 -1 -1 -1 
96 1 718 247 256 627 -1 -1 -1 -1 
97 1 716 247 255 625 -1 -1 -1 -1 
98 1 714 249 255 627 -1 -1 -1 -1 
99 1 713 251 256 630 -1 -1 -1 -1 
100 1 712 256 256 629 -1 -1 -1 -1 
101 1 714 258 255 626 -1 -1 -1 -1 
102 1 719 257 253 620 -1 -1 -1 -1 
103 1 726 255 255 623 -1 -1 -1 -1 
104 1 738 250 255 627 -1 -1 -1 -1 
105 1 748 247 254 623 -1 -1 -1 -1 
106 1 754 245 251 612 -1 -1 -1 -1 
107 1 758 244 247 602 -1 -1 -1 -1 
108 1 762 245 244 596 -1 -1 -1 -1 
109 1 763 242 245 602 -1 -1 -1 -1 
110 1 764 240 246 603 -1 -1 -1 -1 
111 1 763 238 246 605 -1 -1 -1 -1 
112 1 761 238 246 604 -1 -1 -1 -1 
113 1 762 236 246 600 -1 -1 -1 -1 
114 1 764 236 242 597 -1 -1 -1 -1 
115 1 764 237 243 597 -1 -1 -1 -1 
116 1 768 239 241 597 -1 -1 -1 -1 
117 1 769 241 240 595 -1 -1 -1 -1 
118 1 767 244 243 596 -1 -1 -1 -1 
119 1 768 245 241 592 -1 -1 -1 -1 
120 1 767 242 238 587 -1 -1 -1 -1 
121 1 763 238 235 584 -1 -1 -1 -1 
122 1 758 235 235 580 -1 -1 -1 -1 
123 1 753 234 238 587 -1 -1 -1 -1 
124 1 748 235 238 589 -1 -1 -1 -1 
125 1 742 236 239 595 -1 -1 -1 -1 
126 1 734 235 245 606 -1 -1 -1 -1 
127 1 728 237 247 606 -1 -1 -1 -1 
128 1 726 238 247 604 -1 -1 -1 -1 
129 1 725 240 245 600 -1 -1 -1 -1 
130 1 725 242 245 598 -1 -1 -1 -1 
131 1 723 243 247 602 -1 -1 -1 -1 
132 1 722 245 247 602 -1 -1 -1 -1 
133 1 722 245 245 599 -1 -1 -1 -1 
134 1 721 245 247 603 -1 -1 -1 -1 
135 1 722 245 249 607 -1 -1 -1 -1 
136 1 725 244 246 601 -1 -1 -1 -1 
137 1 728 243 244 597 -1 -1 -1 -1 
138 1 731 246 242 592 -1 -1 -1 -1 
139 1 732 246 243 594 -1 -1 -1 -1 
140 1 735 247 246 602 -1 -1 -1 -1 
141 1 739 248 245 606 -1 -1 -1 -1 
142 1 743 249 244 602 -1 -1 -1 -1 
143 1 747 253 241 596 -1 -1 -1 -1 
144 1 752 258 242 590 -1 -1 -1 -1 
145 1 759 260 239 586 -1 -1 -1 -1 
146 1 763 264 239 587 -1 -1 -1 -1 
147 1 768 266 241 595 -1 -1 -1 -1 
148 1 774 268 241 595 -1 -1 -1 -1 
149 1 775 271 241 594 -1 -1 -1 -1 
150 1 777 271 241 594 -1 -1 -1 -1 
151 1 780 272 237 583 -1 -1 -1 -1 
152 1 781 271 235 578 -1 -1 -1 -1 
153 1 782 268 236 580 -1 -1 -1 -1 
154 1 783 263 238 585 -1 -1 -1 -1 
155 1 784 258 238 589 -1 -1 -1 -1 
156 1 784 257 240 592 -1 -1 -1 -1 
157 1 781 258 242 596 -1 -1 -1 -1 
158 1 779 259 242 595 -1 -1 -1 -1 
159 1 778 262 240 589 -1 -1 -1 -1 
160 1 777 264 237 583 -1 -1 -1 -1 
161 1 776 267 238 584 -1 -1 -1 -1 
162 1 773 269 236 583 -1 -1 -1 -1 
163 1 771 272 232 577 -1 -1 -1 -1 
164 1 768 272 235 581 -1 -1 -1 -1 
165 1 765 271 238 585 -1 -1 -1 -1 
166 1 761 267 240 588 -1 -1 -1 -1 
167 1 760 264 238 586 -1 -1 -1 -1 
168 1 758 261 239 586 -1 -1 -1 -1 
169 1 757 257 237 582 -1 -1 -1 -1 
170 1 756 253 237 583 -1 -1 -1 -1 
171 1 755 252 239 585 -1 -1 -1 -1 
172 1 755 251 239 585 -1 -1 -1 -1 
173 1 754 249 240 587 -1 -1 -1 -1 
174 1 753 249 241 591 -1 -1 -1 -1 
175 1 755 251 244 595 -1 -1 -1 -1 
176 1 759 254 243 597 -1 -1 -1 -1 
177 1 761 257 243 596 -1 -1 -1 -1 
178 1 765 263 241 595 -1 -1 -1 -1 
179 1 770 267 241 595 -1 -1 -1 -1 
180 1 774 270 242 596 -1 -1 -1 -1 
181 1 779 270 241 594 -1 -1 -1 -1 
182 1 785 268 237 584 -1 -1 -1 -1 
183 1 792 264 235 581 -1 -1 -1 -1 
184 1 797 260 233 579 -1 -1 -1 -1 
185 1 801 261 235 579 -1 -1 -1 -1 
186 1 806 258 235 581 -1 -1 -1 -1 
187 1 810 254 236 582 -1 -1 -1 -1 
188 1 813 252 236 582 -1 -1 -1 -1 
189 1 815 253 236 579 -1 -1 -1 -1 
190 1 817 254 235 577 -1 -1 -1 -1 
191 1 818 256 234 577 -1 -1 -1 -1 
192 1 817 260 235 579 -1 -1 -1 -1 
193 1 818 263 233 576 -1 -1 -1 -1 
194 1 816 268 233 573 -1 -1 -1 -1 
195 1 816 270 234 576 -1 -1 -1 -1 
196 1 815 271 233 573 -1 -1 -1 -1 
197 1 813 270 234 576 -1 -1 -1 -1 
198 1 810 275 232 570 -1 -1 -1 -1 
199 1 808 274 230 567 -1 -1 -1 -1 
200 1 806 275 230 565 -1 -1 -1 -1 
201 1 801 279 230 564 -1 -1 -1 -1 
202 1 795 283 232 569 -1 -1 -1 -1 
203 1 790 287 232 570 -1 -1 -1 -1 
204 1 788 287 233 571 -1 -1 -1 -1 
205 1 786 287 234 575 -1 -1 -1 -1 
206 1 784 288 236 578 -1 -1 -1 -1 
207 1 784 288 233 575 -1 -1 -1 -1 
208 1 782 288 235 578 -1 -1 -1 -1 
209 1 781 289 236 579 -1 -1 -1 -1 
210 1 782 293 234 575 -1 -1 -1 -1 
211 1 780 293 232 569 -1 -1 -1 -1 
212 1 779 294 232 571 -1 -1 -1 -1 
213 1 780 295 228 560 -1 -1 -1 -1 
214 1 780 298 231 567 -1 -1 -1 -1 
215 1 783 295 230 565 -1 -1 -1 -1 
216 1 787 294 228 560 -1 -1 -1 -1 
217 1 792 295 227 560 -1 -1 -1 -1 
218 1 799 297 225 557 -1 -1 -1 -1 
219 1 807 298 224 554 -1 -1 -1 -1 
220 1 814 298 222 550 -1 -1 -1 -1 
221 1 816 298 224 550 -1 -1 -1 -1 
222 1 819 298 226 558 -1 -1 -1 -1 
223 1 821 301 230 564 -1 -1 -1 -1 
224 1 825 302 234 572 -1 -1 -1 -1 
225 1 834 305 231 563 -1 -1 -1 -1 
226 1 840 304 228 554 -1 -1 -1 -1 
227 1 841 303 231 562 -1 -1 -1 -1 
228 1 844 302 228 552 -1 -1 -1 -1 
229 1 848 302 225 546 -1 -1 -1 -1 
230 1 853 300 224 547 -1 -1 -1 -1 
231 1 853 301 223 545 -1 -1 -1 -1 
232 1 849 302 225 550 -1 -1 -1 -1 
233 1 844 303 228 556 -1 -1 -1 -1 
234 1 841 306 228 555 -1 -1 -1 -1 
235 1 840 306 228 557 -1 -1 -1 -1 
236 1 837 309 229 559 -1 -1 -1 -1 
237 1 836 311 227 558 -1 -1 -1 -1 
238 1 835 315 226 554 -1 -1 -1 -1 
239 1 831 317 226 556 -1 -1 -1 -1 
240 1 827 323 226 555 -1 -1 -1 -1 
241 1 824 325 226 556 -1 -1 -1 -1 
242 1 818 322 229 562 -1 -1 -1 -1 
243 1 812 321 230 562 -1 -1 -1 -1 
244 1 807 317 231 563 -1 -1 -1 -1 
245 1 805 317 225 552 -1 -1 -1 -1 
246 1 800 318 226 551 -1 -1 -1 -1 
247 1 793 319 226 550 -1 -1 -1 -1 
248 1 788 319 226 552 -1 -1 -1 -1 
249 1 784 320 227 555 -1 -1 -1 -1 
250 1 783 320 228 557 -1 -1 -1 -1 
251 1 782 327 225 555 -1 -1 -1 -1 
252 1 785 333 221 547 -1 -1 -1 -1 
253 1 786 334 220 544 -1 -1 -1 -1 
254 1 788 340 219 539 -1 -1 -1 -1 
255 1 789 342 221 545 -1 -1 -1 -1 
256 1 791 346 223 551 -1 -1 -1 -1 
257 1 795 349 223 550 -1 -1 -1 -1 
258 1 797 350 225 553 -1 -1 -1 -1 
259 1 801 348 225 553 -1 -1 -1 -1 
260 1 804 346 225 554 -1 -1 -1 -1 
261 1 809 344 221 548 -1 -1 -1 -1 
262 1 814 340 221 546 -1 -1 -1 -1 
263 1 811 336 223 550 -1 -1 -1 -1 
264 1 812 332 223 552 -1 -1 -1 -1 
265 1 810 327 225 555 -1 -1 -1 -1 
266 1 811 325 226 553 -1 -1 -1 -1 
267 1 811 323 226 554 -1 -1 -1 -1 
268 1 814 323 225 553 -1 -1 -1 -1 
269 1 813 322 225 551 -1 -1 -1 -1 
270 1 810 319 227 554 -1 -1 -1 -1 
271 1 808 318 227 554 -1 -1 -1 -1 
272 1 804 316 224 548 -1 -1 -1 -1 
273 1 799 312 224 545 -1 -1 -1 -1 
274 1 795 307 222 542 -1 -1 -1 -1 
275 1 789 301 222 543 -1 -1 -1 -1 
276 1 783 295 217 535 -1 -1 -1 -1 
277 1 777 290 216 533 -1 -1 -1 -1 
278 1 775 278 217 537 -1 -1 -1 -1 
279 1 770 265 220 542 -1 -1 -1 -1 
280 1 766 256 220 544 -1 -1 -1 -1 
281 1 764 249 220 543 -1 -1 -1 -1 
282 1 763 239 221 542 -1 -1 -1 -1 
283 1 763 231 222 543 -1 -1 -1 -1 
284 1 762 225 222 544 -1 -1 -1 -1 
285 1 760 217 224 547 -1 -1 -1 -1 
286 1 759 209 226 553 -1 -1 -1 -1 
287 1 763 204 223 550 -1 -1 -1 -1 
288 1 772 197 221 549 -1 -1 -1 -1 
289 1 781 195 220 546 -1 -1 -1 -1 
290 1 787 190 221 545 -1 -1 -1 -1 
291 1 794 184 219 538 -1 -1 -1 -1 
292 1 800 182 217 527 -1 -1 -1 -1 
293 1 804 179 218 531 -1 -1 -1 -1 
294 1 810 173 219 537 -1 -1 -1 -1 
295 1 818 175 217 537 -1 -1 -1 -1 
296 1 826 176 215 537 -1 -1 -1 -1 
297 1 831 177 216 538 -1 -1 -1 -1 
298 1 835 180 217 534 -1 -1 -1 -1 
299 1 838 182 215 529 -1 -1 -1 -1 
300 1 842 185 214 522 -1 -1 -1 -1 
301 1 845 186 212 516 -1 -1 -1 -1 
302 1 846 188 214 516 -1 -1 -1 -1 
303 1 845 189 216 517 -1 -1 -1 -1 
304 1 845 189 216 518 -1 -1 -1 -1 
305 1 845 189 215 523 -1 -1 -1 -1 
306 1 843 189 216 529 -1 -1 -1 -1 
307 1 841 187 215 530 -1 -1 -1 -1 
308 1 838 186 216 533 -1 -1 -1 -1 
309 1 834 186 215 531 -1 -1 -1 -1 
310 1 833 183 215 532 -1 -1 -1 -1 
311 1 832 182 217 535 -1 -1 -1 -1 
312 1 831 181 219 538 -1 -1 -1 -1 
313 1 831 181 218 537 -1 -1 -1 -1 
314 1 830 181 218 535 -1 -1 -1 -1 
315 1 830 180 217 533 -1 -1 -1 -1 
316 1 827 181 217 533 -1 -1 -1 -1 
317 1 825 181 215 528 -1 -1 -1 -1 
318 1 819 180 218 534 -1 -1 -1 -1 
319 1 818 179 215 527 -1 -1 -1 -1 
320 1 816 176 216 525 -1 -1 -1 -1 
321 1 815 170 216 529 -1 -1 -1 -1 
322 1 816 164 214 528 -1 -1 -1 -1 
323 1 815 160 214 528 -1 -1 -1 -1 
324 1 812 158 216 531 -1 -1 -1 -1 
325 1 813 158 215 528 -1 -1 -1 -1 
326 1 813 157 216 530 -1 -1 -1 -1 
327 1 813 158 217 533 -1 -1 -1 -1 
328 1 812 157 218 536 -1 -1 -1 -1 
329 1 813 160 218 535 -1 -1 -1 -1 
330 1 816 167 215 531 -1 -1 -1 -1 
331 1 820 174 214 527 -1 -1 -1 -1 
332 1 823 181 214 528 -1 -1 -1 -1 
333 1 825 187 214 529 -1 -1 -1 -1 
334 1 825 193 214 529 -1 -1 -1 -1 
335 1 826 199 212 528 -1 -1 -1 -1 
336 1 824 202 211 524 -1 -1 -1 -1 
337 1 822 204 210 523 -1 -1 -1 -1 
338 1 820 204 209 517 -1 -1 -1 -1 
339 1 818 203 209 518 -1 -1 -1 -1 
340 1 816 200 211 521 -1 -1 -1 -1 
341 1 814 196 213 525 -1 -1 -1 -1 
342 1 811 192 215 525 -1 -1 -1 -1 
343 1 809 189 214 525 -1 -1 -1 -1 
344 1 808 187 214 526 -1 -1 -1 -1 
345 1 809 188 211 524 -1 -1 -1 -1 
346 1 807 190 211 523 -1 -1 -1 -1 
347 1 803 195 209 517 -1 -1 -1 -1 
348 1 802 193 210 516 -1 -1 -1 -1 
349 1 801 194 209 513 -1 -1 -1 -1 
350 1 800 193 210 515 -1 -1 -1 -1 
351 1 797 194 212 518 -1 -1 -1 -1 
352 1 793 193 212 520 -1 -1 -1 -1 
353 1 792 191 211 516 -1 -1 -1 -1 
354 1 792 192 208 511 -1 -1 -1 -1 
355 1 790 193 208 506 -1 -1 -1 -1 
356 1 784 189 209 511 -1 -1 -1 -1 
357 1 774 186 211 516 -1 -1 -1 -1 
358 1 767 183 212 520 -1 -1 -1 -1 
359 1 761 183 213 522 -1 -1 -1 -1 
360 1 757 181 213 522 -1 -1 -1 -1 
361 1 752 183 212 520 -1 -1 -1 -1 
362 1 746 185 213 521 -1 -1 -1 -1 
363 1 740 184 216 529 -1 -1 -1 -1 
364 1 735 184 217 531 -1 -1 -1 -1 
365 1 734 191 216 528 -1 -1 -1 -1 
366 1 731 197 214 524 -1 -1 -1 -1 
367 1 733 198 212 518 -1 -1 -1 -1 
368 1 734 198 213 522 -1 -1 -1 -1 
369 1 738 197 211 520 -1 -1 -1 -1 
370 1 744 197 204 500 -1 -1 -1 -1 
371 1 747 199 203 497 -1 -1 -1 -1 
372 1 749 198 205 502 -1 -1 -1 -1 
373 1 752 199 207 506 -1 -1 -1 -1 
374 1 754 201 211 513 -1 -1 -1 -1 
375 1 757 203 213 515 -1 -1 -1 -1 
376 1 762 204 213 517 -1 -1 -1 -1 
377 1 765 208 214 520 -1 -1 -1 -1 
378 1 769 211 212 517 -1 -1 -1 -1 
379 1 773 215 209 515 -1 -1 -1 -1 
380 1 771 215 212 521 -1 -1 -1 -1 
381 1 770 218 212 521 -1 -1 -1 -1 
382 1 770 220 212 521 -1 -1 -1 -1 
383 1 771 216 211 522 -1 -1 -1 -1 
384 1 772 213 211 523 -1 -1 -1 -1 
385 1 773 214 211 521 -1 -1 -1 -1 
386 1 775 215 208 516 -1 -1 -1 -1 
387 1 774 213 208 516 -1 -1 -1 -1 
388 1 771 210 210 519 -1 -1 -1 -1 
389 1 768 211 211 519 -1 -1 -1 -1 
390 1 763 212 213 518 -1 -1 -1 -1 
391 1 761 212 213 516 -1 -1 -1 -1 
392 1 758 212 215 518 -1 -1 -1 -1 
393 1 757 216 214 514 -1 -1 -1 -1 
394 1 755 219 213 512 -1 -1 -1 -1 
395 1 753 220 211 509 -1 -1 -1 -1 
396 1 751 222 206 502 -1 -1 -1 -1 
397 1 748 222 204 501 -1 -1 -1 -1 
398 1 745 221 203 500 -1 -1 -1 -1 
399 1 742 217 201 498 -1 -1 -1 -1 
400 1 735 216 203 498 -1 -1 -1 -1 
401 1 730 214 204 502 -1 -1 -1 -1 
402 1 726 210 206 507 -1 -1 -1 -1 
403 1 724 209 205 506 -1 -1 -1 -1 
404 1 723 210 205 505 -1 -1 -1 -1 
405 1 724 213 204 502 -1 -1 -1 -1 
406 1 724 212 205 505 -1 -1 -1 -1 
407 1 722 213 207 509 -1 -1 -1 -1 
408 1 723 217 206 507 -1 -1 -1 -1 
409 1 725 221 207 511 -1 -1 -1 -1 
410 1 731 225 204 504 -1 -1 -1 -1 
411 1 736 228 203 502 -1 -1 -1 -1 
412 1 741 230 202 502 -1 -1 -1 -1 
413 1 740 233 205 504 -1 -1 -1 -1 
414 1 743 233 203 502 -1 -1 -1 -1 
415 1 748 233 200 493 -1 -1 -1 -1 
416 1 749 230 200 490 -1 -1 -1 -1 
417 1 752 227 199 486 -1 -1 -1 -1 
418 1 751 223 200 489 -1 -1 -1 -1 
419 1 748 220 204 498 -1 -1 -1 -1 
420 1 744 218 207 506 -1 -1 -1 -1 
421 1 741 216 207 509 -1 -1 -1 -1 
422 1 739 215 206 506 -1 -1 -1 -1 
423 1 734 215 206 505 -1 -1 -1 -1 
424 1 728 217 206 501 -1 -1 -1 -1 
425 1 722 215 209 505 -1 -1 -1 -1 
426 1 717 214 209 506 -1 -1 -1 -1 
427 1 713 216 207 503 -1 -1 -1 -1 
428 1 707 217 210 510 -1 -1 -1 -1 
429 1 701 221 210 510 -1 -1 -1 -1 
430 1 696 219 208 512 -1 -1 -1 -1 
431 1 691 217 205 504 -1 -1 -1 -1 
432 1 681 214 208 506 -1 -1 -1 -1 
433 1 680 212 206 504 -1 -1 -1 -1 
434 1 677 207 207 503 -1 -1 -1 -1 
435 1 671 202 213 522 -1 -1 -1 -1 
436 1 669 197 212 522 -1 -1 -1 -1 
437 1 667 194 210 514 -1 -1 -1 -1 
438 1 666 193 208 509 -1 -1 -1 -1 
439 1 664 194 208 508 -1 -1 -1 -1 
440 1 663 192 206 507 -1 -1 -1 -1 
441 1 662 194 205 505 -1 -1 -1 -1 
442 1 664 198 205 503 -1 -1 -1 -1 
443 1 666 200 206 505 -1 -1 -1 -1 
444 1 669 204 205 497 -1 -1 -1 -1 
445 1 673 208 203 495 -1 -1 -1 -1 
446 1 678 209 202 491 -1 -1 -1 -1 
447 1 684 207 203 497 -1 -1 -1 -1 
448 1 689 207 205 502 -1 -1 -1 -1 
449 1 692 207 207 507 -1 -1 -1 -1 
450 1 697 206 203 498 -1 -1 -1 -1 
451 1 702 205 202 498 -1 -1 -1 -1 
452 1 708 204 203 498 -1 -1 -1 -1 
453 1 714 207 201 495 -1 -1 -1 -1 
454 1 720 204 203 497 -1 -1 -1 -1 
455 1 728 201 204 499 -1 -1 -1 -1 
456 1 737 203 200 490 -1 -1 -1 -1 
457 1 746 203 199 489 -1 -1 -1 -1 
458 1 752 203 202 494 -1 -1 -1 -1 
459 1 758 202 207 505 -1 -1 -1 -1 
460 1 765 202 205 495 -1 -1 -1 -1 
461 1 769 198 206 505 -1 -1 -1 -1 
462 1 769 198 209 503 -1 -1 -1 -1 
463 1 773 194 203 491 -1 -1 -1 -1 
464 1 777 190 197 478 -1 -1 -1 -1 
465 1 777 185 196 479 -1 -1 -1 -1 
466 1 776 183 199 488 -1 -1 -1 -1 
467 1 774 183 199 489 -1 -1 -1 -1 
468 1 771 181 198 486 -1 -1 -1 -1 
469 1 768 179 200 488 -1 -1 -1 -1 
470 1 766 179 200 489 -1 -1 -1 -1 
471 1 764 180 200 487 -1 -1 -1 -1 
472 1 764 181 198 484 -1 -1 -1 -1 
473 1 764 183 196 481 -1 -1 -1 -1 
474 1 763 183 195 480 -1 -1 -1 -1 
475 1 762 183 195 479 -1 -1 -1 -1 
476 1 762 182 196 479 -1 -1 -1 -1 
477 1 763 183 197 480 -1 -1 -1 -1 
478 1 766 185 196 478 -1 -1 -1 -1 
479 1 769 187 195 476 -1 -1 -1 -1 
480 1 771 188 196 479 -1 -1 -1 -1 
481 1 773 188 197 481 -1 -1 -1 -1 
482 1 777 189 197 481 -1 -1 -1 -1 
483 1 781 189 197 482 -1 -1 -1 -1 
484 1 786 190 198 484 -1 -1 -1 -1 
485 1 792 191 199 487 -1 -1 -1 -1 
486 1 799 194 199 489 -1 -1 -1 -1 
487 1 809 202 198 486 -1 -1 -1 -1 
488 1 818 207 199 488 -1 -1 -1 -1 
489 1 827 208 198 490 -1 -1 -1 -1 
490 1 834 212 198 491 -1 -1 -1 -1 
491 1 838 220 199 489 -1 -1 -1 -1 
492 1 844 227 196 484 -1 -1 -1 -1 
493 1 847 231 196 482 -1 -1 -1 -1 
494 1 850 233 197 483 -1 -1 -1 -1 
495 1 851 233 199 487 -1 -1 -1 -1 
496 1 854 232 200 491 -1 -1 -1 -1 
497 1 858 232 198 489 -1 -1 -1 -1 
498 1 861 231 197 484 -1 -1 -1 -1 
499 1 862 230 196 477 -1 -1 -1 -1 
500 1 863 229 194 477 -1 -1 -1 -1 
501 1 863 229 196 479 -1 -1 -1 -1 
502 1 864 229 197 481 -1 -1 -1 -1 
503 1 865 228 197 480 -1 -1 -1 -1 
504 1 865 226 197 479 -1 -1 -1 -1 
505 1 866 226 195 477 -1 -1 -1 -1 
506 1 866 225 196 476 -1 -1 -1 -1 
507 1 865 227 193 472 -1 -1 -1 -1 
508 1 862 227 193 472 -1 -1 -1 -1 
509 1 858 226 193 474 -1 -1 -1 -1 
510 1 855 225 195 476 -1 -1 -1 -1 
511 1 853 223 194 474 -1 -1 -1 -1 
512 1 852 219 194 474 -1 -1 -1 -1 
513 1 854 216 192 470 -1 -1 -1 -1 
514 1 854 211 191 470 -1 -1 -1 -1 
515 1 853 208 190 467 -1 -1 -1 -1 
516 1 850 204 193 471 -1 -1 -1 -1 
517 1 849 202 194 474 -1 -1 -1 -1 
518 1 847 201 195 474 -1 -1 -1 -1 
519 1 846 199 195 473 -1 -1 -1 -1 
520 1 847 197 194 473 -1 -1 -1 -1 
521 1 850 198 192 472 -1 -1 -1 -1 
522 1 851 197 192 469 -1 -1 -1 -1 
523 1 854 197 190 468 -1 -1 -1 -1 
524 1 856 200 189 465 -1 -1 -1 -1 
525 1 860 200 189 464 -1 -1 -1 -1 
526 1 862 199 191 466 -1 -1 -1 -1 
527 1 866 200 191 464 -1 -1 -1 -1 
528 1 872 202 189 463 -1 -1 -1 -1 
529 1 875 202 190 465 -1 -1 -1 -1 
530 1 877 200 192 469 -1 -1 -1 -1 
531 1 884 203 190 470 -1 -1 -1 -1 
532 1 889 204 191 472 -1 -1 -1 -1 
533 1 893 206 191 471 -1 -1 -1 -1 
534 1 896 208 192 469 -1 -1 -1 -1 
535 1 897 208 191 469 -1 -1 -1 -1 
536 1 898 209 191 469 -1 -1 -1 -1 
537 1 896 211 192 471 -1 -1 -1 -1 
538 1 897 211 192 473 -1 -1 -1 -1 
539 1 900 210 191 469 -1 -1 -1 -1 
540 1 896 213 191 468 -1 -1 -1 -1 
541 1 895 216 190 469 -1 -1 -1 -1 
542 1 895 213 189 464 -1 -1 -1 -1 
543 1 892 211 189 467 -1 -1 -1 -1 
544 1 892 211 188 463 -1 -1 -1 -1 
545 1 891 212 187 458 -1 -1 -1 -1 
546 1 889 210 187 460 -1 -1 -1 -1 
547 1 880 209 190 464 -1 -1 -1 -1 
548 1 871 209 191 466 -1 -1 -1 -1 
549 1 864 208 193 471 -1 -1 -1 -1 
550 1 857 212 190 464 -1 -1 -1 -1 
551 1 852 210 188 464 -1 -1 -1 -1 
552 1 849 213 189 463 -1 -1 -1 -1 
553 1 846 217 186 456 -1 -1 -1 -1 
554 1 842 220 185 452 -1 -1 -1 -1 
555 1 835 222 185 453 -1 -1 -1 -1 
556 1 831 225 186 454 -1 -1 -1 -1 
557 1 826 224 188 456 -1 -1 -1 -1 
558 1 825 224 185 453 -1 -1 -1 -1 
559 1 825 224 183 449 -1 -1 -1 -1 
560 1 825 225 184 449 -1 -1 -1 -1 
561 1 827 221 184 451 -1 -1 -1 -1 
562 1 828 222 186 455 -1 -1 -1 -1 
563 1 833 222 188 459 -1 -1 -1 -1 
564 1 839 224 187 458 -1 -1 -1 -1 
565 1 847 225 186 459 -1 -1 -1 -1 
566 1 852 227 186 459 -1 -1 -1 -1 
567 1 855 232 188 460 -1 -1 -1 -1 
568 1 858 236 186 457 -1 -1 -1 -1 
569 1 862 238 186 459 -1 -1 -1 -1 
570 1 867 243 186 458 -1 -1 -1 -1 
571 1 871 244 188 462 -1 -1 -1 -1 
572 1 874 246 190 463 -1 -1 -1 -1 
573 1 878 245 191 463 -1 -1 -1 -1 
574 1 884 242 189 466 -1 -1 -1 -1 
575 1 888 242 185 457 -1 -1 -1 -1 
576 1 890 242 184 454 -1 -1 -1 -1 
577 1 890 241 183 453 -1 -1 -1 -1 
578 1 890 240 182 452 -1 -1 -1 -1 
579 1 884 245 186 454 -1 -1 -1 -1 
580 1 879 247 186 454 -1 -1 -1 -1 
581 1 875 248 186 452 -1 -1 -1 -1 
582 1 873 248 185 452 -1 -1 -1 -1 
583 1 869 250 184 453 -1 -1 -1 -1 
584 1 863 254 183 449 -1 -1 -1 -1 
585 1 859 256 183 446 -1 -1 -1 -1 
586 1 856 258 181 444 -1 -1 -1 -1 
587 1 849 257 184 449 -1 -1 -1 -1 
588 1 844 257 183 449 -1 -1 -1 -1 
589 1 838 257 183 449 -1 -1 -1 -1 
590 1 832 257 182 446 -1 -1 -1 -1 
591 1 826 255 183 445 -1 -1 -1 -1 
592 1 823 253 180 445 -1 -1 -1 -1 
593 1 819 252 181 447 -1 -1 -1 -1 
594 1 815 253 181 447 -1 -1 -1 -1 
595 1 813 252 182 449 -1 -1 -1 -1 
596 1 811 250 183 454 -1 -1 -1 -1 
597 1 808 248 187 459 -1 -1 -1 -1 
598 1 809 254 184 454 -1 -1 -1 -1 
599 1 809 258 182 449 -1 -1 -1 -1 
600 1 810 258 182 450 -1 -1 -1 -1 
601 1 811 261 185 457 -1 -1 -1 -1 
602 1 815 266 183 457 -1 -1 -1 -1 
603 1 817 270 186 463 -1 -1 -1 -1 
604 1 823 276 187 462 -1 -1 -1 -1 
605 1 830 280 185 456 -1 -1 -1 -1 
606 1 837 281 184 456 -1 -1 -1 -1 
607 1 844 281 182 451 -1 -1 -1 -1 
608 1 850 281 181 447 -1 -1 -1 -1 
609 1 857 281 179 441 -1 -1 -1 -1 
610 1 859 282 179 440 -1 -1 -1 -1 
611 1 858 282 181 446 -1 -1 -1 -1 
612 1 861 281 179 445 -1 -1 -1 -1 
613 1 863 282 178 445 -1 -1 -1 -1 
614 1 864 288 180 443 -1 -1 -1 -1 
615 1 865 290 181 445 -1 -1 -1 -1 
616 1 866 292 179 444 -1 -1 -1 -1 
617 1 866 297 178 442 -1 -1 -1 -1 
618 1 863 302 179 442 -1 -1 -1 -1 
619 1 858 305 182 443 -1 -1 -1 -1 
620 1 857 306 181 443 -1 -1 -1 -1 
621 1 856 307 179 442 -1 -1 -1 -1 
622 1 853 304 182 443 -1 -1 -1 -1 
623 1 850 305 178 438 -1 -1 -1 -1 
624 1 846 307 176 434 -1 -1 -1 -1 
625 1 843 308 174 430 -1 -1 -1 -1 
626 1 837 306 176 432 -1 -1 -1 -1 
627 1 831 305 177 435 -1 -1 -1 -1 
628 1 827 304 177 434 -1 -1 -1 -1 
629 1 824 306 176 432 -1 -1 -1 -1 
630 1 821 307 176 432 -1 -1 -1 -1 
631 1 819 308 175 431 -1 -1 -1 -1 
632 1 818 310 176 430 -1 -1 -1 -1 
633 1 819 312 175 430 -1 -1 -1 -1 
634 1 820 314 176 431 -1 -1 -1 -1 
635 1 822 315 175 431 -1 -1 -1 -1 
636 1 825 319 174 430 -1 -1 -1 -1 
637 1 827 323 174 431 -1 -1 -1 -1 
638 1 829 322 175 429 -1 -1 -1 -1 
639 1 832 322 175 430 -1 -1 -1 -1 
640 1 836 323 175 430 -1 -1 -1 -1 
641 1 842 325 174 429 -1 -1 -1 -1 
642 1 848 327 176 431 -1 -1 -1 -1 
643 1 853 328 174 429 -1 -1 -1 -1 
644 1 856 328 175 428 -1 -1 -1 -1 
645 1 859 327 177 436 -1 -1 -1 -1 
646 1 862 328 177 438 -1 -1 -1 -1 
647 1 862 331 179 439 -1 -1 -1 -1 
648 1 864 333 179 438 -1 -1 -1 -1 
649 1 866 334 178 434 -1 -1 -1 -1 
650 1 869 334 177 434 -1 -1 -1 -1 
651 1 870 334 178 437 -1 -1 -1 -1 
652 1 870 335 178 437 -1 -1 -1 -1 
653 1 868 336 178 438 -1 -1 -1 -1 
654 1 867 335 178 438 -1 -1 -1 -1 
655 1 865 334 178 439 -1 -1 -1 -1 
656 1 863 334 175 431 -1 -1 -1 -1 
657 1 861 335 176 432 -1 -1 -1 -1 
658 1 861 334 174 426 -1 -1 -1 -1 
659 1 859 332 173 427 -1 -1 -1 -1 
660 1 857 331 173 425 -1 -1 -1 -1 
661 1 854 329 174 431 -1 -1 -1 -1 
662 1 852 332 172 428 -1 -1 -1 -1 
663 1 846 333 173 430 -1 -1 -1 -1 
664 1 844 335 171 423 -1 -1 -1 -1 
665 1 840 335 170 417 -1 -1 -1 -1 
666 1 835 335 171 417 -1 -1 -1 -1 
667 1 831 335 171 420 -1 -1 -1 -1 
668 1 827 335 171 420 -1 -1 -1 -1 
669 1 824 334 170 421 -1 -1 -1 -1 
670 1 823 333 169 417 -1 -1 -1 -1 
671 1 824 332 168 412 -1 -1 -1 -1 
672 1 824 332 167 412 -1 -1 -1 -1 
673 1 825 331 167 411 -1 -1 -1 -1 
674 1 827 331 166 409 -1 -1 -1 -1 
675 1 827 330 167 412 -1 -1 -1 -1 
676 1 827 332 169 415 -1 -1 -1 -1 
677 1 827 328 171 423 -1 -1 -1 -1 
678 1 829 329 171 422 -1 -1 -1 -1 
679 1 831 330 171 419 -1 -1 -1 -1 
680 1 833 331 170 418 -1 -1 -1 -1 
681 1 838 333 169 415 -1 -1 -1 -1 
682 1 841 333 170 423 -1 -1 -1 -1 
683 1 846 334 170 420 -1 -1 -1 -1 
684 1 852 335 168 418 -1 -1 -1 -1 
685 1 857 336 168 417 -1 -1 -1 -1 
686 1 862 334 170 418 -1 -1 -1 -1 
687 1 867 331 171 420 -1 -1 -1 -1 
688 1 872 330 170 416 -1 -1 -1 -1 
689 1 879 325 170 416 -1 -1 -1 -1 
690 1 882 320 172 418 -1 -1 -1 -1 
691 1 888 313 170 419 -1 -1 -1 -1 
692 1 891 309 171 419 -1 -1 -1 -1 
693 1 895 306 170 418 -1 -1 -1 -1 
694 1 898 302 169 419 -1 -1 -1 -1 
695 1 899 299 169 421 -1 -1 -1 -1 
696 1 901 298 167 416 -1 -1 -1 -1 
697 1 903 295 167 413 -1 -1 -1 -1 
698 1 904 292 169 415 -1 -1 -1 -1 
699 1 906 288 169 413 -1 -1 -1 -1 
700 1 909 285 168 411 -1 -1 -1 -1 
701 1 908 285 170 410 -1 -1 -1 -1 
702 1 909 282 167 407 -1 -1 -1 -1 
703 1 911 278 166 405 -1 -1 -1 -1 
704 1 910 271 168 408 -1 -1 -1 -1 
705 1 908 263 170 413 -1 -1 -1 -1 
706 1 909 258 170 412 -1 -1 -1 -1 
707 1 911 253 167 412 -1 -1 -1 -1 
708 1 911 248 167 411 -1 -1 -1 -1 
709 1 915 244 170 408 -1 -1 -1 -1 
728 1 903 183 175 428 -1 -1 -1 -1 
729 1 900 186 170 422 -1 -1 -1 -1 
730 1 896 187 168 417 -1 -1 -1 -1 
731 1 893 187 168 416 -1 -1 -1 -1 
732 1 888 186 167 414 -1 -1 -1 -1 
733 1 884 182 168 413 -1 -1 -1 -1 
734 1 880 184 167 413 -1 -1 -1 -1 
735 1 875 184 165 408 -1 -1 -1 -1 
736 1 869 184 165 408 -1 -1 -1 -1 
737 1 859 182 168 410 -1 -1 -1 -1 
738 1 845 179 169 414 -1 -1 -1 -1 
739 1 827 180 169 414 -1 -1 -1 -1 
740 1 816 181 165 412 -1 -1 -1 -1 
741 1 806 179 168 416 -1 -1 -1 -1 
742 1 793 181 169 416 -1 -1 -1 -1 
743 1 783 181 168 416 -1 -1 -1 -1 
744 1 771 184 167 412 -1 -1 -1 -1 
745 1 761 185 166 411 -1 -1 -1 -1 
746 1 748 186 166 406 -1 -1 -1 -1 
747 1 736 186 164 403 -1 -1 -1 -1 
748 1 725 192 160 392 -1 -1 -1 -1 
751 1 659 248 128 306 -1 -1 -1 -1 
765 1 634 276 126 314 -1 -1 -1 -1 
766 1 634 278 127 318 -1 -1 -1 -1 
767 1 633 276 128 319 -1 -1 -1 -1 
768 1 631 273 129 322 -1 -1 -1 -1 
769 1 629 272 128 323 -1 -1 -1 -1 
770 1 622 269 133 328 -1 -1 -1 -1 
771 1 619 265 132 328 -1 -1 -1 -1 
772 1 613 265 135 332 -1 -1 -1 -1 
773 1 606 261 136 338 -1 -1 -1 -1 
774 1 599 257 137 339 -1 -1 -1 -1 
775 1 590 250 139 344 -1 -1 -1 -1 
776 1 581 245 142 351 -1 -1 -1 -1 
777 1 572 247 141 348 -1 -1 -1 -1 
778 1 560 246 143 352 -1 -1 -1 -1 
779 1 549 246 144 354 -1 -1 -1 -1 
780 1 541 244 144 356 -1 -1 -1 -1 
781 1 530 242 147 360 -1 -1 -1 -1 
782 1 522 242 149 364 -1 -1 -1 -1 
783 1 513 242 148 365 -1 -1 -1 -1 
784 1 506 243 148 363 -1 -1 -1 -1 
785 1 498 241 150 367 -1 -1 -1 -1 
786 1 492 239 151 369 -1 -1 -1 -1 
787 1 487 236 153 375 -1 -1 -1 -1 
788 1 485 236 154 380 -1 -1 -1 -1 
789 1 481 236 156 384 -1 -1 -1 -1 
790 1 478 234 158 388 -1 -1 -1 -1 
791 1 479 236 158 388 -1 -1 -1 -1 
792 1 477 236 159 389 -1 -1 -1 -1 
793 1 480 236 162 397 -1 -1 -1 -1 
794 1 484 235 165 401 -1 -1 -1 -1 
795 1 493 237 165 402 -1 -1 -1 -1 
796 1 500 239 166 404 -1 -1 -1 -1 
797 1 501 242 170 414 -1 -1 -1 -1 
798 1 502 246 168 408 -1 -1 -1 -1 
799 1 503 247 171 414 -1 -1 -1 -1 
800 1 503 249 172 418 -1 -1 -1 -1 
801 1 503 250 174 426 -1 -1 -1 -1 
802 1 502 252 176 432 -1 -1 -1 -1 
803 1 503 254 178 435 -1 -1 -1 -1 
804 1 501 255 182 447 -1 -1 -1 -1 
805 1 500 255 185 456 -1 -1 -1 -1 
806 1 499 254 189 464 -1 -1 -1 -1 
807 1 497 253 191 468 -1 -1 -1 -1 
808 1 494 250 193 474 -1 -1 -1 -1 
809 1 495 242 192 474 -1 -1 -1 -1 
810 1 495 239 197 484 -1 -1 -1 -1 
811 1 487 238 202 494 -1 -1 -1 -1 
812 1 480 232 204 500 -1 -1 -1 -1 
813 1 474 227 205 504 -1 -1 -1 -1 
814 1 468 225 207 509 -1 -1 -1 -1 
815 1 463 223 209 514 -1 -1 -1 -1 
816 1 457 222 211 519 -1 -1 -1 -1 
817 1 450 221 210 524 -1 -1 -1 -1 
818 1 440 222 214 529 -1 -1 -1 -1 
819 1 430 222 218 535 -1 -1 -1 -1 
820 1 418 219 223 545 -1 -1 -1 -1 
821 1 410 216 227 555 -1 -1 -1 -1 
822 1 402 216 229 559 -1 -1 -1 -1 
823 1 393 213 232 564 -1 -1 -1 -1 
824 1 388 212 233 567 -1 -1 -1 -1 
825 1 378 207 237 577 -1 -1 -1 -1 
826 1 371 202 241 585 -1 -1 -1 -1 
827 1 365 198 244 595 -1 -1 -1 -1 
828 1 359 194 249 606 -1 -1 -1 -1 
829 1 353 193 251 615 -1 -1 -1 -1 
830 1 347 194 253 623 -1 -1 -1 -1 
831 1 341 193 258 634 -1 -1 -1 -1 
832 1 338 192 260 642 -1 -1 -1 -1 
833 1 332 191 265 653 -1 -1 -1 -1 
834 1 328 189 270 670 -1 -1 -1 -1 
835 1 325 189 275 685 -1 -1 -1 -1 
836 1 323 188 279 695 -1 -1 -1 -1 
837 1 322 187 284 710 -1 -1 -1 -1 
838 1 320 187 292 724 -1 -1 -1 -1 
839 1 319 183 300 741 -1 -1 -1 -1 
840 1 318 178 307 752 -1 -1 -1 -1 
841 1 318 172 309 758 -1 -1 -1 -1 
842 1 316 163 313 768 -1 -1 -1 -1 
843 1 315 151 318 782 -1 -1 -1 -1 
844 1 315 142 322 791 -1 -1 -1 -1 
845 1 312 132 327 806 -1 -1 -1 -1 
846 1 304 125 334 820 -1 -1 -1 -1 
847 1 296 114 339 832 -1 -1 -1 -1 
848 1 283 103 347 849 -1 -1 -1 -1 
849 1 273 100 353 858 -1 -1 -1 -1 
850 1 262 87 356 877 -1 -1 -1 -1 
851 1 250 77 365 897 -1 -1 -1 -1 
852 1 235 72 371 911 -1 -1 -1 -1 
853 1 219 71 378 923 -1 -1 -1 -1 
854 1 202 61 387 941 -1 -1 -1 -1 
855 1 181 52 397 967 -1 -1 -1 -1 
856 1 157 45 404 989 -1 -1 -1 -1 
857 1 140 41 409 999 -1 -1 -1 -1 
858 1 116 28 418 1020 -1 -1 -1 -1 
859 1 94 18 424 1032 -1 -1 -1 -1 
860 1 71 7 432 1053 -1 -1 -1 -1 
861 1 46 0 435 1060 -1 -1 -1 -1 
862 1 22 -2 437 1066 -1 -1 -1 -1 
863 1 6 -2 441 1067 -1 -1 -1 -1 
864 1 -3 -2 430 1071 -1 -1 -1 -1 
865 1 -6 -1 420 1069 -1 -1 -1 -1 
866 1 -7 6 402 1062 -1 -1 -1 -1 
867 1 -7 19 386 1049 -1 -1 -1 -1 
868 1 -7 9 341 1063 -1 -1 -1 -1 
869 1 -5 3 302 1055 -1 -1 -1 -1 
870 1 -3 18 265 1040 -1 -1 -1 -1 
871 1 -3 6 266 1056 -1 -1 -1 -1 
872 1 -2 13 229 1055 -1 -1 -1 -1 
873 1 -1 24 205 1050 -1 -1 -1 -1 
874 1 0 58 182 1015 -1 -1 -1 -1 
875 1 0 24 171 1051 -1 -1 -1 -1 
876 1 0 8 177 1066 -1 -1 -1 -1 
1 2 395 279 121 303 -1 -1 -1 -1 
2 2 391 274 122 306 -1 -1 -1 -1 
3 2 383 273 125 309 -1 -1 -1 -1 
4 2 375 270 128 316 -1 -1 -1 -1 
5 2 369 266 128 318 -1 -1 -1 -1 
6 2 363 263 130 321 -1 -1 -1 -1 
7 2 358 261 132 326 -1 -1 -1 -1 
8 2 352 262 134 328 -1 -1 -1 -1 
9 2 347 263 134 331 -1 -1 -1 -1 
10 2 344 264 133 334 -1 -1 -1 -1 
11 2 337 266 136 338 -1 -1 -1 -1 
12 2 331 267 138 341 -1 -1 -1 -1 
13 2 326 268 140 342 -1 -1 -1 -1 
14 2 321 268 141 344 -1 -1 -1 -1 
15 2 317 270 141 346 -1 -1 -1 -1 
16 2 315 274 140 347 -1 -1 -1 -1 
17 2 312 276 143 352 -1 -1 -1 -1 
18 2 310 281 145 355 -1 -1 -1 -1 
19 2 309 286 145 356 -1 -1 -1 -1 
20 2 307 290 146 360 -1 -1 -1 -1 
21 2 312 292 148 363 -1 -1 -1 -1 
22 2 329 292 149 368 -1 -1 -1 -1 
23 2 338 292 150 372 -1 -1 -1 -1 
24 2 346 292 152 376 -1 -1 -1 -1 
25 2 355 294 155 379 -1 -1 -1 -1 
26 2 369 299 153 378 -1 -1 -1 -1 
27 2 378 300 157 383 -1 -1 -1 -1 
28 2 383 308 156 386 -1 -1 -1 -1 
29 2 384 312 158 390 -1 -1 -1 -1 
30 2 389 315 159 394 -1 -1 -1 -1 
31 2 392 322 159 396 -1 -1 -1 -1 
32 2 392 326 162 400 -1 -1 -1 -1 
33 2 393 330 162 402 -1 -1 -1 -1 
34 2 392 334 164 406 -1 -1 -1 -1 
35 2 390 337 167 410 -1 -1 -1 -1 
36 2 387 340 170 414 -1 -1 -1 -1 
37 2 384 343 172 416 -1 -1 -1 -1 
38 2 380 345 173 422 -1 -1 -1 -1 
39 2 376 352 173 425 -1 -1 -1 -1 
40 2 371 356 174 428 -1 -1 -1 -1 
41 2 364 357 177 438 -1 -1 -1 -1 
42 2 353 360 180 445 -1 -1 -1 -1 
43 2 342 366 183 451 -1 -1 -1 -1 
44 2 331 368 186 460 -1 -1 -1 -1 
45 2 319 371 190 471 -1 -1 -1 -1 
46 2 307 377 195 483 -1 -1 -1 -1 
47 2 292 385 200 494 -1 -1 -1 -1 
48 2 277 393 201 498 -1 -1 -1 -1 
49 2 263 400 205 503 -1 -1 -1 -1 
50 2 251 408 205 508 -1 -1 -1 -1 
51 2 238 413 208 511 -1 -1 -1 -1 
52 2 224 418 211 518 -1 -1 -1 -1 
53 2 214 423 211 519 -1 -1 -1 -1 
54 2 198 424 218 541 -1 -1 -1 -1 
55 2 187 423 222 552 -1 -1 -1 -1 
56 2 172 423 229 565 -1 -1 -1 -1 
57 2 158 422 233 579 -1 -1 -1 -1 
58 2 145 421 237 587 -1 -1 -1 -1 
59 2 132 419 240 592 -1 -1 -1 -1 
60 2 117 418 243 601 -1 -1 -1 -1 
61 2 105 418 247 610 -1 -1 -1 -1 
62 2 94 416 251 620 -1 -1 -1 -1 
63 2 84 412 256 628 -1 -1 -1 -1 
64 2 75 408 260 638 -1 -1 -1 -1 
65 2 67 402 263 648 -1 -1 -1 -1 
66 2 59 401 264 649 -1 -1 -1 -1 
67 2 52 397 265 652 -1 -1 -1 -1 
68 2 43 392 266 654 -1 -1 -1 -1 
69 2 28 384 270 661 -1 -1 -1 -1 
70 2 16 378 273 666 -1 -1 -1 -1 
71 2 4 372 273 673 -1 -1 -1 -1 
72 2 -1 361 266 685 -1 -1 -1 -1 
73 2 -4 353 257 697 -1 -1 -1 -1 
74 2 -4 343 244 717 -1 -1 -1 -1 
75 2 -4 336 230 728 -1 -1 -1 -1 
76 2 -4 324 208 741 -1 -1 -1 -1 
77 2 -3 316 179 748 -1 -1 -1 -1 
78 2 -3 310 156 749 -1 -1 -1 -1 
79 2 -2 303 133 762 -1 -1 -1 -1 
80 2 -2 303 116 764 -1 -1 -1 -1 
81 2 -2 301 97 766 -1 -1 -1 -1 
1 3 530 268 125 307 -1 -1 -1 -1 
2 3 526 266 127 309 -1 -1 -1 -1 
3 3 520 265 128 315 -1 -1 -1 -1 
4 3 515 265 127 316 -1 -1 -1 -1 
5 3 509 263 129 318 -1 -1 -1 -1 
6 3 505 264 129 316 -1 -1 -1 -1 
7 3 499 264 132 322 -1 -1 -1 -1 
8 3 495 265 133 325 -1 -1 -1 -1 
9 3 491 265 134 328 -1 -1 -1 -1 
10 3 488 264 134 332 -1 -1 -1 -1 
11 3 484 264 136 334 -1 -1 -1 -1 
12 3 479 264 136 337 -1 -1 -1 -1 
13 3 476 264 136 336 -1 -1 -1 -1 
14 3 473 261 139 340 -1 -1 -1 -1 
15 3 472 262 139 341 -1 -1 -1 -1 
16 3 468 263 142 347 -1 -1 -1 -1 
17 3 467 266 143 350 -1 -1 -1 -1 
18 3 466 269 144 355 -1 -1 -1 -1 
19 3 464 274 145 358 -1 -1 -1 -1 
20 3 461 276 149 368 -1 -1 -1 -1 
21 3 469 279 150 372 -1 -1 -1 -1 
22 3 486 283 150 371 -1 -1 -1 -1 
23 3 497 286 152 377 -1 -1 -1 -1 
24 3 505 287 155 383 -1 -1 -1 -1 
25 3 518 290 156 387 -1 -1 -1 -1 
26 3 531 293 158 391 -1 -1 -1 -1 
27 3 542 296 160 397 -1 -1 -1 -1 
28 3 547 300 161 397 -1 -1 -1 -1 
29 3 551 302 162 402 -1 -1 -1 -1 
30 3 559 304 162 407 -1 -1 -1 -1 
31 3 562 309 164 408 -1 -1 -1 -1 
32 3 565 312 164 410 -1 -1 -1 -1 
33 3 567 317 165 408 -1 -1 -1 -1 
34 3 568 320 167 411 -1 -1 -1 -1 
35 3 570 322 168 416 -1 -1 -1 -1 
36 3 570 327 170 419 -1 -1 -1 -1 
37 3 569 330 174 426 -1 -1 -1 -1 
38 3 568 335 176 431 -1 -1 -1 -1 
39 3 564 339 179 438 -1 -1 -1 -1 
40 3 563 344 179 443 -1 -1 -1 -1 
41 3 558 350 180 446 -1 -1 -1 -1 
42 3 553 354 183 452 -1 -1 -1 -1 
43 3 548 361 185 458 -1 -1 -1 -1 
44 3 544 364 184 456 -1 -1 -1 -1 
45 3 539 366 185 460 -1 -1 -1 -1 
46 3 529 372 189 467 -1 -1 -1 -1 
47 3 520 374 194 478 -1 -1 -1 -1 
48 3 510 380 197 487 -1 -1 -1 -1 
49 3 502 386 199 490 -1 -1 -1 -1 
50 3 497 393 200 492 -1 -1 -1 -1 
51 3 491 396 203 500 -1 -1 -1 -1 
52 3 483 398 207 509 -1 -1 -1 -1 
53 3 475 401 213 517 -1 -1 -1 -1 
54 3 470 406 216 524 -1 -1 -1 -1 
55 3 464 405 221 536 -1 -1 -1 -1 
56 3 459 407 224 545 -1 -1 -1 -1 
57 3 454 410 226 553 -1 -1 -1 -1 
58 3 450 408 229 562 -1 -1 -1 -1 
59 3 445 408 232 571 -1 -1 -1 -1 
60 3 439 407 234 578 -1 -1 -1 -1 
61 3 433 407 237 585 -1 -1 -1 -1 
62 3 431 404 239 593 -1 -1 -1 -1 
63 3 429 399 243 601 -1 -1 -1 -1 
64 3 429 393 246 610 -1 -1 -1 -1 
65 3 427 386 251 620 -1 -1 -1 -1 
66 3 424 381 254 626 -1 -1 -1 -1 
67 3 422 375 257 632 -1 -1 -1 -1 
68 3 420 368 260 637 -1 -1 -1 -1 
69 3 416 360 265 649 -1 -1 -1 -1 
70 3 411 349 272 667 -1 -1 -1 -1 
71 3 405 342 277 679 -1 -1 -1 -1 
72 3 397 334 284 697 -1 -1 -1 -1 
73 3 389 327 288 706 -1 -1 -1 -1 
74 3 378 320 293 720 -1 -1 -1 -1 
75 3 368 312 298 733 -1 -1 -1 -1 
76 3 362 304 301 742 -1 -1 -1 -1 
77 3 353 299 303 749 -1 -1 -1 -1 
78 3 342 296 304 754 -1 -1 -1 -1 
79 3 327 293 308 756 -1 -1 -1 -1 
80 3 310 284 313 770 -1 -1 -1 -1 
81 3 293 277 316 778 -1 -1 -1 -1 
82 3 279 268 319 788 -1 -1 -1 -1 
83 3 258 248 328 811 -1 -1 -1 -1 
84 3 234 237 336 826 -1 -1 -1 -1 
85 3 213 227 340 837 -1 -1 -1 -1 
86 3 194 222 343 845 -1 -1 -1 -1 
87 3 172 214 347 854 -1 -1 -1 -1 
88 3 143 198 355 871 -1 -1 -1 -1 
89 3 118 182 362 886 -1 -1 -1 -1 
90 3 92 174 365 893 -1 -1 -1 -1 
91 3 66 163 373 905 -1 -1 -1 -1 
92 3 39 144 375 923 -1 -1 -1 -1 
93 3 15 133 378 935 -1 -1 -1 -1 
94 3 3 126 367 943 -1 -1 -1 -1 
95 3 -4 115 350 950 -1 -1 -1 -1 
96 3 -6 116 325 949 -1 -1 -1 -1 
97 3 -6 112 296 951 -1 -1 -1 -1 
98 3 -4 92 268 972 -1 -1 -1 -1 
99 3 -3 65 241 995 -1 -1 -1 -1 
100 3 -2 64 218 997 -1 -1 -1 -1 
101 3 -1 39 205 1019 -1 -1 -1 -1 
102 3 0 10 208 1044 -1 -1 -1 -1 
103 3 0 0 213 1054 -1 -1 -1 -1 
1 4 858 256 117 288 -1 -1 -1 -1 
2 4 856 255 117 290 -1 -1 -1 -1 
3 4 855 256 117 290 -1 -1 -1 -1 
4 4 852 256 119 291 -1 -1 -1 -1 
5 4 849 253 120 294 -1 -1 -1 -1 
6 4 846 252 123 304 -1 -1 -1 -1 
7 4 847 253 122 303 -1 -1 -1 -1 
8 4 846 259 120 295 -1 -1 -1 -1 
9 4 846 262 120 298 -1 -1 -1 -1 
10 4 844 258 123 303 -1 -1 -1 -1 
11 4 842 258 124 303 -1 -1 -1 -1 
12 4 840 256 127 308 -1 -1 -1 -1 
13 4 840 252 128 312 -1 -1 -1 -1 
1 5 0 9 332 1018 -1 -1 -1 -1 
2 5 0 0 310 1044 -1 -1 -1 -1 
3 5 0 0 294 1058 -1 -1 -1 -1 
4 5 0 0 271 1055 -1 -1 -1 -1 
5 5 0 -1 257 1060 -1 -1 -1 -1 
6 5 0 18 274 1056 -1 -1 -1 -1 
7 5 0 83 263 996 -1 -1 -1 -1 
8 5 0 103 220 962 -1 -1 -1 -1 
9 5 0 113 185 930 -1 -1 -1 -1 
10 5 0 86 162 955 -1 -1 -1 -1 
11 5 0 31 157 1006 -1 -1 -1 -1 
12 5 0 14 152 979 -1 -1 -1 -1 
13 5 0 17 141 934 -1 -1 -1 -1 
1 6 736 322 54 131 -1 -1 -1 -1 
2 6 735 319 52 131 -1 -1 -1 -1 
3 6 732 321 52 130 -1 -1 -1 -1 
4 6 728 320 51 127 -1 -1 -1 -1 
5 6 726 318 49 124 -1 -1 -1 -1 
6 6 722 317 51 127 -1 -1 -1 -1 
7 6 720 319 51 127 -1 -1 -1 -1 
8 6 718 321 51 128 -1 -1 -1 -1 
9 6 713 322 51 128 -1 -1 -1 -1 
10 6 712 323 51 127 -1 -1 -1 -1 
11 6 711 324 51 127 -1 -1 -1 -1 
12 6 710 324 51 128 -1 -1 -1 -1 
13 6 710 328 51 125 -1 -1 -1 -1 
14 6 709 328 51 126 -1 -1 -1 -1 
15 6 709 328 51 127 -1 -1 -1 -1 
16 6 709 330 51 127 -1 -1 -1 -1 
17 6 709 333 51 129 -1 -1 -1 -1 
18 6 709 335 53 130 -1 -1 -1 -1 
19 6 709 338 55 135 -1 -1 -1 -1 
20 6 711 342 55 136 -1 -1 -1 -1 
21 6 720 349 52 129 -1 -1 -1 -1 
22 6 737 348 53 135 -1 -1 -1 -1 
23 6 749 349 53 135 -1 -1 -1 -1 
24 6 761 349 53 135 -1 -1 -1 -1 
25 6 772 349 55 138 -1 -1 -1 -1 
26 6 789 352 54 136 -1 -1 -1 -1 
27 6 803 356 55 137 -1 -1 -1 -1 
28 6 809 361 55 135 -1 -1 -1 -1 
29 6 816 367 54 134 -1 -1 -1 -1 
30 6 825 371 54 135 -1 -1 -1 -1 
31 6 832 376 52 133 -1 -1 -1 -1 
32 6 838 380 53 135 -1 -1 -1 -1 
33 6 841 385 53 136 -1 -1 -1 -1 
34 6 846 390 55 137 -1 -1 -1 -1 
35 6 848 393 56 138 -1 -1 -1 -1 
38 6 862 413 54 136 -1 -1 -1 -1 
39 6 862 421 53 132 -1 -1 -1 -1 
40 6 862 425 53 137 -1 -1 -1 -1 
41 6 859 428 55 141 -1 -1 -1 -1 
42 6 856 432 56 143 -1 -1 -1 -1 
43 6 858 441 52 133 -1 -1 -1 -1 
44 6 853 448 51 128 -1 -1 -1 -1 
45 6 849 452 53 133 -1 -1 -1 -1 
46 6 842 457 55 138 -1 -1 -1 -1 
47 6 836 460 56 141 -1 -1 -1 -1 
48 6 830 465 57 144 -1 -1 -1 -1 
49 6 824 468 60 150 -1 -1 -1 -1 
50 6 819 478 59 146 -1 -1 -1 -1 
51 6 815 479 60 150 -1 -1 -1 -1 
52 6 811 481 60 150 -1 -1 -1 -1 
53 6 810 484 59 149 -1 -1 -1 -1 
54 6 809 489 57 144 -1 -1 -1 -1 
55 6 806 491 59 149 -1 -1 -1 -1 
56 6 803 492 61 153 -1 -1 -1 -1 
57 6 802 494 61 153 -1 -1 -1 -1 
58 6 802 496 60 149 -1 -1 -1 -1 
59 6 800 497 60 148 -1 -1 -1 -1 
60 6 798 496 58 147 -1 -1 -1 -1 
61 6 799 497 56 143 -1 -1 -1 -1 
62 6 796 496 58 147 -1 -1 -1 -1 
63 6 797 495 58 147 -1 -1 -1 -1 
64 6 798 495 59 148 -1 -1 -1 -1 
65 6 795 492 59 149 -1 -1 -1 -1 
73 6 807 457 65 163 -1 -1 -1 -1 
74 6 807 454 64 159 -1 -1 -1 -1 
75 6 808 452 62 155 -1 -1 -1 -1 
76 6 807 450 64 159 -1 -1 -1 -1 
77 6 807 448 65 161 -1 -1 -1 -1 
78 6 804 448 65 162 -1 -1 -1 -1 
79 6 802 449 65 160 -1 -1 -1 -1 
80 6 797 444 67 165 -1 -1 -1 -1 
81 6 792 443 66 165 -1 -1 -1 -1 
82 6 787 439 66 164 -1 -1 -1 -1 
83 6 783 435 64 162 -1 -1 -1 -1 
84 6 776 433 65 162 -1 -1 -1 -1 
85 6 767 427 67 165 -1 -1 -1 -1 
86 6 759 422 67 166 -1 -1 -1 -1 
87 6 752 417 66 165 -1 -1 -1 -1 
88 6 742 413 66 165 -1 -1 -1 -1 
89 6 734 412 64 161 -1 -1 -1 -1 
90 6 728 406 67 166 -1 -1 -1 -1 
1 7 793 326 48 120 -1 -1 -1 -1 
2 7 791 325 49 118 -1 -1 -1 -1 
3 7 791 326 48 119 -1 -1 -1 -1 
4 7 786 328 46 114 -1 -1 -1 -1 
5 7 784 324 45 115 -1 -1 -1 -1 
6 7 782 322 46 118 -1 -1 -1 -1 
7 7 780 323 47 120 -1 -1 -1 -1 
8 7 779 327 46 117 -1 -1 -1 -1 
9 7 777 329 46 113 -1 -1 -1 -1 
10 7 773 332 45 112 -1 -1 -1 -1 
11 7 772 333 46 113 -1 -1 -1 -1 
12 7 768 332 48 118 -1 -1 -1 -1 
13 7 767 330 50 124 -1 -1 -1 -1 
14 7 766 330 51 127 -1 -1 -1 -1 
15 7 766 330 50 126 -1 -1 -1 -1 
16 7 767 332 48 118 -1 -1 -1 -1 
17 7 769 335 46 116 -1 -1 -1 -1 
18 7 771 338 44 114 -1 -1 -1 -1 
19 7 771 343 45 114 -1 -1 -1 -1 
20 7 773 350 45 110 -1 -1 -1 -1 
21 7 784 353 44 110 -1 -1 -1 -1 
22 7 799 353 49 122 -1 -1 -1 -1 
23 7 811 357 49 122 -1 -1 -1 -1 
24 7 821 357 50 123 -1 -1 -1 -1 
25 7 835 356 50 125 -1 -1 -1 -1 
26 7 850 359 50 123 -1 -1 -1 -1 
27 7 865 364 49 119 -1 -1 -1 -1 
28 7 874 369 48 119 -1 -1 -1 -1 
29 7 877 371 50 124 -1 -1 -1 -1 
31 7 883 385 43 109 -1 -1 -1 -1 
45 7 895 459 43 104 -1 -1 -1 -1 
46 7 889 465 43 108 -1 -1 -1 -1 
47 7 885 471 43 108 -1 -1 -1 -1 
48 7 879 479 42 109 -1 -1 -1 -1 
49 7 873 485 45 112 -1 -1 -1 -1 
50 7 865 490 47 115 -1 -1 -1 -1 
51 7 862 495 46 113 -1 -1 -1 -1 
52 7 862 499 43 109 -1 -1 -1 -1 
9 8 977 266 161 380 -1 -1 -1 -1 
10 8 973 259 163 390 -1 -1 -1 -1 
11 8 969 262 163 388 -1 -1 -1 -1 
12 8 967 264 160 385 -1 -1 -1 -1 
13 8 969 269 157 376 -1 -1 -1 -1 
14 8 970 269 154 371 -1 -1 -1 -1 
15 8 967 267 153 368 -1 -1 -1 -1 
16 8 960 262 158 380 -1 -1 -1 -1 
17 8 963 263 156 381 -1 -1 -1 -1 
18 8 966 263 153 379 -1 -1 -1 -1 
19 8 963 259 156 389 -1 -1 -1 -1 
20 8 959 257 158 391 -1 -1 -1 -1 
21 8 963 256 160 394 -1 -1 -1 -1 
22 8 982 257 160 398 -1 -1 -1 -1 
23 8 993 258 161 402 -1 -1 -1 -1 
24 8 1002 257 164 404 -1 -1 -1 -1 
25 8 1015 258 163 406 -1 -1 -1 -1 
26 8 1032 263 161 402 -1 -1 -1 -1 
27 8 1045 266 163 406 -1 -1 -1 -1 
28 8 1052 273 165 408 -1 -1 -1 -1 
29 8 1058 279 165 411 -1 -1 -1 -1 
30 8 1069 285 166 412 -1 -1 -1 -1 
31 8 1077 290 166 413 -1 -1 -1 -1 
32 8 1084 294 166 414 -1 -1 -1 -1 
33 8 1091 300 166 412 -1 -1 -1 -1 
34 8 1098 306 167 412 -1 -1 -1 -1 
35 8 1102 310 167 409 -1 -1 -1 -1 
36 8 1107 312 167 411 -1 -1 -1 -1 
37 8 1108 316 170 417 -1 -1 -1 -1 
38 8 1113 322 169 417 -1 -1 -1 -1 
39 8 1118 332 168 414 -1 -1 -1 -1 
40 8 1120 338 167 416 -1 -1 -1 -1 
41 8 1120 343 168 419 -1 -1 -1 -1 
42 8 1119 351 168 415 -1 -1 -1 -1 
43 8 1118 358 168 412 -1 -1 -1 -1 
44 8 1114 361 169 415 -1 -1 -1 -1 
45 8 1112 368 168 415 -1 -1 -1 -1 
46 8 1109 376 168 415 -1 -1 -1 -1 
47 8 1104 384 169 416 -1 -1 -1 -1 
48 8 1101 393 167 414 -1 -1 -1 -1 
49 8 1096 401 167 414 -1 -1 -1 -1 
50 8 1092 405 168 414 -1 -1 -1 -1 
51 8 1087 407 169 416 -1 -1 -1 -1 
52 8 1081 408 171 421 -1 -1 -1 -1 
53 8 1078 410 174 430 -1 -1 -1 -1 
54 8 1073 412 176 431 -1 -1 -1 -1 
55 8 1073 413 173 426 -1 -1 -1 -1 
56 8 1072 413 174 428 -1 -1 -1 -1 
57 8 1072 413 174 428 -1 -1 -1 -1 
58 8 1072 412 174 428 -1 -1 -1 -1 
59 8 1072 413 173 425 -1 -1 -1 -1 
60 8 1070 413 174 429 -1 -1 -1 -1 
61 8 1070 414 174 429 -1 -1 -1 -1 
62 8 1071 414 173 429 -1 -1 -1 -1 
63 8 1072 413 174 431 -1 -1 -1 -1 
64 8 1076 415 174 432 -1 -1 -1 -1 
65 8 1079 411 177 437 -1 -1 -1 -1 
66 8 1084 408 177 439 -1 -1 -1 -1 
67 8 1089 404 176 439 -1 -1 -1 -1 
68 8 1093 401 176 436 -1 -1 -1 -1 
69 8 1097 400 176 435 -1 -1 -1 -1 
70 8 1101 397 174 432 -1 -1 -1 -1 
71 8 1102 391 175 435 -1 -1 -1 -1 
72 8 1104 387 176 437 -1 -1 -1 -1 
73 8 1105 382 177 435 -1 -1 -1 -1 
74 8 1106 379 176 436 -1 -1 -1 -1 
75 8 1107 377 175 434 -1 -1 -1 -1 
76 8 1107 372 176 435 -1 -1 -1 -1 
77 8 1108 371 176 434 -1 -1 -1 -1 
78 8 1107 371 174 433 -1 -1 -1 -1 
79 8 1105 370 173 433 -1 -1 -1 -1 
80 8 1099 367 176 433 -1 -1 -1 -1 
81 8 1095 366 177 435 -1 -1 -1 -1 
82 8 1088 360 181 441 -1 -1 -1 -1 
83 8 1084 357 177 437 -1 -1 -1 -1 
84 8 1077 357 177 434 -1 -1 -1 -1 
85 8 1071 357 176 433 -1 -1 -1 -1 
86 8 1062 354 176 432 -1 -1 -1 -1 
87 8 1054 350 177 433 -1 -1 -1 -1 
88 8 1046 344 177 434 -1 -1 -1 -1 
89 8 1041 336 176 432 -1 -1 -1 -1 
90 8 1034 331 177 433 -1 -1 -1 -1 
91 8 1031 328 175 434 -1 -1 -1 -1 
92 8 1025 324 176 434 -1 -1 -1 -1 
93 8 1021 317 176 436 -1 -1 -1 -1 
94 8 1018 313 178 438 -1 -1 -1 -1 
95 8 1016 311 177 441 -1 -1 -1 -1 
96 8 1013 311 179 443 -1 -1 -1 -1 
97 8 1012 309 180 445 -1 -1 -1 -1 
98 8 1012 310 180 445 -1 -1 -1 -1 
99 8 1014 308 181 448 -1 -1 -1 -1 
100 8 1015 309 180 446 -1 -1 -1 -1 
101 8 1017 310 181 445 -1 -1 -1 -1 
102 8 1020 311 182 446 -1 -1 -1 -1 
103 8 1029 310 183 449 -1 -1 -1 -1 
104 8 1045 310 181 446 -1 -1 -1 -1 
105 8 1058 310 181 446 -1 -1 -1 -1 
106 8 1066 307 181 445 -1 -1 -1 -1 
107 8 1074 305 180 443 -1 -1 -1 -1 
108 8 1082 303 180 445 -1 -1 -1 -1 
109 8 1086 304 180 445 -1 -1 -1 -1 
110 8 1089 300 182 448 -1 -1 -1 -1 
111 8 1093 298 182 448 -1 -1 -1 -1 
112 8 1096 294 182 449 -1 -1 -1 -1 
113 8 1100 290 182 449 -1 -1 -1 -1 
114 8 1102 289 183 451 -1 -1 -1 -1 
115 8 1104 288 184 451 -1 -1 -1 -1 
116 8 1107 289 184 451 -1 -1 -1 -1 
117 8 1110 287 185 452 -1 -1 -1 -1 
118 8 1112 288 183 448 -1 -1 -1 -1 
119 8 1112 292 183 449 -1 -1 -1 -1 
120 8 1112 292 184 453 -1 -1 -1 -1 
121 8 1111 293 184 454 -1 -1 -1 -1 
122 8 1109 292 185 457 -1 -1 -1 -1 
123 8 1104 292 187 460 -1 -1 -1 -1 
124 8 1101 294 185 458 -1 -1 -1 -1 
125 8 1096 294 184 456 -1 -1 -1 -1 
126 8 1090 296 184 455 -1 -1 -1 -1 
127 8 1085 296 186 459 -1 -1 -1 -1 
128 8 1082 296 186 461 -1 -1 -1 -1 
129 8 1081 295 188 464 -1 -1 -1 -1 
130 8 1081 293 188 467 -1 -1 -1 -1 
131 8 1081 292 188 464 -1 -1 -1 -1 
132 8 1081 290 187 463 -1 -1 -1 -1 
133 8 1080 290 187 464 -1 -1 -1 -1 
134 8 1079 291 188 465 -1 -1 -1 -1 
135 8 1079 293 188 465 -1 -1 -1 -1 
136 8 1080 293 189 469 -1 -1 -1 -1 
137 8 1081 293 191 473 -1 -1 -1 -1 
138 8 1083 297 193 477 -1 -1 -1 -1 
139 8 1086 297 194 480 -1 -1 -1 -1 
140 8 1090 297 196 482 -1 -1 -1 -1 
141 8 1095 300 196 482 -1 -1 -1 -1 
142 8 1101 301 196 481 -1 -1 -1 -1 
143 8 1108 303 196 479 -1 -1 -1 -1 
144 8 1114 302 193 478 -1 -1 -1 -1 
145 8 1122 302 193 475 -1 -1 -1 -1 
146 8 1127 302 193 474 -1 -1 -1 -1 
147 8 1132 302 193 476 -1 -1 -1 -1 
148 8 1134 301 195 479 -1 -1 -1 -1 
149 8 1137 300 195 481 -1 -1 -1 -1 
150 8 1140 303 196 480 -1 -1 -1 -1 
151 8 1142 301 197 486 -1 -1 -1 -1 
152 8 1143 299 197 487 -1 -1 -1 -1 
153 8 1144 300 197 488 -1 -1 -1 -1 
154 8 1145 301 197 486 -1 -1 -1 -1 
155 8 1143 301 197 483 -1 -1 -1 -1 
156 8 1143 303 196 485 -1 -1 -1 -1 
157 8 1141 310 196 480 -1 -1 -1 -1 
158 8 1138 311 196 479 -1 -1 -1 -1 
159 8 1135 310 196 478 -1 -1 -1 -1 
160 8 1130 308 196 479 -1 -1 -1 -1 
161 8 1125 307 197 484 -1 -1 -1 -1 
162 8 1120 306 197 487 -1 -1 -1 -1 
163 8 1114 305 197 486 -1 -1 -1 -1 
164 8 1108 303 200 489 -1 -1 -1 -1 
165 8 1104 302 199 491 -1 -1 -1 -1 
166 8 1102 300 197 489 -1 -1 -1 -1 
167 8 1097 298 197 485 -1 -1 -1 -1 
168 8 1092 297 197 482 -1 -1 -1 -1 
169 8 1089 294 198 484 -1 -1 -1 -1 
170 8 1088 292 200 488 -1 -1 -1 -1 
171 8 1087 292 199 487 -1 -1 -1 -1 
172 8 1087 292 198 486 -1 -1 -1 -1 
173 8 1085 291 198 487 -1 -1 -1 -1 
174 8 1084 290 201 494 -1 -1 -1 -1 
175 8 1085 289 204 500 -1 -1 -1 -1 
176 8 1089 290 206 505 -1 -1 -1 -1 
177 8 1092 291 206 502 -1 -1 -1 -1 
178 8 1097 292 205 503 -1 -1 -1 -1 
179 8 1100 292 206 505 -1 -1 -1 -1 
180 8 1106 293 205 501 -1 -1 -1 -1 
181 8 1112 289 205 503 -1 -1 -1 -1 
182 8 1118 289 205 504 -1 -1 -1 -1 
183 8 1123 289 204 502 -1 -1 -1 -1 
184 8 1127 288 204 501 -1 -1 -1 -1 
185 8 1132 286 202 500 -1 -1 -1 -1 
186 8 1136 285 204 502 -1 -1 -1 -1 
187 8 1139 284 205 504 -1 -1 -1 -1 
188 8 1142 284 205 504 -1 -1 -1 -1 
189 8 1144 283 205 504 -1 -1 -1 -1 
190 8 1144 283 205 500 -1 -1 -1 -1 
191 8 1145 284 204 498 -1 -1 -1 -1 
192 8 1145 288 203 498 -1 -1 -1 -1 
193 8 1143 288 205 504 -1 -1 -1 -1 
194 8 1140 293 205 505 -1 -1 -1 -1 
195 8 1136 297 206 506 -1 -1 -1 -1 
196 8 1131 299 206 507 -1 -1 -1 -1 
197 8 1129 300 205 504 -1 -1 -1 -1 
198 8 1125 301 205 507 -1 -1 -1 -1 
199 8 1120 302 204 507 -1 -1 -1 -1 
200 8 1115 303 207 514 -1 -1 -1 -1 
201 8 1112 305 205 509 -1 -1 -1 -1 
202 8 1106 309 205 506 -1 -1 -1 -1 
203 8 1102 312 207 504 -1 -1 -1 -1 
204 8 1100 312 208 506 -1 -1 -1 -1 
205 8 1098 311 209 508 -1 -1 -1 -1 
206 8 1097 310 211 512 -1 -1 -1 -1 
207 8 1097 309 210 512 -1 -1 -1 -1 
208 8 1097 308 210 513 -1 -1 -1 -1 
209 8 1097 309 211 514 -1 -1 -1 -1 
210 8 1097 311 211 512 -1 -1 -1 -1 
211 8 1098 313 211 513 -1 -1 -1 -1 
212 8 1099 315 211 515 -1 -1 -1 -1 
213 8 1099 316 212 518 -1 -1 -1 -1 
214 8 1101 322 212 516 -1 -1 -1 -1 
215 8 1106 320 211 517 -1 -1 -1 -1 
216 8 1110 318 213 521 -1 -1 -1 -1 
217 8 1115 317 212 525 -1 -1 -1 -1 
218 8 1120 316 214 529 -1 -1 -1 -1 
219 8 1124 318 214 526 -1 -1 -1 -1 
220 8 1130 315 214 528 -1 -1 -1 -1 
221 8 1136 315 216 530 -1 -1 -1 -1 
222 8 1143 317 217 533 -1 -1 -1 -1 
223 8 1150 318 216 531 -1 -1 -1 -1 
224 8 1155 315 217 534 -1 -1 -1 -1 
225 8 1158 314 217 534 -1 -1 -1 -1 
226 8 1162 314 216 534 -1 -1 -1 -1 
227 8 1164 313 216 534 -1 -1 -1 -1 
228 8 1166 313 215 532 -1 -1 -1 -1 
229 8 1167 315 215 531 -1 -1 -1 -1 
230 8 1167 319 216 532 -1 -1 -1 -1 
231 8 1166 320 217 537 -1 -1 -1 -1 
232 8 1164 320 218 540 -1 -1 -1 -1 
233 8 1161 325 219 539 -1 -1 -1 -1 
234 8 1159 326 218 539 -1 -1 -1 -1 
235 8 1159 326 217 539 -1 -1 -1 -1 
236 8 1159 328 217 538 -1 -1 -1 -1 
237 8 1157 329 216 536 -1 -1 -1 -1 
238 8 1153 330 217 539 -1 -1 -1 -1 
239 8 1149 332 218 536 -1 -1 -1 -1 
240 8 1145 335 218 538 -1 -1 -1 -1 
241 8 1139 334 219 543 -1 -1 -1 -1 
242 8 1133 332 220 547 -1 -1 -1 -1 
243 8 1127 332 222 546 -1 -1 -1 -1 
244 8 1121 333 221 545 -1 -1 -1 -1 
245 8 1116 334 221 546 -1 -1 -1 -1 
246 8 1113 337 221 548 -1 -1 -1 -1 
247 8 1108 336 222 551 -1 -1 -1 -1 
248 8 1104 339 225 556 -1 -1 -1 -1 
249 8 1102 341 228 564 -1 -1 -1 -1 
250 8 1102 341 230 568 -1 -1 -1 -1 
251 8 1105 346 229 566 -1 -1 -1 -1 
252 8 1106 348 228 566 -1 -1 -1 -1 
253 8 1106 346 229 567 -1 -1 -1 -1 
254 8 1108 347 229 567 -1 -1 -1 -1 
255 8 1111 346 228 564 -1 -1 -1 -1 
256 8 1118 346 227 561 -1 -1 -1 -1 
257 8 1123 346 228 563 -1 -1 -1 -1 
258 8 1127 347 227 560 -1 -1 -1 -1 
259 8 1131 347 227 560 -1 -1 -1 -1 
260 8 1133 345 228 564 -1 -1 -1 -1 
261 8 1136 343 229 565 -1 -1 -1 -1 
262 8 1139 342 230 567 -1 -1 -1 -1 
263 8 1143 341 229 566 -1 -1 -1 -1 
264 8 1144 338 231 571 -1 -1 -1 -1 
265 8 1146 336 230 568 -1 -1 -1 -1 
266 8 1148 335 230 568 -1 -1 -1 -1 
267 8 1151 335 230 570 -1 -1 -1 -1 
268 8 1155 334 230 572 -1 -1 -1 -1 
269 8 1156 330 231 574 -1 -1 -1 -1 
270 8 1157 325 230 576 -1 -1 -1 -1 
271 8 1157 320 230 574 -1 -1 -1 -1 
272 8 1154 313 231 572 -1 -1 -1 -1 
273 8 1152 308 232 573 -1 -1 -1 -1 
274 8 1148 301 232 572 -1 -1 -1 -1 
275 8 1147 297 228 568 -1 -1 -1 -1 
276 8 1143 290 229 567 -1 -1 -1 -1 
277 8 1141 285 227 562 -1 -1 -1 -1 
278 8 1137 279 229 566 -1 -1 -1 -1 
279 8 1133 268 233 572 -1 -1 -1 -1 
280 8 1132 258 235 578 -1 -1 -1 -1 
281 8 1132 250 235 579 -1 -1 -1 -1 
282 8 1132 243 234 577 -1 -1 -1 -1 
283 8 1133 235 235 580 -1 -1 -1 -1 
284 8 1135 229 237 582 -1 -1 -1 -1 
285 8 1139 220 239 588 -1 -1 -1 -1 
286 8 1142 210 242 595 -1 -1 -1 -1 
287 8 1149 204 242 594 -1 -1 -1 -1 
288 8 1156 195 242 598 -1 -1 -1 -1 
289 8 1163 188 243 601 -1 -1 -1 -1 
290 8 1171 186 241 593 -1 -1 -1 -1 
291 8 1179 180 241 592 -1 -1 -1 -1 
292 8 1185 177 242 591 -1 -1 -1 -1 
293 8 1193 173 242 594 -1 -1 -1 -1 
294 8 1203 172 242 596 -1 -1 -1 -1 
295 8 1211 174 244 598 -1 -1 -1 -1 
296 8 1217 174 246 602 -1 -1 -1 -1 
297 8 1224 174 247 603 -1 -1 -1 -1 
298 8 1232 174 248 603 -1 -1 -1 -1 
299 8 1239 172 249 606 -1 -1 -1 -1 
300 8 1244 173 248 607 -1 -1 -1 -1 
301 8 1245 174 248 608 -1 -1 -1 -1 
302 8 1246 176 248 606 -1 -1 -1 -1 
303 8 1248 176 249 608 -1 -1 -1 -1 
304 8 1250 176 251 613 -1 -1 -1 -1 
305 8 1251 176 252 615 -1 -1 -1 -1 
306 8 1254 175 252 616 -1 -1 -1 -1 
307 8 1255 172 252 615 -1 -1 -1 -1 
308 8 1255 172 252 613 -1 -1 -1 -1 
309 8 1255 173 250 608 -1 -1 -1 -1 
310 8 1255 170 248 608 -1 -1 -1 -1 
311 8 1254 168 246 603 -1 -1 -1 -1 
312 8 1253 167 249 612 -1 -1 -1 -1 
313 8 1252 167 252 617 -1 -1 -1 -1 
314 8 1251 166 254 623 -1 -1 -1 -1 
315 8 1250 164 255 627 -1 -1 -1 -1 
316 8 1244 162 256 629 -1 -1 -1 -1 
317 8 1242 160 255 628 -1 -1 -1 -1 
318 8 1238 158 259 634 -1 -1 -1 -1 
319 8 1236 154 263 640 -1 -1 -1 -1 
320 8 1239 154 264 645 -1 -1 -1 -1 
321 8 1243 150 262 643 -1 -1 -1 -1 
322 8 1231 140 271 666 -1 -1 -1 -1 
336 8 1237 167 259 637 -1 -1 -1 -1 
337 8 1232 168 258 638 -1 -1 -1 -1 
338 8 1234 169 263 651 -1 -1 -1 -1 
339 8 1232 174 264 653 -1 -1 -1 -1 
340 8 1233 179 262 649 -1 -1 -1 -1 
341 8 1229 176 263 650 -1 -1 -1 -1 
342 8 1221 172 265 652 -1 -1 -1 -1 
343 8 1219 167 266 656 -1 -1 -1 -1 
344 8 1216 163 268 657 -1 -1 -1 -1 
345 8 1211 156 271 664 -1 -1 -1 -1 
346 8 1206 154 271 664 -1 -1 -1 -1 
347 8 1201 154 267 661 -1 -1 -1 -1 
348 8 1194 155 265 651 -1 -1 -1 -1 
349 8 1189 155 263 646 -1 -1 -1 -1 
350 8 1182 152 267 657 -1 -1 -1 -1 
351 8 1177 153 269 662 -1 -1 -1 -1 
352 8 1172 153 272 666 -1 -1 -1 -1 
353 8 1167 152 272 670 -1 -1 -1 -1 
354 8 1160 152 272 671 -1 -1 -1 -1 
355 8 1152 151 271 671 -1 -1 -1 -1 
356 8 1143 151 272 671 -1 -1 -1 -1 
357 8 1135 151 275 675 -1 -1 -1 -1 
358 8 1131 150 274 674 -1 -1 -1 -1 
359 8 1124 148 277 681 -1 -1 -1 -1 
360 8 1116 148 280 687 -1 -1 -1 -1 
361 8 1112 146 282 691 -1 -1 -1 -1 
362 8 1105 146 284 695 -1 -1 -1 -1 
363 8 1095 146 286 700 -1 -1 -1 -1 
364 8 1090 143 287 703 -1 -1 -1 -1 
365 8 1090 145 285 699 -1 -1 -1 -1 
366 8 1088 147 283 694 -1 -1 -1 -1 
367 8 1090 145 279 683 -1 -1 -1 -1 
368 8 1093 144 276 675 -1 -1 -1 -1 
369 8 1093 142 277 680 -1 -1 -1 -1 
370 8 1093 142 280 685 -1 -1 -1 -1 
371 8 1092 142 282 691 -1 -1 -1 -1 
372 8 1091 141 282 696 -1 -1 -1 -1 
373 8 1092 142 282 699 -1 -1 -1 -1 
374 8 1093 144 284 703 -1 -1 -1 -1 
375 8 1094 148 284 701 -1 -1 -1 -1 
376 8 1093 153 286 701 -1 -1 -1 -1 
377 8 1093 158 286 703 -1 -1 -1 -1 
378 8 1095 161 285 701 -1 -1 -1 -1 
379 8 1095 164 285 698 -1 -1 -1 -1 
380 8 1095 165 286 701 -1 -1 -1 -1 
381 8 1092 165 288 707 -1 -1 -1 -1 
382 8 1089 164 290 709 -1 -1 -1 -1 
383 8 1087 159 290 715 -1 -1 -1 -1 
384 8 1085 157 290 717 -1 -1 -1 -1 
385 8 1082 159 290 717 -1 -1 -1 -1 
386 8 1080 160 289 715 -1 -1 -1 -1 
387 8 1078 158 288 710 -1 -1 -1 -1 
388 8 1076 157 288 708 -1 -1 -1 -1 
389 8 1073 158 290 716 -1 -1 -1 -1 
390 8 1069 159 293 721 -1 -1 -1 -1 
391 8 1067 159 295 725 -1 -1 -1 -1 
392 8 1063 158 295 728 -1 -1 -1 -1 
393 8 1061 160 294 726 -1 -1 -1 -1 
394 8 1059 160 294 723 -1 -1 -1 -1 
395 8 1053 160 299 732 -1 -1 -1 -1 
396 8 1049 160 304 741 -1 -1 -1 -1 
397 8 1048 159 305 746 -1 -1 -1 -1 
398 8 1050 159 304 746 -1 -1 -1 -1 
399 8 1051 159 305 749 -1 -1 -1 -1 
400 8 1051 160 304 749 -1 -1 -1 -1 
401 8 1048 157 307 758 -1 -1 -1 -1 
402 8 1048 151 310 765 -1 -1 -1 -1 
403 8 1050 150 311 765 -1 -1 -1 -1 
404 8 1051 150 310 763 -1 -1 -1 -1 
405 8 1052 153 308 755 -1 -1 -1 -1 
406 8 1055 155 307 749 -1 -1 -1 -1 
407 8 1059 157 301 733 -1 -1 -1 -1 
408 8 1059 158 303 734 -1 -1 -1 -1 
409 8 1061 157 306 745 -1 -1 -1 -1 
410 8 1065 158 306 748 -1 -1 -1 -1 
411 8 1071 158 306 753 -1 -1 -1 -1 
412 8 1079 157 303 749 -1 -1 -1 -1 
413 8 1082 157 307 756 -1 -1 -1 -1 
414 8 1087 156 306 754 -1 -1 -1 -1 
415 8 1089 158 309 755 -1 -1 -1 -1 
416 8 1092 156 308 753 -1 -1 -1 -1 
417 8 1093 158 310 754 -1 -1 -1 -1 
418 8 1096 157 310 758 -1 -1 -1 -1 
419 8 1095 156 312 763 -1 -1 -1 -1 
420 8 1093 154 315 770 -1 -1 -1 -1 
421 8 1093 148 315 772 -1 -1 -1 -1 
422 8 1091 145 316 773 -1 -1 -1 -1 
423 8 1088 140 318 780 -1 -1 -1 -1 
424 8 1086 140 320 782 -1 -1 -1 -1 
425 8 1085 136 320 782 -1 -1 -1 -1 
426 8 1084 135 319 781 -1 -1 -1 -1 
427 8 1083 135 319 780 -1 -1 -1 -1 
428 8 1082 135 319 780 -1 -1 -1 -1 
429 8 1080 135 320 785 -1 -1 -1 -1 
430 8 1079 134 320 786 -1 -1 -1 -1 
431 8 1079 135 321 782 -1 -1 -1 -1 
432 8 1079 135 319 780 -1 -1 -1 -1 
433 8 1079 134 321 783 -1 -1 -1 -1 
434 8 1079 132 324 789 -1 -1 -1 -1 
435 8 1081 132 321 788 -1 -1 -1 -1 
436 8 1083 132 322 785 -1 -1 -1 -1 
437 8 1087 131 320 779 -1 -1 -1 -1 
438 8 1089 130 320 774 -1 -1 -1 -1 
439 8 1089 127 321 777 -1 -1 -1 -1 
440 8 1092 123 319 777 -1 -1 -1 -1 
441 8 1095 120 319 781 -1 -1 -1 -1 
442 8 1099 123 319 777 -1 -1 -1 -1 
443 8 1101 124 321 779 -1 -1 -1 -1 
444 8 1104 125 322 778 -1 -1 -1 -1 
445 8 1111 125 320 779 -1 -1 -1 -1 
446 8 1117 129 319 779 -1 -1 -1 -1 
447 8 1124 134 317 777 -1 -1 -1 -1 
448 8 1130 140 316 775 -1 -1 -1 -1 
449 8 1137 147 313 768 -1 -1 -1 -1 
450 8 1143 150 315 769 -1 -1 -1 -1 
451 8 1151 155 310 761 -1 -1 -1 -1 
452 8 1157 157 310 762 -1 -1 -1 -1 
453 8 1166 159 309 766 -1 -1 -1 -1 
454 8 1173 160 308 767 -1 -1 -1 -1 
455 8 1177 160 310 769 -1 -1 -1 -1 
456 8 1181 159 312 771 -1 -1 -1 -1 
457 8 1185 157 314 768 -1 -1 -1 -1 
458 8 1188 153 319 779 -1 -1 -1 -1 
459 8 1193 151 322 778 -1 -1 -1 -1 
460 8 1200 145 320 777 -1 -1 -1 -1 
461 8 1208 139 318 777 -1 -1 -1 -1 
462 8 1212 137 319 783 -1 -1 -1 -1 
463 8 1214 133 320 786 -1 -1 -1 -1 
464 8 1214 129 322 791 -1 -1 -1 -1 
465 8 1213 126 324 793 -1 -1 -1 -1 
466 8 1212 126 324 795 -1 -1 -1 -1 
467 8 1211 126 323 795 -1 -1 -1 -1 
468 8 1206 128 324 796 -1 -1 -1 -1 
469 8 1196 129 331 812 -1 -1 -1 -1 
470 8 1193 129 334 820 -1 -1 -1 -1 
471 8 1192 131 335 820 -1 -1 -1 -1 
472 8 1190 131 335 819 -1 -1 -1 -1 
473 8 1190 129 335 821 -1 -1 -1 -1 
474 8 1187 126 336 823 -1 -1 -1 -1 
475 8 1184 119 336 824 -1 -1 -1 -1 
476 8 1184 114 330 813 -1 -1 -1 -1 
477 8 1187 112 323 786 -1 -1 -1 -1 
478 8 1184 111 328 799 -1 -1 -1 -1 
479 8 1182 107 330 809 -1 -1 -1 -1 
480 8 1180 105 332 815 -1 -1 -1 -1 
481 8 1181 109 330 811 -1 -1 -1 -1 
482 8 1183 115 329 808 -1 -1 -1 -1 
483 8 1187 117 327 802 -1 -1 -1 -1 
484 8 1188 118 330 809 -1 -1 -1 -1 
485 8 1188 122 333 817 -1 -1 -1 -1 
486 8 1193 127 330 808 -1 -1 -1 -1 
487 8 1203 133 328 808 -1 -1 -1 -1 
488 8 1212 139 324 802 -1 -1 -1 -1 
489 8 1215 144 325 804 -1 -1 -1 -1 
490 8 1218 147 328 812 -1 -1 -1 -1 
491 8 1220 147 327 810 -1 -1 -1 -1 
492 8 1218 145 331 817 -1 -1 -1 -1 
493 8 1217 143 333 822 -1 -1 -1 -1 
494 8 1214 139 339 833 -1 -1 -1 -1 
495 8 1210 136 344 841 -1 -1 -1 -1 
496 8 1212 131 343 842 -1 -1 -1 -1 
497 8 1214 126 341 839 -1 -1 -1 -1 
498 8 1214 123 342 841 -1 -1 -1 -1 
499 8 1213 120 345 852 -1 -1 -1 -1 
500 8 1214 118 346 859 -1 -1 -1 -1 
501 8 1215 118 347 864 -1 -1 -1 -1 
502 8 1214 121 351 864 -1 -1 -1 -1 
503 8 1210 120 352 872 -1 -1 -1 -1 
504 8 1208 121 353 875 -1 -1 -1 -1 
505 8 1209 120 360 883 -1 -1 -1 -1 
506 8 1210 117 360 882 -1 -1 -1 -1 
507 8 1212 116 357 877 -1 -1 -1 -1 
508 8 1210 111 357 876 -1 -1 -1 -1 
509 8 1210 106 355 876 -1 -1 -1 -1 
510 8 1208 101 354 872 -1 -1 -1 -1 
511 8 1205 98 355 870 -1 -1 -1 -1 
512 8 1200 94 357 871 -1 -1 -1 -1 
513 8 1196 88 359 871 -1 -1 -1 -1 
514 8 1198 79 356 866 -1 -1 -1 -1 
515 8 1198 71 356 866 -1 -1 -1 -1 
516 8 1196 64 358 867 -1 -1 -1 -1 
517 8 1197 61 357 867 -1 -1 -1 -1 
518 8 1198 58 357 869 -1 -1 -1 -1 
519 8 1199 56 357 870 -1 -1 -1 -1 
520 8 1201 62 355 869 -1 -1 -1 -1 
521 8 1206 72 352 863 -1 -1 -1 -1 
522 8 1208 65 351 862 -1 -1 -1 -1 
523 8 1209 63 351 864 -1 -1 -1 -1 
524 8 1211 71 353 865 -1 -1 -1 -1 
525 8 1215 72 355 869 -1 -1 -1 -1 
526 8 1219 64 356 872 -1 -1 -1 -1 
527 8 1223 62 355 881 -1 -1 -1 -1 
528 8 1228 61 361 884 -1 -1 -1 -1 
529 8 1234 61 360 886 -1 -1 -1 -1 
530 8 1241 67 360 884 -1 -1 -1 -1 
531 8 1246 64 362 893 -1 -1 -1 -1 
532 8 1251 61 366 905 -1 -1 -1 -1 
533 8 1255 58 370 916 -1 -1 -1 -1 
534 8 1258 51 377 925 -1 -1 -1 -1 
535 8 1264 52 374 921 -1 -1 -1 -1 
536 8 1266 53 374 923 -1 -1 -1 -1 
537 8 1268 54 376 931 -1 -1 -1 -1 
538 8 1269 48 382 945 -1 -1 -1 -1 
539 8 1272 47 383 956 -1 -1 -1 -1 
540 8 1275 48 384 963 -1 -1 -1 -1 
541 8 1278 55 384 961 -1 -1 -1 -1 
542 8 1280 55 385 963 -1 -1 -1 -1 
543 8 1281 55 385 964 -1 -1 -1 -1 
544 8 1279 54 389 968 -1 -1 -1 -1 
545 8 1276 54 388 967 -1 -1 -1 -1 
546 8 1273 56 388 965 -1 -1 -1 -1 
547 8 1270 57 386 955 -1 -1 -1 -1 
548 8 1266 60 383 941 -1 -1 -1 -1 
549 8 1262 58 382 938 -1 -1 -1 -1 
550 8 1260 59 381 936 -1 -1 -1 -1 
551 8 1258 57 381 938 -1 -1 -1 -1 
552 8 1257 60 380 935 -1 -1 -1 -1 
553 8 1252 62 378 931 -1 -1 -1 -1 
554 8 1249 61 380 936 -1 -1 -1 -1 
555 8 1247 63 381 936 -1 -1 -1 -1 
556 8 1244 62 383 946 -1 -1 -1 -1 
557 8 1245 63 382 953 -1 -1 -1 -1 
558 8 1246 64 386 956 -1 -1 -1 -1 
559 8 1250 66 386 954 -1 -1 -1 -1 
560 8 1251 66 388 956 -1 -1 -1 -1 
561 8 1257 65 387 954 -1 -1 -1 -1 
562 8 1261 66 387 953 -1 -1 -1 -1 
563 8 1267 66 385 946 -1 -1 -1 -1 
564 8 1278 64 381 938 -1 -1 -1 -1 
565 8 1288 62 385 950 -1 -1 -1 -1 
566 8 1298 62 391 958 -1 -1 -1 -1 
567 8 1308 65 388 957 -1 -1 -1 -1 
568 8 1315 66 389 963 -1 -1 -1 -1 
569 8 1321 59 391 974 -1 -1 -1 -1 
570 8 1329 60 397 977 -1 -1 -1 -1 
571 8 1337 60 403 981 -1 -1 -1 -1 
572 8 1348 62 400 980 -1 -1 -1 -1 
573 8 1358 62 402 988 -1 -1 -1 -1 
574 8 1365 64 408 996 -1 -1 -1 -1 
575 8 1375 65 410 994 -1 -1 -1 -1 
576 8 1387 68 409 993 -1 -1 -1 -1 
577 8 1400 68 405 989 -1 -1 -1 -1 
578 8 1411 67 404 992 -1 -1 -1 -1 
579 8 1423 77 399 984 -1 -1 -1 -1 
580 8 1426 79 399 981 -1 -1 -1 -1 
581 8 1426 78 402 983 -1 -1 -1 -1 
582 8 1432 79 402 979 -1 -1 -1 -1 
583 8 1439 80 399 974 -1 -1 -1 -1 
584 8 1441 79 399 972 -1 -1 -1 -1 
585 8 1445 80 400 970 -1 -1 -1 -1 
586 8 1446 77 404 975 -1 -1 -1 -1 
587 8 1449 77 403 977 -1 -1 -1 -1 
588 8 1451 75 403 978 -1 -1 -1 -1 
589 8 1452 72 404 981 -1 -1 -1 -1 
590 8 1455 69 405 982 -1 -1 -1 -1 
591 8 1454 68 405 983 -1 -1 -1 -1 
592 8 1457 69 403 982 -1 -1 -1 -1 
593 8 1461 71 402 979 -1 -1 -1 -1 
594 8 1466 73 401 976 -1 -1 -1 -1 
595 8 1471 76 397 968 -1 -1 -1 -1 
596 8 1476 76 398 970 -1 -1 -1 -1 
597 8 1483 68 405 985 -1 -1 -1 -1 
598 8 1489 64 406 994 -1 -1 -1 -1 
599 8 1497 64 403 994 -1 -1 -1 -1 
600 8 1505 62 400 994 -1 -1 -1 -1 
601 8 1515 67 396 991 -1 -1 -1 -1 
602 8 1524 69 395 991 -1 -1 -1 -1 
603 8 1538 71 384 990 -1 -1 -1 -1 
604 8 1554 75 369 981 -1 -1 -1 -1 
605 8 1571 79 352 982 -1 -1 -1 -1 
606 8 1581 77 342 987 -1 -1 -1 -1 
607 8 1594 75 328 993 -1 -1 -1 -1 
608 8 1606 73 316 997 -1 -1 -1 -1 
609 8 1615 74 306 994 -1 -1 -1 -1 
610 8 1628 78 293 992 -1 -1 -1 -1 
611 8 1640 79 280 996 -1 -1 -1 -1 
612 8 1653 82 266 994 -1 -1 -1 -1 
613 8 1668 85 250 992 -1 -1 -1 -1 
614 8 1685 92 233 984 -1 -1 -1 -1 
615 8 1703 97 216 975 -1 -1 -1 -1 
616 8 1715 94 203 977 -1 -1 -1 -1 
617 8 1719 101 199 973 -1 -1 -1 -1 
618 8 1716 106 202 968 -1 -1 -1 -1 
619 8 1716 111 201 961 -1 -1 -1 -1 
620 8 1719 119 198 950 -1 -1 -1 -1 
621 8 1720 122 197 944 -1 -1 -1 -1 
622 8 1718 125 199 943 -1 -1 -1 -1 
623 8 1716 127 201 946 -1 -1 -1 -1 
624 8 1713 133 204 941 -1 -1 -1 -1 
625 8 1709 130 208 945 -1 -1 -1 -1 
626 8 1707 131 211 940 -1 -1 -1 -1 
627 8 1703 131 215 939 -1 -1 -1 -1 
628 8 1701 128 218 939 -1 -1 -1 -1 
629 8 1701 123 218 944 -1 -1 -1 -1 
630 8 1701 124 219 943 -1 -1 -1 -1 
631 8 1702 122 218 944 -1 -1 -1 -1 
632 8 1697 124 224 943 -1 -1 -1 -1 
633 8 1699 121 222 948 -1 -1 -1 -1 
634 8 1698 116 224 954 -1 -1 -1 -1 
635 8 1696 102 226 968 -1 -1 -1 -1 
636 8 1696 92 226 979 -1 -1 -1 -1 
637 8 1695 92 226 982 -1 -1 -1 -1 
638 8 1698 85 223 989 -1 -1 -1 -1 
639 8 1704 88 217 986 -1 -1 -1 -1 
640 8 1710 92 212 979 -1 -1 -1 -1 
641 8 1719 92 203 978 -1 -1 -1 -1 
642 8 1730 85 191 985 -1 -1 -1 -1 
643 8 1737 84 184 984 -1 -1 -1 -1 
644 8 1746 93 175 982 -1 -1 -1 -1 
645 8 1750 93 170 985 -1 -1 -1 -1 
646 8 1757 108 163 963 -1 -1 -1 -1 
647 8 1761 125 158 939 -1 -1 -1 -1 
648 8 1770 127 149 939 -1 -1 -1 -1 
649 8 1779 113 140 947 -1 -1 -1 -1 
676 8 1770 91 149 967 -1 -1 -1 -1 
677 8 1776 112 144 951 -1 -1 -1 -1 
678 8 1780 125 141 939 -1 -1 -1 -1 
679 8 1785 136 136 931 -1 -1 -1 -1 
680 8 1800 157 122 903 -1 -1 -1 -1 
16 10 666 344 40 105 -1 -1 -1 -1 
17 10 666 344 42 109 -1 -1 -1 -1 
18 10 666 349 44 113 -1 -1 -1 -1 
19 10 665 353 47 119 -1 -1 -1 -1 
20 10 666 357 47 118 -1 -1 -1 -1 
21 10 675 361 47 120 -1 -1 -1 -1 
22 10 692 361 49 123 -1 -1 -1 -1 
23 10 705 368 47 119 -1 -1 -1 -1 
24 10 717 371 46 116 -1 -1 -1 -1 
25 10 729 372 48 119 -1 -1 -1 -1 
26 10 744 373 48 121 -1 -1 -1 -1 
27 10 758 377 48 119 -1 -1 -1 -1 
28 10 765 380 47 122 -1 -1 -1 -1 
29 10 772 387 45 115 -1 -1 -1 -1 
30 10 783 393 41 102 -1 -1 -1 -1 
31 10 787 399 43 108 -1 -1 -1 -1 
56 10 747 520 50 123 -1 -1 -1 -1 
57 10 745 522 49 123 -1 -1 -1 -1 
70 10 754 495 53 132 -1 -1 -1 -1 
71 10 754 490 53 133 -1 -1 -1 -1 
72 10 754 485 53 135 -1 -1 -1 -1 
73 10 753 482 54 136 -1 -1 -1 -1 
74 10 751 479 56 138 -1 -1 -1 -1 
75 10 750 474 56 141 -1 -1 -1 -1 
76 10 749 472 56 141 -1 -1 -1 -1 
77 10 748 468 57 145 -1 -1 -1 -1 
78 10 745 469 57 144 -1 -1 -1 -1 
79 10 741 464 57 145 -1 -1 -1 -1 
80 10 735 464 58 146 -1 -1 -1 -1 
81 10 729 460 60 148 -1 -1 -1 -1 
82 10 725 456 59 148 -1 -1 -1 -1 
83 10 720 451 60 149 -1 -1 -1 -1 
84 10 712 448 60 150 -1 -1 -1 -1 
85 10 703 442 62 154 -1 -1 -1 -1 
86 10 696 439 61 154 -1 -1 -1 -1 
87 10 687 436 61 152 -1 -1 -1 -1 
88 10 677 434 61 151 -1 -1 -1 -1 
89 10 673 434 60 148 -1 -1 -1 -1 
90 10 663 432 60 147 -1 -1 -1 -1 
91 10 655 424 62 154 -1 -1 -1 -1 
95 10 639 423 60 149 -1 -1 -1 -1 
96 10 636 428 59 143 -1 -1 -1 -1 
97 10 634 419 61 151 -1 -1 -1 -1 
98 10 632 414 64 158 -1 -1 -1 -1 
99 10 630 412 65 162 -1 -1 -1 -1 
100 10 630 413 65 161 -1 -1 -1 -1 
101 10 631 410 65 161 -1 -1 -1 -1 
102 10 635 407 66 163 -1 -1 -1 -1 
103 10 643 406 65 161 -1 -1 -1 -1 
104 10 658 410 62 156 -1 -1 -1 -1 
105 10 667 408 64 159 -1 -1 -1 -1 
106 10 674 411 63 154 -1 -1 -1 -1 
107 10 679 410 63 155 -1 -1 -1 -1 
108 10 686 413 62 152 -1 -1 -1 -1 
109 10 688 411 61 152 -1 -1 -1 -1 
110 10 690 407 61 156 -1 -1 -1 -1 
111 10 691 404 62 159 -1 -1 -1 -1 
112 10 691 401 64 163 -1 -1 -1 -1 
113 10 694 406 62 158 -1 -1 -1 -1 
114 10 694 399 65 164 -1 -1 -1 -1 
115 10 694 391 68 172 -1 -1 -1 -1 
116 10 696 392 68 170 -1 -1 -1 -1 
117 10 701 405 63 156 -1 -1 -1 -1 
118 10 699 400 66 161 -1 -1 -1 -1 
119 10 698 397 68 166 -1 -1 -1 -1 
120 10 698 397 67 164 -1 -1 -1 -1 
121 10 697 397 67 166 -1 -1 -1 -1 
122 10 694 393 67 171 -1 -1 -1 -1 
123 10 690 389 70 178 -1 -1 -1 -1 
130 10 657 388 75 186 -1 -1 -1 -1 
131 10 657 387 75 188 -1 -1 -1 -1 
132 10 656 386 76 190 -1 -1 -1 -1 
133 10 653 386 77 193 -1 -1 -1 -1 
134 10 651 388 78 193 -1 -1 -1 -1 
135 10 652 394 77 191 -1 -1 -1 -1 
136 10 654 400 75 185 -1 -1 -1 -1 
137 10 655 406 74 181 -1 -1 -1 -1 
138 10 654 406 75 186 -1 -1 -1 -1 
139 10 655 406 75 187 -1 -1 -1 -1 
140 10 657 403 76 189 -1 -1 -1 -1 
141 10 660 405 75 187 -1 -1 -1 -1 
142 10 663 406 76 186 -1 -1 -1 -1 
143 10 666 407 77 189 -1 -1 -1 -1 
144 10 671 410 76 188 -1 -1 -1 -1 
145 10 675 406 77 193 -1 -1 -1 -1 
146 10 676 401 80 199 -1 -1 -1 -1 
147 10 676 400 81 203 -1 -1 -1 -1 
148 10 676 398 83 208 -1 -1 -1 -1 
149 10 678 398 84 212 -1 -1 -1 -1 
150 10 679 402 84 210 -1 -1 -1 -1 
151 10 678 402 84 212 -1 -1 -1 -1 
152 10 677 403 84 211 -1 -1 -1 -1 
153 10 675 407 84 211 -1 -1 -1 -1 
154 10 672 409 85 212 -1 -1 -1 -1 
155 10 668 402 87 218 -1 -1 -1 -1 
156 10 665 398 89 223 -1 -1 -1 -1 
157 10 662 403 89 221 -1 -1 -1 -1 
158 10 658 406 89 219 -1 -1 -1 -1 
159 10 652 403 90 222 -1 -1 -1 -1 
160 10 646 402 89 223 -1 -1 -1 -1 
161 10 639 400 90 226 -1 -1 -1 -1 
162 10 631 400 91 226 -1 -1 -1 -1 
163 10 622 398 93 230 -1 -1 -1 -1 
164 10 613 394 94 235 -1 -1 -1 -1 
165 10 605 394 94 235 -1 -1 -1 -1 
166 10 598 394 95 235 -1 -1 -1 -1 
167 10 591 389 97 240 -1 -1 -1 -1 
168 10 587 388 96 240 -1 -1 -1 -1 
169 10 582 390 95 237 -1 -1 -1 -1 
170 10 577 388 97 239 -1 -1 -1 -1 
171 10 571 387 98 243 -1 -1 -1 -1 
172 10 564 385 101 249 -1 -1 -1 -1 
173 10 560 385 102 251 -1 -1 -1 -1 
174 10 556 383 103 256 -1 -1 -1 -1 
175 10 553 382 105 258 -1 -1 -1 -1 
176 10 550 383 106 261 -1 -1 -1 -1 
177 10 548 383 107 262 -1 -1 -1 -1 
178 10 546 382 109 266 -1 -1 -1 -1 
179 10 545 381 111 269 -1 -1 -1 -1 
180 10 545 381 112 273 -1 -1 -1 -1 
181 10 546 381 113 277 -1 -1 -1 -1 
182 10 545 381 115 279 -1 -1 -1 -1 
183 10 548 383 113 278 -1 -1 -1 -1 
184 10 550 384 112 279 -1 -1 -1 -1 
185 10 552 386 111 278 -1 -1 -1 -1 
186 10 554 386 111 279 -1 -1 -1 -1 
187 10 554 385 112 281 -1 -1 -1 -1 
188 10 553 381 114 286 -1 -1 -1 -1 
189 10 550 379 116 290 -1 -1 -1 -1 
190 10 546 380 117 288 -1 -1 -1 -1 
191 10 542 380 119 292 -1 -1 -1 -1 
192 10 537 381 119 296 -1 -1 -1 -1 
193 10 530 380 120 299 -1 -1 -1 -1 
194 10 522 379 122 303 -1 -1 -1 -1 
195 10 514 380 123 308 -1 -1 -1 -1 
196 10 504 382 125 310 -1 -1 -1 -1 
197 10 493 380 128 315 -1 -1 -1 -1 
198 10 485 382 129 319 -1 -1 -1 -1 
199 10 476 387 129 322 -1 -1 -1 -1 
200 10 467 390 129 321 -1 -1 -1 -1 
201 10 459 396 127 317 -1 -1 -1 -1 
202 10 448 396 130 320 -1 -1 -1 -1 
203 10 438 396 133 327 -1 -1 -1 -1 
204 10 430 397 134 329 -1 -1 -1 -1 
205 10 422 398 135 331 -1 -1 -1 -1 
206 10 416 397 136 334 -1 -1 -1 -1 
207 10 406 395 139 339 -1 -1 -1 -1 
208 10 400 392 140 343 -1 -1 -1 -1 
209 10 394 389 143 351 -1 -1 -1 -1 
210 10 387 390 144 356 -1 -1 -1 -1 
211 10 378 388 146 362 -1 -1 -1 -1 
212 10 371 389 147 366 -1 -1 -1 -1 
213 10 363 388 150 374 -1 -1 -1 -1 
214 10 356 392 154 379 -1 -1 -1 -1 
215 10 351 392 156 383 -1 -1 -1 -1 
216 10 347 393 158 389 -1 -1 -1 -1 
217 10 345 394 159 392 -1 -1 -1 -1 
218 10 345 394 160 397 -1 -1 -1 -1 
219 10 346 394 161 402 -1 -1 -1 -1 
220 10 347 393 163 407 -1 -1 -1 -1 
221 10 348 390 165 414 -1 -1 -1 -1 
222 10 349 389 167 416 -1 -1 -1 -1 
223 10 349 388 167 419 -1 -1 -1 -1 
224 10 346 385 169 422 -1 -1 -1 -1 
225 10 341 383 170 421 -1 -1 -1 -1 
226 10 334 381 174 427 -1 -1 -1 -1 
227 10 326 376 179 440 -1 -1 -1 -1 
228 10 320 377 179 441 -1 -1 -1 -1 
229 10 312 377 181 445 -1 -1 -1 -1 
230 10 302 375 183 452 -1 -1 -1 -1 
231 10 290 375 187 461 -1 -1 -1 -1 
232 10 277 376 190 467 -1 -1 -1 -1 
233 10 264 376 193 475 -1 -1 -1 -1 
234 10 249 376 196 485 -1 -1 -1 -1 
235 10 234 372 200 492 -1 -1 -1 -1 
236 10 220 367 204 502 -1 -1 -1 -1 
237 10 206 361 209 514 -1 -1 -1 -1 
238 10 191 355 215 527 -1 -1 -1 -1 
239 10 173 352 220 538 -1 -1 -1 -1 
240 10 157 349 223 551 -1 -1 -1 -1 
241 10 139 350 226 556 -1 -1 -1 -1 
242 10 120 347 230 566 -1 -1 -1 -1 
243 10 99 344 234 577 -1 -1 -1 -1 
244 10 73 342 242 597 -1 -1 -1 -1 
245 10 52 341 246 609 -1 -1 -1 -1 
246 10 25 337 252 619 -1 -1 -1 -1 
247 10 4 340 252 624 -1 -1 -1 -1 
248 10 -5 347 243 635 -1 -1 -1 -1 
249 10 -7 348 228 650 -1 -1 -1 -1 
250 10 -6 348 213 658 -1 -1 -1 -1 
251 10 -5 349 195 677 -1 -1 -1 -1 
252 10 -4 346 177 700 -1 -1 -1 -1 
253 10 -3 343 158 714 -1 -1 -1 -1 
254 10 -2 342 143 725 -1 -1 -1 -1 
255 10 -1 334 132 738 -1 -1 -1 -1 
256 10 0 306 116 770 -1 -1 -1 -1 
17 11 830 340 42 108 -1 -1 -1 -1 
18 11 830 343 42 108 -1 -1 -1 -1 
19 11 832 348 42 106 -1 -1 -1 -1 
20 11 834 353 42 105 -1 -1 -1 -1 
21 11 840 357 43 105 -1 -1 -1 -1 
58 12 991 441 120 304 -1 -1 -1 -1 
59 12 990 442 118 300 -1 -1 -1 -1 
60 12 986 440 121 302 -1 -1 -1 -1 
61 12 984 438 123 304 -1 -1 -1 -1 
62 12 985 438 122 301 -1 -1 -1 -1 
63 12 987 437 120 299 -1 -1 -1 -1 
64 12 990 436 121 300 -1 -1 -1 -1 
65 12 993 433 121 300 -1 -1 -1 -1 
66 12 995 430 121 301 -1 -1 -1 -1 
67 12 997 426 122 300 -1 -1 -1 -1 
68 12 1000 423 121 298 -1 -1 -1 -1 
69 12 1004 422 121 299 -1 -1 -1 -1 
70 12 1004 418 121 298 -1 -1 -1 -1 
71 12 1004 416 121 297 -1 -1 -1 -1 
72 12 1003 411 123 299 -1 -1 -1 -1 
73 12 1002 406 124 302 -1 -1 -1 -1 
74 12 1003 403 124 303 -1 -1 -1 -1 
75 12 1003 403 122 300 -1 -1 -1 -1 
76 12 1004 400 121 302 -1 -1 -1 -1 
77 12 1004 399 123 301 -1 -1 -1 -1 
78 12 999 399 123 302 -1 -1 -1 -1 
79 12 996 396 121 303 -1 -1 -1 -1 
80 12 990 395 122 303 -1 -1 -1 -1 
81 12 983 394 123 305 -1 -1 -1 -1 
82 12 977 388 124 307 -1 -1 -1 -1 
83 12 971 382 124 308 -1 -1 -1 -1 
84 12 961 377 126 310 -1 -1 -1 -1 
85 12 952 373 125 309 -1 -1 -1 -1 
86 12 945 371 124 307 -1 -1 -1 -1 
87 12 936 367 125 309 -1 -1 -1 -1 
88 12 925 363 125 309 -1 -1 -1 -1 
89 12 917 360 125 307 -1 -1 -1 -1 
90 12 911 355 125 309 -1 -1 -1 -1 
91 12 904 352 125 308 -1 -1 -1 -1 
92 12 900 349 125 308 -1 -1 -1 -1 
93 12 896 346 125 309 -1 -1 -1 -1 
94 12 893 346 125 308 -1 -1 -1 -1 
95 12 890 345 126 311 -1 -1 -1 -1 
96 12 887 345 126 312 -1 -1 -1 -1 
97 12 887 344 125 312 -1 -1 -1 -1 
98 12 887 348 125 309 -1 -1 -1 -1 
99 12 887 349 124 309 -1 -1 -1 -1 
100 12 887 348 126 309 -1 -1 -1 -1 
101 12 888 345 126 312 -1 -1 -1 -1 
102 12 892 343 126 313 -1 -1 -1 -1 
103 12 899 343 127 313 -1 -1 -1 -1 
104 12 913 339 128 315 -1 -1 -1 -1 
105 12 923 337 128 316 -1 -1 -1 -1 
106 12 933 337 126 310 -1 -1 -1 -1 
107 12 938 332 127 312 -1 -1 -1 -1 
108 12 943 328 127 315 -1 -1 -1 -1 
109 12 945 327 127 315 -1 -1 -1 -1 
110 12 947 326 127 312 -1 -1 -1 -1 
111 12 950 324 126 311 -1 -1 -1 -1 
112 12 951 323 126 312 -1 -1 -1 -1 
113 12 955 323 127 311 -1 -1 -1 -1 
114 12 957 319 129 315 -1 -1 -1 -1 
115 12 959 324 129 309 -1 -1 -1 -1 
116 12 962 323 128 312 -1 -1 -1 -1 
117 12 962 323 128 312 -1 -1 -1 -1 
118 12 963 324 127 312 -1 -1 -1 -1 
119 12 963 325 126 310 -1 -1 -1 -1 
120 12 963 325 125 308 -1 -1 -1 -1 
121 12 961 326 125 308 -1 -1 -1 -1 
122 12 957 324 125 308 -1 -1 -1 -1 
123 12 953 327 125 308 -1 -1 -1 -1 
124 12 948 326 125 310 -1 -1 -1 -1 
125 12 941 323 127 314 -1 -1 -1 -1 
126 12 933 324 129 315 -1 -1 -1 -1 
127 12 929 324 128 315 -1 -1 -1 -1 
128 12 925 322 128 319 -1 -1 -1 -1 
129 12 921 318 131 323 -1 -1 -1 -1 
130 12 920 320 131 322 -1 -1 -1 -1 
131 12 919 318 131 323 -1 -1 -1 -1 
132 12 917 317 132 324 -1 -1 -1 -1 
133 12 917 317 131 324 -1 -1 -1 -1 
134 12 916 318 130 323 -1 -1 -1 -1 
135 12 914 319 131 325 -1 -1 -1 -1 
136 12 914 319 132 327 -1 -1 -1 -1 
137 12 914 322 132 326 -1 -1 -1 -1 
138 12 916 324 131 328 -1 -1 -1 -1 
139 12 916 322 132 331 -1 -1 -1 -1 
140 12 919 324 131 330 -1 -1 -1 -1 
141 12 921 324 134 332 -1 -1 -1 -1 
142 12 924 325 134 332 -1 -1 -1 -1 
143 12 928 329 134 331 -1 -1 -1 -1 
144 12 933 332 134 328 -1 -1 -1 -1 
145 12 937 331 133 327 -1 -1 -1 -1 
146 12 943 336 131 324 -1 -1 -1 -1 
147 12 944 337 131 324 -1 -1 -1 -1 
148 12 947 338 133 325 -1 -1 -1 -1 
149 12 947 340 133 326 -1 -1 -1 -1 
150 12 950 342 133 327 -1 -1 -1 -1 
151 12 952 345 132 326 -1 -1 -1 -1 
152 12 953 344 133 329 -1 -1 -1 -1 
153 12 953 345 133 328 -1 -1 -1 -1 
154 12 953 345 132 328 -1 -1 -1 -1 
155 12 951 343 132 325 -1 -1 -1 -1 
156 12 949 343 132 326 -1 -1 -1 -1 
157 12 945 345 133 328 -1 -1 -1 -1 
158 12 941 342 133 329 -1 -1 -1 -1 
159 12 937 341 133 330 -1 -1 -1 -1 
160 12 931 340 135 332 -1 -1 -1 -1 
161 12 926 339 137 334 -1 -1 -1 -1 
162 12 921 340 135 334 -1 -1 -1 -1 
163 12 913 339 135 331 -1 -1 -1 -1 
164 12 907 338 136 333 -1 -1 -1 -1 
165 12 902 337 136 331 -1 -1 -1 -1 
166 12 899 334 136 334 -1 -1 -1 -1 
167 12 899 334 133 331 -1 -1 -1 -1 
168 12 898 335 131 326 -1 -1 -1 -1 
169 12 892 334 133 327 -1 -1 -1 -1 
170 12 890 332 134 329 -1 -1 -1 -1 
171 12 889 333 134 332 -1 -1 -1 -1 
172 12 888 335 134 331 -1 -1 -1 -1 
173 12 887 337 134 329 -1 -1 -1 -1 
174 12 887 339 134 328 -1 -1 -1 -1 
175 12 888 339 134 329 -1 -1 -1 -1 
176 12 888 343 135 328 -1 -1 -1 -1 
177 12 894 352 127 314 -1 -1 -1 -1 
178 12 895 360 126 307 -1 -1 -1 -1 
179 12 893 346 132 321 -1 -1 -1 -1 
180 12 893 339 136 329 -1 -1 -1 -1 
181 12 899 339 135 329 -1 -1 -1 -1 
182 12 904 340 134 330 -1 -1 -1 -1 
183 12 908 340 134 328 -1 -1 -1 -1 
184 12 912 339 133 329 -1 -1 -1 -1 
185 12 915 342 131 326 -1 -1 -1 -1 
186 12 920 331 133 336 -1 -1 -1 -1 
187 12 921 337 133 329 -1 -1 -1 -1 
188 12 924 346 130 317 -1 -1 -1 -1 
189 12 927 351 129 311 -1 -1 -1 -1 
190 12 931 367 124 296 -1 -1 -1 -1 
191 12 931 368 126 300 -1 -1 -1 -1 
192 12 929 356 130 317 -1 -1 -1 -1 
193 12 922 342 136 333 -1 -1 -1 -1 
221 12 942 425 89 216 -1 -1 -1 -1 
222 12 950 424 88 218 -1 -1 -1 -1 
223 12 954 434 87 210 -1 -1 -1 -1 
224 12 956 437 90 211 -1 -1 -1 -1 
225 12 961 441 87 207 -1 -1 -1 -1 
238 12 930 362 146 364 -1 -1 -1 -1 
239 12 925 364 148 366 -1 -1 -1 -1 
240 12 923 372 144 358 -1 -1 -1 -1 
241 12 924 394 138 332 -1 -1 -1 -1 
242 12 920 379 141 348 -1 -1 -1 -1 
243 12 915 375 142 353 -1 -1 -1 -1 
244 12 912 380 141 348 -1 -1 -1 -1 
245 12 908 381 142 350 -1 -1 -1 -1 
246 12 906 379 142 352 -1 -1 -1 -1 
247 12 901 378 144 354 -1 -1 -1 -1 
248 12 892 372 147 364 -1 -1 -1 -1 
249 12 887 369 150 368 -1 -1 -1 -1 
250 12 888 368 152 373 -1 -1 -1 -1 
251 12 888 371 151 374 -1 -1 -1 -1 
252 12 888 376 151 372 -1 -1 -1 -1 
253 12 885 380 151 371 -1 -1 -1 -1 
254 12 886 385 152 370 -1 -1 -1 -1 
255 12 894 389 150 367 -1 -1 -1 -1 
256 12 902 390 150 367 -1 -1 -1 -1 
257 12 906 391 150 368 -1 -1 -1 -1 
258 12 903 391 151 371 -1 -1 -1 -1 
259 12 904 390 153 376 -1 -1 -1 -1 
260 12 910 392 151 373 -1 -1 -1 -1 
261 12 910 393 152 373 -1 -1 -1 -1 
262 12 914 394 149 369 -1 -1 -1 -1 
263 12 914 398 148 364 -1 -1 -1 -1 
264 12 921 400 145 360 -1 -1 -1 -1 
265 12 921 396 145 361 -1 -1 -1 -1 
266 12 919 393 147 365 -1 -1 -1 -1 
267 12 919 393 147 366 -1 -1 -1 -1 
268 12 919 393 148 367 -1 -1 -1 -1 
269 12 918 392 148 366 -1 -1 -1 -1 
270 12 918 388 149 369 -1 -1 -1 -1 
271 12 914 380 152 374 -1 -1 -1 -1 
272 12 907 369 157 383 -1 -1 -1 -1 
273 12 901 363 159 386 -1 -1 -1 -1 
274 12 892 356 157 388 -1 -1 -1 -1 
275 12 888 364 152 373 -1 -1 -1 -1 
276 12 880 343 157 389 -1 -1 -1 -1 
277 12 877 335 157 386 -1 -1 -1 -1 
278 12 875 334 152 377 -1 -1 -1 -1 
279 12 869 323 153 379 -1 -1 -1 -1 
280 12 865 315 153 377 -1 -1 -1 -1 
281 12 860 302 157 385 -1 -1 -1 -1 
282 12 858 290 158 385 -1 -1 -1 -1 
283 12 861 280 158 386 -1 -1 -1 -1 
284 12 861 270 159 391 -1 -1 -1 -1 
285 12 860 266 159 386 -1 -1 -1 -1 
286 12 860 264 157 381 -1 -1 -1 -1 
287 12 862 251 157 384 -1 -1 -1 -1 
288 12 872 251 149 372 -1 -1 -1 -1 
289 12 876 235 154 381 -1 -1 -1 -1 
290 12 881 231 154 384 -1 -1 -1 -1 
291 12 885 220 155 385 -1 -1 -1 -1 
292 12 890 221 155 383 -1 -1 -1 -1 
293 12 898 221 154 383 -1 -1 -1 -1 
294 12 902 223 161 390 -1 -1 -1 -1 
295 12 910 229 159 390 -1 -1 -1 -1 
296 12 919 225 159 392 -1 -1 -1 -1 
297 12 926 221 161 396 -1 -1 -1 -1 
298 12 932 221 162 395 -1 -1 -1 -1 
299 12 938 216 162 397 -1 -1 -1 -1 
300 12 944 215 162 399 -1 -1 -1 -1 
301 12 948 215 163 400 -1 -1 -1 -1 
302 12 953 215 163 402 -1 -1 -1 -1 
303 12 953 215 165 403 -1 -1 -1 -1 
304 12 956 214 165 405 -1 -1 -1 -1 
305 12 956 214 166 409 -1 -1 -1 -1 
306 12 956 215 166 409 -1 -1 -1 -1 
307 12 956 214 165 409 -1 -1 -1 -1 
308 12 955 215 166 411 -1 -1 -1 -1 
309 12 954 220 166 408 -1 -1 -1 -1 
310 12 956 217 166 411 -1 -1 -1 -1 
311 12 956 215 167 412 -1 -1 -1 -1 
312 12 956 215 169 413 -1 -1 -1 -1 
313 12 956 215 169 415 -1 -1 -1 -1 
314 12 956 216 168 415 -1 -1 -1 -1 
315 12 957 218 165 413 -1 -1 -1 -1 
316 12 955 219 165 416 -1 -1 -1 -1 
317 12 951 217 167 416 -1 -1 -1 -1 
318 12 948 214 168 418 -1 -1 -1 -1 
319 12 948 211 167 416 -1 -1 -1 -1 
320 12 947 208 166 415 -1 -1 -1 -1 
321 12 947 203 167 415 -1 -1 -1 -1 
322 12 945 199 167 414 -1 -1 -1 -1 
323 12 944 197 166 412 -1 -1 -1 -1 
324 12 944 198 166 409 -1 -1 -1 -1 
325 12 943 197 168 411 -1 -1 -1 -1 
326 12 945 196 167 409 -1 -1 -1 -1 
327 12 947 198 169 417 -1 -1 -1 -1 
328 12 949 196 169 419 -1 -1 -1 -1 
329 12 952 196 169 420 -1 -1 -1 -1 
330 12 955 198 169 418 -1 -1 -1 -1 
331 12 959 201 170 419 -1 -1 -1 -1 
332 12 963 206 169 415 -1 -1 -1 -1 
333 12 966 210 168 415 -1 -1 -1 -1 
334 12 967 215 168 415 -1 -1 -1 -1 
335 12 968 220 168 415 -1 -1 -1 -1 
336 12 967 224 169 416 -1 -1 -1 -1 
337 12 965 229 168 413 -1 -1 -1 -1 
338 12 966 235 165 409 -1 -1 -1 -1 
339 12 966 238 163 408 -1 -1 -1 -1 
340 12 964 239 165 407 -1 -1 -1 -1 
341 12 964 237 166 408 -1 -1 -1 -1 
342 12 963 234 167 409 -1 -1 -1 -1 
343 12 961 231 167 411 -1 -1 -1 -1 
344 12 959 229 166 412 -1 -1 -1 -1 
345 12 958 225 167 414 -1 -1 -1 -1 
346 12 954 222 165 414 -1 -1 -1 -1 
347 12 948 222 166 415 -1 -1 -1 -1 
348 12 946 220 166 416 -1 -1 -1 -1 
349 12 943 218 166 416 -1 -1 -1 -1 
350 12 938 218 169 418 -1 -1 -1 -1 
351 12 935 220 170 419 -1 -1 -1 -1 
352 12 931 220 170 419 -1 -1 -1 -1 
353 12 930 218 170 420 -1 -1 -1 -1 
354 12 924 219 170 418 -1 -1 -1 -1 
355 12 918 218 168 415 -1 -1 -1 -1 
356 12 911 219 169 415 -1 -1 -1 -1 
357 12 903 218 169 415 -1 -1 -1 -1 
358 12 896 217 170 417 -1 -1 -1 -1 
359 12 887 219 168 417 -1 -1 -1 -1 
360 12 879 217 170 419 -1 -1 -1 -1 
361 12 872 217 168 414 -1 -1 -1 -1 
362 12 863 217 168 415 -1 -1 -1 -1 
363 12 856 216 167 412 -1 -1 -1 -1 
364 12 851 217 168 411 -1 -1 -1 -1 
365 12 847 217 170 416 -1 -1 -1 -1 
366 12 843 218 167 413 -1 -1 -1 -1 
367 12 842 216 168 414 -1 -1 -1 -1 
368 12 841 215 168 415 -1 -1 -1 -1 
369 12 841 215 169 415 -1 -1 -1 -1 
370 12 844 216 169 418 -1 -1 -1 -1 
371 12 844 216 171 421 -1 -1 -1 -1 
372 12 846 218 172 423 -1 -1 -1 -1 
373 12 849 220 170 425 -1 -1 -1 -1 
374 12 851 224 171 425 -1 -1 -1 -1 
375 12 853 228 170 423 -1 -1 -1 -1 
376 12 855 232 169 420 -1 -1 -1 -1 
377 12 857 235 170 421 -1 -1 -1 -1 
378 12 857 237 171 424 -1 -1 -1 -1 
379 12 858 241 170 418 -1 -1 -1 -1 
380 12 857 244 171 416 -1 -1 -1 -1 
381 12 857 248 170 416 -1 -1 -1 -1 
382 12 856 251 171 418 -1 -1 -1 -1 
383 12 855 251 171 420 -1 -1 -1 -1 
384 12 856 251 173 423 -1 -1 -1 -1 
385 12 855 253 171 421 -1 -1 -1 -1 
386 12 857 255 170 418 -1 -1 -1 -1 
387 12 856 253 169 417 -1 -1 -1 -1 
388 12 855 251 169 414 -1 -1 -1 -1 
389 12 854 249 169 416 -1 -1 -1 -1 
390 12 853 248 168 418 -1 -1 -1 -1 
391 12 852 247 167 418 -1 -1 -1 -1 
392 12 849 244 170 420 -1 -1 -1 -1 
393 12 848 243 170 421 -1 -1 -1 -1 
394 12 843 241 172 421 -1 -1 -1 -1 
395 12 840 240 173 422 -1 -1 -1 -1 
396 12 838 239 176 426 -1 -1 -1 -1 
397 12 836 240 177 427 -1 -1 -1 -1 
398 12 833 241 176 425 -1 -1 -1 -1 
399 12 833 241 174 425 -1 -1 -1 -1 
400 12 832 243 170 421 -1 -1 -1 -1 
401 12 829 243 172 423 -1 -1 -1 -1 
402 12 828 242 172 422 -1 -1 -1 -1 
403 12 829 243 170 422 -1 -1 -1 -1 
404 12 828 249 170 419 -1 -1 -1 -1 
405 12 828 247 170 419 -1 -1 -1 -1 
406 12 829 244 170 418 -1 -1 -1 -1 
407 12 830 242 171 420 -1 -1 -1 -1 
408 12 833 243 172 420 -1 -1 -1 -1 
409 12 837 240 172 423 -1 -1 -1 -1 
410 12 843 240 173 428 -1 -1 -1 -1 
411 12 850 239 171 423 -1 -1 -1 -1 
412 12 854 241 173 425 -1 -1 -1 -1 
413 12 862 240 171 424 -1 -1 -1 -1 
414 12 867 241 172 421 -1 -1 -1 -1 
415 12 872 241 170 420 -1 -1 -1 -1 
416 12 877 241 171 422 -1 -1 -1 -1 
417 12 880 241 172 421 -1 -1 -1 -1 
418 12 885 240 171 420 -1 -1 -1 -1 
419 12 886 239 171 419 -1 -1 -1 -1 
420 12 885 237 172 422 -1 -1 -1 -1 
421 12 885 237 173 422 -1 -1 -1 -1 
422 12 884 236 173 423 -1 -1 -1 -1 
423 12 884 238 173 421 -1 -1 -1 -1 
424 12 885 241 170 418 -1 -1 -1 -1 
425 12 884 241 169 413 -1 -1 -1 -1 
426 12 883 242 170 411 -1 -1 -1 -1 
427 12 882 240 172 416 -1 -1 -1 -1 
428 12 881 239 172 417 -1 -1 -1 -1 
429 12 880 239 172 417 -1 -1 -1 -1 
430 12 876 239 170 415 -1 -1 -1 -1 
431 12 873 237 170 415 -1 -1 -1 -1 
432 12 872 235 169 415 -1 -1 -1 -1 
433 12 869 232 170 417 -1 -1 -1 -1 
434 12 868 229 171 419 -1 -1 -1 -1 
435 12 867 225 173 424 -1 -1 -1 -1 
436 12 867 222 172 426 -1 -1 -1 -1 
437 12 868 219 173 427 -1 -1 -1 -1 
438 12 867 218 175 430 -1 -1 -1 -1 
439 12 868 218 174 427 -1 -1 -1 -1 
440 12 870 217 173 427 -1 -1 -1 -1 
441 12 874 217 173 431 -1 -1 -1 -1 
442 12 875 218 174 432 -1 -1 -1 -1 
443 12 877 220 174 433 -1 -1 -1 -1 
444 12 880 218 175 434 -1 -1 -1 -1 
445 12 885 219 174 434 -1 -1 -1 -1 
446 12 893 220 174 434 -1 -1 -1 -1 
447 12 898 218 174 435 -1 -1 -1 -1 
448 12 902 217 176 436 -1 -1 -1 -1 
449 12 909 218 175 433 -1 -1 -1 -1 
450 12 914 218 175 432 -1 -1 -1 -1 
451 12 921 216 175 433 -1 -1 -1 -1 
452 12 928 215 175 431 -1 -1 -1 -1 
453 12 936 215 174 427 -1 -1 -1 -1 
454 12 946 216 170 418 -1 -1 -1 -1 
455 12 953 215 173 424 -1 -1 -1 -1 
456 12 960 213 172 425 -1 -1 -1 -1 
457 12 966 213 174 430 -1 -1 -1 -1 
458 12 972 210 175 431 -1 -1 -1 -1 
459 12 977 210 178 432 -1 -1 -1 -1 
460 12 985 211 175 428 -1 -1 -1 -1 
461 12 989 211 173 427 -1 -1 -1 -1 
462 12 991 212 173 432 -1 -1 -1 -1 
463 12 992 211 173 432 -1 -1 -1 -1 
464 12 991 210 173 431 -1 -1 -1 -1 
465 12 989 209 175 430 -1 -1 -1 -1 
466 12 985 207 175 431 -1 -1 -1 -1 
467 12 984 208 175 432 -1 -1 -1 -1 
468 12 981 209 175 433 -1 -1 -1 -1 
469 12 978 207 176 432 -1 -1 -1 -1 
470 12 974 204 177 433 -1 -1 -1 -1 
471 12 974 204 176 428 -1 -1 -1 -1 
472 12 971 200 175 429 -1 -1 -1 -1 
473 12 966 199 176 432 -1 -1 -1 -1 
474 12 966 197 175 431 -1 -1 -1 -1 
475 12 965 194 174 431 -1 -1 -1 -1 
476 12 963 193 174 427 -1 -1 -1 -1 
477 12 959 194 176 430 -1 -1 -1 -1 
478 12 957 195 177 432 -1 -1 -1 -1 
479 12 957 196 176 430 -1 -1 -1 -1 
480 12 956 198 177 432 -1 -1 -1 -1 
481 12 956 201 177 431 -1 -1 -1 -1 
482 12 957 204 176 429 -1 -1 -1 -1 
483 12 959 203 174 429 -1 -1 -1 -1 
484 12 963 203 174 428 -1 -1 -1 -1 
485 12 968 207 173 426 -1 -1 -1 -1 
486 12 975 212 172 422 -1 -1 -1 -1 
487 12 981 218 173 423 -1 -1 -1 -1 
488 12 984 222 174 426 -1 -1 -1 -1 
489 12 987 225 173 427 -1 -1 -1 -1 
490 12 990 229 173 429 -1 -1 -1 -1 
491 12 994 232 171 426 -1 -1 -1 -1 
492 12 996 237 170 424 -1 -1 -1 -1 
493 12 994 237 175 427 -1 -1 -1 -1 
494 12 993 237 177 429 -1 -1 -1 -1 
495 12 991 237 176 432 -1 -1 -1 -1 
496 12 990 236 175 433 -1 -1 -1 -1 
497 12 989 236 176 433 -1 -1 -1 -1 
498 12 989 237 175 432 -1 -1 -1 -1 
499 12 989 236 174 432 -1 -1 -1 -1 
500 12 985 235 176 432 -1 -1 -1 -1 
501 12 982 235 178 433 -1 -1 -1 -1 
502 12 979 236 178 434 -1 -1 -1 -1 
503 12 978 238 175 431 -1 -1 -1 -1 
504 12 976 236 174 429 -1 -1 -1 -1 
505 12 972 235 174 429 -1 -1 -1 -1 
506 12 968 234 174 430 -1 -1 -1 -1 
507 12 966 234 174 432 -1 -1 -1 -1 
508 12 963 231 174 433 -1 -1 -1 -1 
509 12 957 230 178 438 -1 -1 -1 -1 
510 12 950 227 181 444 -1 -1 -1 -1 
511 12 944 224 179 442 -1 -1 -1 -1 
512 12 939 222 177 437 -1 -1 -1 -1 
513 12 938 219 174 430 -1 -1 -1 -1 
514 12 937 215 169 422 -1 -1 -1 -1 
515 12 933 211 168 417 -1 -1 -1 -1 
516 12 930 208 170 418 -1 -1 -1 -1 
517 12 930 206 172 421 -1 -1 -1 -1 
518 12 927 204 172 421 -1 -1 -1 -1 
519 12 924 201 174 426 -1 -1 -1 -1 
520 12 925 197 174 431 -1 -1 -1 -1 
521 12 926 199 176 431 -1 -1 -1 -1 
522 12 927 199 176 431 -1 -1 -1 -1 
523 12 930 193 176 439 -1 -1 -1 -1 
524 12 933 193 176 441 -1 -1 -1 -1 
525 12 937 195 176 439 -1 -1 -1 -1 
526 12 941 196 177 440 -1 -1 -1 -1 
527 12 945 199 178 439 -1 -1 -1 -1 
528 12 949 200 180 440 -1 -1 -1 -1 
529 12 954 206 178 435 -1 -1 -1 -1 
530 12 957 206 178 437 -1 -1 -1 -1 
531 12 962 211 178 438 -1 -1 -1 -1 
532 12 960 208 178 442 -1 -1 -1 -1 
533 12 964 210 175 436 -1 -1 -1 -1 
534 12 966 209 177 438 -1 -1 -1 -1 
535 12 965 205 179 443 -1 -1 -1 -1 
536 12 968 206 178 440 -1 -1 -1 -1 
537 12 969 206 179 443 -1 -1 -1 -1 
538 12 970 206 179 441 -1 -1 -1 -1 
539 12 968 201 177 439 -1 -1 -1 -1 
540 12 964 203 178 438 -1 -1 -1 -1 
541 12 960 209 176 432 -1 -1 -1 -1 
542 12 954 205 177 434 -1 -1 -1 -1 
543 12 951 199 178 435 -1 -1 -1 -1 
544 12 947 201 173 426 -1 -1 -1 -1 
545 12 946 203 173 424 -1 -1 -1 -1 
546 12 944 201 173 426 -1 -1 -1 -1 
547 12 942 202 177 434 -1 -1 -1 -1 
548 12 940 206 178 431 -1 -1 -1 -1 
549 12 940 210 177 428 -1 -1 -1 -1 
550 12 927 210 181 442 -1 -1 -1 -1 
551 12 923 213 180 445 -1 -1 -1 -1 
552 12 921 215 175 433 -1 -1 -1 -1 
553 12 915 216 176 439 -1 -1 -1 -1 
554 12 911 218 178 436 -1 -1 -1 -1 
555 12 908 220 179 438 -1 -1 -1 -1 
556 12 907 219 180 440 -1 -1 -1 -1 
557 12 905 216 183 445 -1 -1 -1 -1 
558 12 908 215 178 442 -1 -1 -1 -1 
559 12 910 215 177 440 -1 -1 -1 -1 
560 12 913 218 174 435 -1 -1 -1 -1 
561 12 917 215 173 431 -1 -1 -1 -1 
562 12 920 215 175 434 -1 -1 -1 -1 
563 12 925 215 179 441 -1 -1 -1 -1 
564 12 930 216 181 447 -1 -1 -1 -1 
565 12 938 217 181 449 -1 -1 -1 -1 
566 12 945 218 181 446 -1 -1 -1 -1 
567 12 954 221 179 444 -1 -1 -1 -1 
568 12 960 224 179 444 -1 -1 -1 -1 
569 12 967 227 179 442 -1 -1 -1 -1 
570 12 973 229 180 442 -1 -1 -1 -1 
571 12 977 233 181 445 -1 -1 -1 -1 
572 12 984 236 180 444 -1 -1 -1 -1 
573 12 987 236 182 449 -1 -1 -1 -1 
574 12 991 236 184 452 -1 -1 -1 -1 
575 12 996 236 182 449 -1 -1 -1 -1 
576 12 998 237 182 446 -1 -1 -1 -1 
577 12 999 234 182 447 -1 -1 -1 -1 
578 12 997 234 184 451 -1 -1 -1 -1 
579 12 996 237 184 454 -1 -1 -1 -1 
580 12 993 235 185 455 -1 -1 -1 -1 
581 12 992 235 185 453 -1 -1 -1 -1 
582 12 991 236 186 452 -1 -1 -1 -1 
583 12 990 235 187 456 -1 -1 -1 -1 
584 12 987 236 188 456 -1 -1 -1 -1 
585 12 985 235 188 455 -1 -1 -1 -1 
586 12 981 234 188 455 -1 -1 -1 -1 
587 12 978 240 183 451 -1 -1 -1 -1 
588 12 974 239 185 454 -1 -1 -1 -1 
589 12 969 240 185 452 -1 -1 -1 -1 
590 12 965 241 186 452 -1 -1 -1 -1 
591 12 963 242 185 453 -1 -1 -1 -1 
592 12 962 242 186 455 -1 -1 -1 -1 
593 12 961 244 185 456 -1 -1 -1 -1 
594 12 959 246 186 454 -1 -1 -1 -1 
595 12 957 247 185 455 -1 -1 -1 -1 
596 12 955 248 185 453 -1 -1 -1 -1 
597 12 956 248 185 454 -1 -1 -1 -1 
598 12 956 250 188 458 -1 -1 -1 -1 
599 12 960 250 188 459 -1 -1 -1 -1 
600 12 964 249 188 461 -1 -1 -1 -1 
601 12 967 249 188 462 -1 -1 -1 -1 
602 12 971 252 188 462 -1 -1 -1 -1 
603 12 976 257 187 462 -1 -1 -1 -1 
604 12 983 261 183 452 -1 -1 -1 -1 
605 12 989 261 180 446 -1 -1 -1 -1 
606 12 996 262 180 446 -1 -1 -1 -1 
607 12 1002 263 182 452 -1 -1 -1 -1 
608 12 1005 263 185 455 -1 -1 -1 -1 
609 12 1010 265 184 453 -1 -1 -1 -1 
610 12 1014 264 185 458 -1 -1 -1 -1 
611 12 1017 266 184 455 -1 -1 -1 -1 
612 12 1018 270 184 453 -1 -1 -1 -1 
613 12 1018 273 181 449 -1 -1 -1 -1 
614 12 1020 278 182 450 -1 -1 -1 -1 
615 12 1021 284 182 449 -1 -1 -1 -1 
616 12 1023 288 182 450 -1 -1 -1 -1 
617 12 1022 291 182 450 -1 -1 -1 -1 
618 12 1016 291 185 456 -1 -1 -1 -1 
619 12 1011 292 186 455 -1 -1 -1 -1 
620 12 1010 292 185 452 -1 -1 -1 -1 
621 12 1006 292 186 455 -1 -1 -1 -1 
622 12 1002 290 186 460 -1 -1 -1 -1 
623 12 995 290 186 459 -1 -1 -1 -1 
624 12 990 289 185 455 -1 -1 -1 -1 
625 12 983 289 186 457 -1 -1 -1 -1 
626 12 978 282 188 465 -1 -1 -1 -1 
627 12 971 284 188 461 -1 -1 -1 -1 
628 12 967 286 186 455 -1 -1 -1 -1 
629 12 963 286 187 454 -1 -1 -1 -1 
630 12 960 285 186 456 -1 -1 -1 -1 
631 12 957 285 186 455 -1 -1 -1 -1 
632 12 955 285 185 457 -1 -1 -1 -1 
633 12 954 285 186 458 -1 -1 -1 -1 
634 12 953 287 186 460 -1 -1 -1 -1 
635 12 954 287 188 461 -1 -1 -1 -1 
636 12 955 289 188 462 -1 -1 -1 -1 
637 12 956 297 187 460 -1 -1 -1 -1 
638 12 956 299 186 457 -1 -1 -1 -1 
639 12 957 299 187 459 -1 -1 -1 -1 
640 12 960 301 188 457 -1 -1 -1 -1 
641 12 965 304 186 455 -1 -1 -1 -1 
642 12 970 310 184 453 -1 -1 -1 -1 
643 12 973 311 185 457 -1 -1 -1 -1 
644 12 976 311 186 460 -1 -1 -1 -1 
645 12 979 311 188 462 -1 -1 -1 -1 
646 12 981 313 186 459 -1 -1 -1 -1 
647 12 981 312 190 464 -1 -1 -1 -1 
648 12 983 311 191 467 -1 -1 -1 -1 
649 12 986 309 191 466 -1 -1 -1 -1 
650 12 989 308 190 468 -1 -1 -1 -1 
651 12 991 307 190 470 -1 -1 -1 -1 
652 12 991 307 191 472 -1 -1 -1 -1 
653 12 989 308 192 473 -1 -1 -1 -1 
654 12 986 306 193 474 -1 -1 -1 -1 
655 12 984 305 194 475 -1 -1 -1 -1 
656 12 984 306 192 472 -1 -1 -1 -1 
657 12 982 308 189 467 -1 -1 -1 -1 
658 12 980 307 188 465 -1 -1 -1 -1 
659 12 980 307 188 465 -1 -1 -1 -1 
660 12 980 308 189 466 -1 -1 -1 -1 
661 12 980 308 188 466 -1 -1 -1 -1 
662 12 975 309 189 468 -1 -1 -1 -1 
663 12 969 310 191 470 -1 -1 -1 -1 
664 12 964 311 193 473 -1 -1 -1 -1 
665 12 958 310 194 475 -1 -1 -1 -1 
666 12 953 310 193 473 -1 -1 -1 -1 
667 12 949 306 193 473 -1 -1 -1 -1 
668 12 947 304 190 467 -1 -1 -1 -1 
669 12 943 303 191 468 -1 -1 -1 -1 
670 12 940 302 191 470 -1 -1 -1 -1 
671 12 938 300 191 468 -1 -1 -1 -1 
672 12 937 300 192 469 -1 -1 -1 -1 
673 12 937 298 192 469 -1 -1 -1 -1 
674 12 938 297 191 467 -1 -1 -1 -1 
675 12 938 299 192 472 -1 -1 -1 -1 
676 12 939 300 193 471 -1 -1 -1 -1 
677 12 939 297 193 475 -1 -1 -1 -1 
678 12 940 296 193 476 -1 -1 -1 -1 
679 12 943 296 193 474 -1 -1 -1 -1 
680 12 947 296 192 473 -1 -1 -1 -1 
681 12 950 297 193 474 -1 -1 -1 -1 
682 12 955 297 194 476 -1 -1 -1 -1 
683 12 959 296 194 480 -1 -1 -1 -1 
684 12 961 297 194 482 -1 -1 -1 -1 
685 12 970 299 192 476 -1 -1 -1 -1 
686 12 977 301 193 479 -1 -1 -1 -1 
687 12 985 299 193 478 -1 -1 -1 -1 
688 12 994 298 191 473 -1 -1 -1 -1 
689 12 1000 295 193 476 -1 -1 -1 -1 
690 12 1005 289 199 491 -1 -1 -1 -1 
691 12 1011 285 196 485 -1 -1 -1 -1 
692 12 1014 280 195 480 -1 -1 -1 -1 
693 12 1021 276 191 480 -1 -1 -1 -1 
694 12 1024 271 192 483 -1 -1 -1 -1 
695 12 1023 268 186 467 -1 -1 -1 -1 
696 12 1024 267 185 458 -1 -1 -1 -1 
697 12 1023 257 195 467 -1 -1 -1 -1 
698 12 1024 257 194 460 -1 -1 -1 -1 
720 12 1034 169 202 495 -1 -1 -1 -1 
721 12 1033 167 199 493 -1 -1 -1 -1 
722 12 1033 168 197 487 -1 -1 -1 -1 
723 12 1033 166 200 492 -1 -1 -1 -1 
724 12 1033 163 201 494 -1 -1 -1 -1 
725 12 1033 159 201 493 -1 -1 -1 -1 
726 12 1033 157 201 494 -1 -1 -1 -1 
727 12 1031 155 201 496 -1 -1 -1 -1 
728 12 1028 152 202 498 -1 -1 -1 -1 
729 12 1025 148 203 500 -1 -1 -1 -1 
730 12 1019 144 204 502 -1 -1 -1 -1 
731 12 1015 140 206 509 -1 -1 -1 -1 
732 12 1013 137 205 505 -1 -1 -1 -1 
733 12 1008 134 205 504 -1 -1 -1 -1 
734 12 1005 140 206 501 -1 -1 -1 -1 
735 12 999 138 204 504 -1 -1 -1 -1 
736 12 991 136 207 510 -1 -1 -1 -1 
737 12 982 139 206 508 -1 -1 -1 -1 
738 12 961 142 214 509 -1 -1 -1 -1 
749 12 848 144 200 495 -1 -1 -1 -1 
750 12 841 147 196 487 -1 -1 -1 -1 
751 12 830 147 198 489 -1 -1 -1 -1 
752 12 820 146 202 496 -1 -1 -1 -1 
753 12 813 147 207 506 -1 -1 -1 -1 
754 12 810 151 208 508 -1 -1 -1 -1 
755 12 809 152 207 509 -1 -1 -1 -1 
756 12 805 155 209 511 -1 -1 -1 -1 
757 12 803 157 210 513 -1 -1 -1 -1 
758 12 805 160 209 514 -1 -1 -1 -1 
759 12 806 164 209 513 -1 -1 -1 -1 
760 12 807 165 209 513 -1 -1 -1 -1 
761 12 807 169 209 511 -1 -1 -1 -1 
762 12 806 168 210 514 -1 -1 -1 -1 
763 12 809 170 208 509 -1 -1 -1 -1 
764 12 812 170 205 503 -1 -1 -1 -1 
765 12 812 169 207 505 -1 -1 -1 -1 
766 12 815 166 204 499 -1 -1 -1 -1 
767 12 816 164 203 497 -1 -1 -1 -1 
768 12 816 163 203 498 -1 -1 -1 -1 
769 12 818 164 199 490 -1 -1 -1 -1 
770 12 816 159 202 497 -1 -1 -1 -1 
771 12 815 156 203 501 -1 -1 -1 -1 
772 12 810 158 206 505 -1 -1 -1 -1 
773 12 806 158 206 505 -1 -1 -1 -1 
774 12 801 154 206 505 -1 -1 -1 -1 
775 12 797 153 203 500 -1 -1 -1 -1 
776 12 792 153 203 497 -1 -1 -1 -1 
777 12 788 153 202 499 -1 -1 -1 -1 
778 12 784 157 198 490 -1 -1 -1 -1 
779 12 773 157 200 488 -1 -1 -1 -1 
780 12 766 157 202 494 -1 -1 -1 -1 
781 12 758 155 205 502 -1 -1 -1 -1 
782 12 753 153 207 506 -1 -1 -1 -1 
783 12 751 155 206 503 -1 -1 -1 -1 
784 12 750 154 205 503 -1 -1 -1 -1 
785 12 748 152 207 505 -1 -1 -1 -1 
786 12 747 149 208 507 -1 -1 -1 -1 
787 12 747 150 207 505 -1 -1 -1 -1 
788 12 748 151 205 503 -1 -1 -1 -1 
789 12 748 153 206 503 -1 -1 -1 -1 
790 12 752 152 207 504 -1 -1 -1 -1 
791 12 759 155 205 504 -1 -1 -1 -1 
792 12 765 158 205 502 -1 -1 -1 -1 
793 12 774 158 205 502 -1 -1 -1 -1 
794 12 787 157 205 509 -1 -1 -1 -1 
795 12 796 158 209 516 -1 -1 -1 -1 
796 12 808 164 209 513 -1 -1 -1 -1 
797 12 813 170 210 514 -1 -1 -1 -1 
798 12 816 175 212 514 -1 -1 -1 -1 
799 12 826 181 208 512 -1 -1 -1 -1 
800 12 832 187 206 510 -1 -1 -1 -1 
801 12 835 190 207 513 -1 -1 -1 -1 
802 12 840 192 207 513 -1 -1 -1 -1 
803 12 841 193 211 518 -1 -1 -1 -1 
804 12 844 192 212 519 -1 -1 -1 -1 
805 12 849 192 211 517 -1 -1 -1 -1 
806 12 854 190 211 515 -1 -1 -1 -1 
807 12 859 188 210 517 -1 -1 -1 -1 
808 12 863 186 210 518 -1 -1 -1 -1 
809 12 865 182 210 515 -1 -1 -1 -1 
810 12 867 180 212 517 -1 -1 -1 -1 
811 12 870 182 210 515 -1 -1 -1 -1 
812 12 873 179 208 512 -1 -1 -1 -1 
813 12 874 177 208 511 -1 -1 -1 -1 
814 12 874 176 208 512 -1 -1 -1 -1 
815 12 876 177 208 513 -1 -1 -1 -1 
816 12 876 178 207 513 -1 -1 -1 -1 
817 12 875 178 208 513 -1 -1 -1 -1 
818 12 874 178 208 511 -1 -1 -1 -1 
819 12 872 179 208 509 -1 -1 -1 -1 
820 12 867 179 209 514 -1 -1 -1 -1 
821 12 865 180 210 518 -1 -1 -1 -1 
822 12 863 180 211 520 -1 -1 -1 -1 
823 12 865 181 209 513 -1 -1 -1 -1 
824 12 866 181 208 509 -1 -1 -1 -1 
825 12 870 180 207 506 -1 -1 -1 -1 
826 12 875 181 205 503 -1 -1 -1 -1 
827 12 879 180 204 503 -1 -1 -1 -1 
828 12 883 178 203 502 -1 -1 -1 -1 
829 12 886 180 202 499 -1 -1 -1 -1 
830 12 888 181 203 499 -1 -1 -1 -1 
831 12 892 179 204 503 -1 -1 -1 -1 
832 12 896 180 204 503 -1 -1 -1 -1 
833 12 900 179 206 507 -1 -1 -1 -1 
834 12 905 179 207 506 -1 -1 -1 -1 
835 12 912 179 207 509 -1 -1 -1 -1 
836 12 920 181 206 507 -1 -1 -1 -1 
837 12 929 183 202 504 -1 -1 -1 -1 
838 12 935 184 203 505 -1 -1 -1 -1 
839 12 941 187 203 502 -1 -1 -1 -1 
840 12 947 188 204 499 -1 -1 -1 -1 
841 12 953 187 205 501 -1 -1 -1 -1 
842 12 959 185 204 505 -1 -1 -1 -1 
843 12 963 182 205 506 -1 -1 -1 -1 
844 12 969 177 205 507 -1 -1 -1 -1 
845 12 974 173 204 503 -1 -1 -1 -1 
846 12 978 170 203 501 -1 -1 -1 -1 
847 12 980 162 202 500 -1 -1 -1 -1 
848 12 981 156 202 500 -1 -1 -1 -1 
849 12 981 155 202 499 -1 -1 -1 -1 
850 12 981 150 201 497 -1 -1 -1 -1 
851 12 980 145 203 498 -1 -1 -1 -1 
852 12 980 139 203 501 -1 -1 -1 -1 
853 12 978 134 205 504 -1 -1 -1 -1 
854 12 976 132 205 505 -1 -1 -1 -1 
855 12 972 129 205 505 -1 -1 -1 -1 
856 12 967 128 205 505 -1 -1 -1 -1 
857 12 962 126 205 504 -1 -1 -1 -1 
858 12 956 125 206 504 -1 -1 -1 -1 
859 12 952 125 205 505 -1 -1 -1 -1 
860 12 949 121 206 508 -1 -1 -1 -1 
861 12 949 121 205 506 -1 -1 -1 -1 
862 12 949 120 205 505 -1 -1 -1 -1 
863 12 949 119 206 504 -1 -1 -1 -1 
864 12 952 117 206 505 -1 -1 -1 -1 
865 12 954 112 209 511 -1 -1 -1 -1 
866 12 956 111 210 511 -1 -1 -1 -1 
867 12 957 110 209 509 -1 -1 -1 -1 
868 12 957 111 209 506 -1 -1 -1 -1 
869 12 957 111 208 504 -1 -1 -1 -1 
870 12 957 112 207 503 -1 -1 -1 -1 
871 12 955 115 206 503 -1 -1 -1 -1 
872 12 954 119 206 501 -1 -1 -1 -1 
873 12 954 123 204 499 -1 -1 -1 -1 
874 12 954 126 204 498 -1 -1 -1 -1 
875 12 955 129 203 497 -1 -1 -1 -1 
876 12 956 131 202 496 -1 -1 -1 -1 
877 12 955 133 202 494 -1 -1 -1 -1 
878 12 953 133 202 492 -1 -1 -1 -1 
879 12 951 134 201 490 -1 -1 -1 -1 
880 12 950 135 200 487 -1 -1 -1 -1 
881 12 947 133 198 490 -1 -1 -1 -1 
882 12 944 132 197 491 -1 -1 -1 -1 
883 12 941 129 197 492 -1 -1 -1 -1 
884 12 936 123 199 495 -1 -1 -1 -1 
885 12 929 120 201 497 -1 -1 -1 -1 
886 12 925 121 201 498 -1 -1 -1 -1 
887 12 920 122 202 499 -1 -1 -1 -1 
888 12 914 120 202 494 -1 -1 -1 -1 
889 12 907 119 200 493 -1 -1 -1 -1 
890 12 890 120 200 495 -1 -1 -1 -1 
891 12 875 121 203 500 -1 -1 -1 -1 
892 12 864 126 202 497 -1 -1 -1 -1 
893 12 853 131 202 496 -1 -1 -1 -1 
894 12 843 134 202 496 -1 -1 -1 -1 
895 12 837 135 202 499 -1 -1 -1 -1 
896 12 829 138 203 504 -1 -1 -1 -1 
897 12 821 142 203 504 -1 -1 -1 -1 
898 12 818 145 203 504 -1 -1 -1 -1 
899 12 817 147 204 502 -1 -1 -1 -1 
900 12 819 148 205 504 -1 -1 -1 -1 
84 13 486 419 112 279 -1 -1 -1 -1 
85 13 474 413 113 280 -1 -1 -1 -1 
86 13 464 411 112 280 -1 -1 -1 -1 
87 13 451 406 116 287 -1 -1 -1 -1 
88 13 442 403 117 291 -1 -1 -1 -1 
89 13 431 399 120 293 -1 -1 -1 -1 
90 13 424 394 119 296 -1 -1 -1 -1 
91 13 418 389 120 299 -1 -1 -1 -1 
92 13 411 384 122 301 -1 -1 -1 -1 
93 13 404 380 122 303 -1 -1 -1 -1 
94 13 396 376 124 308 -1 -1 -1 -1 
95 13 389 376 126 310 -1 -1 -1 -1 
96 13 381 371 129 317 -1 -1 -1 -1 
97 13 377 370 129 317 -1 -1 -1 -1 
98 13 375 370 130 319 -1 -1 -1 -1 
99 13 373 370 130 320 -1 -1 -1 -1 
100 13 372 368 130 324 -1 -1 -1 -1 
101 13 371 368 132 325 -1 -1 -1 -1 
102 13 372 367 133 327 -1 -1 -1 -1 
103 13 376 361 137 334 -1 -1 -1 -1 
104 13 390 361 134 331 -1 -1 -1 -1 
105 13 398 362 134 330 -1 -1 -1 -1 
106 13 405 361 133 330 -1 -1 -1 -1 
107 13 409 360 133 331 -1 -1 -1 -1 
108 13 414 360 132 330 -1 -1 -1 -1 
109 13 415 360 132 331 -1 -1 -1 -1 
110 13 414 358 134 333 -1 -1 -1 -1 
111 13 414 355 135 335 -1 -1 -1 -1 
112 13 412 352 136 337 -1 -1 -1 -1 
113 13 411 348 137 340 -1 -1 -1 -1 
114 13 410 345 139 344 -1 -1 -1 -1 
115 13 408 343 141 346 -1 -1 -1 -1 
116 13 409 342 140 349 -1 -1 -1 -1 
117 13 406 336 144 355 -1 -1 -1 -1 
118 13 402 334 146 360 -1 -1 -1 -1 
119 13 398 337 149 364 -1 -1 -1 -1 
120 13 393 335 150 371 -1 -1 -1 -1 
121 13 386 333 154 378 -1 -1 -1 -1 
122 13 380 334 154 382 -1 -1 -1 -1 
123 13 372 336 156 385 -1 -1 -1 -1 
124 13 363 337 157 390 -1 -1 -1 -1 
125 13 353 336 159 391 -1 -1 -1 -1 
126 13 343 338 161 393 -1 -1 -1 -1 
127 13 335 342 162 396 -1 -1 -1 -1 
128 13 330 343 162 398 -1 -1 -1 -1 
129 13 325 341 164 405 -1 -1 -1 -1 
130 13 319 339 168 413 -1 -1 -1 -1 
131 13 313 338 171 418 -1 -1 -1 -1 
132 13 306 337 173 421 -1 -1 -1 -1 
133 13 301 335 174 427 -1 -1 -1 -1 
134 13 297 333 175 432 -1 -1 -1 -1 
135 13 292 333 177 437 -1 -1 -1 -1 
136 13 289 334 177 437 -1 -1 -1 -1 
137 13 283 332 179 441 -1 -1 -1 -1 
138 13 281 332 181 449 -1 -1 -1 -1 
139 13 277 331 184 454 -1 -1 -1 -1 
140 13 273 331 187 461 -1 -1 -1 -1 
141 13 270 330 189 470 -1 -1 -1 -1 
142 13 268 332 191 472 -1 -1 -1 -1 
143 13 266 332 193 477 -1 -1 -1 -1 
144 13 264 333 195 480 -1 -1 -1 -1 
145 13 263 332 197 484 -1 -1 -1 -1 
146 13 263 332 199 491 -1 -1 -1 -1 
147 13 263 334 200 494 -1 -1 -1 -1 
148 13 259 335 203 500 -1 -1 -1 -1 
149 13 253 332 206 509 -1 -1 -1 -1 
150 13 245 330 210 517 -1 -1 -1 -1 
151 13 238 329 211 519 -1 -1 -1 -1 
152 13 230 325 213 528 -1 -1 -1 -1 
153 13 221 320 217 537 -1 -1 -1 -1 
154 13 213 315 222 549 -1 -1 -1 -1 
155 13 204 310 225 556 -1 -1 -1 -1 
156 13 195 309 228 559 -1 -1 -1 -1 
157 13 181 306 233 571 -1 -1 -1 -1 
158 13 167 302 238 581 -1 -1 -1 -1 
159 13 153 298 243 596 -1 -1 -1 -1 
160 13 133 296 250 612 -1 -1 -1 -1 
161 13 113 294 257 631 -1 -1 -1 -1 
162 13 96 292 262 646 -1 -1 -1 -1 
163 13 77 290 268 657 -1 -1 -1 -1 
164 13 60 290 273 668 -1 -1 -1 -1 
165 13 44 287 279 681 -1 -1 -1 -1 
166 13 28 283 283 695 -1 -1 -1 -1 
167 13 13 275 290 712 -1 -1 -1 -1 
168 13 1 270 292 720 -1 -1 -1 -1 
169 13 -4 264 287 732 -1 -1 -1 -1 
170 13 -5 256 277 747 -1 -1 -1 -1 
171 13 -4 253 264 761 -1 -1 -1 -1 
172 13 -4 248 251 772 -1 -1 -1 -1 
173 13 -3 243 235 785 -1 -1 -1 -1 
174 13 -2 238 223 799 -1 -1 -1 -1 
175 13 -2 234 211 813 -1 -1 -1 -1 
176 13 -1 234 202 821 -1 -1 -1 -1 
177 13 -1 232 189 831 -1 -1 -1 -1 
178 13 0 229 179 841 -1 -1 -1 -1 
179 13 0 226 169 843 -1 -1 -1 -1 
180 13 0 211 161 862 -1 -1 -1 -1 
181 13 0 212 143 861 -1 -1 -1 -1 
182 13 0 231 142 841 -1 -1 -1 -1 
183 13 0 254 131 816 -1 -1 -1 -1 
184 13 0 267 123 803 -1 -1 -1 -1 
185 13 0 189 118 882 -1 -1 -1 -1 
186 13 0 205 114 863 -1 -1 -1 -1 
118 14 949 387 51 127 -1 -1 -1 -1 
119 14 948 388 52 129 -1 -1 -1 -1 
120 14 950 388 51 128 -1 -1 -1 -1 
121 14 948 387 53 129 -1 -1 -1 -1 
122 14 946 387 52 129 -1 -1 -1 -1 
123 14 944 388 50 126 -1 -1 -1 -1 
124 14 937 391 49 124 -1 -1 -1 -1 
123 15 1023 366 83 209 -1 -1 -1 -1 
124 15 1019 367 82 208 -1 -1 -1 -1 
125 15 1015 369 81 207 -1 -1 -1 -1 
126 15 1010 373 81 203 -1 -1 -1 -1 
127 15 1004 375 81 204 -1 -1 -1 -1 
128 15 998 374 81 206 -1 -1 -1 -1 
129 15 996 376 81 205 -1 -1 -1 -1 
130 15 996 374 82 207 -1 -1 -1 -1 
131 15 996 372 83 210 -1 -1 -1 -1 
132 15 998 371 84 209 -1 -1 -1 -1 
133 15 999 371 84 209 -1 -1 -1 -1 
134 15 997 369 88 214 -1 -1 -1 -1 
135 15 998 371 88 213 -1 -1 -1 -1 
136 15 1001 370 88 214 -1 -1 -1 -1 
137 15 1004 371 87 213 -1 -1 -1 -1 
138 15 1008 372 87 215 -1 -1 -1 -1 
139 15 1008 371 88 216 -1 -1 -1 -1 
140 15 1010 370 88 216 -1 -1 -1 -1 
141 15 1014 370 89 218 -1 -1 -1 -1 
142 15 1017 373 87 214 -1 -1 -1 -1 
143 15 1024 377 86 211 -1 -1 -1 -1 
144 15 1029 379 85 209 -1 -1 -1 -1 
145 15 1036 378 85 211 -1 -1 -1 -1 
146 15 1040 382 84 208 -1 -1 -1 -1 
147 15 1045 385 83 206 -1 -1 -1 -1 
148 15 1046 386 83 207 -1 -1 -1 -1 
149 15 1047 388 83 207 -1 -1 -1 -1 
150 15 1047 388 84 209 -1 -1 -1 -1 
151 15 1047 388 85 210 -1 -1 -1 -1 
152 15 1047 386 86 213 -1 -1 -1 -1 
153 15 1049 386 86 214 -1 -1 -1 -1 
154 15 1050 386 86 215 -1 -1 -1 -1 
155 15 1050 384 85 214 -1 -1 -1 -1 
156 15 1048 384 87 216 -1 -1 -1 -1 
157 15 1047 388 87 215 -1 -1 -1 -1 
158 15 1042 388 87 214 -1 -1 -1 -1 
159 15 1038 385 88 218 -1 -1 -1 -1 
160 15 1035 383 87 219 -1 -1 -1 -1 
161 15 1029 387 87 217 -1 -1 -1 -1 
162 15 1024 389 86 214 -1 -1 -1 -1 
163 15 1018 390 86 213 -1 -1 -1 -1 
164 15 1013 389 86 213 -1 -1 -1 -1 
165 15 1010 391 84 208 -1 -1 -1 -1 
166 15 1007 389 84 208 -1 -1 -1 -1 
167 15 1006 388 83 207 -1 -1 -1 -1 
168 15 1004 387 83 206 -1 -1 -1 -1 
169 15 1001 386 83 206 -1 -1 -1 -1 
170 15 998 386 82 205 -1 -1 -1 -1 
171 15 995 382 85 210 -1 -1 -1 -1 
172 15 993 378 87 213 -1 -1 -1 -1 
173 15 992 376 88 214 -1 -1 -1 -1 
174 15 992 375 89 215 -1 -1 -1 -1 
175 15 992 373 89 217 -1 -1 -1 -1 
176 15 995 377 87 215 -1 -1 -1 -1 
177 15 998 377 86 212 -1 -1 -1 -1 
178 15 1002 378 85 210 -1 -1 -1 -1 
179 15 1004 380 84 208 -1 -1 -1 -1 
180 15 1008 380 85 209 -1 -1 -1 -1 
181 15 1013 379 86 210 -1 -1 -1 -1 
182 15 1017 380 85 211 -1 -1 -1 -1 
183 15 1022 381 85 211 -1 -1 -1 -1 
184 15 1026 381 85 211 -1 -1 -1 -1 
185 15 1030 382 84 210 -1 -1 -1 -1 
186 15 1035 380 84 211 -1 -1 -1 -1 
187 15 1038 376 85 214 -1 -1 -1 -1 
188 15 1039 377 84 213 -1 -1 -1 -1 
189 15 1040 376 85 212 -1 -1 -1 -1 
190 15 1040 377 86 211 -1 -1 -1 -1 
191 15 1040 376 86 213 -1 -1 -1 -1 
192 15 1039 377 87 215 -1 -1 -1 -1 
193 15 1037 378 87 216 -1 -1 -1 -1 
194 15 1035 378 88 218 -1 -1 -1 -1 
195 15 1034 384 87 217 -1 -1 -1 -1 
196 15 1032 389 86 214 -1 -1 -1 -1 
197 15 1027 389 87 215 -1 -1 -1 -1 
198 15 1023 392 87 214 -1 -1 -1 -1 
199 15 1020 397 84 211 -1 -1 -1 -1 
200 15 1013 401 86 210 -1 -1 -1 -1 
201 15 1010 403 85 209 -1 -1 -1 -1 
202 15 1005 406 85 208 -1 -1 -1 -1 
203 15 1003 407 85 209 -1 -1 -1 -1 
204 15 1001 410 85 207 -1 -1 -1 -1 
205 15 1000 409 84 208 -1 -1 -1 -1 
206 15 999 409 82 208 -1 -1 -1 -1 
207 15 998 410 82 207 -1 -1 -1 -1 
208 15 996 406 84 208 -1 -1 -1 -1 
209 15 997 406 83 206 -1 -1 -1 -1 
210 15 996 407 83 205 -1 -1 -1 -1 
211 15 994 407 83 205 -1 -1 -1 -1 
212 15 994 406 84 208 -1 -1 -1 -1 
213 15 993 407 84 209 -1 -1 -1 -1 
214 15 993 409 85 211 -1 -1 -1 -1 
215 15 995 407 85 210 -1 -1 -1 -1 
216 15 998 409 84 209 -1 -1 -1 -1 
217 15 1002 411 83 208 -1 -1 -1 -1 
218 15 1006 412 84 207 -1 -1 -1 -1 
219 15 1011 415 83 206 -1 -1 -1 -1 
220 15 1016 416 83 207 -1 -1 -1 -1 
221 15 1022 419 83 205 -1 -1 -1 -1 
222 15 1027 422 83 204 -1 -1 -1 -1 
223 15 1030 422 83 204 -1 -1 -1 -1 
224 15 1034 421 84 207 -1 -1 -1 -1 
225 15 1038 419 84 208 -1 -1 -1 -1 
226 15 1039 416 85 210 -1 -1 -1 -1 
227 15 1042 418 84 207 -1 -1 -1 -1 
228 15 1043 416 85 209 -1 -1 -1 -1 
229 15 1045 417 85 209 -1 -1 -1 -1 
230 15 1046 416 85 212 -1 -1 -1 -1 
231 15 1046 415 86 214 -1 -1 -1 -1 
232 15 1046 420 84 209 -1 -1 -1 -1 
233 15 1042 421 85 211 -1 -1 -1 -1 
234 15 1037 419 87 218 -1 -1 -1 -1 
235 15 1034 420 88 217 -1 -1 -1 -1 
236 15 1034 424 87 214 -1 -1 -1 -1 
237 15 1032 426 86 212 -1 -1 -1 -1 
238 15 1029 429 85 212 -1 -1 -1 -1 
239 15 1024 432 83 208 -1 -1 -1 -1 
240 15 1018 434 83 210 -1 -1 -1 -1 
241 15 1014 436 84 209 -1 -1 -1 -1 
242 15 1009 439 83 206 -1 -1 -1 -1 
243 15 1005 438 84 207 -1 -1 -1 -1 
244 15 1001 437 83 206 -1 -1 -1 -1 
245 15 996 434 83 207 -1 -1 -1 -1 
246 15 990 433 84 209 -1 -1 -1 -1 
247 15 989 435 85 209 -1 -1 -1 -1 
248 15 983 434 86 211 -1 -1 -1 -1 
249 15 978 433 89 215 -1 -1 -1 -1 
258 15 972 437 122 307 -1 -1 -1 -1 
259 15 973 434 127 316 -1 -1 -1 -1 
260 15 973 433 130 323 -1 -1 -1 -1 
261 15 977 434 129 322 -1 -1 -1 -1 
262 15 978 432 132 323 -1 -1 -1 -1 
263 15 979 427 134 328 -1 -1 -1 -1 
264 15 982 422 135 333 -1 -1 -1 -1 
265 15 984 417 135 333 -1 -1 -1 -1 
266 15 988 412 136 338 -1 -1 -1 -1 
267 15 989 408 140 343 -1 -1 -1 -1 
268 15 993 405 141 345 -1 -1 -1 -1 
269 15 996 404 141 346 -1 -1 -1 -1 
270 15 997 402 142 348 -1 -1 -1 -1 
271 15 998 401 141 350 -1 -1 -1 -1 
272 15 996 396 145 357 -1 -1 -1 -1 
273 15 994 392 146 364 -1 -1 -1 -1 
274 15 992 388 147 363 -1 -1 -1 -1 
275 15 989 384 147 365 -1 -1 -1 -1 
276 15 984 377 150 370 -1 -1 -1 -1 
277 15 978 369 152 375 -1 -1 -1 -1 
278 15 974 360 153 377 -1 -1 -1 -1 
279 15 971 347 154 384 -1 -1 -1 -1 
280 15 970 336 159 391 -1 -1 -1 -1 
281 15 970 325 162 397 -1 -1 -1 -1 
282 15 971 311 165 404 -1 -1 -1 -1 
283 15 974 300 166 410 -1 -1 -1 -1 
284 15 976 291 169 415 -1 -1 -1 -1 
285 15 978 282 173 423 -1 -1 -1 -1 
286 15 982 271 175 429 -1 -1 -1 -1 
287 15 988 263 175 430 -1 -1 -1 -1 
288 15 995 257 174 433 -1 -1 -1 -1 
289 15 1002 252 179 440 -1 -1 -1 -1 
290 15 1006 249 183 449 -1 -1 -1 -1 
291 15 1012 243 185 455 -1 -1 -1 -1 
292 15 1018 238 188 464 -1 -1 -1 -1 
293 15 1024 234 190 473 -1 -1 -1 -1 
294 15 1033 233 192 474 -1 -1 -1 -1 
295 15 1040 228 199 489 -1 -1 -1 -1 
296 15 1045 221 205 504 -1 -1 -1 -1 
297 15 1051 215 210 516 -1 -1 -1 -1 
298 15 1056 210 216 529 -1 -1 -1 -1 
299 15 1064 211 217 534 -1 -1 -1 -1 
300 15 1068 207 221 544 -1 -1 -1 -1 
301 15 1072 204 223 550 -1 -1 -1 -1 
302 15 1078 207 225 552 -1 -1 -1 -1 
303 15 1083 208 226 553 -1 -1 -1 -1 
304 15 1087 209 226 554 -1 -1 -1 -1 
305 15 1088 205 229 562 -1 -1 -1 -1 
306 15 1087 204 237 583 -1 -1 -1 -1 
307 15 1088 199 241 592 -1 -1 -1 -1 
308 15 1092 193 246 601 -1 -1 -1 -1 
309 15 1095 190 249 606 -1 -1 -1 -1 
310 15 1096 182 256 629 -1 -1 -1 -1 
311 15 1096 173 266 651 -1 -1 -1 -1 
312 15 1094 162 275 674 -1 -1 -1 -1 
313 15 1094 153 283 698 -1 -1 -1 -1 
314 15 1091 147 292 719 -1 -1 -1 -1 
315 15 1089 140 303 741 -1 -1 -1 -1 
316 15 1088 135 312 760 -1 -1 -1 -1 
317 15 1090 131 321 779 -1 -1 -1 -1 
318 15 1095 128 323 795 -1 -1 -1 -1 
319 15 1102 125 326 793 -1 -1 -1 -1 
320 15 1106 115 334 808 -1 -1 -1 -1 
321 15 1112 103 345 848 -1 -1 -1 -1 
322 15 1116 93 355 873 -1 -1 -1 -1 
323 15 1118 83 365 900 -1 -1 -1 -1 
324 15 1120 72 382 934 -1 -1 -1 -1 
325 15 1125 50 393 970 -1 -1 -1 -1 
326 15 1130 36 406 994 -1 -1 -1 -1 
327 15 1141 26 415 1014 -1 -1 -1 -1 
328 15 1153 21 423 1025 -1 -1 -1 -1 
329 15 1171 16 427 1034 -1 -1 -1 -1 
330 15 1205 5 422 1037 -1 -1 -1 -1 
331 15 1226 0 426 1050 -1 -1 -1 -1 
332 15 1240 2 430 1051 -1 -1 -1 -1 
333 15 1256 0 439 1065 -1 -1 -1 -1 
334 15 1283 -1 435 1059 -1 -1 -1 -1 
335 15 1317 -1 431 1052 -1 -1 -1 -1 
336 15 1343 4 429 1057 -1 -1 -1 -1 
337 15 1374 12 428 1049 -1 -1 -1 -1 
338 15 1391 3 445 1069 -1 -1 -1 -1 
339 15 1417 0 456 1076 -1 -1 -1 -1 
147 16 757 354 100 248 -1 -1 -1 -1 
148 16 759 351 101 253 -1 -1 -1 -1 
154 16 752 361 106 261 -1 -1 -1 -1 
155 16 753 361 104 257 -1 -1 -1 -1 
156 16 753 363 103 256 -1 -1 -1 -1 
157 16 750 371 102 252 -1 -1 -1 -1 
158 16 744 367 104 256 -1 -1 -1 -1 
159 16 738 363 106 261 -1 -1 -1 -1 
160 16 733 363 106 263 -1 -1 -1 -1 
161 16 726 369 105 261 -1 -1 -1 -1 
162 16 722 371 103 259 -1 -1 -1 -1 
163 16 710 365 107 265 -1 -1 -1 -1 
164 16 702 365 108 266 -1 -1 -1 -1 
165 16 695 364 108 268 -1 -1 -1 -1 
166 16 689 363 109 268 -1 -1 -1 -1 
167 16 684 361 110 270 -1 -1 -1 -1 
168 16 680 359 110 272 -1 -1 -1 -1 
169 16 678 362 108 269 -1 -1 -1 -1 
170 16 671 355 112 279 -1 -1 -1 -1 
171 16 669 354 113 280 -1 -1 -1 -1 
172 16 664 353 115 283 -1 -1 -1 -1 
173 16 661 348 117 289 -1 -1 -1 -1 
174 16 659 345 118 294 -1 -1 -1 -1 
175 16 658 344 119 296 -1 -1 -1 -1 
176 16 659 347 119 297 -1 -1 -1 -1 
177 16 658 347 119 298 -1 -1 -1 -1 
178 16 658 350 120 297 -1 -1 -1 -1 
179 16 658 350 121 300 -1 -1 -1 -1 
180 16 659 349 122 303 -1 -1 -1 -1 
181 16 660 349 124 306 -1 -1 -1 -1 
182 16 661 347 125 311 -1 -1 -1 -1 
183 16 663 346 126 314 -1 -1 -1 -1 
184 16 666 342 128 318 -1 -1 -1 -1 
185 16 668 340 130 321 -1 -1 -1 -1 
186 16 670 337 131 326 -1 -1 -1 -1 
187 16 671 335 132 329 -1 -1 -1 -1 
188 16 670 333 132 329 -1 -1 -1 -1 
189 16 668 331 133 332 -1 -1 -1 -1 
190 16 665 328 136 337 -1 -1 -1 -1 
191 16 662 326 138 342 -1 -1 -1 -1 
192 16 659 328 139 345 -1 -1 -1 -1 
193 16 655 330 139 346 -1 -1 -1 -1 
194 16 648 332 143 349 -1 -1 -1 -1 
195 16 640 337 143 350 -1 -1 -1 -1 
196 16 633 339 142 352 -1 -1 -1 -1 
197 16 626 343 142 351 -1 -1 -1 -1 
198 16 618 345 145 356 -1 -1 -1 -1 
199 16 605 343 149 366 -1 -1 -1 -1 
200 16 601 350 148 363 -1 -1 -1 -1 
201 16 591 347 149 368 -1 -1 -1 -1 
202 16 580 347 151 373 -1 -1 -1 -1 
203 16 573 351 152 371 -1 -1 -1 -1 
204 16 567 349 153 375 -1 -1 -1 -1 
205 16 560 345 155 384 -1 -1 -1 -1 
206 16 554 344 156 387 -1 -1 -1 -1 
207 16 549 340 159 393 -1 -1 -1 -1 
208 16 543 339 163 398 -1 -1 -1 -1 
209 16 537 338 166 406 -1 -1 -1 -1 
210 16 529 338 169 409 -1 -1 -1 -1 
211 16 522 337 172 418 -1 -1 -1 -1 
212 16 515 336 175 427 -1 -1 -1 -1 
213 16 510 338 175 431 -1 -1 -1 -1 
214 16 507 340 177 435 -1 -1 -1 -1 
215 16 503 336 180 443 -1 -1 -1 -1 
216 16 502 336 182 448 -1 -1 -1 -1 
217 16 500 334 184 455 -1 -1 -1 -1 
218 16 499 334 186 461 -1 -1 -1 -1 
219 16 499 334 188 465 -1 -1 -1 -1 
220 16 499 331 192 469 -1 -1 -1 -1 
221 16 498 325 195 479 -1 -1 -1 -1 
222 16 499 321 196 484 -1 -1 -1 -1 
223 16 498 317 197 487 -1 -1 -1 -1 
224 16 496 314 198 490 -1 -1 -1 -1 
225 16 492 311 201 495 -1 -1 -1 -1 
226 16 488 309 203 501 -1 -1 -1 -1 
227 16 481 305 208 512 -1 -1 -1 -1 
228 16 472 300 213 520 -1 -1 -1 -1 
229 16 462 297 216 528 -1 -1 -1 -1 
230 16 453 293 221 541 -1 -1 -1 -1 
231 16 444 292 225 548 -1 -1 -1 -1 
232 16 432 293 228 557 -1 -1 -1 -1 
233 16 422 293 230 567 -1 -1 -1 -1 
234 16 408 291 235 574 -1 -1 -1 -1 
235 16 395 288 238 581 -1 -1 -1 -1 
236 16 383 285 240 587 -1 -1 -1 -1 
237 16 371 277 245 601 -1 -1 -1 -1 
238 16 358 272 249 611 -1 -1 -1 -1 
239 16 343 265 254 623 -1 -1 -1 -1 
240 16 324 259 261 639 -1 -1 -1 -1 
241 16 305 256 267 650 -1 -1 -1 -1 
242 16 286 255 271 664 -1 -1 -1 -1 
243 16 268 251 277 676 -1 -1 -1 -1 
244 16 243 246 289 706 -1 -1 -1 -1 
245 16 226 247 289 704 -1 -1 -1 -1 
246 16 209 241 293 719 -1 -1 -1 -1 
247 16 191 238 293 715 -1 -1 -1 -1 
248 16 174 240 299 725 -1 -1 -1 -1 
249 16 151 233 304 748 -1 -1 -1 -1 
250 16 132 230 308 758 -1 -1 -1 -1 
251 16 112 225 319 783 -1 -1 -1 -1 
252 16 89 221 331 815 -1 -1 -1 -1 
253 16 69 212 339 837 -1 -1 -1 -1 
254 16 51 205 347 853 -1 -1 -1 -1 
255 16 33 196 355 869 -1 -1 -1 -1 
256 16 17 194 355 871 -1 -1 -1 -1 
257 16 5 185 356 883 -1 -1 -1 -1 
258 16 -2 180 347 887 -1 -1 -1 -1 
259 16 -5 179 330 886 -1 -1 -1 -1 
260 16 -5 170 313 900 -1 -1 -1 -1 
261 16 -5 164 303 912 -1 -1 -1 -1 
262 16 -4 147 279 929 -1 -1 -1 -1 
263 16 -3 139 259 934 -1 -1 -1 -1 
264 16 -2 122 240 945 -1 -1 -1 -1 
265 16 -2 104 223 971 -1 -1 -1 -1 
266 16 -2 92 191 953 -1 -1 -1 -1 
202 17 764 399 91 226 -1 -1 -1 -1 
203 17 760 399 92 227 -1 -1 -1 -1 
204 17 757 398 93 229 -1 -1 -1 -1 
205 17 755 396 94 236 -1 -1 -1 -1 
206 17 754 396 95 236 -1 -1 -1 -1 
207 17 752 397 96 238 -1 -1 -1 -1 
208 17 750 397 96 240 -1 -1 -1 -1 
209 17 748 397 97 242 -1 -1 -1 -1 
210 17 744 397 99 244 -1 -1 -1 -1 
211 17 742 397 99 245 -1 -1 -1 -1 
212 17 738 398 100 247 -1 -1 -1 -1 
213 17 735 399 100 249 -1 -1 -1 -1 
214 17 735 403 99 248 -1 -1 -1 -1 
215 17 735 401 99 247 -1 -1 -1 -1 
216 17 736 401 100 250 -1 -1 -1 -1 
217 17 738 401 102 253 -1 -1 -1 -1 
218 17 741 402 101 249 -1 -1 -1 -1 
219 17 744 403 103 256 -1 -1 -1 -1 
220 17 746 403 104 259 -1 -1 -1 -1 
221 17 747 400 105 262 -1 -1 -1 -1 
222 17 749 399 107 265 -1 -1 -1 -1 
223 17 749 397 110 270 -1 -1 -1 -1 
224 17 752 397 111 272 -1 -1 -1 -1 
225 17 755 397 110 271 -1 -1 -1 -1 
226 17 755 397 110 271 -1 -1 -1 -1 
227 17 754 398 110 271 -1 -1 -1 -1 
228 17 752 399 111 272 -1 -1 -1 -1 
229 17 750 400 112 275 -1 -1 -1 -1 
230 17 748 401 114 278 -1 -1 -1 -1 
231 17 746 401 113 280 -1 -1 -1 -1 
232 17 741 401 114 283 -1 -1 -1 -1 
233 17 734 402 116 286 -1 -1 -1 -1 
234 17 728 399 117 290 -1 -1 -1 -1 
235 17 723 399 117 288 -1 -1 -1 -1 
236 17 717 395 120 296 -1 -1 -1 -1 
237 17 711 395 121 299 -1 -1 -1 -1 
238 17 705 393 122 304 -1 -1 -1 -1 
239 17 698 392 126 311 -1 -1 -1 -1 
240 17 690 393 129 317 -1 -1 -1 -1 
241 17 682 391 129 321 -1 -1 -1 -1 
242 17 672 390 131 325 -1 -1 -1 -1 
243 17 665 393 133 327 -1 -1 -1 -1 
244 17 658 396 133 327 -1 -1 -1 -1 
245 17 652 397 131 329 -1 -1 -1 -1 
246 17 641 397 136 333 -1 -1 -1 -1 
247 17 633 397 139 340 -1 -1 -1 -1 
248 17 626 399 141 345 -1 -1 -1 -1 
249 17 618 399 143 353 -1 -1 -1 -1 
250 17 614 400 144 355 -1 -1 -1 -1 
251 17 610 403 144 355 -1 -1 -1 -1 
252 17 607 404 143 353 -1 -1 -1 -1 
253 17 603 402 145 356 -1 -1 -1 -1 
254 17 600 403 147 360 -1 -1 -1 -1 
255 17 596 402 151 367 -1 -1 -1 -1 
256 17 595 403 153 372 -1 -1 -1 -1 
257 17 594 403 155 377 -1 -1 -1 -1 
258 17 593 403 157 379 -1 -1 -1 -1 
259 17 591 404 157 382 -1 -1 -1 -1 
260 17 589 406 156 382 -1 -1 -1 -1 
261 17 587 409 155 382 -1 -1 -1 -1 
262 17 585 409 158 386 -1 -1 -1 -1 
263 17 582 402 160 393 -1 -1 -1 -1 
264 17 577 397 164 399 -1 -1 -1 -1 
265 17 571 391 166 404 -1 -1 -1 -1 
266 17 568 386 165 407 -1 -1 -1 -1 
267 17 563 381 168 412 -1 -1 -1 -1 
268 17 558 376 172 421 -1 -1 -1 -1 
269 17 554 368 174 428 -1 -1 -1 -1 
270 17 545 359 178 438 -1 -1 -1 -1 
271 17 538 351 182 450 -1 -1 -1 -1 
272 17 529 343 187 461 -1 -1 -1 -1 
273 17 519 339 190 467 -1 -1 -1 -1 
274 17 508 330 194 478 -1 -1 -1 -1 
275 17 498 324 197 486 -1 -1 -1 -1 
276 17 488 317 200 493 -1 -1 -1 -1 
277 17 477 311 203 498 -1 -1 -1 -1 
278 17 467 305 205 502 -1 -1 -1 -1 
279 17 459 295 209 511 -1 -1 -1 -1 
280 17 456 283 210 520 -1 -1 -1 -1 
281 17 450 269 215 533 -1 -1 -1 -1 
282 17 444 256 219 542 -1 -1 -1 -1 
283 17 442 241 221 547 -1 -1 -1 -1 
284 17 437 225 224 553 -1 -1 -1 -1 
285 17 432 210 227 558 -1 -1 -1 -1 
286 17 425 198 231 567 -1 -1 -1 -1 
287 17 418 180 239 583 -1 -1 -1 -1 
288 17 414 165 244 595 -1 -1 -1 -1 
289 17 409 158 249 607 -1 -1 -1 -1 
290 17 406 155 252 617 -1 -1 -1 -1 
291 17 403 151 255 624 -1 -1 -1 -1 
292 17 400 150 257 629 -1 -1 -1 -1 
293 17 398 147 261 639 -1 -1 -1 -1 
294 17 393 144 269 656 -1 -1 -1 -1 
295 17 391 144 274 665 -1 -1 -1 -1 
296 17 388 140 277 675 -1 -1 -1 -1 
297 17 383 135 281 687 -1 -1 -1 -1 
298 17 375 126 290 710 -1 -1 -1 -1 
299 17 369 116 296 726 -1 -1 -1 -1 
300 17 362 103 302 742 -1 -1 -1 -1 
301 17 353 89 313 764 -1 -1 -1 -1 
302 17 342 76 323 786 -1 -1 -1 -1 
303 17 324 64 333 816 -1 -1 -1 -1 
304 17 309 60 341 836 -1 -1 -1 -1 
305 17 292 55 352 864 -1 -1 -1 -1 
306 17 271 47 369 900 -1 -1 -1 -1 
307 17 256 42 374 921 -1 -1 -1 -1 
308 17 235 39 390 954 -1 -1 -1 -1 
309 17 217 38 395 978 -1 -1 -1 -1 
310 17 197 27 403 997 -1 -1 -1 -1 
311 17 178 23 409 1009 -1 -1 -1 -1 
312 17 162 19 412 1024 -1 -1 -1 -1 
313 17 144 6 418 1046 -1 -1 -1 -1 
314 17 123 -1 428 1062 -1 -1 -1 -1 
315 17 106 -3 435 1074 -1 -1 -1 -1 
316 17 76 -3 445 1074 -1 -1 -1 -1 
317 17 46 -3 453 1076 -1 -1 -1 -1 
318 17 17 -3 462 1078 -1 -1 -1 -1 
319 17 1 -2 457 1063 -1 -1 -1 -1 
320 17 -4 -2 428 1066 -1 -1 -1 -1 
321 17 -3 0 401 1071 -1 -1 -1 -1 
322 17 -5 -1 410 1068 -1 -1 -1 -1 
323 17 -6 -1 386 1070 -1 -1 -1 -1 
324 17 -6 0 359 1076 -1 -1 -1 -1 
325 17 -5 0 341 1073 -1 -1 -1 -1 
326 17 -3 0 329 1071 -1 -1 -1 -1 
327 17 -2 1 299 1063 -1 -1 -1 -1 
210 18 642 408 94 230 -1 -1 -1 -1 
211 18 636 409 96 236 -1 -1 -1 -1 
212 18 625 406 105 259 -1 -1 -1 -1 
213 18 617 406 111 274 -1 -1 -1 -1 
214 18 615 408 115 285 -1 -1 -1 -1 
215 18 613 406 120 299 -1 -1 -1 -1 
216 18 617 406 115 282 -1 -1 -1 -1 
217 18 621 405 112 273 -1 -1 -1 -1 
218 18 628 408 104 253 -1 -1 -1 -1 
219 18 633 411 99 244 -1 -1 -1 -1 
220 18 633 411 102 248 -1 -1 -1 -1 
221 18 638 410 100 244 -1 -1 -1 -1 
222 18 638 411 104 254 -1 -1 -1 -1 
223 18 640 410 106 256 -1 -1 -1 -1 
224 18 643 410 106 255 -1 -1 -1 -1 
225 18 645 410 106 254 -1 -1 -1 -1 
226 18 645 407 108 260 -1 -1 -1 -1 
227 18 643 405 112 270 -1 -1 -1 -1 
228 18 639 403 115 280 -1 -1 -1 -1 
229 18 636 402 118 288 -1 -1 -1 -1 
230 18 635 401 119 292 -1 -1 -1 -1 
231 18 631 401 118 288 -1 -1 -1 -1 
232 18 628 401 116 283 -1 -1 -1 -1 
233 18 623 405 116 285 -1 -1 -1 -1 
234 18 616 404 117 289 -1 -1 -1 -1 
235 18 608 404 118 291 -1 -1 -1 -1 
236 18 603 405 119 293 -1 -1 -1 -1 
237 18 597 405 119 296 -1 -1 -1 -1 
238 18 589 405 121 299 -1 -1 -1 -1 
239 18 583 405 121 303 -1 -1 -1 -1 
240 18 574 405 124 307 -1 -1 -1 -1 
241 18 565 406 124 308 -1 -1 -1 -1 
242 18 556 405 125 310 -1 -1 -1 -1 
243 18 546 402 128 315 -1 -1 -1 -1 
244 18 536 401 131 322 -1 -1 -1 -1 
245 18 524 398 135 332 -1 -1 -1 -1 
246 18 513 397 138 339 -1 -1 -1 -1 
247 18 501 397 140 347 -1 -1 -1 -1 
248 18 491 401 143 353 -1 -1 -1 -1 
249 18 481 405 147 361 -1 -1 -1 -1 
250 18 473 408 149 364 -1 -1 -1 -1 
251 18 466 411 150 370 -1 -1 -1 -1 
252 18 458 413 152 372 -1 -1 -1 -1 
253 18 452 413 154 377 -1 -1 -1 -1 
254 18 449 414 156 384 -1 -1 -1 -1 
255 18 448 414 158 391 -1 -1 -1 -1 
256 18 446 416 159 393 -1 -1 -1 -1 
257 18 446 416 160 396 -1 -1 -1 -1 
258 18 445 414 162 397 -1 -1 -1 -1 
259 18 442 411 161 400 -1 -1 -1 -1 
260 18 439 409 162 401 -1 -1 -1 -1 
261 18 432 407 166 408 -1 -1 -1 -1 
262 18 426 405 168 415 -1 -1 -1 -1 
263 18 419 402 170 421 -1 -1 -1 -1 
264 18 413 399 173 427 -1 -1 -1 -1 
265 18 407 395 175 431 -1 -1 -1 -1 
266 18 400 391 176 436 -1 -1 -1 -1 
267 18 393 389 178 441 -1 -1 -1 -1 
268 18 384 386 183 448 -1 -1 -1 -1 
269 18 376 379 184 453 -1 -1 -1 -1 
270 18 367 371 186 460 -1 -1 -1 -1 
271 18 358 366 190 466 -1 -1 -1 -1 
272 18 346 357 192 472 -1 -1 -1 -1 
273 18 332 348 194 480 -1 -1 -1 -1 
274 18 317 338 198 488 -1 -1 -1 -1 
275 18 302 328 202 497 -1 -1 -1 -1 
276 18 285 319 208 509 -1 -1 -1 -1 
277 18 266 307 213 523 -1 -1 -1 -1 
278 18 250 299 217 532 -1 -1 -1 -1 
279 18 238 290 219 536 -1 -1 -1 -1 
280 18 226 276 222 548 -1 -1 -1 -1 
281 18 213 264 225 552 -1 -1 -1 -1 
282 18 201 252 228 562 -1 -1 -1 -1 
283 18 191 244 231 564 -1 -1 -1 -1 
284 18 182 230 236 579 -1 -1 -1 -1 
285 18 170 216 244 600 -1 -1 -1 -1 
286 18 159 203 249 611 -1 -1 -1 -1 
287 18 148 190 254 625 -1 -1 -1 -1 
288 18 141 176 259 637 -1 -1 -1 -1 
289 18 132 164 265 649 -1 -1 -1 -1 
290 18 122 155 269 659 -1 -1 -1 -1 
291 18 112 145 273 669 -1 -1 -1 -1 
292 18 98 139 280 683 -1 -1 -1 -1 
293 18 84 134 285 698 -1 -1 -1 -1 
294 18 74 129 293 714 -1 -1 -1 -1 
295 18 63 128 299 726 -1 -1 -1 -1 
296 18 49 124 308 745 -1 -1 -1 -1 
297 18 39 123 313 760 -1 -1 -1 -1 
298 18 29 122 315 768 -1 -1 -1 -1 
299 18 15 111 323 788 -1 -1 -1 -1 
300 18 1 102 328 820 -1 -1 -1 -1 
301 18 -3 97 316 819 -1 -1 -1 -1 
302 18 -5 84 300 836 -1 -1 -1 -1 
303 18 -6 69 281 860 -1 -1 -1 -1 
304 18 -6 55 263 887 -1 -1 -1 -1 
305 18 -5 41 247 927 -1 -1 -1 -1 
306 18 -5 30 218 971 -1 -1 -1 -1 
307 18 -4 38 194 973 -1 -1 -1 -1 
308 18 -3 33 163 970 -1 -1 -1 -1 
309 18 -2 64 134 936 -1 -1 -1 -1 
310 18 -1 55 126 947 -1 -1 -1 -1 
258 19 771 454 87 216 -1 -1 -1 -1 
259 19 774 454 84 210 -1 -1 -1 -1 
260 19 775 456 87 218 -1 -1 -1 -1 
261 19 777 456 81 201 -1 -1 -1 -1 
262 19 780 455 80 198 -1 -1 -1 -1 
263 19 781 454 80 199 -1 -1 -1 -1 
264 19 782 452 83 204 -1 -1 -1 -1 
265 19 781 449 84 208 -1 -1 -1 -1 
266 19 781 447 86 215 -1 -1 -1 -1 
267 19 780 444 89 222 -1 -1 -1 -1 
268 19 780 443 90 224 -1 -1 -1 -1 
269 19 780 440 90 227 -1 -1 -1 -1 
270 19 777 433 92 231 -1 -1 -1 -1 
271 19 775 430 93 231 -1 -1 -1 -1 
272 19 774 425 90 225 -1 -1 -1 -1 
273 19 767 422 92 226 -1 -1 -1 -1 
274 19 761 416 94 231 -1 -1 -1 -1 
275 19 754 410 94 231 -1 -1 -1 -1 
276 19 749 402 93 232 -1 -1 -1 -1 
277 19 741 396 94 233 -1 -1 -1 -1 
278 19 734 390 93 233 -1 -1 -1 -1 
279 19 729 382 92 228 -1 -1 -1 -1 
280 19 726 374 90 225 -1 -1 -1 -1 
281 19 721 367 94 234 -1 -1 -1 -1 
282 19 717 357 98 242 -1 -1 -1 -1 
283 19 715 349 99 244 -1 -1 -1 -1 
284 19 715 341 100 245 -1 -1 -1 -1 
285 19 716 335 99 245 -1 -1 -1 -1 
286 19 716 328 100 244 -1 -1 -1 -1 
287 19 718 318 100 246 -1 -1 -1 -1 
288 19 720 311 100 247 -1 -1 -1 -1 
289 19 725 305 100 249 -1 -1 -1 -1 
290 19 728 299 101 249 -1 -1 -1 -1 
291 19 732 291 102 253 -1 -1 -1 -1 
292 19 737 288 103 254 -1 -1 -1 -1 
293 19 740 282 105 259 -1 -1 -1 -1 
294 19 745 282 105 260 -1 -1 -1 -1 
295 19 752 283 106 261 -1 -1 -1 -1 
296 19 758 281 106 262 -1 -1 -1 -1 
297 19 763 281 107 261 -1 -1 -1 -1 
298 19 768 282 106 261 -1 -1 -1 -1 
299 19 772 280 105 261 -1 -1 -1 -1 
300 19 776 282 104 258 -1 -1 -1 -1 
301 19 779 282 104 258 -1 -1 -1 -1 
302 19 782 282 103 257 -1 -1 -1 -1 
303 19 783 282 104 257 -1 -1 -1 -1 
304 19 783 282 106 259 -1 -1 -1 -1 
305 19 783 283 107 263 -1 -1 -1 -1 
306 19 782 283 109 268 -1 -1 -1 -1 
307 19 782 281 109 270 -1 -1 -1 -1 
308 19 780 281 110 271 -1 -1 -1 -1 
309 19 776 283 111 274 -1 -1 -1 -1 
310 19 772 280 111 274 -1 -1 -1 -1 
311 19 771 277 111 273 -1 -1 -1 -1 
312 19 768 274 112 276 -1 -1 -1 -1 
313 19 765 273 112 279 -1 -1 -1 -1 
314 19 761 271 114 284 -1 -1 -1 -1 
315 19 757 269 116 290 -1 -1 -1 -1 
316 19 752 268 118 293 -1 -1 -1 -1 
317 19 748 266 118 294 -1 -1 -1 -1 
318 19 744 265 118 292 -1 -1 -1 -1 
319 19 738 263 122 295 -1 -1 -1 -1 
320 19 734 261 121 297 -1 -1 -1 -1 
321 19 730 258 119 294 -1 -1 -1 -1 
322 19 724 256 121 298 -1 -1 -1 -1 
323 19 719 256 121 300 -1 -1 -1 -1 
324 19 716 258 122 302 -1 -1 -1 -1 
325 19 711 257 123 304 -1 -1 -1 -1 
326 19 708 256 124 307 -1 -1 -1 -1 
327 19 708 258 123 307 -1 -1 -1 -1 
328 19 706 255 124 308 -1 -1 -1 -1 
329 19 705 253 127 313 -1 -1 -1 -1 
330 19 705 253 127 316 -1 -1 -1 -1 
331 19 706 255 128 317 -1 -1 -1 -1 
332 19 705 257 129 319 -1 -1 -1 -1 
333 19 703 258 129 321 -1 -1 -1 -1 
334 19 701 260 130 323 -1 -1 -1 -1 
335 19 699 263 131 325 -1 -1 -1 -1 
336 19 696 265 132 328 -1 -1 -1 -1 
337 19 693 268 132 327 -1 -1 -1 -1 
338 19 688 271 134 331 -1 -1 -1 -1 
339 19 683 271 136 336 -1 -1 -1 -1 
340 19 679 271 136 336 -1 -1 -1 -1 
341 19 673 269 138 342 -1 -1 -1 -1 
342 19 668 268 138 341 -1 -1 -1 -1 
343 19 662 267 139 343 -1 -1 -1 -1 
344 19 658 266 140 344 -1 -1 -1 -1 
345 19 655 264 139 345 -1 -1 -1 -1 
346 19 647 261 143 352 -1 -1 -1 -1 
347 19 640 258 142 353 -1 -1 -1 -1 
348 19 632 253 146 360 -1 -1 -1 -1 
349 19 627 248 149 367 -1 -1 -1 -1 
350 19 620 245 150 370 -1 -1 -1 -1 
351 19 612 243 152 376 -1 -1 -1 -1 
352 19 605 241 152 378 -1 -1 -1 -1 
353 19 596 237 155 382 -1 -1 -1 -1 
354 19 584 235 156 386 -1 -1 -1 -1 
355 19 573 233 158 391 -1 -1 -1 -1 
356 19 563 233 159 390 -1 -1 -1 -1 
357 19 551 231 160 395 -1 -1 -1 -1 
358 19 538 228 163 400 -1 -1 -1 -1 
359 19 526 229 163 401 -1 -1 -1 -1 
360 19 513 227 164 404 -1 -1 -1 -1 
361 19 499 227 166 408 -1 -1 -1 -1 
362 19 485 227 169 413 -1 -1 -1 -1 
363 19 473 229 170 417 -1 -1 -1 -1 
364 19 463 227 172 424 -1 -1 -1 -1 
365 19 456 229 175 428 -1 -1 -1 -1 
366 19 446 229 175 430 -1 -1 -1 -1 
367 19 437 226 177 435 -1 -1 -1 -1 
368 19 431 224 179 439 -1 -1 -1 -1 
369 19 426 225 180 441 -1 -1 -1 -1 
370 19 418 226 181 445 -1 -1 -1 -1 
371 19 413 226 183 451 -1 -1 -1 -1 
372 19 411 227 185 456 -1 -1 -1 -1 
373 19 407 227 190 463 -1 -1 -1 -1 
374 19 403 230 191 468 -1 -1 -1 -1 
375 19 399 231 193 475 -1 -1 -1 -1 
376 19 395 231 195 482 -1 -1 -1 -1 
377 19 388 228 199 490 -1 -1 -1 -1 
378 19 382 227 202 501 -1 -1 -1 -1 
379 19 375 227 205 508 -1 -1 -1 -1 
380 19 367 225 207 514 -1 -1 -1 -1 
381 19 359 226 207 514 -1 -1 -1 -1 
382 19 352 226 211 523 -1 -1 -1 -1 
383 19 344 220 216 534 -1 -1 -1 -1 
384 19 336 215 221 543 -1 -1 -1 -1 
385 19 330 215 223 546 -1 -1 -1 -1 
386 19 326 209 221 548 -1 -1 -1 -1 
387 19 316 202 225 556 -1 -1 -1 -1 
388 19 305 198 227 562 -1 -1 -1 -1 
389 19 292 194 231 572 -1 -1 -1 -1 
390 19 279 187 238 583 -1 -1 -1 -1 
391 19 265 184 241 592 -1 -1 -1 -1 
392 19 257 181 243 594 -1 -1 -1 -1 
393 19 248 178 247 601 -1 -1 -1 -1 
394 19 234 168 252 613 -1 -1 -1 -1 
395 19 221 164 255 621 -1 -1 -1 -1 
396 19 208 161 258 626 -1 -1 -1 -1 
397 19 196 157 260 633 -1 -1 -1 -1 
398 19 180 152 265 643 -1 -1 -1 -1 
399 19 165 149 268 653 -1 -1 -1 -1 
400 19 151 145 270 658 -1 -1 -1 -1 
401 19 138 143 274 669 -1 -1 -1 -1 
402 19 125 141 276 680 -1 -1 -1 -1 
403 19 103 140 285 700 -1 -1 -1 -1 
404 19 91 140 288 708 -1 -1 -1 -1 
405 19 76 137 292 720 -1 -1 -1 -1 
406 19 64 135 296 730 -1 -1 -1 -1 
407 19 54 132 300 735 -1 -1 -1 -1 
408 19 39 124 309 751 -1 -1 -1 -1 
409 19 27 121 312 763 -1 -1 -1 -1 
410 19 19 115 318 776 -1 -1 -1 -1 
411 19 14 107 317 790 -1 -1 -1 -1 
412 19 8 98 319 805 -1 -1 -1 -1 
413 19 3 96 319 816 -1 -1 -1 -1 
414 19 -1 92 318 833 -1 -1 -1 -1 
415 19 -3 85 309 850 -1 -1 -1 -1 
416 19 -3 73 301 872 -1 -1 -1 -1 
417 19 -4 62 293 892 -1 -1 -1 -1 
418 19 -4 50 280 922 -1 -1 -1 -1 
419 19 -4 41 265 947 -1 -1 -1 -1 
420 19 -3 35 247 957 -1 -1 -1 -1 
421 19 -3 29 235 949 -1 -1 -1 -1 
422 19 -3 22 222 945 -1 -1 -1 -1 
423 19 -2 18 204 949 -1 -1 -1 -1 
424 19 -2 14 183 961 -1 -1 -1 -1 
425 19 -2 7 172 968 -1 -1 -1 -1 
426 19 -1 0 158 974 -1 -1 -1 -1 
263 20 1090 474 70 177 -1 -1 -1 -1 
264 20 1094 479 70 174 -1 -1 -1 -1 
265 21 719 473 54 131 -1 -1 -1 -1 
266 21 719 469 54 132 -1 -1 -1 -1 
267 21 718 468 54 131 -1 -1 -1 -1 
268 21 718 469 53 130 -1 -1 -1 -1 
269 21 716 467 53 129 -1 -1 -1 -1 
270 21 715 464 52 129 -1 -1 -1 -1 
271 21 712 461 52 130 -1 -1 -1 -1 
272 21 707 456 53 133 -1 -1 -1 -1 
273 21 702 449 54 133 -1 -1 -1 -1 
274 21 697 445 50 128 -1 -1 -1 -1 
275 21 691 440 50 127 -1 -1 -1 -1 
289 21 666 340 55 140 -1 -1 -1 -1 
290 21 670 336 55 138 -1 -1 -1 -1 
291 21 674 326 56 142 -1 -1 -1 -1 
292 21 678 323 58 145 -1 -1 -1 -1 
293 21 686 321 54 140 -1 -1 -1 -1 
294 21 693 320 53 139 -1 -1 -1 -1 
332 23 799 237 138 338 -1 -1 -1 -1 
333 23 801 237 138 338 -1 -1 -1 -1 
334 23 802 239 138 340 -1 -1 -1 -1 
335 23 801 241 139 347 -1 -1 -1 -1 
336 23 797 242 142 351 -1 -1 -1 -1 
337 23 793 243 145 358 -1 -1 -1 -1 
338 23 789 243 147 364 -1 -1 -1 -1 
339 23 785 245 147 363 -1 -1 -1 -1 
340 23 782 245 149 367 -1 -1 -1 -1 
341 23 779 243 151 371 -1 -1 -1 -1 
342 23 776 240 152 372 -1 -1 -1 -1 
343 23 771 239 152 370 -1 -1 -1 -1 
344 23 767 239 152 374 -1 -1 -1 -1 
345 23 762 238 155 379 -1 -1 -1 -1 
346 23 758 236 157 385 -1 -1 -1 -1 
347 23 752 236 156 386 -1 -1 -1 -1 
348 23 747 230 155 389 -1 -1 -1 -1 
349 23 738 227 159 390 -1 -1 -1 -1 
350 23 732 224 161 398 -1 -1 -1 -1 
351 23 727 221 166 408 -1 -1 -1 -1 
352 23 721 220 165 407 -1 -1 -1 -1 
353 23 714 215 168 414 -1 -1 -1 -1 
354 23 706 214 168 415 -1 -1 -1 -1 
355 23 697 212 169 419 -1 -1 -1 -1 
356 23 686 207 171 425 -1 -1 -1 -1 
357 23 675 205 174 430 -1 -1 -1 -1 
358 23 663 204 176 433 -1 -1 -1 -1 
359 23 650 201 181 439 -1 -1 -1 -1 
360 23 638 198 183 445 -1 -1 -1 -1 
361 23 626 196 183 448 -1 -1 -1 -1 
362 23 614 198 184 450 -1 -1 -1 -1 
363 23 600 196 189 457 -1 -1 -1 -1 
364 23 593 194 189 463 -1 -1 -1 -1 
365 23 586 198 188 461 -1 -1 -1 -1 
366 23 580 198 188 463 -1 -1 -1 -1 
367 23 575 198 190 466 -1 -1 -1 -1 
368 23 571 199 191 471 -1 -1 -1 -1 
369 23 566 197 195 479 -1 -1 -1 -1 
370 23 562 195 198 484 -1 -1 -1 -1 
371 23 559 194 200 490 -1 -1 -1 -1 
372 23 555 193 202 496 -1 -1 -1 -1 
373 23 552 193 204 504 -1 -1 -1 -1 
374 23 548 195 206 509 -1 -1 -1 -1 
375 23 545 197 207 511 -1 -1 -1 -1 
376 23 541 198 208 515 -1 -1 -1 -1 
377 23 537 197 210 520 -1 -1 -1 -1 
378 23 533 194 214 532 -1 -1 -1 -1 
379 23 527 193 218 537 -1 -1 -1 -1 
380 23 521 191 223 545 -1 -1 -1 -1 
381 23 515 189 226 557 -1 -1 -1 -1 
382 23 507 188 231 567 -1 -1 -1 -1 
383 23 501 183 233 575 -1 -1 -1 -1 
384 23 493 179 237 585 -1 -1 -1 -1 
385 23 488 180 240 590 -1 -1 -1 -1 
386 23 484 177 239 596 -1 -1 -1 -1 
387 23 476 174 243 599 -1 -1 -1 -1 
388 23 471 169 247 607 -1 -1 -1 -1 
389 23 465 166 252 617 -1 -1 -1 -1 
390 23 458 162 255 625 -1 -1 -1 -1 
391 23 451 156 261 638 -1 -1 -1 -1 
392 23 444 151 264 645 -1 -1 -1 -1 
393 23 439 142 267 653 -1 -1 -1 -1 
394 23 434 137 271 663 -1 -1 -1 -1 
395 23 427 130 276 673 -1 -1 -1 -1 
396 23 420 123 280 685 -1 -1 -1 -1 
397 23 411 113 284 701 -1 -1 -1 -1 
398 23 402 105 288 709 -1 -1 -1 -1 
399 23 393 98 293 721 -1 -1 -1 -1 
400 23 379 92 302 733 -1 -1 -1 -1 
401 23 369 87 307 745 -1 -1 -1 -1 
402 23 362 83 310 755 -1 -1 -1 -1 
403 23 356 82 315 766 -1 -1 -1 -1 
404 23 349 79 319 781 -1 -1 -1 -1 
405 23 346 79 321 787 -1 -1 -1 -1 
406 23 341 78 326 796 -1 -1 -1 -1 
407 23 336 78 329 801 -1 -1 -1 -1 
408 23 332 76 331 807 -1 -1 -1 -1 
409 23 329 77 336 817 -1 -1 -1 -1 
410 23 326 76 341 829 -1 -1 -1 -1 
411 23 322 72 348 852 -1 -1 -1 -1 
412 23 315 63 355 867 -1 -1 -1 -1 
413 23 309 53 362 883 -1 -1 -1 -1 
414 23 301 42 368 904 -1 -1 -1 -1 
415 23 291 38 378 932 -1 -1 -1 -1 
416 23 279 32 384 949 -1 -1 -1 -1 
417 23 267 18 393 970 -1 -1 -1 -1 
418 23 256 5 396 981 -1 -1 -1 -1 
419 23 246 0 402 987 -1 -1 -1 -1 
420 23 231 -2 412 994 -1 -1 -1 -1 
421 23 214 -3 417 1004 -1 -1 -1 -1 
422 23 194 -3 429 1013 -1 -1 -1 -1 
423 23 172 -2 439 1028 -1 -1 -1 -1 
424 23 153 -2 445 1043 -1 -1 -1 -1 
425 23 137 -2 445 1048 -1 -1 -1 -1 
426 23 121 -2 449 1052 -1 -1 -1 -1 
427 23 103 -1 451 1057 -1 -1 -1 -1 
428 23 85 0 455 1059 -1 -1 -1 -1 
429 23 61 0 466 1062 -1 -1 -1 -1 
430 23 41 0 470 1069 -1 -1 -1 -1 
431 23 21 0 476 1062 -1 -1 -1 -1 
432 23 5 0 474 1053 -1 -1 -1 -1 
433 23 -3 0 460 1057 -1 -1 -1 -1 
434 23 -5 0 447 1064 -1 -1 -1 -1 
435 23 -4 0 426 1062 -1 -1 -1 -1 
436 23 -1 -1 421 1069 -1 -1 -1 -1 
437 23 -3 0 388 1063 -1 -1 -1 -1 
345 26 507 309 69 170 -1 -1 -1 -1 
346 26 500 309 67 166 -1 -1 -1 -1 
347 26 491 308 69 169 -1 -1 -1 -1 
348 26 487 306 62 153 -1 -1 -1 -1 
349 26 479 303 66 165 -1 -1 -1 -1 
350 26 472 300 69 169 -1 -1 -1 -1 
351 26 467 300 68 172 -1 -1 -1 -1 
352 26 462 298 69 172 -1 -1 -1 -1 
353 26 455 297 70 173 -1 -1 -1 -1 
355 26 440 296 69 174 -1 -1 -1 -1 
356 26 432 297 67 167 -1 -1 -1 -1 
357 26 423 295 68 170 -1 -1 -1 -1 
358 26 413 294 68 169 -1 -1 -1 -1 
359 26 402 292 70 175 -1 -1 -1 -1 
360 26 391 293 70 177 -1 -1 -1 -1 
361 26 381 293 69 174 -1 -1 -1 -1 
362 26 371 295 71 178 -1 -1 -1 -1 
363 26 361 295 72 179 -1 -1 -1 -1 
364 26 356 295 72 181 -1 -1 -1 -1 
365 26 351 297 73 184 -1 -1 -1 -1 
366 26 344 301 74 183 -1 -1 -1 -1 
367 26 341 300 73 182 -1 -1 -1 -1 
368 26 339 301 73 183 -1 -1 -1 -1 
369 26 336 303 74 181 -1 -1 -1 -1 
370 26 338 306 72 181 -1 -1 -1 -1 
371 26 338 308 71 180 -1 -1 -1 -1 
363 30 427 326 62 153 -1 -1 -1 -1 
364 30 421 328 60 150 -1 -1 -1 -1 
365 30 415 330 63 157 -1 -1 -1 -1 
366 30 408 331 65 160 -1 -1 -1 -1 
367 30 405 330 65 159 -1 -1 -1 -1 
368 30 403 329 64 160 -1 -1 -1 -1 
369 30 400 327 62 155 -1 -1 -1 -1 
372 31 717 305 72 182 -1 -1 -1 -1 
373 31 718 309 73 179 -1 -1 -1 -1 
374 31 718 312 74 184 -1 -1 -1 -1 
375 31 722 313 74 185 -1 -1 -1 -1 
376 31 723 315 76 189 -1 -1 -1 -1 
377 31 726 318 75 188 -1 -1 -1 -1 
378 31 726 318 77 191 -1 -1 -1 -1 
379 31 727 321 77 192 -1 -1 -1 -1 
380 31 727 321 79 197 -1 -1 -1 -1 
381 31 726 322 79 196 -1 -1 -1 -1 
382 31 724 323 81 197 -1 -1 -1 -1 
383 31 724 321 80 198 -1 -1 -1 -1 
384 31 721 320 81 200 -1 -1 -1 -1 
385 31 720 323 81 200 -1 -1 -1 -1 
386 31 717 321 82 202 -1 -1 -1 -1 
387 31 716 320 81 201 -1 -1 -1 -1 
388 31 714 318 81 201 -1 -1 -1 -1 
389 31 711 317 82 202 -1 -1 -1 -1 
390 31 709 316 82 204 -1 -1 -1 -1 
391 31 705 315 83 205 -1 -1 -1 -1 
392 31 703 314 83 206 -1 -1 -1 -1 
393 31 702 315 82 204 -1 -1 -1 -1 
394 31 701 314 82 204 -1 -1 -1 -1 
395 31 699 314 82 203 -1 -1 -1 -1 
396 31 696 313 83 204 -1 -1 -1 -1 
397 31 692 312 84 205 -1 -1 -1 -1 
398 31 689 310 85 207 -1 -1 -1 -1 
399 31 687 307 85 211 -1 -1 -1 -1 
400 31 684 306 87 213 -1 -1 -1 -1 
401 31 682 305 88 215 -1 -1 -1 -1 
402 31 682 304 88 215 -1 -1 -1 -1 
403 31 681 304 88 218 -1 -1 -1 -1 
404 31 680 305 88 220 -1 -1 -1 -1 
405 31 680 305 89 222 -1 -1 -1 -1 
406 31 682 305 90 223 -1 -1 -1 -1 
407 31 684 306 90 222 -1 -1 -1 -1 
408 31 685 307 90 222 -1 -1 -1 -1 
409 31 691 308 91 226 -1 -1 -1 -1 
410 31 698 311 90 226 -1 -1 -1 -1 
411 31 704 312 90 226 -1 -1 -1 -1 
412 31 708 310 90 227 -1 -1 -1 -1 
413 31 712 307 93 231 -1 -1 -1 -1 
414 31 716 305 94 233 -1 -1 -1 -1 
415 31 721 304 94 232 -1 -1 -1 -1 
416 31 723 301 95 236 -1 -1 -1 -1 
417 31 723 301 96 237 -1 -1 -1 -1 
418 31 723 299 96 240 -1 -1 -1 -1 
419 31 722 298 96 238 -1 -1 -1 -1 
420 31 720 297 97 241 -1 -1 -1 -1 
421 31 717 296 99 243 -1 -1 -1 -1 
422 31 716 294 100 245 -1 -1 -1 -1 
423 31 713 293 100 247 -1 -1 -1 -1 
424 31 710 292 100 249 -1 -1 -1 -1 
425 31 703 291 100 249 -1 -1 -1 -1 
426 31 698 289 101 249 -1 -1 -1 -1 
427 31 695 287 103 252 -1 -1 -1 -1 
428 31 692 286 102 253 -1 -1 -1 -1 
429 31 688 286 102 256 -1 -1 -1 -1 
430 31 683 285 103 257 -1 -1 -1 -1 
431 31 675 286 105 259 -1 -1 -1 -1 
432 31 667 284 106 261 -1 -1 -1 -1 
433 31 662 284 104 259 -1 -1 -1 -1 
434 31 658 279 105 263 -1 -1 -1 -1 
435 31 656 281 105 260 -1 -1 -1 -1 
436 31 654 280 105 261 -1 -1 -1 -1 
437 31 652 279 106 261 -1 -1 -1 -1 
438 31 651 279 107 261 -1 -1 -1 -1 
439 31 650 277 107 264 -1 -1 -1 -1 
440 31 651 276 105 264 -1 -1 -1 -1 
441 31 649 277 106 264 -1 -1 -1 -1 
442 31 649 274 108 268 -1 -1 -1 -1 
443 31 651 278 108 265 -1 -1 -1 -1 
444 31 657 282 99 246 -1 -1 -1 -1 
445 31 660 277 100 253 -1 -1 -1 -1 
448 31 677 274 94 235 -1 -1 -1 -1 
449 31 680 267 101 252 -1 -1 -1 -1 
450 31 683 267 107 266 -1 -1 -1 -1 
451 31 684 266 112 276 -1 -1 -1 -1 
452 31 687 262 117 288 -1 -1 -1 -1 
453 31 691 259 119 294 -1 -1 -1 -1 
454 31 695 258 122 299 -1 -1 -1 -1 
455 31 699 259 122 301 -1 -1 -1 -1 
456 31 703 256 124 306 -1 -1 -1 -1 
457 31 709 251 125 310 -1 -1 -1 -1 
458 31 713 251 126 311 -1 -1 -1 -1 
459 31 717 250 128 314 -1 -1 -1 -1 
460 31 720 245 129 315 -1 -1 -1 -1 
461 31 722 242 129 318 -1 -1 -1 -1 
462 31 724 241 129 320 -1 -1 -1 -1 
463 31 724 239 129 322 -1 -1 -1 -1 
464 31 721 237 131 323 -1 -1 -1 -1 
465 31 716 232 133 327 -1 -1 -1 -1 
466 31 712 229 135 328 -1 -1 -1 -1 
467 31 706 226 136 332 -1 -1 -1 -1 
468 31 699 222 137 337 -1 -1 -1 -1 
469 31 691 220 137 339 -1 -1 -1 -1 
470 31 684 217 141 343 -1 -1 -1 -1 
471 31 679 215 142 345 -1 -1 -1 -1 
472 31 675 213 141 347 -1 -1 -1 -1 
473 31 668 211 142 351 -1 -1 -1 -1 
474 31 662 208 142 355 -1 -1 -1 -1 
475 31 657 204 145 359 -1 -1 -1 -1 
476 31 651 202 147 362 -1 -1 -1 -1 
477 31 646 203 148 366 -1 -1 -1 -1 
478 31 641 205 150 370 -1 -1 -1 -1 
479 31 636 205 151 372 -1 -1 -1 -1 
480 31 633 207 152 373 -1 -1 -1 -1 
481 31 633 211 151 373 -1 -1 -1 -1 
482 31 632 213 154 380 -1 -1 -1 -1 
483 31 631 213 157 387 -1 -1 -1 -1 
484 31 630 212 159 392 -1 -1 -1 -1 
485 31 631 212 161 395 -1 -1 -1 -1 
486 31 637 211 161 398 -1 -1 -1 -1 
487 31 642 213 163 401 -1 -1 -1 -1 
488 31 646 215 163 404 -1 -1 -1 -1 
489 31 649 217 164 404 -1 -1 -1 -1 
490 31 650 218 165 407 -1 -1 -1 -1 
491 31 648 219 167 411 -1 -1 -1 -1 
492 31 646 220 169 415 -1 -1 -1 -1 
493 31 644 222 170 417 -1 -1 -1 -1 
494 31 642 221 171 423 -1 -1 -1 -1 
495 31 639 222 174 427 -1 -1 -1 -1 
496 31 636 220 176 433 -1 -1 -1 -1 
497 31 632 221 176 434 -1 -1 -1 -1 
498 31 625 222 178 435 -1 -1 -1 -1 
499 31 618 223 178 435 -1 -1 -1 -1 
500 31 613 220 179 442 -1 -1 -1 -1 
501 31 607 221 181 445 -1 -1 -1 -1 
502 31 598 217 183 452 -1 -1 -1 -1 
503 31 589 212 187 459 -1 -1 -1 -1 
504 31 580 208 191 466 -1 -1 -1 -1 
505 31 572 202 193 475 -1 -1 -1 -1 
506 31 566 198 194 477 -1 -1 -1 -1 
507 31 556 190 198 487 -1 -1 -1 -1 
508 31 544 188 202 492 -1 -1 -1 -1 
509 31 533 183 206 500 -1 -1 -1 -1 
510 31 521 180 210 509 -1 -1 -1 -1 
511 31 507 177 212 516 -1 -1 -1 -1 
512 31 496 175 214 524 -1 -1 -1 -1 
513 31 485 170 220 535 -1 -1 -1 -1 
514 31 475 165 221 540 -1 -1 -1 -1 
515 31 464 162 224 547 -1 -1 -1 -1 
516 31 454 160 225 551 -1 -1 -1 -1 
517 31 445 158 226 555 -1 -1 -1 -1 
518 31 436 156 231 566 -1 -1 -1 -1 
519 31 429 152 235 575 -1 -1 -1 -1 
520 31 423 148 239 587 -1 -1 -1 -1 
521 31 422 148 242 596 -1 -1 -1 -1 
522 31 416 146 246 602 -1 -1 -1 -1 
523 31 413 140 249 611 -1 -1 -1 -1 
524 31 411 132 253 620 -1 -1 -1 -1 
525 31 408 123 258 632 -1 -1 -1 -1 
526 31 405 120 262 641 -1 -1 -1 -1 
527 31 402 116 265 648 -1 -1 -1 -1 
528 31 398 116 267 655 -1 -1 -1 -1 
529 31 395 115 271 664 -1 -1 -1 -1 
530 31 389 111 277 674 -1 -1 -1 -1 
531 31 383 108 281 690 -1 -1 -1 -1 
532 31 378 107 284 698 -1 -1 -1 -1 
533 31 372 105 289 707 -1 -1 -1 -1 
534 31 368 102 292 714 -1 -1 -1 -1 
535 31 360 96 296 727 -1 -1 -1 -1 
536 31 350 91 303 741 -1 -1 -1 -1 
537 31 341 86 308 751 -1 -1 -1 -1 
538 31 329 77 315 767 -1 -1 -1 -1 
539 31 316 64 323 790 -1 -1 -1 -1 
540 31 300 58 328 801 -1 -1 -1 -1 
541 31 280 53 338 819 -1 -1 -1 -1 
542 31 265 41 342 837 -1 -1 -1 -1 
543 31 248 32 349 851 -1 -1 -1 -1 
544 31 233 28 352 862 -1 -1 -1 -1 
545 31 213 21 360 888 -1 -1 -1 -1 
546 31 188 20 366 901 -1 -1 -1 -1 
547 31 159 4 380 930 -1 -1 -1 -1 
548 31 130 7 386 951 -1 -1 -1 -1 
549 31 99 3 401 984 -1 -1 -1 -1 
550 31 68 0 411 1008 -1 -1 -1 -1 
551 31 37 -1 422 1022 -1 -1 -1 -1 
552 31 13 -1 431 1032 -1 -1 -1 -1 
553 31 0 -1 425 1036 -1 -1 -1 -1 
554 31 -7 -1 411 1038 -1 -1 -1 -1 
555 31 -8 0 385 1038 -1 -1 -1 -1 
556 31 -6 0 358 1050 -1 -1 -1 -1 
557 31 -5 0 334 1059 -1 -1 -1 -1 
558 31 -4 0 315 1062 -1 -1 -1 -1 
559 31 -3 -1 286 1070 -1 -1 -1 -1 
560 31 -2 0 262 1069 -1 -1 -1 -1 
561 31 0 -2 236 1070 -1 -1 -1 -1 
562 31 0 0 227 1062 -1 -1 -1 -1 
563 31 0 -1 234 1067 -1 -1 -1 -1 
564 31 1 0 228 1069 -1 -1 -1 -1 
565 31 2 1 224 1068 -1 -1 -1 -1 
566 31 2 6 224 1062 -1 -1 -1 -1 
567 31 2 1 205 1061 -1 -1 -1 -1 
408 34 976 332 86 214 -1 -1 -1 -1 
409 34 981 334 88 215 -1 -1 -1 -1 
415 34 1017 343 84 208 -1 -1 -1 -1 
416 34 1025 345 86 207 -1 -1 -1 -1 
417 34 1028 344 86 211 -1 -1 -1 -1 
426 34 1029 328 89 218 -1 -1 -1 -1 
427 34 1029 327 89 217 -1 -1 -1 -1 
428 34 1024 325 91 221 -1 -1 -1 -1 
429 34 1008 324 88 219 -1 -1 -1 -1 
430 34 1001 321 90 222 -1 -1 -1 -1 
431 34 995 317 92 226 -1 -1 -1 -1 
432 34 991 315 93 228 -1 -1 -1 -1 
433 34 989 313 93 229 -1 -1 -1 -1 
434 34 988 311 93 229 -1 -1 -1 -1 
435 34 986 309 93 229 -1 -1 -1 -1 
436 34 986 308 92 229 -1 -1 -1 -1 
437 34 987 306 92 229 -1 -1 -1 -1 
438 34 988 305 93 230 -1 -1 -1 -1 
439 34 988 305 92 230 -1 -1 -1 -1 
440 34 988 305 91 228 -1 -1 -1 -1 
441 34 991 304 91 227 -1 -1 -1 -1 
442 34 993 303 92 229 -1 -1 -1 -1 
443 34 995 302 93 231 -1 -1 -1 -1 
444 34 1000 302 92 229 -1 -1 -1 -1 
445 34 1003 301 93 229 -1 -1 -1 -1 
446 34 1008 299 93 233 -1 -1 -1 -1 
447 34 1014 297 94 235 -1 -1 -1 -1 
448 34 1021 300 93 234 -1 -1 -1 -1 
449 34 1025 300 96 236 -1 -1 -1 -1 
450 34 1030 298 97 241 -1 -1 -1 -1 
451 34 1037 301 95 239 -1 -1 -1 -1 
452 34 1044 302 96 239 -1 -1 -1 -1 
453 34 1049 302 98 240 -1 -1 -1 -1 
454 34 1058 302 96 241 -1 -1 -1 -1 
455 34 1066 302 95 240 -1 -1 -1 -1 
456 34 1074 304 95 237 -1 -1 -1 -1 
457 34 1081 303 96 239 -1 -1 -1 -1 
458 34 1087 302 96 240 -1 -1 -1 -1 
459 34 1093 300 98 243 -1 -1 -1 -1 
460 34 1097 297 99 245 -1 -1 -1 -1 
461 34 1105 294 98 244 -1 -1 -1 -1 
462 34 1108 295 97 244 -1 -1 -1 -1 
463 34 1107 292 98 245 -1 -1 -1 -1 
464 34 1107 288 99 245 -1 -1 -1 -1 
465 34 1106 283 99 248 -1 -1 -1 -1 
466 34 1104 279 101 251 -1 -1 -1 -1 
467 34 1102 278 102 253 -1 -1 -1 -1 
468 34 1101 277 103 256 -1 -1 -1 -1 
469 34 1099 276 102 256 -1 -1 -1 -1 
470 34 1095 275 104 256 -1 -1 -1 -1 
471 34 1093 276 103 253 -1 -1 -1 -1 
472 34 1090 273 103 254 -1 -1 -1 -1 
473 34 1087 271 104 256 -1 -1 -1 -1 
474 34 1081 269 104 259 -1 -1 -1 -1 
475 34 1079 268 106 260 -1 -1 -1 -1 
476 34 1077 266 105 261 -1 -1 -1 -1 
477 34 1076 266 106 263 -1 -1 -1 -1 
478 34 1075 268 106 263 -1 -1 -1 -1 
479 34 1074 269 106 264 -1 -1 -1 -1 
480 34 1076 270 107 265 -1 -1 -1 -1 
481 34 1077 274 107 264 -1 -1 -1 -1 
482 34 1079 277 107 264 -1 -1 -1 -1 
483 34 1081 271 110 270 -1 -1 -1 -1 
484 34 1086 273 109 268 -1 -1 -1 -1 
485 34 1090 278 109 269 -1 -1 -1 -1 
486 34 1096 282 109 268 -1 -1 -1 -1 
487 34 1103 287 108 266 -1 -1 -1 -1 
488 34 1111 289 107 268 -1 -1 -1 -1 
489 34 1116 291 109 271 -1 -1 -1 -1 
490 34 1123 296 109 272 -1 -1 -1 -1 
491 34 1125 301 110 270 -1 -1 -1 -1 
492 34 1129 300 111 275 -1 -1 -1 -1 
493 34 1131 302 112 276 -1 -1 -1 -1 
494 34 1134 307 111 274 -1 -1 -1 -1 
495 34 1136 309 111 274 -1 -1 -1 -1 
496 34 1136 309 112 275 -1 -1 -1 -1 
497 34 1137 309 111 277 -1 -1 -1 -1 
498 34 1135 309 114 279 -1 -1 -1 -1 
499 34 1134 311 113 278 -1 -1 -1 -1 
500 34 1133 309 115 282 -1 -1 -1 -1 
501 34 1134 308 115 283 -1 -1 -1 -1 
502 34 1134 308 115 282 -1 -1 -1 -1 
503 34 1131 306 115 282 -1 -1 -1 -1 
504 34 1129 303 112 281 -1 -1 -1 -1 
505 34 1127 302 112 280 -1 -1 -1 -1 
506 34 1125 300 114 280 -1 -1 -1 -1 
507 34 1123 299 114 281 -1 -1 -1 -1 
508 34 1119 295 116 285 -1 -1 -1 -1 
509 34 1114 289 118 290 -1 -1 -1 -1 
510 34 1109 286 119 293 -1 -1 -1 -1 
511 34 1105 285 118 292 -1 -1 -1 -1 
512 34 1102 285 118 289 -1 -1 -1 -1 
513 34 1100 283 117 287 -1 -1 -1 -1 
514 34 1100 278 116 290 -1 -1 -1 -1 
515 34 1097 275 116 288 -1 -1 -1 -1 
516 34 1096 271 116 288 -1 -1 -1 -1 
517 34 1095 267 118 291 -1 -1 -1 -1 
518 34 1094 265 119 293 -1 -1 -1 -1 
519 34 1094 262 119 294 -1 -1 -1 -1 
520 34 1095 261 119 295 -1 -1 -1 -1 
521 34 1096 261 120 297 -1 -1 -1 -1 
522 34 1097 259 120 296 -1 -1 -1 -1 
523 34 1099 256 121 297 -1 -1 -1 -1 
524 34 1102 256 122 298 -1 -1 -1 -1 
525 34 1105 252 123 300 -1 -1 -1 -1 
526 34 1111 255 123 301 -1 -1 -1 -1 
527 34 1116 256 122 301 -1 -1 -1 -1 
528 34 1119 256 122 303 -1 -1 -1 -1 
529 34 1124 257 123 304 -1 -1 -1 -1 
530 34 1127 259 125 306 -1 -1 -1 -1 
531 34 1132 262 124 306 -1 -1 -1 -1 
532 34 1138 263 123 306 -1 -1 -1 -1 
533 34 1141 264 123 307 -1 -1 -1 -1 
534 34 1142 263 125 311 -1 -1 -1 -1 
535 34 1143 264 127 311 -1 -1 -1 -1 
536 34 1144 265 127 312 -1 -1 -1 -1 
537 34 1144 266 127 312 -1 -1 -1 -1 
538 34 1144 265 127 314 -1 -1 -1 -1 
539 34 1143 263 128 315 -1 -1 -1 -1 
540 34 1139 265 129 316 -1 -1 -1 -1 
541 34 1136 267 128 316 -1 -1 -1 -1 
542 34 1130 265 129 316 -1 -1 -1 -1 
543 34 1123 263 130 318 -1 -1 -1 -1 
544 34 1120 263 130 319 -1 -1 -1 -1 
545 34 1116 262 130 319 -1 -1 -1 -1 
546 34 1113 264 129 319 -1 -1 -1 -1 
547 34 1105 260 131 322 -1 -1 -1 -1 
548 34 1097 262 130 320 -1 -1 -1 -1 
549 34 1091 267 128 318 -1 -1 -1 -1 
550 34 1082 269 129 322 -1 -1 -1 -1 
551 34 1075 269 130 323 -1 -1 -1 -1 
552 34 1069 271 129 320 -1 -1 -1 -1 
553 34 1066 273 129 318 -1 -1 -1 -1 
554 34 1065 272 128 320 -1 -1 -1 -1 
555 34 1063 273 128 320 -1 -1 -1 -1 
556 34 1062 272 128 322 -1 -1 -1 -1 
562 34 1049 277 129 324 -1 -1 -1 -1 
563 34 1050 268 135 334 -1 -1 -1 -1 
564 34 1061 263 136 337 -1 -1 -1 -1 
565 34 1069 264 137 336 -1 -1 -1 -1 
566 34 1075 264 139 342 -1 -1 -1 -1 
567 34 1080 265 139 345 -1 -1 -1 -1 
568 34 1087 272 137 341 -1 -1 -1 -1 
569 34 1093 275 139 342 -1 -1 -1 -1 
570 34 1097 275 142 349 -1 -1 -1 -1 
571 34 1101 274 146 358 -1 -1 -1 -1 
572 34 1107 273 145 357 -1 -1 -1 -1 
573 34 1113 272 146 358 -1 -1 -1 -1 
574 34 1118 275 144 354 -1 -1 -1 -1 
575 34 1121 275 145 355 -1 -1 -1 -1 
576 34 1124 276 145 357 -1 -1 -1 -1 
577 34 1127 274 147 359 -1 -1 -1 -1 
578 34 1130 275 147 359 -1 -1 -1 -1 
579 34 1130 282 146 357 -1 -1 -1 -1 
580 34 1129 284 145 356 -1 -1 -1 -1 
581 34 1129 284 147 357 -1 -1 -1 -1 
582 34 1130 282 147 361 -1 -1 -1 -1 
583 34 1130 282 148 363 -1 -1 -1 -1 
584 34 1128 285 149 363 -1 -1 -1 -1 
585 34 1126 287 148 363 -1 -1 -1 -1 
586 34 1124 286 149 363 -1 -1 -1 -1 
587 34 1122 286 151 366 -1 -1 -1 -1 
588 34 1121 285 153 371 -1 -1 -1 -1 
589 34 1120 283 155 376 -1 -1 -1 -1 
590 34 1119 284 154 376 -1 -1 -1 -1 
591 34 1121 284 155 377 -1 -1 -1 -1 
592 34 1127 283 155 379 -1 -1 -1 -1 
593 34 1128 279 156 383 -1 -1 -1 -1 
594 34 1132 279 156 384 -1 -1 -1 -1 
595 34 1137 278 157 387 -1 -1 -1 -1 
596 34 1142 271 158 392 -1 -1 -1 -1 
597 34 1145 271 160 394 -1 -1 -1 -1 
598 34 1146 280 159 391 -1 -1 -1 -1 
599 34 1151 286 158 387 -1 -1 -1 -1 
600 34 1161 289 158 385 -1 -1 -1 -1 
601 34 1165 293 159 384 -1 -1 -1 -1 
602 34 1168 296 159 386 -1 -1 -1 -1 
603 34 1174 300 157 386 -1 -1 -1 -1 
604 34 1181 306 151 380 -1 -1 -1 -1 
605 34 1189 306 156 386 -1 -1 -1 -1 
606 34 1197 312 155 384 -1 -1 -1 -1 
607 34 1204 316 148 377 -1 -1 -1 -1 
608 34 1219 318 153 383 -1 -1 -1 -1 
609 34 1226 320 151 382 -1 -1 -1 -1 
610 34 1236 318 154 385 -1 -1 -1 -1 
611 34 1240 318 159 390 -1 -1 -1 -1 
612 34 1243 319 158 390 -1 -1 -1 -1 
613 34 1250 321 147 363 -1 -1 -1 -1 
614 34 1255 325 147 359 -1 -1 -1 -1 
615 34 1258 326 144 351 -1 -1 -1 -1 
616 34 1262 326 150 367 -1 -1 -1 -1 
617 34 1262 328 151 369 -1 -1 -1 -1 
618 34 1262 328 152 374 -1 -1 -1 -1 
619 34 1260 328 154 378 -1 -1 -1 -1 
620 34 1260 328 156 383 -1 -1 -1 -1 
621 34 1260 327 157 386 -1 -1 -1 -1 
622 34 1258 329 158 390 -1 -1 -1 -1 
623 34 1256 332 159 390 -1 -1 -1 -1 
624 34 1254 332 158 391 -1 -1 -1 -1 
625 34 1248 335 158 386 -1 -1 -1 -1 
626 34 1245 333 159 390 -1 -1 -1 -1 
627 34 1241 331 161 395 -1 -1 -1 -1 
628 34 1237 330 163 397 -1 -1 -1 -1 
629 34 1234 330 163 397 -1 -1 -1 -1 
630 34 1232 328 165 402 -1 -1 -1 -1 
631 34 1231 327 167 406 -1 -1 -1 -1 
632 34 1232 325 168 411 -1 -1 -1 -1 
633 34 1235 324 167 410 -1 -1 -1 -1 
634 34 1237 323 168 413 -1 -1 -1 -1 
635 34 1239 318 172 421 -1 -1 -1 -1 
636 34 1240 317 175 429 -1 -1 -1 -1 
637 34 1241 320 174 428 -1 -1 -1 -1 
638 34 1241 318 174 430 -1 -1 -1 -1 
639 34 1246 319 175 432 -1 -1 -1 -1 
640 34 1250 319 176 434 -1 -1 -1 -1 
641 34 1255 318 178 441 -1 -1 -1 -1 
642 34 1261 319 180 444 -1 -1 -1 -1 
643 34 1264 316 182 450 -1 -1 -1 -1 
644 34 1267 315 186 460 -1 -1 -1 -1 
645 34 1273 316 187 461 -1 -1 -1 -1 
646 34 1279 315 189 464 -1 -1 -1 -1 
647 34 1283 313 191 471 -1 -1 -1 -1 
648 34 1286 313 191 472 -1 -1 -1 -1 
649 34 1289 311 193 475 -1 -1 -1 -1 
650 34 1291 308 194 481 -1 -1 -1 -1 
651 34 1292 306 198 485 -1 -1 -1 -1 
652 34 1293 301 201 491 -1 -1 -1 -1 
653 34 1294 301 202 495 -1 -1 -1 -1 
654 34 1294 297 204 502 -1 -1 -1 -1 
655 34 1292 298 207 506 -1 -1 -1 -1 
656 34 1290 299 208 510 -1 -1 -1 -1 
657 34 1288 303 209 512 -1 -1 -1 -1 
658 34 1286 298 212 517 -1 -1 -1 -1 
659 34 1285 298 213 524 -1 -1 -1 -1 
660 34 1284 297 215 527 -1 -1 -1 -1 
661 34 1282 295 216 533 -1 -1 -1 -1 
662 34 1278 291 218 535 -1 -1 -1 -1 
663 34 1275 294 218 531 -1 -1 -1 -1 
664 34 1271 292 218 534 -1 -1 -1 -1 
665 34 1267 287 220 543 -1 -1 -1 -1 
666 34 1264 282 221 548 -1 -1 -1 -1 
667 34 1261 279 222 550 -1 -1 -1 -1 
668 34 1259 273 225 557 -1 -1 -1 -1 
669 34 1253 265 232 568 -1 -1 -1 -1 
670 34 1251 265 233 573 -1 -1 -1 -1 
671 34 1251 263 237 583 -1 -1 -1 -1 
672 34 1251 259 241 593 -1 -1 -1 -1 
673 34 1253 253 246 605 -1 -1 -1 -1 
674 34 1255 247 251 617 -1 -1 -1 -1 
675 34 1257 245 254 626 -1 -1 -1 -1 
676 34 1260 246 256 632 -1 -1 -1 -1 
677 34 1264 239 261 640 -1 -1 -1 -1 
678 34 1270 236 262 645 -1 -1 -1 -1 
679 34 1278 245 262 641 -1 -1 -1 -1 
680 34 1285 242 268 660 -1 -1 -1 -1 
681 34 1291 239 274 675 -1 -1 -1 -1 
682 34 1301 236 278 681 -1 -1 -1 -1 
683 34 1314 231 280 689 -1 -1 -1 -1 
684 34 1324 228 285 701 -1 -1 -1 -1 
685 34 1328 223 297 722 -1 -1 -1 -1 
686 34 1340 215 303 743 -1 -1 -1 -1 
687 34 1353 207 307 751 -1 -1 -1 -1 
688 34 1364 197 309 761 -1 -1 -1 -1 
689 34 1377 182 319 784 -1 -1 -1 -1 
690 34 1394 169 321 794 -1 -1 -1 -1 
691 34 1402 161 328 809 -1 -1 -1 -1 
692 34 1413 151 335 826 -1 -1 -1 -1 
693 34 1423 147 342 842 -1 -1 -1 -1 
694 34 1432 140 350 856 -1 -1 -1 -1 
695 34 1443 134 355 867 -1 -1 -1 -1 
696 34 1453 127 357 883 -1 -1 -1 -1 
697 34 1462 120 362 897 -1 -1 -1 -1 
698 34 1470 115 365 906 -1 -1 -1 -1 
699 34 1481 102 372 921 -1 -1 -1 -1 
700 34 1490 89 381 942 -1 -1 -1 -1 
701 34 1494 79 388 960 -1 -1 -1 -1 
702 34 1497 67 397 970 -1 -1 -1 -1 
703 34 1500 52 403 989 -1 -1 -1 -1 
704 34 1509 42 400 998 -1 -1 -1 -1 
705 34 1516 31 404 1019 -1 -1 -1 -1 
706 34 1529 20 396 1027 -1 -1 -1 -1 
707 34 1548 3 378 1044 -1 -1 -1 -1 
708 34 1566 -3 360 1045 -1 -1 -1 -1 
709 34 1595 -5 329 1044 -1 -1 -1 -1 
710 34 1612 -5 309 1054 -1 -1 -1 -1 
711 34 1654 -4 267 1032 -1 -1 -1 -1 
712 34 1685 -3 236 1029 -1 -1 -1 -1 
410 35 636 345 73 182 -1 -1 -1 -1 
411 35 641 344 71 181 -1 -1 -1 -1 
412 35 642 345 72 182 -1 -1 -1 -1 
413 35 643 346 74 184 -1 -1 -1 -1 
414 35 645 345 76 188 -1 -1 -1 -1 
415 35 646 345 76 190 -1 -1 -1 -1 
416 35 648 345 76 189 -1 -1 -1 -1 
417 35 649 344 77 190 -1 -1 -1 -1 
418 35 648 341 78 194 -1 -1 -1 -1 
419 35 647 341 78 193 -1 -1 -1 -1 
420 35 645 340 78 193 -1 -1 -1 -1 
421 35 641 338 81 196 -1 -1 -1 -1 
422 35 638 333 81 201 -1 -1 -1 -1 
423 35 634 333 81 201 -1 -1 -1 -1 
424 35 631 333 82 203 -1 -1 -1 -1 
425 35 626 328 84 207 -1 -1 -1 -1 
426 35 622 327 84 206 -1 -1 -1 -1 
427 35 619 327 86 208 -1 -1 -1 -1 
428 35 614 327 86 212 -1 -1 -1 -1 
429 35 608 328 86 212 -1 -1 -1 -1 
430 35 604 330 85 209 -1 -1 -1 -1 
431 35 600 329 85 211 -1 -1 -1 -1 
432 35 596 329 86 212 -1 -1 -1 -1 
433 35 593 327 87 215 -1 -1 -1 -1 
434 35 590 324 89 219 -1 -1 -1 -1 
435 35 587 321 90 224 -1 -1 -1 -1 
436 35 585 319 91 226 -1 -1 -1 -1 
437 35 584 318 89 224 -1 -1 -1 -1 
438 35 582 317 89 223 -1 -1 -1 -1 
439 35 579 316 90 226 -1 -1 -1 -1 
440 35 577 313 90 226 -1 -1 -1 -1 
441 35 576 312 91 228 -1 -1 -1 -1 
442 35 577 314 92 229 -1 -1 -1 -1 
443 35 578 315 92 231 -1 -1 -1 -1 
444 35 579 311 94 236 -1 -1 -1 -1 
445 35 582 312 95 237 -1 -1 -1 -1 
446 35 585 314 95 236 -1 -1 -1 -1 
447 35 588 315 95 234 -1 -1 -1 -1 
448 35 591 315 95 237 -1 -1 -1 -1 
449 35 593 316 96 239 -1 -1 -1 -1 
450 35 597 316 96 239 -1 -1 -1 -1 
451 35 599 314 98 241 -1 -1 -1 -1 
452 35 602 314 99 244 -1 -1 -1 -1 
453 35 606 313 100 246 -1 -1 -1 -1 
454 35 612 310 99 248 -1 -1 -1 -1 
455 35 615 306 102 252 -1 -1 -1 -1 
456 35 618 302 104 255 -1 -1 -1 -1 
457 35 623 301 104 255 -1 -1 -1 -1 
458 35 627 301 103 255 -1 -1 -1 -1 
459 35 630 298 105 260 -1 -1 -1 -1 
460 35 632 295 106 264 -1 -1 -1 -1 
461 35 633 291 108 268 -1 -1 -1 -1 
462 35 634 292 108 269 -1 -1 -1 -1 
463 35 634 293 107 266 -1 -1 -1 -1 
464 35 632 290 107 268 -1 -1 -1 -1 
465 35 628 288 108 269 -1 -1 -1 -1 
466 35 623 286 109 270 -1 -1 -1 -1 
467 35 619 286 111 271 -1 -1 -1 -1 
468 35 611 281 114 279 -1 -1 -1 -1 
469 35 606 275 115 285 -1 -1 -1 -1 
470 35 599 275 116 285 -1 -1 -1 -1 
471 35 590 272 118 291 -1 -1 -1 -1 
472 35 583 268 120 295 -1 -1 -1 -1 
473 35 577 267 120 297 -1 -1 -1 -1 
474 35 569 264 121 298 -1 -1 -1 -1 
475 35 564 262 121 299 -1 -1 -1 -1 
476 35 558 260 123 303 -1 -1 -1 -1 
477 35 555 262 122 304 -1 -1 -1 -1 
478 35 548 263 126 309 -1 -1 -1 -1 
479 35 543 266 126 309 -1 -1 -1 -1 
480 35 540 270 125 307 -1 -1 -1 -1 
481 35 536 272 126 310 -1 -1 -1 -1 
482 35 535 274 125 312 -1 -1 -1 -1 
483 35 533 271 127 317 -1 -1 -1 -1 
484 35 532 273 127 319 -1 -1 -1 -1 
485 35 531 274 129 321 -1 -1 -1 -1 
486 35 531 273 132 328 -1 -1 -1 -1 
487 35 533 273 134 333 -1 -1 -1 -1 
488 35 534 272 137 339 -1 -1 -1 -1 
489 35 533 269 139 345 -1 -1 -1 -1 
490 35 532 268 141 350 -1 -1 -1 -1 
491 35 530 268 143 356 -1 -1 -1 -1 
492 35 526 269 146 360 -1 -1 -1 -1 
493 35 522 272 147 363 -1 -1 -1 -1 
494 35 518 274 148 368 -1 -1 -1 -1 
495 35 513 274 150 374 -1 -1 -1 -1 
496 35 510 277 152 378 -1 -1 -1 -1 
497 35 503 280 153 374 -1 -1 -1 -1 
498 35 498 284 152 372 -1 -1 -1 -1 
499 35 493 286 151 373 -1 -1 -1 -1 
500 35 486 286 152 374 -1 -1 -1 -1 
501 35 480 288 153 376 -1 -1 -1 -1 
502 35 472 285 157 384 -1 -1 -1 -1 
503 35 462 284 158 389 -1 -1 -1 -1 
504 35 452 278 160 396 -1 -1 -1 -1 
505 35 444 272 162 402 -1 -1 -1 -1 
506 35 435 268 165 407 -1 -1 -1 -1 
507 35 426 266 168 413 -1 -1 -1 -1 
508 35 414 262 170 420 -1 -1 -1 -1 
509 35 401 258 174 427 -1 -1 -1 -1 
510 35 386 255 179 437 -1 -1 -1 -1 
511 35 372 252 181 444 -1 -1 -1 -1 
512 35 358 252 183 447 -1 -1 -1 -1 
513 35 346 249 185 453 -1 -1 -1 -1 
514 35 334 245 186 457 -1 -1 -1 -1 
515 35 323 243 189 463 -1 -1 -1 -1 
516 35 313 240 191 469 -1 -1 -1 -1 
517 35 306 240 192 470 -1 -1 -1 -1 
518 35 295 237 195 478 -1 -1 -1 -1 
519 35 287 234 196 482 -1 -1 -1 -1 
520 35 277 233 201 493 -1 -1 -1 -1 
521 35 268 231 207 502 -1 -1 -1 -1 
522 35 260 228 209 508 -1 -1 -1 -1 
523 35 255 224 211 515 -1 -1 -1 -1 
524 35 252 223 211 518 -1 -1 -1 -1 
525 35 243 216 216 529 -1 -1 -1 -1 
526 35 239 216 219 538 -1 -1 -1 -1 
527 35 234 220 223 543 -1 -1 -1 -1 
528 35 224 217 233 557 -1 -1 -1 -1 
529 35 217 209 244 578 -1 -1 -1 -1 
530 35 211 213 242 587 -1 -1 -1 -1 
531 35 200 216 243 592 -1 -1 -1 -1 
532 35 191 214 247 601 -1 -1 -1 -1 
533 35 184 216 249 608 -1 -1 -1 -1 
534 35 177 217 251 616 -1 -1 -1 -1 
535 35 168 215 255 626 -1 -1 -1 -1 
536 35 157 213 258 636 -1 -1 -1 -1 
537 35 146 210 260 640 -1 -1 -1 -1 
538 35 136 207 263 646 -1 -1 -1 -1 
539 35 121 198 271 664 -1 -1 -1 -1 
540 35 91 188 280 688 -1 -1 -1 -1 
541 35 68 184 283 697 -1 -1 -1 -1 
542 35 46 173 291 711 -1 -1 -1 -1 
543 35 23 165 296 726 -1 -1 -1 -1 
544 35 2 158 299 742 -1 -1 -1 -1 
545 35 -6 158 287 758 -1 -1 -1 -1 
546 35 -8 137 267 784 -1 -1 -1 -1 
547 35 -8 120 245 813 -1 -1 -1 -1 
548 35 -8 112 225 839 -1 -1 -1 -1 
549 35 -6 116 195 844 -1 -1 -1 -1 
550 35 -5 125 176 830 -1 -1 -1 -1 
551 35 -4 135 150 823 -1 -1 -1 -1 
552 35 -2 150 141 817 -1 -1 -1 -1 
553 35 -1 159 133 814 -1 -1 -1 -1 
554 35 0 106 115 877 -1 -1 -1 -1 
427 36 536 320 74 181 -1 -1 -1 -1 
428 36 533 318 74 184 -1 -1 -1 -1 
429 36 527 318 74 185 -1 -1 -1 -1 
430 36 522 320 72 182 -1 -1 -1 -1 
431 36 516 319 75 185 -1 -1 -1 -1 
432 36 512 319 75 185 -1 -1 -1 -1 
433 36 510 319 74 181 -1 -1 -1 -1 
434 36 508 317 75 186 -1 -1 -1 -1 
435 36 505 317 76 185 -1 -1 -1 -1 
436 36 504 318 75 181 -1 -1 -1 -1 
437 36 503 315 76 183 -1 -1 -1 -1 
438 36 501 316 75 184 -1 -1 -1 -1 
439 36 499 314 76 186 -1 -1 -1 -1 
440 36 496 311 77 189 -1 -1 -1 -1 
441 36 496 310 78 190 -1 -1 -1 -1 
442 36 498 311 77 190 -1 -1 -1 -1 
443 36 500 312 77 188 -1 -1 -1 -1 
444 36 505 307 76 190 -1 -1 -1 -1 
445 36 509 307 76 189 -1 -1 -1 -1 
446 36 512 306 78 193 -1 -1 -1 -1 
447 36 517 306 79 195 -1 -1 -1 -1 
448 36 522 307 79 195 -1 -1 -1 -1 
449 36 529 309 78 191 -1 -1 -1 -1 
450 36 534 308 78 193 -1 -1 -1 -1 
451 36 540 309 79 195 -1 -1 -1 -1 
452 36 546 310 80 196 -1 -1 -1 -1 
453 36 554 309 79 194 -1 -1 -1 -1 
454 36 561 306 79 194 -1 -1 -1 -1 
455 36 567 304 80 196 -1 -1 -1 -1 
456 36 574 303 80 199 -1 -1 -1 -1 
457 36 576 301 80 200 -1 -1 -1 -1 
458 36 585 298 79 199 -1 -1 -1 -1 
459 36 589 297 81 201 -1 -1 -1 -1 
460 36 596 295 81 202 -1 -1 -1 -1 
461 36 599 295 81 201 -1 -1 -1 -1 
462 36 601 295 81 202 -1 -1 -1 -1 
463 36 606 292 81 202 -1 -1 -1 -1 
464 36 607 291 80 202 -1 -1 -1 -1 
465 36 609 289 79 200 -1 -1 -1 -1 
466 36 603 284 81 203 -1 -1 -1 -1 
467 36 601 281 81 204 -1 -1 -1 -1 
468 36 593 274 87 209 -1 -1 -1 -1 
432 37 813 312 87 220 -1 -1 -1 -1 
433 37 807 309 89 221 -1 -1 -1 -1 
434 37 806 308 89 219 -1 -1 -1 -1 
435 37 804 307 88 217 -1 -1 -1 -1 
436 37 804 307 87 217 -1 -1 -1 -1 
437 37 803 304 87 216 -1 -1 -1 -1 
438 37 802 304 87 218 -1 -1 -1 -1 
439 37 801 305 88 219 -1 -1 -1 -1 
440 37 801 304 88 220 -1 -1 -1 -1 
441 37 803 303 88 218 -1 -1 -1 -1 
442 37 808 303 87 217 -1 -1 -1 -1 
443 37 811 303 88 216 -1 -1 -1 -1 
444 37 814 300 89 220 -1 -1 -1 -1 
445 37 819 299 91 223 -1 -1 -1 -1 
446 37 826 297 91 225 -1 -1 -1 -1 
447 37 832 296 91 225 -1 -1 -1 -1 
448 37 838 298 92 225 -1 -1 -1 -1 
449 37 845 300 90 224 -1 -1 -1 -1 
450 37 851 301 90 223 -1 -1 -1 -1 
451 37 857 301 91 223 -1 -1 -1 -1 
452 37 864 301 92 226 -1 -1 -1 -1 
453 37 873 301 92 227 -1 -1 -1 -1 
454 37 881 304 91 223 -1 -1 -1 -1 
455 37 887 303 91 222 -1 -1 -1 -1 
456 37 895 303 89 222 -1 -1 -1 -1 
457 37 902 307 88 217 -1 -1 -1 -1 
458 37 907 304 90 220 -1 -1 -1 -1 
459 37 913 301 90 224 -1 -1 -1 -1 
460 37 921 300 91 224 -1 -1 -1 -1 
461 37 925 298 90 222 -1 -1 -1 -1 
462 37 928 296 91 224 -1 -1 -1 -1 
463 37 931 293 91 224 -1 -1 -1 -1 
464 37 932 289 91 224 -1 -1 -1 -1 
465 37 932 285 91 226 -1 -1 -1 -1 
466 37 931 283 91 225 -1 -1 -1 -1 
467 37 930 281 92 225 -1 -1 -1 -1 
468 37 928 280 92 224 -1 -1 -1 -1 
469 37 926 278 92 226 -1 -1 -1 -1 
470 37 923 276 93 227 -1 -1 -1 -1 
471 37 921 278 93 225 -1 -1 -1 -1 
472 37 920 278 92 224 -1 -1 -1 -1 
473 37 919 278 90 222 -1 -1 -1 -1 
474 37 918 280 89 219 -1 -1 -1 -1 
475 37 917 279 88 219 -1 -1 -1 -1 
476 37 917 280 88 219 -1 -1 -1 -1 
477 37 918 281 89 220 -1 -1 -1 -1 
478 37 918 285 90 219 -1 -1 -1 -1 
479 37 919 286 90 220 -1 -1 -1 -1 
480 37 920 288 91 220 -1 -1 -1 -1 
481 37 924 289 89 221 -1 -1 -1 -1 
482 37 928 295 87 216 -1 -1 -1 -1 
483 37 931 299 84 210 -1 -1 -1 -1 
484 37 933 301 84 209 -1 -1 -1 -1 
485 37 940 303 83 210 -1 -1 -1 -1 
486 37 948 304 85 213 -1 -1 -1 -1 
487 37 953 309 85 213 -1 -1 -1 -1 
442 39 1045 317 90 222 -1 -1 -1 -1 
443 39 1049 315 90 223 -1 -1 -1 -1 
444 39 1055 308 92 226 -1 -1 -1 -1 
445 39 1062 305 93 230 -1 -1 -1 -1 
446 39 1071 305 95 231 -1 -1 -1 -1 
447 39 1078 311 92 226 -1 -1 -1 -1 
448 39 1082 309 95 231 -1 -1 -1 -1 
449 39 1092 315 93 227 -1 -1 -1 -1 
450 39 1100 314 94 230 -1 -1 -1 -1 
451 39 1110 317 93 229 -1 -1 -1 -1 
452 39 1117 320 91 227 -1 -1 -1 -1 
453 39 1127 321 92 227 -1 -1 -1 -1 
454 39 1137 325 92 224 -1 -1 -1 -1 
455 39 1144 328 90 220 -1 -1 -1 -1 
456 39 1150 325 90 223 -1 -1 -1 -1 
457 39 1156 321 92 227 -1 -1 -1 -1 
458 39 1163 331 88 217 -1 -1 -1 -1 
459 39 1169 333 88 215 -1 -1 -1 -1 
486 40 761 310 75 189 -1 -1 -1 -1 
487 40 761 312 78 196 -1 -1 -1 -1 
511 41 1062 315 78 192 -1 -1 -1 -1 
512 41 1060 315 76 189 -1 -1 -1 -1 
513 41 1053 311 78 191 -1 -1 -1 -1 
514 41 1048 306 77 195 -1 -1 -1 -1 
515 41 1046 303 78 196 -1 -1 -1 -1 
516 41 1045 302 79 195 -1 -1 -1 -1 
517 41 1045 302 77 196 -1 -1 -1 -1 
518 41 1041 295 81 202 -1 -1 -1 -1 
519 41 1039 289 83 206 -1 -1 -1 -1 
520 41 1039 288 83 207 -1 -1 -1 -1 
521 41 1044 293 80 201 -1 -1 -1 -1 
522 41 1045 288 81 203 -1 -1 -1 -1 
523 41 1047 284 81 202 -1 -1 -1 -1 
524 41 1049 281 81 205 -1 -1 -1 -1 
525 41 1053 283 81 202 -1 -1 -1 -1 
526 41 1058 284 82 202 -1 -1 -1 -1 
527 41 1062 279 86 213 -1 -1 -1 -1 
528 41 1067 282 84 210 -1 -1 -1 -1 
529 41 1071 284 85 212 -1 -1 -1 -1 
530 41 1078 286 85 212 -1 -1 -1 -1 
531 41 1085 289 85 211 -1 -1 -1 -1 
532 41 1091 292 85 211 -1 -1 -1 -1 
533 41 1096 292 86 213 -1 -1 -1 -1 
534 41 1101 296 84 211 -1 -1 -1 -1 
535 41 1106 294 85 215 -1 -1 -1 -1 
536 41 1109 296 85 214 -1 -1 -1 -1 
537 41 1110 296 86 217 -1 -1 -1 -1 
538 41 1111 294 88 220 -1 -1 -1 -1 
539 41 1112 289 89 224 -1 -1 -1 -1 
540 41 1111 288 92 231 -1 -1 -1 -1 
541 41 1111 291 92 229 -1 -1 -1 -1 
550 41 1007 279 137 334 -1 -1 -1 -1 
551 41 1003 284 139 336 -1 -1 -1 -1 
552 41 1003 284 139 340 -1 -1 -1 -1 
553 41 1003 284 141 342 -1 -1 -1 -1 
554 41 1005 284 138 338 -1 -1 -1 -1 
555 41 1010 285 137 336 -1 -1 -1 -1 
556 41 1014 278 142 349 -1 -1 -1 -1 
557 41 1020 272 146 358 -1 -1 -1 -1 
558 41 1029 268 148 365 -1 -1 -1 -1 
559 41 1040 265 147 369 -1 -1 -1 -1 
560 41 1045 265 149 371 -1 -1 -1 -1 
561 41 1056 266 150 370 -1 -1 -1 -1 
562 41 1066 266 151 375 -1 -1 -1 -1 
563 41 1086 270 150 374 -1 -1 -1 -1 
564 41 1102 273 152 376 -1 -1 -1 -1 
565 41 1121 276 153 377 -1 -1 -1 -1 
566 41 1136 277 154 379 -1 -1 -1 -1 
567 41 1150 281 154 378 -1 -1 -1 -1 
568 41 1164 283 155 380 -1 -1 -1 -1 
569 41 1177 286 155 382 -1 -1 -1 -1 
570 41 1191 287 157 387 -1 -1 -1 -1 
571 41 1204 285 160 393 -1 -1 -1 -1 
572 41 1219 282 162 400 -1 -1 -1 -1 
573 41 1233 285 162 399 -1 -1 -1 -1 
574 41 1246 284 165 404 -1 -1 -1 -1 
575 41 1257 284 166 405 -1 -1 -1 -1 
576 41 1270 285 167 411 -1 -1 -1 -1 
577 41 1285 285 166 410 -1 -1 -1 -1 
578 41 1295 283 170 419 -1 -1 -1 -1 
579 41 1306 288 170 422 -1 -1 -1 -1 
580 41 1315 290 172 424 -1 -1 -1 -1 
581 41 1326 290 174 425 -1 -1 -1 -1 
582 41 1335 293 172 423 -1 -1 -1 -1 
583 41 1340 297 169 415 -1 -1 -1 -1 
584 41 1345 299 172 420 -1 -1 -1 -1 
585 41 1359 295 174 430 -1 -1 -1 -1 
586 41 1367 294 177 434 -1 -1 -1 -1 
587 41 1371 294 179 436 -1 -1 -1 -1 
588 41 1376 294 178 434 -1 -1 -1 -1 
589 41 1381 293 179 440 -1 -1 -1 -1 
590 41 1389 289 182 447 -1 -1 -1 -1 
591 41 1402 284 186 457 -1 -1 -1 -1 
592 41 1413 279 190 465 -1 -1 -1 -1 
593 41 1431 284 186 460 -1 -1 -1 -1 
514 42 826 279 113 276 -1 -1 -1 -1 
515 42 825 276 113 277 -1 -1 -1 -1 
516 42 825 279 111 273 -1 -1 -1 -1 
517 42 826 281 109 269 -1 -1 -1 -1 
518 42 827 279 110 270 -1 -1 -1 -1 
519 42 827 272 112 273 -1 -1 -1 -1 
543 43 565 288 99 244 -1 -1 -1 -1 
544 43 560 289 101 246 -1 -1 -1 -1 
545 43 557 289 100 247 -1 -1 -1 -1 
546 43 552 285 101 251 -1 -1 -1 -1 
547 43 547 281 102 254 -1 -1 -1 -1 
548 43 539 282 103 255 -1 -1 -1 -1 
549 43 531 282 103 255 -1 -1 -1 -1 
550 43 525 278 105 262 -1 -1 -1 -1 
551 43 517 276 106 263 -1 -1 -1 -1 
552 43 512 277 106 265 -1 -1 -1 -1 
553 43 509 283 105 260 -1 -1 -1 -1 
554 43 505 286 105 260 -1 -1 -1 -1 
555 43 501 288 107 263 -1 -1 -1 -1 
556 43 497 289 109 268 -1 -1 -1 -1 
557 43 494 289 110 269 -1 -1 -1 -1 
558 43 494 289 110 270 -1 -1 -1 -1 
559 43 494 291 111 269 -1 -1 -1 -1 
560 43 496 293 110 270 -1 -1 -1 -1 
561 43 498 291 111 273 -1 -1 -1 -1 
562 43 502 291 111 273 -1 -1 -1 -1 
563 43 508 290 111 274 -1 -1 -1 -1 
564 43 515 291 112 275 -1 -1 -1 -1 
565 43 524 295 109 270 -1 -1 -1 -1 
566 43 530 297 110 272 -1 -1 -1 -1 
567 43 537 296 109 272 -1 -1 -1 -1 
568 43 543 297 110 272 -1 -1 -1 -1 
569 43 546 298 111 274 -1 -1 -1 -1 
570 43 552 301 110 271 -1 -1 -1 -1 
571 43 557 299 111 277 -1 -1 -1 -1 
572 43 560 300 112 275 -1 -1 -1 -1 
573 43 564 299 112 278 -1 -1 -1 -1 
574 43 567 299 113 279 -1 -1 -1 -1 
575 43 569 300 114 280 -1 -1 -1 -1 
576 43 570 302 114 280 -1 -1 -1 -1 
577 43 570 302 114 280 -1 -1 -1 -1 
578 43 570 302 114 281 -1 -1 -1 -1 
579 43 569 307 114 281 -1 -1 -1 -1 
580 43 566 306 115 282 -1 -1 -1 -1 
581 43 563 303 115 283 -1 -1 -1 -1 
582 43 558 300 117 287 -1 -1 -1 -1 
583 43 554 301 118 290 -1 -1 -1 -1 
584 43 553 302 118 290 -1 -1 -1 -1 
585 43 548 305 117 289 -1 -1 -1 -1 
586 43 545 305 118 290 -1 -1 -1 -1 
587 43 539 305 118 291 -1 -1 -1 -1 
588 43 532 305 119 294 -1 -1 -1 -1 
589 43 527 305 119 293 -1 -1 -1 -1 
590 43 522 306 119 295 -1 -1 -1 -1 
591 43 518 308 121 297 -1 -1 -1 -1 
592 43 514 306 122 299 -1 -1 -1 -1 
593 43 511 307 122 299 -1 -1 -1 -1 
594 43 508 303 123 304 -1 -1 -1 -1 
595 43 505 306 124 304 -1 -1 -1 -1 
596 43 503 306 124 305 -1 -1 -1 -1 
597 43 502 306 126 308 -1 -1 -1 -1 
598 43 502 311 127 308 -1 -1 -1 -1 
599 43 504 313 126 308 -1 -1 -1 -1 
600 43 508 313 124 307 -1 -1 -1 -1 
601 43 509 313 126 311 -1 -1 -1 -1 
602 43 514 315 126 312 -1 -1 -1 -1 
603 43 520 323 125 308 -1 -1 -1 -1 
604 43 525 326 126 310 -1 -1 -1 -1 
605 43 529 328 126 313 -1 -1 -1 -1 
606 43 535 327 127 315 -1 -1 -1 -1 
607 43 541 328 126 314 -1 -1 -1 -1 
608 43 547 329 127 312 -1 -1 -1 -1 
609 43 549 329 130 317 -1 -1 -1 -1 
610 43 555 327 129 319 -1 -1 -1 -1 
611 43 558 329 128 318 -1 -1 -1 -1 
612 43 559 330 129 320 -1 -1 -1 -1 
613 43 560 332 129 321 -1 -1 -1 -1 
614 43 562 335 129 320 -1 -1 -1 -1 
615 43 563 336 131 323 -1 -1 -1 -1 
616 43 563 336 133 326 -1 -1 -1 -1 
617 43 562 338 132 325 -1 -1 -1 -1 
618 43 560 336 134 330 -1 -1 -1 -1 
619 43 556 336 133 332 -1 -1 -1 -1 
620 43 552 337 134 334 -1 -1 -1 -1 
621 43 546 337 137 336 -1 -1 -1 -1 
622 43 543 338 137 337 -1 -1 -1 -1 
623 43 540 342 137 334 -1 -1 -1 -1 
624 43 536 341 137 337 -1 -1 -1 -1 
625 43 530 340 137 338 -1 -1 -1 -1 
626 43 523 342 137 336 -1 -1 -1 -1 
627 43 518 342 138 337 -1 -1 -1 -1 
628 43 512 343 140 340 -1 -1 -1 -1 
629 43 505 342 140 343 -1 -1 -1 -1 
630 43 500 343 140 344 -1 -1 -1 -1 
631 43 497 343 140 347 -1 -1 -1 -1 
632 43 494 343 141 351 -1 -1 -1 -1 
633 43 493 344 142 352 -1 -1 -1 -1 
634 43 491 345 143 354 -1 -1 -1 -1 
635 43 491 344 144 357 -1 -1 -1 -1 
636 43 490 348 145 357 -1 -1 -1 -1 
637 43 489 354 145 358 -1 -1 -1 -1 
638 43 487 352 147 361 -1 -1 -1 -1 
639 43 488 355 146 360 -1 -1 -1 -1 
640 43 489 357 147 362 -1 -1 -1 -1 
641 43 491 358 147 364 -1 -1 -1 -1 
642 43 494 361 148 364 -1 -1 -1 -1 
643 43 497 362 147 363 -1 -1 -1 -1 
644 43 500 363 148 363 -1 -1 -1 -1 
645 43 503 364 148 366 -1 -1 -1 -1 
646 43 504 364 149 369 -1 -1 -1 -1 
647 43 504 365 150 370 -1 -1 -1 -1 
648 43 505 365 149 372 -1 -1 -1 -1 
649 43 505 365 150 373 -1 -1 -1 -1 
650 43 504 366 151 373 -1 -1 -1 -1 
651 43 503 365 151 375 -1 -1 -1 -1 
652 43 502 365 152 376 -1 -1 -1 -1 
653 43 498 365 154 377 -1 -1 -1 -1 
654 43 494 363 154 381 -1 -1 -1 -1 
655 43 490 361 157 385 -1 -1 -1 -1 
656 43 486 364 156 386 -1 -1 -1 -1 
657 43 480 366 157 387 -1 -1 -1 -1 
658 43 474 365 159 387 -1 -1 -1 -1 
659 43 471 363 159 389 -1 -1 -1 -1 
660 43 468 362 159 393 -1 -1 -1 -1 
661 43 464 362 158 394 -1 -1 -1 -1 
662 43 460 361 161 397 -1 -1 -1 -1 
663 43 450 361 163 399 -1 -1 -1 -1 
664 43 440 362 163 403 -1 -1 -1 -1 
665 43 433 359 166 406 -1 -1 -1 -1 
666 43 426 358 165 409 -1 -1 -1 -1 
667 43 420 358 166 408 -1 -1 -1 -1 
668 43 412 355 167 414 -1 -1 -1 -1 
669 43 405 353 170 416 -1 -1 -1 -1 
670 43 399 350 171 419 -1 -1 -1 -1 
671 43 395 350 171 421 -1 -1 -1 -1 
672 43 390 352 171 424 -1 -1 -1 -1 
673 43 383 351 174 429 -1 -1 -1 -1 
674 43 380 352 175 430 -1 -1 -1 -1 
675 43 379 352 175 432 -1 -1 -1 -1 
676 43 376 351 177 433 -1 -1 -1 -1 
677 43 374 350 177 435 -1 -1 -1 -1 
678 43 373 350 178 435 -1 -1 -1 -1 
679 43 371 349 178 438 -1 -1 -1 -1 
680 43 372 349 179 440 -1 -1 -1 -1 
681 43 374 350 179 442 -1 -1 -1 -1 
682 43 375 347 182 446 -1 -1 -1 -1 
683 43 376 347 183 450 -1 -1 -1 -1 
684 43 379 347 182 452 -1 -1 -1 -1 
685 43 383 346 183 453 -1 -1 -1 -1 
686 43 389 345 183 453 -1 -1 -1 -1 
687 43 393 343 183 453 -1 -1 -1 -1 
688 43 396 339 186 456 -1 -1 -1 -1 
689 43 398 335 186 457 -1 -1 -1 -1 
690 43 399 330 186 457 -1 -1 -1 -1 
691 43 398 326 187 458 -1 -1 -1 -1 
692 43 401 318 189 466 -1 -1 -1 -1 
693 43 397 313 191 469 -1 -1 -1 -1 
694 43 398 308 192 474 -1 -1 -1 -1 
695 43 397 304 191 475 -1 -1 -1 -1 
696 43 395 304 190 474 -1 -1 -1 -1 
697 43 390 297 194 479 -1 -1 -1 -1 
698 43 387 288 196 486 -1 -1 -1 -1 
699 43 386 282 197 488 -1 -1 -1 -1 
700 43 383 277 199 491 -1 -1 -1 -1 
701 43 379 275 200 493 -1 -1 -1 -1 
702 43 374 271 200 496 -1 -1 -1 -1 
703 43 365 267 202 495 -1 -1 -1 -1 
704 43 360 261 203 498 -1 -1 -1 -1 
705 43 356 255 204 499 -1 -1 -1 -1 
706 43 352 249 205 503 -1 -1 -1 -1 
707 43 349 243 204 506 -1 -1 -1 -1 
708 43 346 235 207 509 -1 -1 -1 -1 
709 43 342 226 211 515 -1 -1 -1 -1 
710 43 339 217 210 519 -1 -1 -1 -1 
711 43 333 211 213 523 -1 -1 -1 -1 
712 43 329 206 214 526 -1 -1 -1 -1 
713 43 324 199 216 532 -1 -1 -1 -1 
714 43 321 196 218 537 -1 -1 -1 -1 
715 43 316 194 219 538 -1 -1 -1 -1 
716 43 314 194 219 538 -1 -1 -1 -1 
717 43 309 187 221 544 -1 -1 -1 -1 
718 43 306 186 221 547 -1 -1 -1 -1 
719 43 302 183 223 552 -1 -1 -1 -1 
720 43 298 183 224 556 -1 -1 -1 -1 
721 43 294 180 226 561 -1 -1 -1 -1 
722 43 287 174 230 568 -1 -1 -1 -1 
723 43 282 172 233 573 -1 -1 -1 -1 
724 43 276 168 233 574 -1 -1 -1 -1 
725 43 269 161 236 581 -1 -1 -1 -1 
726 43 265 160 236 581 -1 -1 -1 -1 
727 43 259 157 237 583 -1 -1 -1 -1 
728 43 248 148 240 592 -1 -1 -1 -1 
729 43 232 140 244 600 -1 -1 -1 -1 
730 43 224 134 243 602 -1 -1 -1 -1 
731 43 212 128 246 608 -1 -1 -1 -1 
732 43 200 121 249 617 -1 -1 -1 -1 
744 43 0 72 220 687 -1 -1 -1 -1 
745 43 -4 64 200 722 -1 -1 -1 -1 
746 43 -5 55 182 742 -1 -1 -1 -1 
747 43 -5 54 160 750 -1 -1 -1 -1 
748 43 -4 74 136 739 -1 -1 -1 -1 
749 43 -2 80 112 733 -1 -1 -1 -1 
592 44 1084 334 89 220 -1 -1 -1 -1 
593 44 1082 332 90 221 -1 -1 -1 -1 
594 44 1081 331 90 223 -1 -1 -1 -1 
595 44 1080 331 91 225 -1 -1 -1 -1 
596 44 1081 329 91 226 -1 -1 -1 -1 
597 44 1082 331 90 225 -1 -1 -1 -1 
598 44 1082 331 91 229 -1 -1 -1 -1 
599 44 1085 333 90 225 -1 -1 -1 -1 
600 44 1089 332 91 228 -1 -1 -1 -1 
601 44 1092 334 90 226 -1 -1 -1 -1 
602 44 1095 337 92 227 -1 -1 -1 -1 
603 44 1105 344 91 227 -1 -1 -1 -1 
604 44 1113 350 89 223 -1 -1 -1 -1 
605 44 1119 354 88 223 -1 -1 -1 -1 
606 44 1123 356 90 224 -1 -1 -1 -1 
607 44 1129 356 91 224 -1 -1 -1 -1 
608 44 1138 355 91 226 -1 -1 -1 -1 
609 44 1143 355 92 227 -1 -1 -1 -1 
610 44 1149 356 93 227 -1 -1 -1 -1 
611 44 1154 357 92 226 -1 -1 -1 -1 
612 44 1158 358 91 227 -1 -1 -1 -1 
613 44 1161 358 91 228 -1 -1 -1 -1 
614 44 1164 362 92 229 -1 -1 -1 -1 
615 44 1167 364 93 230 -1 -1 -1 -1 
616 44 1168 365 93 229 -1 -1 -1 -1 
617 44 1169 369 93 228 -1 -1 -1 -1 
618 44 1168 373 93 228 -1 -1 -1 -1 
619 44 1167 374 91 225 -1 -1 -1 -1 
620 44 1164 376 92 225 -1 -1 -1 -1 
621 44 1163 377 89 223 -1 -1 -1 -1 
622 44 1159 379 90 226 -1 -1 -1 -1 
623 44 1155 383 90 226 -1 -1 -1 -1 
599 45 930 365 62 154 -1 -1 -1 -1 
600 45 935 363 62 156 -1 -1 -1 -1 
601 45 937 363 64 156 -1 -1 -1 -1 
602 45 939 363 66 161 -1 -1 -1 -1 
603 45 941 366 67 166 -1 -1 -1 -1 
604 45 947 369 67 166 -1 -1 -1 -1 
605 45 950 369 68 170 -1 -1 -1 -1 
606 45 956 369 67 173 -1 -1 -1 -1 
607 45 964 376 64 166 -1 -1 -1 -1 
608 45 971 383 61 158 -1 -1 -1 -1 
609 45 976 385 60 157 -1 -1 -1 -1 
610 45 980 387 61 156 -1 -1 -1 -1 
611 45 982 389 61 154 -1 -1 -1 -1 
612 45 982 387 64 160 -1 -1 -1 -1 
613 45 984 389 64 161 -1 -1 -1 -1 
614 45 986 390 65 163 -1 -1 -1 -1 
615 45 989 392 65 164 -1 -1 -1 -1 
616 45 990 396 64 160 -1 -1 -1 -1 
617 45 989 399 64 160 -1 -1 -1 -1 
618 45 986 402 65 162 -1 -1 -1 -1 
619 45 984 404 65 161 -1 -1 -1 -1 
620 45 983 407 63 158 -1 -1 -1 -1 
621 45 978 405 65 160 -1 -1 -1 -1 
622 45 975 407 64 158 -1 -1 -1 -1 
623 45 971 407 63 160 -1 -1 -1 -1 
624 45 967 409 63 157 -1 -1 -1 -1 
625 45 963 413 62 156 -1 -1 -1 -1 
626 45 956 410 64 160 -1 -1 -1 -1 
627 45 949 409 64 161 -1 -1 -1 -1 
605 46 1222 288 162 410 -1 -1 -1 -1 
606 46 1229 288 166 413 -1 -1 -1 -1 
607 46 1239 289 168 415 -1 -1 -1 -1 
608 46 1250 287 169 418 -1 -1 -1 -1 
609 46 1264 287 169 419 -1 -1 -1 -1 
610 46 1273 290 168 419 -1 -1 -1 -1 
611 46 1288 291 164 406 -1 -1 -1 -1 
612 46 1291 293 169 418 -1 -1 -1 -1 
613 46 1295 294 172 425 -1 -1 -1 -1 
614 46 1304 299 172 425 -1 -1 -1 -1 
615 46 1309 300 172 428 -1 -1 -1 -1 
616 46 1317 302 169 413 -1 -1 -1 -1 
617 46 1314 302 174 429 -1 -1 -1 -1 
618 46 1313 304 177 440 -1 -1 -1 -1 
619 46 1313 305 178 444 -1 -1 -1 -1 
620 46 1313 306 180 447 -1 -1 -1 -1 
621 46 1313 307 181 449 -1 -1 -1 -1 
622 46 1311 307 182 452 -1 -1 -1 -1 
623 46 1308 308 185 454 -1 -1 -1 -1 
624 46 1305 308 186 456 -1 -1 -1 -1 
625 46 1303 309 186 456 -1 -1 -1 -1 
626 46 1301 311 187 455 -1 -1 -1 -1 
627 46 1299 308 189 460 -1 -1 -1 -1 
628 46 1298 307 190 461 -1 -1 -1 -1 
629 46 1296 308 188 457 -1 -1 -1 -1 
630 46 1297 307 187 456 -1 -1 -1 -1 
631 46 1298 304 187 455 -1 -1 -1 -1 
632 46 1299 301 193 467 -1 -1 -1 -1 
633 46 1301 301 195 473 -1 -1 -1 -1 
634 46 1303 299 196 477 -1 -1 -1 -1 
635 46 1306 296 197 481 -1 -1 -1 -1 
636 46 1309 299 196 483 -1 -1 -1 -1 
637 46 1314 303 196 483 -1 -1 -1 -1 
638 46 1315 302 197 486 -1 -1 -1 -1 
639 46 1320 300 199 490 -1 -1 -1 -1 
640 46 1326 299 201 493 -1 -1 -1 -1 
641 46 1333 299 203 495 -1 -1 -1 -1 
642 46 1340 297 204 498 -1 -1 -1 -1 
643 46 1347 301 206 500 -1 -1 -1 -1 
644 46 1356 300 206 505 -1 -1 -1 -1 
645 46 1364 299 208 511 -1 -1 -1 -1 
646 46 1370 298 210 514 -1 -1 -1 -1 
647 46 1375 299 211 516 -1 -1 -1 -1 
648 46 1380 298 214 521 -1 -1 -1 -1 
649 46 1383 295 216 525 -1 -1 -1 -1 
650 46 1387 293 219 530 -1 -1 -1 -1 
651 46 1392 292 219 533 -1 -1 -1 -1 
652 46 1396 291 219 535 -1 -1 -1 -1 
653 46 1398 292 219 535 -1 -1 -1 -1 
654 46 1402 288 220 540 -1 -1 -1 -1 
655 46 1403 287 221 543 -1 -1 -1 -1 
656 46 1403 286 222 548 -1 -1 -1 -1 
657 46 1406 291 221 545 -1 -1 -1 -1 
658 46 1407 287 221 546 -1 -1 -1 -1 
659 46 1410 285 221 548 -1 -1 -1 -1 
660 46 1412 286 223 548 -1 -1 -1 -1 
661 46 1412 287 225 550 -1 -1 -1 -1 
662 46 1413 288 225 553 -1 -1 -1 -1 
663 46 1412 288 225 556 -1 -1 -1 -1 
664 46 1410 288 226 556 -1 -1 -1 -1 
665 46 1408 286 227 559 -1 -1 -1 -1 
666 46 1407 285 228 559 -1 -1 -1 -1 
667 46 1406 284 228 560 -1 -1 -1 -1 
668 46 1404 283 230 562 -1 -1 -1 -1 
669 46 1403 280 231 565 -1 -1 -1 -1 
670 46 1403 280 231 566 -1 -1 -1 -1 
671 46 1405 280 231 565 -1 -1 -1 -1 
672 46 1407 279 231 563 -1 -1 -1 -1 
673 46 1411 276 231 562 -1 -1 -1 -1 
674 46 1416 276 230 560 -1 -1 -1 -1 
675 46 1420 276 228 557 -1 -1 -1 -1 
676 46 1423 275 230 558 -1 -1 -1 -1 
677 46 1427 273 231 560 -1 -1 -1 -1 
678 46 1431 272 232 562 -1 -1 -1 -1 
679 46 1437 269 232 567 -1 -1 -1 -1 
680 46 1442 267 235 574 -1 -1 -1 -1 
681 46 1448 264 238 579 -1 -1 -1 -1 
682 46 1449 262 242 587 -1 -1 -1 -1 
683 46 1449 265 244 589 -1 -1 -1 -1 
684 46 1449 265 245 595 -1 -1 -1 -1 
685 46 1453 267 243 591 -1 -1 -1 -1 
686 46 1460 270 239 583 -1 -1 -1 -1 
687 46 1476 271 237 579 -1 -1 -1 -1 
688 46 1488 271 239 582 -1 -1 -1 -1 
689 46 1499 257 247 601 -1 -1 -1 -1 
690 46 1534 264 241 593 -1 -1 -1 -1 
610 47 1216 350 115 277 -1 -1 -1 -1 
611 47 1222 348 112 278 -1 -1 -1 -1 
612 47 1229 351 115 276 -1 -1 -1 -1 
613 47 1233 351 116 282 -1 -1 -1 -1 
614 47 1235 354 116 283 -1 -1 -1 -1 
615 47 1238 354 115 286 -1 -1 -1 -1 
616 47 1239 353 118 293 -1 -1 -1 -1 
617 47 1240 360 116 287 -1 -1 -1 -1 
618 47 1238 364 116 284 -1 -1 -1 -1 
619 47 1237 365 116 284 -1 -1 -1 -1 
620 47 1236 358 119 293 -1 -1 -1 -1 
621 47 1237 365 117 288 -1 -1 -1 -1 
622 47 1235 365 119 291 -1 -1 -1 -1 
623 47 1234 370 117 287 -1 -1 -1 -1 
624 47 1230 371 119 288 -1 -1 -1 -1 
625 47 1227 372 120 289 -1 -1 -1 -1 
626 47 1224 371 122 291 -1 -1 -1 -1 
627 47 1220 364 124 296 -1 -1 -1 -1 
628 47 1218 361 124 298 -1 -1 -1 -1 
629 47 1217 359 124 302 -1 -1 -1 -1 
630 47 1214 358 126 305 -1 -1 -1 -1 
631 47 1213 356 125 310 -1 -1 -1 -1 
632 47 1213 357 126 314 -1 -1 -1 -1 
633 47 1213 356 128 321 -1 -1 -1 -1 
634 47 1214 355 132 329 -1 -1 -1 -1 
635 47 1216 354 134 334 -1 -1 -1 -1 
636 47 1216 355 138 340 -1 -1 -1 -1 
637 47 1216 361 141 342 -1 -1 -1 -1 
638 47 1216 358 142 347 -1 -1 -1 -1 
639 47 1220 358 141 347 -1 -1 -1 -1 
640 47 1223 359 142 352 -1 -1 -1 -1 
641 47 1224 357 144 355 -1 -1 -1 -1 
642 47 1230 356 146 357 -1 -1 -1 -1 
643 47 1235 353 147 361 -1 -1 -1 -1 
644 47 1241 353 148 367 -1 -1 -1 -1 
645 47 1242 351 151 371 -1 -1 -1 -1 
646 47 1247 350 152 374 -1 -1 -1 -1 
647 47 1247 348 154 377 -1 -1 -1 -1 
648 47 1249 346 155 382 -1 -1 -1 -1 
649 47 1248 346 158 389 -1 -1 -1 -1 
650 47 1248 347 158 392 -1 -1 -1 -1 
651 47 1248 349 158 392 -1 -1 -1 -1 
652 47 1253 350 156 392 -1 -1 -1 -1 
653 47 1255 350 158 397 -1 -1 -1 -1 
654 47 1252 346 162 404 -1 -1 -1 -1 
655 47 1249 342 166 412 -1 -1 -1 -1 
656 47 1245 346 169 421 -1 -1 -1 -1 
657 47 1244 348 163 403 -1 -1 -1 -1 
658 47 1240 344 162 402 -1 -1 -1 -1 
659 47 1235 339 165 407 -1 -1 -1 -1 
660 47 1231 336 167 410 -1 -1 -1 -1 
661 47 1226 334 170 418 -1 -1 -1 -1 
662 47 1223 334 171 422 -1 -1 -1 -1 
663 47 1217 334 174 426 -1 -1 -1 -1 
664 47 1205 333 181 442 -1 -1 -1 -1 
665 47 1193 334 190 463 -1 -1 -1 -1 
666 47 1180 334 193 471 -1 -1 -1 -1 
690 47 1096 283 223 545 -1 -1 -1 -1 
691 47 1095 275 226 551 -1 -1 -1 -1 
692 47 1088 259 238 580 -1 -1 -1 -1 
693 47 1083 249 250 606 -1 -1 -1 -1 
694 47 1078 240 257 627 -1 -1 -1 -1 
695 47 1066 236 263 642 -1 -1 -1 -1 
696 47 1061 234 266 651 -1 -1 -1 -1 
697 47 1049 227 271 662 -1 -1 -1 -1 
698 47 1037 221 275 671 -1 -1 -1 -1 
699 47 1024 214 278 681 -1 -1 -1 -1 
700 47 1015 210 276 679 -1 -1 -1 -1 
701 47 1006 201 281 690 -1 -1 -1 -1 
702 47 1000 191 287 707 -1 -1 -1 -1 
703 47 995 182 294 724 -1 -1 -1 -1 
704 47 981 164 304 741 -1 -1 -1 -1 
705 47 967 150 314 767 -1 -1 -1 -1 
706 47 955 141 320 784 -1 -1 -1 -1 
707 47 941 132 327 797 -1 -1 -1 -1 
708 47 930 118 336 818 -1 -1 -1 -1 
709 47 916 107 343 830 -1 -1 -1 -1 
710 47 905 98 344 834 -1 -1 -1 -1 
711 47 900 99 337 826 -1 -1 -1 -1 
712 47 889 86 343 844 -1 -1 -1 -1 
713 47 870 69 360 883 -1 -1 -1 -1 
714 47 852 55 373 908 -1 -1 -1 -1 
715 47 821 46 394 965 -1 -1 -1 -1 
716 47 801 38 402 989 -1 -1 -1 -1 
717 47 775 26 414 1020 -1 -1 -1 -1 
718 47 758 9 425 1049 -1 -1 -1 -1 
719 47 740 0 428 1060 -1 -1 -1 -1 
720 47 725 -1 435 1071 -1 -1 -1 -1 
721 47 704 -2 442 1075 -1 -1 -1 -1 
722 47 686 -3 443 1077 -1 -1 -1 -1 
723 47 659 0 445 1074 -1 -1 -1 -1 
724 47 641 -2 445 1069 -1 -1 -1 -1 
725 47 619 1 451 1060 -1 -1 -1 -1 
726 47 602 15 448 1048 -1 -1 -1 -1 
727 47 568 9 453 1059 -1 -1 -1 -1 
728 47 525 7 469 1063 -1 -1 -1 -1 
729 47 469 0 479 1077 -1 -1 -1 -1 
730 47 405 2 504 1069 -1 -1 -1 -1 
731 47 373 17 491 1053 -1 -1 -1 -1 
732 47 324 6 474 1059 -1 -1 -1 -1 
733 47 254 0 481 1064 -1 -1 -1 -1 
743 47 -5 53 368 1005 -1 -1 -1 -1 
622 48 1077 335 149 364 -1 -1 -1 -1 
623 48 1071 334 153 375 -1 -1 -1 -1 
624 48 1068 332 155 381 -1 -1 -1 -1 
625 48 1065 333 158 384 -1 -1 -1 -1 
626 48 1061 333 158 384 -1 -1 -1 -1 
627 48 1057 331 160 391 -1 -1 -1 -1 
628 48 1055 328 163 400 -1 -1 -1 -1 
629 48 1053 328 164 403 -1 -1 -1 -1 
630 48 1055 329 163 402 -1 -1 -1 -1 
631 48 1059 331 163 402 -1 -1 -1 -1 
632 48 1060 331 166 405 -1 -1 -1 -1 
633 48 1063 332 166 405 -1 -1 -1 -1 
634 48 1067 331 167 407 -1 -1 -1 -1 
635 48 1072 330 167 410 -1 -1 -1 -1 
636 48 1075 331 170 414 -1 -1 -1 -1 
637 48 1079 334 171 418 -1 -1 -1 -1 
638 48 1081 332 171 420 -1 -1 -1 -1 
639 48 1087 331 171 423 -1 -1 -1 -1 
640 48 1093 331 174 425 -1 -1 -1 -1 
641 48 1098 329 176 430 -1 -1 -1 -1 
642 48 1103 332 178 433 -1 -1 -1 -1 
643 48 1108 331 179 439 -1 -1 -1 -1 
644 48 1117 333 179 442 -1 -1 -1 -1 
645 48 1120 332 183 450 -1 -1 -1 -1 
646 48 1123 333 184 453 -1 -1 -1 -1 
647 48 1126 333 185 456 -1 -1 -1 -1 
648 48 1128 334 186 457 -1 -1 -1 -1 
649 48 1130 336 186 457 -1 -1 -1 -1 
650 48 1129 336 188 459 -1 -1 -1 -1 
651 48 1131 336 189 466 -1 -1 -1 -1 
652 48 1130 333 193 477 -1 -1 -1 -1 
653 48 1128 331 197 487 -1 -1 -1 -1 
654 48 1126 325 201 493 -1 -1 -1 -1 
655 48 1122 320 202 498 -1 -1 -1 -1 
656 48 1119 320 202 501 -1 -1 -1 -1 
657 48 1115 319 206 508 -1 -1 -1 -1 
658 48 1113 316 208 514 -1 -1 -1 -1 
659 48 1109 312 214 523 -1 -1 -1 -1 
660 48 1107 307 216 531 -1 -1 -1 -1 
661 48 1102 304 219 538 -1 -1 -1 -1 
662 48 1098 300 222 546 -1 -1 -1 -1 
663 48 1095 298 223 551 -1 -1 -1 -1 
664 48 1087 296 226 556 -1 -1 -1 -1 
665 48 1082 293 228 562 -1 -1 -1 -1 
666 48 1076 290 232 569 -1 -1 -1 -1 
667 48 1070 286 241 589 -1 -1 -1 -1 
668 48 1066 283 245 599 -1 -1 -1 -1 
669 48 1063 283 247 602 -1 -1 -1 -1 
670 48 1060 282 251 610 -1 -1 -1 -1 
671 48 1060 282 254 622 -1 -1 -1 -1 
672 48 1061 280 257 633 -1 -1 -1 -1 
673 48 1062 276 260 639 -1 -1 -1 -1 
674 48 1063 272 263 646 -1 -1 -1 -1 
675 48 1061 267 270 665 -1 -1 -1 -1 
676 48 1061 261 278 681 -1 -1 -1 -1 
677 48 1062 254 279 684 -1 -1 -1 -1 
678 48 1058 245 288 702 -1 -1 -1 -1 
679 48 1063 240 289 706 -1 -1 -1 -1 
680 48 1065 235 296 722 -1 -1 -1 -1 
681 48 1068 231 301 740 -1 -1 -1 -1 
682 48 1073 228 305 754 -1 -1 -1 -1 
683 48 1076 223 314 772 -1 -1 -1 -1 
684 48 1081 220 320 789 -1 -1 -1 -1 
685 48 1084 217 327 802 -1 -1 -1 -1 
686 48 1089 214 329 810 -1 -1 -1 -1 
687 48 1095 209 335 823 -1 -1 -1 -1 
688 48 1100 203 343 834 -1 -1 -1 -1 
689 48 1106 194 347 847 -1 -1 -1 -1 
690 48 1114 188 348 858 -1 -1 -1 -1 
691 48 1116 178 355 873 -1 -1 -1 -1 
692 48 1116 165 363 888 -1 -1 -1 -1 
693 48 1119 150 368 901 -1 -1 -1 -1 
694 48 1119 132 376 917 -1 -1 -1 -1 
695 48 1116 116 387 939 -1 -1 -1 -1 
696 48 1115 106 392 947 -1 -1 -1 -1 
697 48 1115 90 399 963 -1 -1 -1 -1 
698 48 1117 75 407 982 -1 -1 -1 -1 
699 48 1120 58 418 1003 -1 -1 -1 -1 
700 48 1127 40 429 1027 -1 -1 -1 -1 
701 48 1135 32 431 1038 -1 -1 -1 -1 
702 48 1142 23 431 1042 -1 -1 -1 -1 
703 48 1146 12 435 1048 -1 -1 -1 -1 
704 48 1150 0 443 1061 -1 -1 -1 -1 
705 48 1159 -2 444 1068 -1 -1 -1 -1 
706 48 1174 -1 450 1071 -1 -1 -1 -1 
707 48 1195 -4 449 1073 -1 -1 -1 -1 
708 48 1206 -5 457 1080 -1 -1 -1 -1 
709 48 1229 -5 456 1076 -1 -1 -1 -1 
710 48 1254 -4 459 1076 -1 -1 -1 -1 
711 48 1276 -3 466 1078 -1 -1 -1 -1 
712 48 1312 -2 468 1075 -1 -1 -1 -1 
713 48 1360 -2 470 1073 -1 -1 -1 -1 
714 48 1370 -1 470 1069 -1 -1 -1 -1 
715 48 1378 9 456 1056 -1 -1 -1 -1 
716 48 1381 2 491 1070 -1 -1 -1 -1 
717 48 1400 0 508 1078 -1 -1 -1 -1 
718 48 1403 0 519 1081 -1 -1 -1 -1 
719 48 1429 0 497 1082 -1 -1 -1 -1 
652 49 812 402 88 217 -1 -1 -1 -1 
653 49 810 405 88 215 -1 -1 -1 -1 
654 49 807 400 88 220 -1 -1 -1 -1 
655 49 802 400 89 220 -1 -1 -1 -1 
656 49 799 406 87 217 -1 -1 -1 -1 
657 49 795 403 89 218 -1 -1 -1 -1 
658 49 791 396 92 223 -1 -1 -1 -1 
659 49 788 395 91 223 -1 -1 -1 -1 
660 49 785 392 92 228 -1 -1 -1 -1 
661 49 779 392 93 230 -1 -1 -1 -1 
662 49 773 392 93 234 -1 -1 -1 -1 
663 49 768 395 94 231 -1 -1 -1 -1 
664 49 763 396 94 231 -1 -1 -1 -1 
665 49 757 397 93 230 -1 -1 -1 -1 
666 49 751 402 92 227 -1 -1 -1 -1 
667 49 745 396 95 235 -1 -1 -1 -1 
668 49 739 391 98 239 -1 -1 -1 -1 
669 49 735 390 98 241 -1 -1 -1 -1 
670 49 733 390 97 241 -1 -1 -1 -1 
671 49 730 387 99 246 -1 -1 -1 -1 
672 49 728 390 98 242 -1 -1 -1 -1 
673 49 726 384 100 249 -1 -1 -1 -1 
674 49 725 382 102 253 -1 -1 -1 -1 
675 49 721 381 105 258 -1 -1 -1 -1 
676 49 720 382 106 258 -1 -1 -1 -1 
677 49 719 380 105 258 -1 -1 -1 -1 
678 49 718 379 105 260 -1 -1 -1 -1 
679 49 719 377 105 261 -1 -1 -1 -1 
680 49 721 377 106 261 -1 -1 -1 -1 
681 49 724 380 105 261 -1 -1 -1 -1 
682 49 727 381 106 263 -1 -1 -1 -1 
683 49 731 382 106 265 -1 -1 -1 -1 
684 49 735 383 107 267 -1 -1 -1 -1 
685 49 737 381 110 272 -1 -1 -1 -1 
686 49 744 380 109 272 -1 -1 -1 -1 
687 49 749 379 110 272 -1 -1 -1 -1 
688 49 755 376 110 273 -1 -1 -1 -1 
689 49 758 370 112 276 -1 -1 -1 -1 
690 49 761 365 114 279 -1 -1 -1 -1 
691 49 766 362 113 277 -1 -1 -1 -1 
692 49 771 358 110 277 -1 -1 -1 -1 
693 49 771 354 113 281 -1 -1 -1 -1 
694 49 771 351 114 282 -1 -1 -1 -1 
695 49 770 347 116 285 -1 -1 -1 -1 
696 49 770 346 115 285 -1 -1 -1 -1 
697 49 768 342 115 285 -1 -1 -1 -1 
698 49 769 338 116 286 -1 -1 -1 -1 
699 49 769 332 117 289 -1 -1 -1 -1 
700 49 770 329 118 290 -1 -1 -1 -1 
701 49 769 328 119 293 -1 -1 -1 -1 
702 49 767 325 119 293 -1 -1 -1 -1 
703 49 764 320 121 297 -1 -1 -1 -1 
704 49 760 314 122 301 -1 -1 -1 -1 
705 49 758 308 124 305 -1 -1 -1 -1 
706 49 758 302 125 307 -1 -1 -1 -1 
707 49 757 296 126 308 -1 -1 -1 -1 
708 49 757 288 125 310 -1 -1 -1 -1 
709 49 757 281 127 312 -1 -1 -1 -1 
710 49 756 273 129 318 -1 -1 -1 -1 
711 49 755 267 130 324 -1 -1 -1 -1 
712 49 754 264 128 320 -1 -1 -1 -1 
713 49 751 259 130 323 -1 -1 -1 -1 
714 49 750 259 131 327 -1 -1 -1 -1 
715 49 750 258 132 326 -1 -1 -1 -1 
716 49 750 256 133 326 -1 -1 -1 -1 
717 49 751 249 131 330 -1 -1 -1 -1 
718 49 751 244 134 336 -1 -1 -1 -1 
719 49 748 242 138 342 -1 -1 -1 -1 
720 49 741 241 140 346 -1 -1 -1 -1 
683 50 824 398 82 209 -1 -1 -1 -1 
684 50 826 397 85 213 -1 -1 -1 -1 
685 50 832 398 86 212 -1 -1 -1 -1 
686 50 837 397 87 216 -1 -1 -1 -1 
687 50 844 394 87 217 -1 -1 -1 -1 
688 50 849 392 88 218 -1 -1 -1 -1 
689 50 851 388 89 219 -1 -1 -1 -1 
690 50 854 384 89 220 -1 -1 -1 -1 
691 50 856 381 90 221 -1 -1 -1 -1 
692 50 857 379 90 220 -1 -1 -1 -1 
693 50 858 375 89 224 -1 -1 -1 -1 
694 50 859 374 89 222 -1 -1 -1 -1 
695 50 858 372 89 222 -1 -1 -1 -1 
696 50 857 370 90 223 -1 -1 -1 -1 
697 50 855 364 90 222 -1 -1 -1 -1 
698 50 855 359 91 224 -1 -1 -1 -1 
699 50 855 353 91 224 -1 -1 -1 -1 
700 50 854 347 93 228 -1 -1 -1 -1 
701 50 851 345 94 231 -1 -1 -1 -1 
702 50 846 339 95 235 -1 -1 -1 -1 
703 50 842 335 96 237 -1 -1 -1 -1 
704 50 838 331 97 237 -1 -1 -1 -1 
705 50 836 325 97 238 -1 -1 -1 -1 
706 50 834 322 97 237 -1 -1 -1 -1 
707 50 831 317 98 240 -1 -1 -1 -1 
708 50 830 312 98 241 -1 -1 -1 -1 
709 50 830 307 98 239 -1 -1 -1 -1 
710 50 827 301 99 243 -1 -1 -1 -1 
711 50 826 299 98 242 -1 -1 -1 -1 
712 50 823 296 99 243 -1 -1 -1 -1 
713 50 820 290 100 246 -1 -1 -1 -1 
714 50 819 287 100 247 -1 -1 -1 -1 
715 50 818 283 101 248 -1 -1 -1 -1 
716 50 817 277 101 252 -1 -1 -1 -1 
717 50 815 271 104 255 -1 -1 -1 -1 
718 50 814 266 107 263 -1 -1 -1 -1 
735 50 677 191 167 403 -1 -1 -1 -1 
736 50 666 186 169 408 -1 -1 -1 -1 
737 50 651 180 170 415 -1 -1 -1 -1 
738 50 633 174 173 423 -1 -1 -1 -1 
739 50 610 171 176 432 -1 -1 -1 -1 
740 50 595 168 179 440 -1 -1 -1 -1 
741 50 582 164 182 446 -1 -1 -1 -1 
742 50 564 161 184 452 -1 -1 -1 -1 
743 50 548 158 188 460 -1 -1 -1 -1 
744 50 534 155 190 464 -1 -1 -1 -1 
745 50 518 156 190 467 -1 -1 -1 -1 
746 50 501 154 193 475 -1 -1 -1 -1 
747 50 482 153 196 481 -1 -1 -1 -1 
748 50 467 152 198 485 -1 -1 -1 -1 
749 50 453 152 201 489 -1 -1 -1 -1 
750 50 444 155 201 496 -1 -1 -1 -1 
751 50 433 150 206 505 -1 -1 -1 -1 
752 50 421 147 209 513 -1 -1 -1 -1 
753 50 412 143 211 518 -1 -1 -1 -1 
754 50 405 142 213 525 -1 -1 -1 -1 
755 50 399 140 216 531 -1 -1 -1 -1 
756 50 392 138 218 535 -1 -1 -1 -1 
757 50 385 136 223 547 -1 -1 -1 -1 
758 50 380 136 227 559 -1 -1 -1 -1 
759 50 379 138 231 568 -1 -1 -1 -1 
760 50 377 136 234 579 -1 -1 -1 -1 
761 50 376 138 238 585 -1 -1 -1 -1 
762 50 376 138 240 591 -1 -1 -1 -1 
763 50 371 143 240 590 -1 -1 -1 -1 
764 50 368 146 241 590 -1 -1 -1 -1 
765 50 367 172 235 569 -1 -1 -1 -1 
766 50 359 185 236 552 -1 -1 -1 -1 
773 50 330 88 311 778 -1 -1 -1 -1 
774 50 329 74 309 777 -1 -1 -1 -1 
775 50 323 61 314 783 -1 -1 -1 -1 
776 50 316 52 312 769 -1 -1 -1 -1 
777 50 305 45 312 766 -1 -1 -1 -1 
778 50 287 40 315 774 -1 -1 -1 -1 
779 50 267 36 329 803 -1 -1 -1 -1 
780 50 252 31 340 835 -1 -1 -1 -1 
781 50 234 31 352 858 -1 -1 -1 -1 
782 50 220 27 358 866 -1 -1 -1 -1 
783 50 201 18 373 902 -1 -1 -1 -1 
784 50 190 4 385 934 -1 -1 -1 -1 
785 50 186 12 383 934 -1 -1 -1 -1 
786 50 171 2 396 957 -1 -1 -1 -1 
787 50 166 0 396 959 -1 -1 -1 -1 
788 50 159 0 404 975 -1 -1 -1 -1 
789 50 146 0 420 998 -1 -1 -1 -1 
790 50 137 -1 424 1004 -1 -1 -1 -1 
791 50 130 0 431 1022 -1 -1 -1 -1 
792 50 130 0 434 1028 -1 -1 -1 -1 
793 50 129 -1 441 1044 -1 -1 -1 -1 
794 50 119 -1 453 1060 -1 -1 -1 -1 
795 50 123 0 452 1062 -1 -1 -1 -1 
796 50 124 0 450 1053 -1 -1 -1 -1 
797 50 123 1 442 1055 -1 -1 -1 -1 
798 50 110 0 445 1060 -1 -1 -1 -1 
799 50 95 0 450 1062 -1 -1 -1 -1 
800 50 81 0 456 1064 -1 -1 -1 -1 
801 50 65 0 453 1061 -1 -1 -1 -1 
802 50 49 -1 457 1060 -1 -1 -1 -1 
803 50 30 -1 463 1050 -1 -1 -1 -1 
804 50 16 -1 458 1054 -1 -1 -1 -1 
805 50 8 -1 473 1059 -1 -1 -1 -1 
812 50 211 74 309 745 -1 -1 -1 -1 
813 50 211 71 308 757 -1 -1 -1 -1 
814 50 207 65 311 765 -1 -1 -1 -1 
815 50 199 56 316 779 -1 -1 -1 -1 
816 50 187 49 326 797 -1 -1 -1 -1 
817 50 177 43 332 817 -1 -1 -1 -1 
818 50 165 40 338 833 -1 -1 -1 -1 
819 50 148 36 348 852 -1 -1 -1 -1 
820 50 132 30 358 874 -1 -1 -1 -1 
821 50 121 36 363 880 -1 -1 -1 -1 
822 50 107 36 369 888 -1 -1 -1 -1 
823 50 90 19 377 919 -1 -1 -1 -1 
824 50 76 19 385 948 -1 -1 -1 -1 
825 50 70 24 383 931 -1 -1 -1 -1 
826 50 52 9 398 972 -1 -1 -1 -1 
827 50 44 2 404 984 -1 -1 -1 -1 
828 50 37 0 407 994 -1 -1 -1 -1 
829 50 29 0 412 1020 -1 -1 -1 -1 
830 50 21 0 412 1027 -1 -1 -1 -1 
831 50 9 1 420 1039 -1 -1 -1 -1 
832 50 1 0 423 1055 -1 -1 -1 -1 
833 50 -1 -1 413 1071 -1 -1 -1 -1 
834 50 -1 -2 401 1075 -1 -1 -1 -1 
835 50 -1 -1 392 1080 -1 -1 -1 -1 
836 50 0 -2 386 1082 -1 -1 -1 -1 
837 50 0 -2 380 1083 -1 -1 -1 -1 
838 50 0 11 378 1065 -1 -1 -1 -1 
839 50 0 2 369 1064 -1 -1 -1 -1 
840 50 0 0 341 1060 -1 -1 -1 -1 
841 50 0 -1 329 1063 -1 -1 -1 -1 
842 50 1 10 343 1051 -1 -1 -1 -1 
843 50 0 8 346 1049 -1 -1 -1 -1 
844 50 0 1 325 1059 -1 -1 -1 -1 
845 50 0 0 300 1058 -1 -1 -1 -1 
846 50 -1 0 301 1072 -1 -1 -1 -1 
847 50 -1 -1 263 1071 -1 -1 -1 -1 
848 50 -1 1 261 1075 -1 -1 -1 -1 
849 50 -1 0 296 1065 -1 -1 -1 -1 
714 52 1228 333 77 189 -1 -1 -1 -1 
715 52 1230 331 76 185 -1 -1 -1 -1 
716 52 1233 323 75 188 -1 -1 -1 -1 
717 52 1235 317 76 193 -1 -1 -1 -1 
718 52 1236 313 79 197 -1 -1 -1 -1 
719 52 1235 306 84 207 -1 -1 -1 -1 
720 52 1238 308 82 204 -1 -1 -1 -1 
721 52 1236 304 84 208 -1 -1 -1 -1 
722 52 1237 300 85 212 -1 -1 -1 -1 
723 52 1241 300 83 205 -1 -1 -1 -1 
724 52 1243 307 81 201 -1 -1 -1 -1 
725 52 1244 308 79 199 -1 -1 -1 -1 
726 52 1245 309 78 195 -1 -1 -1 -1 
740 52 1144 287 81 200 -1 -1 -1 -1 
741 52 1136 288 86 212 -1 -1 -1 -1 
742 52 1122 290 91 223 -1 -1 -1 -1 
743 52 1112 291 90 227 -1 -1 -1 -1 
744 52 1101 289 92 226 -1 -1 -1 -1 
745 52 1089 279 97 237 -1 -1 -1 -1 
747 52 1109 264 93 230 -1 -1 -1 -1 
752 52 1087 269 89 223 -1 -1 -1 -1 
722 54 1205 296 71 175 -1 -1 -1 -1 
723 54 1206 296 70 173 -1 -1 -1 -1 
724 54 1207 294 71 175 -1 -1 -1 -1 
725 54 1207 292 71 176 -1 -1 -1 -1 
726 54 1206 292 72 179 -1 -1 -1 -1 
727 54 1206 292 70 173 -1 -1 -1 -1 
728 54 1204 292 69 173 -1 -1 -1 -1 
729 54 1200 287 72 179 -1 -1 -1 -1 
730 54 1192 279 75 186 -1 -1 -1 -1 
742 54 1074 240 100 238 -1 -1 -1 -1 
743 54 1060 231 113 276 -1 -1 -1 -1 
744 54 1050 228 117 290 -1 -1 -1 -1 
745 54 1042 225 121 300 -1 -1 -1 -1 
746 54 1031 223 124 303 -1 -1 -1 -1 
747 54 1022 221 124 306 -1 -1 -1 -1 
748 54 1015 219 125 310 -1 -1 -1 -1 
749 54 1008 219 128 311 -1 -1 -1 -1 
750 54 1004 221 128 312 -1 -1 -1 -1 
751 54 999 222 131 318 -1 -1 -1 -1 
752 54 998 222 132 322 -1 -1 -1 -1 
753 54 1000 225 130 320 -1 -1 -1 -1 
754 54 1000 229 132 322 -1 -1 -1 -1 
755 54 1000 228 134 325 -1 -1 -1 -1 
756 54 1000 227 135 329 -1 -1 -1 -1 
757 54 1002 226 132 326 -1 -1 -1 -1 
758 54 1006 227 135 334 -1 -1 -1 -1 
759 54 1009 230 136 333 -1 -1 -1 -1 
760 54 1012 229 139 339 -1 -1 -1 -1 
761 54 1018 227 140 347 -1 -1 -1 -1 
762 54 1024 228 141 349 -1 -1 -1 -1 
763 54 1030 230 142 353 -1 -1 -1 -1 
764 54 1037 228 145 357 -1 -1 -1 -1 
765 54 1042 225 149 365 -1 -1 -1 -1 
766 54 1050 226 150 368 -1 -1 -1 -1 
767 54 1055 224 150 372 -1 -1 -1 -1 
768 54 1058 223 152 376 -1 -1 -1 -1 
769 54 1061 224 153 380 -1 -1 -1 -1 
770 54 1062 221 155 385 -1 -1 -1 -1 
771 54 1062 215 155 391 -1 -1 -1 -1 
772 54 1061 215 159 400 -1 -1 -1 -1 
773 54 1059 212 161 405 -1 -1 -1 -1 
774 54 1059 208 161 406 -1 -1 -1 -1 
775 54 1057 203 165 410 -1 -1 -1 -1 
776 54 1054 198 167 416 -1 -1 -1 -1 
777 54 1049 197 172 421 -1 -1 -1 -1 
778 54 1047 195 171 424 -1 -1 -1 -1 
779 54 1043 193 172 428 -1 -1 -1 -1 
780 54 1038 191 174 433 -1 -1 -1 -1 
781 54 1033 188 177 438 -1 -1 -1 -1 
782 54 1030 186 180 447 -1 -1 -1 -1 
783 54 1030 185 182 452 -1 -1 -1 -1 
784 54 1031 185 183 452 -1 -1 -1 -1 
785 54 1031 183 184 455 -1 -1 -1 -1 
786 54 1032 179 187 464 -1 -1 -1 -1 
787 54 1032 179 190 471 -1 -1 -1 -1 
788 54 1035 180 192 476 -1 -1 -1 -1 
789 54 1037 178 197 484 -1 -1 -1 -1 
790 54 1044 172 199 489 -1 -1 -1 -1 
791 54 1053 169 202 499 -1 -1 -1 -1 
792 54 1064 166 205 505 -1 -1 -1 -1 
793 54 1076 163 208 510 -1 -1 -1 -1 
794 54 1090 159 213 519 -1 -1 -1 -1 
795 54 1105 159 217 528 -1 -1 -1 -1 
796 54 1119 160 221 538 -1 -1 -1 -1 
797 54 1129 160 227 550 -1 -1 -1 -1 
798 54 1139 161 230 562 -1 -1 -1 -1 
799 54 1152 165 231 565 -1 -1 -1 -1 
800 54 1160 168 235 573 -1 -1 -1 -1 
801 54 1166 169 240 586 -1 -1 -1 -1 
802 54 1171 169 242 594 -1 -1 -1 -1 
803 54 1181 167 247 605 -1 -1 -1 -1 
804 54 1188 163 250 614 -1 -1 -1 -1 
805 54 1194 158 254 624 -1 -1 -1 -1 
806 54 1199 150 262 641 -1 -1 -1 -1 
807 54 1207 144 265 652 -1 -1 -1 -1 
808 54 1214 135 272 671 -1 -1 -1 -1 
809 54 1223 128 277 684 -1 -1 -1 -1 
810 54 1229 122 284 699 -1 -1 -1 -1 
811 54 1235 121 290 712 -1 -1 -1 -1 
812 54 1242 118 297 727 -1 -1 -1 -1 
813 54 1248 117 302 740 -1 -1 -1 -1 
814 54 1252 112 307 753 -1 -1 -1 -1 
815 54 1256 108 313 771 -1 -1 -1 -1 
816 54 1256 105 327 801 -1 -1 -1 -1 
817 54 1259 96 337 829 -1 -1 -1 -1 
818 54 1260 91 346 850 -1 -1 -1 -1 
819 54 1260 79 355 882 -1 -1 -1 -1 
820 54 1261 69 364 901 -1 -1 -1 -1 
821 54 1271 58 369 918 -1 -1 -1 -1 
822 54 1281 47 376 928 -1 -1 -1 -1 
823 54 1294 38 384 932 -1 -1 -1 -1 
824 54 1307 29 389 946 -1 -1 -1 -1 
825 54 1319 18 392 957 -1 -1 -1 -1 
826 54 1327 12 401 980 -1 -1 -1 -1 
827 54 1333 1 418 1011 -1 -1 -1 -1 
828 54 1359 0 422 1028 -1 -1 -1 -1 
829 54 1381 0 434 1045 -1 -1 -1 -1 
830 54 1414 -1 440 1058 -1 -1 -1 -1 
831 54 1443 -3 446 1064 -1 -1 -1 -1 
832 54 1472 -2 444 1065 -1 -1 -1 -1 
833 54 1508 -1 418 1070 -1 -1 -1 -1 
834 54 1546 -1 383 1059 -1 -1 -1 -1 
835 54 1656 0 273 1066 -1 -1 -1 -1 
836 54 1679 0 246 1056 -1 -1 -1 -1 
837 54 1697 1 227 1053 -1 -1 -1 -1 
725 55 1221 111 271 661 -1 -1 -1 -1 
726 55 1212 109 274 665 -1 -1 -1 -1 
727 55 1195 108 271 661 -1 -1 -1 -1 
728 55 1181 110 274 668 -1 -1 -1 -1 
729 55 1163 108 279 672 -1 -1 -1 -1 
730 55 1148 102 280 681 -1 -1 -1 -1 
731 55 1135 100 279 678 -1 -1 -1 -1 
732 55 1118 98 280 677 -1 -1 -1 -1 
733 55 1101 89 278 675 -1 -1 -1 -1 
734 55 1079 86 282 680 -1 -1 -1 -1 
735 55 1059 85 285 688 -1 -1 -1 -1 
736 55 1041 80 286 691 -1 -1 -1 -1 
737 55 1020 77 288 692 -1 -1 -1 -1 
738 55 991 78 287 691 -1 -1 -1 -1 
739 55 955 78 294 704 -1 -1 -1 -1 
740 55 927 74 293 705 -1 -1 -1 -1 
741 55 900 75 296 715 -1 -1 -1 -1 
742 55 871 73 298 723 -1 -1 -1 -1 
743 55 851 73 294 721 -1 -1 -1 -1 
744 55 825 69 297 726 -1 -1 -1 -1 
745 55 797 72 299 723 -1 -1 -1 -1 
746 55 769 58 307 740 -1 -1 -1 -1 
747 55 742 61 304 738 -1 -1 -1 -1 
748 55 723 65 303 734 -1 -1 -1 -1 
749 55 693 62 304 739 -1 -1 -1 -1 
750 55 669 65 306 743 -1 -1 -1 -1 
751 55 641 64 315 761 -1 -1 -1 -1 
752 55 619 61 315 766 -1 -1 -1 -1 
753 55 597 56 321 778 -1 -1 -1 -1 
754 55 578 55 320 782 -1 -1 -1 -1 
755 55 559 51 325 789 -1 -1 -1 -1 
756 55 544 51 331 794 -1 -1 -1 -1 
757 55 525 45 333 807 -1 -1 -1 -1 
758 55 507 44 336 818 -1 -1 -1 -1 
759 55 494 48 339 821 -1 -1 -1 -1 
760 55 476 51 345 836 -1 -1 -1 -1 
761 55 453 53 349 846 -1 -1 -1 -1 
762 55 435 49 353 855 -1 -1 -1 -1 
763 55 420 49 351 855 -1 -1 -1 -1 
764 55 402 53 346 846 -1 -1 -1 -1 
765 55 380 44 352 854 -1 -1 -1 -1 
766 55 363 39 355 863 -1 -1 -1 -1 
767 55 339 39 361 871 -1 -1 -1 -1 
768 55 316 38 363 875 -1 -1 -1 -1 
769 55 297 36 364 879 -1 -1 -1 -1 
770 55 279 34 365 882 -1 -1 -1 -1 
771 55 264 28 367 888 -1 -1 -1 -1 
772 55 233 30 368 894 -1 -1 -1 -1 
773 55 207 28 370 894 -1 -1 -1 -1 
774 55 173 19 375 905 -1 -1 -1 -1 
775 55 150 9 370 909 -1 -1 -1 -1 
776 55 119 2 376 925 -1 -1 -1 -1 
777 55 87 0 378 927 -1 -1 -1 -1 
778 55 51 0 391 939 -1 -1 -1 -1 
779 55 22 0 394 950 -1 -1 -1 -1 
780 55 1 0 385 951 -1 -1 -1 -1 
781 55 -7 0 368 960 -1 -1 -1 -1 
782 55 -10 0 350 958 -1 -1 -1 -1 
783 55 -9 0 331 965 -1 -1 -1 -1 
784 55 -8 0 303 975 -1 -1 -1 -1 
785 55 -6 0 279 984 -1 -1 -1 -1 
786 55 -4 0 266 998 -1 -1 -1 -1 
787 55 -2 8 255 999 -1 -1 -1 -1 
788 55 -1 10 231 1008 -1 -1 -1 -1 
789 55 -1 8 215 1004 -1 -1 -1 -1 
790 55 0 16 194 1001 -1 -1 -1 -1 
791 55 0 26 178 1010 -1 -1 -1 -1 
792 55 0 35 162 1023 -1 -1 -1 -1 
750 56 947 244 125 305 -1 -1 -1 -1 
751 56 940 239 128 313 -1 -1 -1 -1 
752 56 938 235 129 319 -1 -1 -1 -1 
753 56 938 241 129 317 -1 -1 -1 -1 
754 56 939 245 127 315 -1 -1 -1 -1 
755 56 940 246 128 315 -1 -1 -1 -1 
756 56 942 247 129 319 -1 -1 -1 -1 
757 56 944 248 131 323 -1 -1 -1 -1 
758 56 946 249 134 327 -1 -1 -1 -1 
759 56 951 250 136 332 -1 -1 -1 -1 
760 56 956 250 137 335 -1 -1 -1 -1 
761 56 961 250 138 341 -1 -1 -1 -1 
762 56 967 251 139 341 -1 -1 -1 -1 
763 56 971 248 142 349 -1 -1 -1 -1 
764 56 977 248 144 355 -1 -1 -1 -1 
765 56 983 247 146 358 -1 -1 -1 -1 
766 56 989 246 145 361 -1 -1 -1 -1 
767 56 992 244 146 366 -1 -1 -1 -1 
768 56 995 244 146 366 -1 -1 -1 -1 
769 56 997 245 147 364 -1 -1 -1 -1 
770 56 997 245 148 366 -1 -1 -1 -1 
771 56 995 240 150 373 -1 -1 -1 -1 
772 56 993 244 151 375 -1 -1 -1 -1 
773 56 989 244 153 379 -1 -1 -1 -1 
774 56 985 238 157 391 -1 -1 -1 -1 
775 56 980 231 161 401 -1 -1 -1 -1 
776 56 976 227 164 406 -1 -1 -1 -1 
777 56 972 225 165 409 -1 -1 -1 -1 
778 56 963 221 169 415 -1 -1 -1 -1 
779 56 956 217 171 419 -1 -1 -1 -1 
780 56 950 214 173 426 -1 -1 -1 -1 
781 56 945 212 177 431 -1 -1 -1 -1 
782 56 944 210 177 437 -1 -1 -1 -1 
783 56 943 210 180 442 -1 -1 -1 -1 
784 56 943 209 181 446 -1 -1 -1 -1 
785 56 944 207 182 449 -1 -1 -1 -1 
786 56 945 205 184 454 -1 -1 -1 -1 
787 56 944 205 186 461 -1 -1 -1 -1 
788 56 945 206 189 468 -1 -1 -1 -1 
789 56 947 207 191 473 -1 -1 -1 -1 
790 56 951 205 195 480 -1 -1 -1 -1 
791 56 955 201 200 493 -1 -1 -1 -1 
792 56 962 197 205 506 -1 -1 -1 -1 
793 56 971 191 209 514 -1 -1 -1 -1 
794 56 983 187 213 522 -1 -1 -1 -1 
795 56 993 184 217 533 -1 -1 -1 -1 
796 56 1002 182 222 543 -1 -1 -1 -1 
797 56 1013 181 226 555 -1 -1 -1 -1 
798 56 1019 184 231 566 -1 -1 -1 -1 
799 56 1024 187 236 581 -1 -1 -1 -1 
800 56 1030 192 240 588 -1 -1 -1 -1 
801 56 1036 191 241 595 -1 -1 -1 -1 
802 56 1041 191 245 601 -1 -1 -1 -1 
803 56 1043 195 249 612 -1 -1 -1 -1 
804 56 1048 195 254 624 -1 -1 -1 -1 
805 56 1053 192 260 639 -1 -1 -1 -1 
806 56 1058 184 265 658 -1 -1 -1 -1 
807 56 1060 178 273 676 -1 -1 -1 -1 
808 56 1063 174 279 686 -1 -1 -1 -1 
809 56 1065 163 286 699 -1 -1 -1 -1 
810 56 1066 153 293 719 -1 -1 -1 -1 
811 56 1068 147 300 734 -1 -1 -1 -1 
812 56 1068 139 307 748 -1 -1 -1 -1 
813 56 1070 132 315 768 -1 -1 -1 -1 
814 56 1072 128 323 783 -1 -1 -1 -1 
815 56 1075 124 328 803 -1 -1 -1 -1 
816 56 1077 115 338 834 -1 -1 -1 -1 
817 56 1081 116 351 858 -1 -1 -1 -1 
818 56 1082 113 356 868 -1 -1 -1 -1 
819 56 1090 110 364 887 -1 -1 -1 -1 
820 56 1094 105 372 917 -1 -1 -1 -1 
821 56 1096 102 380 936 -1 -1 -1 -1 
822 56 1100 91 390 951 -1 -1 -1 -1 
823 56 1109 74 396 970 -1 -1 -1 -1 
824 56 1113 57 408 990 -1 -1 -1 -1 
825 56 1120 40 412 1005 -1 -1 -1 -1 
826 56 1129 28 422 1014 -1 -1 -1 -1 
827 56 1142 13 428 1036 -1 -1 -1 -1 
828 56 1164 9 432 1043 -1 -1 -1 -1 
829 56 1195 17 427 1035 -1 -1 -1 -1 
830 56 1215 12 434 1040 -1 -1 -1 -1 
831 56 1241 1 444 1053 -1 -1 -1 -1 
832 56 1261 -1 450 1062 -1 -1 -1 -1 
833 56 1293 -2 452 1060 -1 -1 -1 -1 
834 56 1299 -2 469 1072 -1 -1 -1 -1 
835 56 1342 -1 473 1070 -1 -1 -1 -1 
836 56 1372 -1 468 1074 -1 -1 -1 -1 
837 56 1421 0 456 1074 -1 -1 -1 -1 
838 56 1459 -1 446 1081 -1 -1 -1 -1 
839 56 1488 -2 435 1083 -1 -1 -1 -1 
840 56 1517 -2 412 1066 -1 -1 -1 -1 
841 56 1546 -2 383 1056 -1 -1 -1 -1 
760 57 683 204 172 421 -1 -1 -1 -1 
761 57 685 203 171 422 -1 -1 -1 -1 
762 57 688 206 170 419 -1 -1 -1 -1 
763 57 690 209 171 419 -1 -1 -1 -1 
764 57 695 212 170 416 -1 -1 -1 -1 
765 57 701 214 168 414 -1 -1 -1 -1 
766 57 705 214 169 415 -1 -1 -1 -1 
767 57 708 214 168 414 -1 -1 -1 -1 
768 57 708 213 170 417 -1 -1 -1 -1 
769 57 709 214 170 416 -1 -1 -1 -1 
770 57 711 210 171 417 -1 -1 -1 -1 
771 57 711 207 170 416 -1 -1 -1 -1 
772 57 710 207 169 415 -1 -1 -1 -1 
773 57 708 205 167 415 -1 -1 -1 -1 
774 57 706 199 169 420 -1 -1 -1 -1 
775 57 701 195 171 422 -1 -1 -1 -1 
776 57 695 192 171 420 -1 -1 -1 -1 
777 57 688 191 172 423 -1 -1 -1 -1 
778 57 682 191 173 427 -1 -1 -1 -1 
779 57 678 193 172 425 -1 -1 -1 -1 
780 57 672 195 173 426 -1 -1 -1 -1 
781 57 666 200 174 424 -1 -1 -1 -1 
782 57 662 197 173 428 -1 -1 -1 -1 
783 57 658 196 174 430 -1 -1 -1 -1 
784 57 654 196 175 430 -1 -1 -1 -1 
785 57 652 195 175 430 -1 -1 -1 -1 
786 57 653 193 174 430 -1 -1 -1 -1 
787 57 654 193 173 430 -1 -1 -1 -1 
788 57 654 195 173 430 -1 -1 -1 -1 
789 57 655 195 173 430 -1 -1 -1 -1 
790 57 659 194 172 427 -1 -1 -1 -1 
791 57 664 196 175 433 -1 -1 -1 -1 
792 57 670 197 177 436 -1 -1 -1 -1 
793 57 681 195 177 434 -1 -1 -1 -1 
794 57 693 195 177 437 -1 -1 -1 -1 
795 57 705 197 176 438 -1 -1 -1 -1 
796 57 713 201 179 440 -1 -1 -1 -1 
797 57 722 207 179 438 -1 -1 -1 -1 
798 57 728 209 178 438 -1 -1 -1 -1 
799 57 736 216 176 433 -1 -1 -1 -1 
800 57 742 223 176 431 -1 -1 -1 -1 
801 57 748 227 174 429 -1 -1 -1 -1 
802 57 753 231 175 427 -1 -1 -1 -1 
803 57 759 232 174 427 -1 -1 -1 -1 
804 57 764 232 173 424 -1 -1 -1 -1 
805 57 767 228 175 426 -1 -1 -1 -1 
806 57 769 225 176 430 -1 -1 -1 -1 
807 57 773 225 174 428 -1 -1 -1 -1 
808 57 777 227 173 424 -1 -1 -1 -1 
809 57 781 225 170 420 -1 -1 -1 -1 
810 57 781 222 173 426 -1 -1 -1 -1 
811 57 781 225 173 425 -1 -1 -1 -1 
812 57 780 222 171 423 -1 -1 -1 -1 
813 57 778 221 171 423 -1 -1 -1 -1 
814 57 774 219 172 425 -1 -1 -1 -1 
815 57 772 219 172 426 -1 -1 -1 -1 
816 57 768 219 174 430 -1 -1 -1 -1 
817 57 765 221 175 433 -1 -1 -1 -1 
818 57 762 225 174 425 -1 -1 -1 -1 
819 57 759 227 172 423 -1 -1 -1 -1 
820 57 755 227 171 422 -1 -1 -1 -1 
821 57 752 227 170 420 -1 -1 -1 -1 
822 57 748 224 171 423 -1 -1 -1 -1 
823 57 744 220 173 426 -1 -1 -1 -1 
824 57 742 218 174 426 -1 -1 -1 -1 
825 57 741 218 175 427 -1 -1 -1 -1 
826 57 740 216 176 429 -1 -1 -1 -1 
827 57 739 213 177 432 -1 -1 -1 -1 
828 57 739 212 179 434 -1 -1 -1 -1 
829 57 740 213 179 438 -1 -1 -1 -1 
830 57 742 215 178 435 -1 -1 -1 -1 
831 57 744 215 178 434 -1 -1 -1 -1 
832 57 750 217 176 432 -1 -1 -1 -1 
833 57 754 219 175 432 -1 -1 -1 -1 
834 57 759 220 176 433 -1 -1 -1 -1 
835 57 764 222 176 435 -1 -1 -1 -1 
836 57 769 224 175 435 -1 -1 -1 -1 
837 57 775 226 175 434 -1 -1 -1 -1 
838 57 783 227 174 432 -1 -1 -1 -1 
839 57 787 228 175 429 -1 -1 -1 -1 
840 57 795 227 174 431 -1 -1 -1 -1 
841 57 801 224 175 431 -1 -1 -1 -1 
842 57 807 220 175 432 -1 -1 -1 -1 
843 57 812 215 175 433 -1 -1 -1 -1 
844 57 816 213 175 431 -1 -1 -1 -1 
845 57 818 206 177 435 -1 -1 -1 -1 
846 57 820 203 177 436 -1 -1 -1 -1 
847 57 823 197 177 435 -1 -1 -1 -1 
848 57 823 193 177 433 -1 -1 -1 -1 
849 57 823 191 177 435 -1 -1 -1 -1 
850 57 818 188 179 435 -1 -1 -1 -1 
851 57 818 186 179 435 -1 -1 -1 -1 
852 57 817 183 177 431 -1 -1 -1 -1 
853 57 814 179 176 430 -1 -1 -1 -1 
854 57 812 178 176 429 -1 -1 -1 -1 
855 57 808 177 176 432 -1 -1 -1 -1 
856 57 807 174 174 428 -1 -1 -1 -1 
857 57 804 172 174 429 -1 -1 -1 -1 
858 57 797 166 177 437 -1 -1 -1 -1 
859 57 790 160 179 440 -1 -1 -1 -1 
860 57 787 156 178 439 -1 -1 -1 -1 
861 57 783 150 178 438 -1 -1 -1 -1 
862 57 785 145 177 436 -1 -1 -1 -1 
863 57 785 144 177 435 -1 -1 -1 -1 
864 57 786 141 178 438 -1 -1 -1 -1 
865 57 788 140 179 441 -1 -1 -1 -1 
866 57 789 139 180 445 -1 -1 -1 -1 
867 57 790 142 181 448 -1 -1 -1 -1 
868 57 786 144 185 452 -1 -1 -1 -1 
869 57 789 145 184 454 -1 -1 -1 -1 
870 57 787 150 185 450 -1 -1 -1 -1 
871 57 786 156 184 447 -1 -1 -1 -1 
872 57 788 162 184 447 -1 -1 -1 -1 
873 57 791 166 183 448 -1 -1 -1 -1 
874 57 792 168 184 449 -1 -1 -1 -1 
875 57 793 170 184 447 -1 -1 -1 -1 
876 57 794 170 184 448 -1 -1 -1 -1 
877 57 794 170 184 447 -1 -1 -1 -1 
878 57 795 167 184 451 -1 -1 -1 -1 
879 57 794 164 184 453 -1 -1 -1 -1 
880 57 791 161 184 451 -1 -1 -1 -1 
881 57 789 158 183 450 -1 -1 -1 -1 
882 57 788 157 182 450 -1 -1 -1 -1 
883 57 786 155 181 450 -1 -1 -1 -1 
884 57 782 153 183 450 -1 -1 -1 -1 
885 57 778 149 185 455 -1 -1 -1 -1 
886 57 775 150 184 457 -1 -1 -1 -1 
887 57 772 156 184 452 -1 -1 -1 -1 
888 57 766 157 181 449 -1 -1 -1 -1 
889 57 757 158 182 448 -1 -1 -1 -1 
890 57 740 161 184 450 -1 -1 -1 -1 
891 57 727 166 183 448 -1 -1 -1 -1 
892 57 714 167 183 450 -1 -1 -1 -1 
893 57 701 169 185 455 -1 -1 -1 -1 
894 57 688 170 186 458 -1 -1 -1 -1 
895 57 678 171 187 455 -1 -1 -1 -1 
896 57 671 172 187 455 -1 -1 -1 -1 
897 57 664 173 185 455 -1 -1 -1 -1 
898 57 659 175 186 455 -1 -1 -1 -1 
899 57 658 175 186 458 -1 -1 -1 -1 
900 57 658 173 188 463 -1 -1 -1 -1 
780 58 632 264 135 333 -1 -1 -1 -1 
781 58 621 262 138 338 -1 -1 -1 -1 
782 58 613 259 139 343 -1 -1 -1 -1 
783 58 606 256 141 348 -1 -1 -1 -1 
784 58 601 253 142 351 -1 -1 -1 -1 
785 58 596 253 142 351 -1 -1 -1 -1 
786 58 593 253 142 351 -1 -1 -1 -1 
787 58 589 252 144 356 -1 -1 -1 -1 
788 58 588 253 144 359 -1 -1 -1 -1 
789 58 585 252 146 365 -1 -1 -1 -1 
790 58 586 252 146 366 -1 -1 -1 -1 
791 58 588 254 148 369 -1 -1 -1 -1 
792 58 590 257 148 368 -1 -1 -1 -1 
793 58 595 258 150 370 -1 -1 -1 -1 
794 58 602 258 152 372 -1 -1 -1 -1 
795 58 611 259 150 375 -1 -1 -1 -1 
796 58 617 261 154 379 -1 -1 -1 -1 
797 58 619 264 157 383 -1 -1 -1 -1 
798 58 621 265 158 389 -1 -1 -1 -1 
799 58 623 267 158 391 -1 -1 -1 -1 
800 58 624 270 159 394 -1 -1 -1 -1 
801 58 624 269 161 403 -1 -1 -1 -1 
802 58 624 270 163 407 -1 -1 -1 -1 
803 58 624 273 165 407 -1 -1 -1 -1 
804 58 625 273 168 412 -1 -1 -1 -1 
805 58 627 272 170 419 -1 -1 -1 -1 
806 58 628 270 172 423 -1 -1 -1 -1 
807 58 629 270 173 425 -1 -1 -1 -1 
808 58 629 270 176 433 -1 -1 -1 -1 
809 58 627 267 179 439 -1 -1 -1 -1 
810 58 626 265 181 444 -1 -1 -1 -1 
811 58 625 269 181 445 -1 -1 -1 -1 
812 58 621 267 183 450 -1 -1 -1 -1 
813 58 618 263 186 454 -1 -1 -1 -1 
814 58 615 260 189 462 -1 -1 -1 -1 
815 58 614 256 191 470 -1 -1 -1 -1 
816 58 612 255 193 475 -1 -1 -1 -1 
817 58 607 253 197 481 -1 -1 -1 -1 
818 58 603 251 199 486 -1 -1 -1 -1 
819 58 599 248 202 493 -1 -1 -1 -1 
820 58 595 247 203 496 -1 -1 -1 -1 
821 58 591 246 205 502 -1 -1 -1 -1 
822 58 586 243 208 508 -1 -1 -1 -1 
823 58 583 240 211 516 -1 -1 -1 -1 
824 58 579 236 215 524 -1 -1 -1 -1 
825 58 576 234 218 532 -1 -1 -1 -1 
826 58 572 233 222 542 -1 -1 -1 -1 
827 58 568 231 226 550 -1 -1 -1 -1 
828 58 567 230 227 555 -1 -1 -1 -1 
829 58 566 231 230 563 -1 -1 -1 -1 
830 58 566 234 231 568 -1 -1 -1 -1 
831 58 566 233 233 572 -1 -1 -1 -1 
832 58 566 232 236 578 -1 -1 -1 -1 
833 58 566 228 238 586 -1 -1 -1 -1 
834 58 565 225 243 599 -1 -1 -1 -1 
835 58 566 222 244 603 -1 -1 -1 -1 
836 58 564 223 252 618 -1 -1 -1 -1 
837 58 567 219 255 630 -1 -1 -1 -1 
838 58 569 221 258 633 -1 -1 -1 -1 
839 58 572 215 260 642 -1 -1 -1 -1 
840 58 573 211 265 651 -1 -1 -1 -1 
841 58 572 205 270 664 -1 -1 -1 -1 
842 58 569 197 278 682 -1 -1 -1 -1 
843 58 567 188 286 701 -1 -1 -1 -1 
844 58 565 183 294 716 -1 -1 -1 -1 
845 58 562 178 300 731 -1 -1 -1 -1 
846 58 559 173 305 741 -1 -1 -1 -1 
847 58 554 164 311 756 -1 -1 -1 -1 
848 58 548 155 318 778 -1 -1 -1 -1 
849 58 537 149 332 810 -1 -1 -1 -1 
850 58 527 141 341 829 -1 -1 -1 -1 
851 58 521 134 347 841 -1 -1 -1 -1 
852 58 515 123 355 858 -1 -1 -1 -1 
853 58 509 113 360 873 -1 -1 -1 -1 
854 58 500 103 367 890 -1 -1 -1 -1 
855 58 487 93 373 911 -1 -1 -1 -1 
856 58 477 83 378 931 -1 -1 -1 -1 
857 58 465 74 382 942 -1 -1 -1 -1 
858 58 451 63 390 960 -1 -1 -1 -1 
859 58 434 50 401 987 -1 -1 -1 -1 
860 58 419 42 412 1012 -1 -1 -1 -1 
861 58 409 29 421 1028 -1 -1 -1 -1 
862 58 399 20 426 1040 -1 -1 -1 -1 
863 58 387 6 428 1052 -1 -1 -1 -1 
864 58 368 0 437 1063 -1 -1 -1 -1 
865 58 357 -1 444 1072 -1 -1 -1 -1 
866 58 346 -1 449 1073 -1 -1 -1 -1 
867 58 333 -1 451 1071 -1 -1 -1 -1 
868 58 312 0 460 1069 -1 -1 -1 -1 
869 58 294 0 456 1071 -1 -1 -1 -1 
870 58 270 -1 455 1074 -1 -1 -1 -1 
871 58 250 -1 454 1077 -1 -1 -1 -1 
872 58 220 0 458 1078 -1 -1 -1 -1 
873 58 194 0 457 1073 -1 -1 -1 -1 
874 58 166 0 452 1072 -1 -1 -1 -1 
875 58 128 0 461 1072 -1 -1 -1 -1 
876 58 86 0 483 1077 -1 -1 -1 -1 
877 58 36 -1 499 1059 -1 -1 -1 -1 
878 58 6 -1 475 1073 -1 -1 -1 -1 
792 59 941 284 91 225 -1 -1 -1 -1 
793 59 947 283 93 228 -1 -1 -1 -1 
794 59 960 284 91 225 -1 -1 -1 -1 
795 59 970 286 91 226 -1 -1 -1 -1 
796 59 981 286 93 229 -1 -1 -1 -1 
797 59 987 286 95 235 -1 -1 -1 -1 
798 59 995 292 93 231 -1 -1 -1 -1 
799 59 1000 295 94 233 -1 -1 -1 -1 
800 59 1005 299 95 234 -1 -1 -1 -1 
801 59 1012 301 95 238 -1 -1 -1 -1 
802 59 1021 305 95 237 -1 -1 -1 -1 
803 59 1026 307 95 237 -1 -1 -1 -1 
813 59 1039 330 90 219 -1 -1 -1 -1 
814 59 1043 311 97 238 -1 -1 -1 -1 
815 59 1048 307 99 244 -1 -1 -1 -1 
816 59 1050 302 102 250 -1 -1 -1 -1 
817 59 1051 301 104 251 -1 -1 -1 -1 
818 59 1051 301 105 254 -1 -1 -1 -1 
819 59 1056 302 104 255 -1 -1 -1 -1 
820 59 1057 302 104 255 -1 -1 -1 -1 
821 59 1059 302 105 256 -1 -1 -1 -1 
822 59 1060 301 105 256 -1 -1 -1 -1 
823 59 1062 300 105 257 -1 -1 -1 -1 
824 59 1065 298 105 257 -1 -1 -1 -1 
825 59 1066 296 105 259 -1 -1 -1 -1 
826 59 1067 295 106 260 -1 -1 -1 -1 
827 59 1069 294 106 262 -1 -1 -1 -1 
828 59 1074 294 105 259 -1 -1 -1 -1 
829 59 1077 296 106 261 -1 -1 -1 -1 
830 59 1083 297 106 263 -1 -1 -1 -1 
831 59 1086 295 107 266 -1 -1 -1 -1 
832 59 1094 296 107 266 -1 -1 -1 -1 
833 59 1098 295 110 269 -1 -1 -1 -1 
834 59 1108 296 107 269 -1 -1 -1 -1 
835 59 1113 298 108 267 -1 -1 -1 -1 
836 59 1121 297 109 269 -1 -1 -1 -1 
837 59 1132 299 107 266 -1 -1 -1 -1 
838 59 1138 298 108 267 -1 -1 -1 -1 
839 59 1142 296 111 273 -1 -1 -1 -1 
840 59 1146 294 113 276 -1 -1 -1 -1 
841 59 1154 291 113 279 -1 -1 -1 -1 
842 59 1160 290 113 280 -1 -1 -1 -1 
843 59 1164 286 114 281 -1 -1 -1 -1 
844 59 1172 283 113 278 -1 -1 -1 -1 
845 59 1177 280 114 279 -1 -1 -1 -1 
846 59 1182 277 113 280 -1 -1 -1 -1 
847 59 1183 272 115 284 -1 -1 -1 -1 
848 59 1183 267 115 287 -1 -1 -1 -1 
849 59 1179 264 120 294 -1 -1 -1 -1 
850 59 1179 261 118 291 -1 -1 -1 -1 
851 59 1177 256 120 293 -1 -1 -1 -1 
852 59 1179 250 118 291 -1 -1 -1 -1 
853 59 1178 246 117 290 -1 -1 -1 -1 
854 59 1173 243 120 295 -1 -1 -1 -1 
855 59 1170 238 121 297 -1 -1 -1 -1 
856 59 1165 234 122 300 -1 -1 -1 -1 
857 59 1161 231 122 302 -1 -1 -1 -1 
858 59 1157 231 123 301 -1 -1 -1 -1 
859 59 1156 229 121 299 -1 -1 -1 -1 
860 59 1154 225 123 302 -1 -1 -1 -1 
861 59 1152 220 124 305 -1 -1 -1 -1 
862 59 1153 215 124 306 -1 -1 -1 -1 
863 59 1154 212 125 306 -1 -1 -1 -1 
864 59 1154 210 127 311 -1 -1 -1 -1 
865 59 1156 207 128 316 -1 -1 -1 -1 
866 59 1158 204 129 318 -1 -1 -1 -1 
867 59 1160 207 129 319 -1 -1 -1 -1 
868 59 1161 206 131 321 -1 -1 -1 -1 
869 59 1163 204 132 324 -1 -1 -1 -1 
870 59 1164 204 132 326 -1 -1 -1 -1 
871 59 1164 204 134 329 -1 -1 -1 -1 
872 59 1165 208 134 328 -1 -1 -1 -1 
873 59 1164 209 135 332 -1 -1 -1 -1 
874 59 1165 211 135 330 -1 -1 -1 -1 
875 59 1167 212 134 331 -1 -1 -1 -1 
876 59 1170 213 135 332 -1 -1 -1 -1 
877 59 1170 213 136 334 -1 -1 -1 -1 
878 59 1168 212 137 336 -1 -1 -1 -1 
879 59 1169 212 136 335 -1 -1 -1 -1 
880 59 1167 209 138 340 -1 -1 -1 -1 
881 59 1168 205 138 342 -1 -1 -1 -1 
882 59 1168 204 138 342 -1 -1 -1 -1 
883 59 1168 204 138 344 -1 -1 -1 -1 
884 59 1165 201 140 348 -1 -1 -1 -1 
885 59 1164 199 141 347 -1 -1 -1 -1 
886 59 1160 199 142 351 -1 -1 -1 -1 
887 59 1157 202 143 353 -1 -1 -1 -1 
888 59 1153 200 143 356 -1 -1 -1 -1 
889 59 1146 202 143 354 -1 -1 -1 -1 
890 59 1131 207 144 355 -1 -1 -1 -1 
891 59 1119 211 143 355 -1 -1 -1 -1 
892 59 1110 215 144 356 -1 -1 -1 -1 
893 59 1098 220 144 355 -1 -1 -1 -1 
894 59 1091 223 144 356 -1 -1 -1 -1 
895 59 1085 222 146 361 -1 -1 -1 -1 
896 59 1079 223 148 364 -1 -1 -1 -1 
897 59 1075 224 148 364 -1 -1 -1 -1 
898 59 1074 224 147 366 -1 -1 -1 -1 
899 59 1074 225 147 365 -1 -1 -1 -1 
900 59 1076 226 150 368 -1 -1 -1 -1 
802 60 724 275 101 250 -1 -1 -1 -1 
803 60 727 278 101 250 -1 -1 -1 -1 
804 60 729 280 102 253 -1 -1 -1 -1 
805 60 733 282 103 252 -1 -1 -1 -1 
806 60 735 281 104 253 -1 -1 -1 -1 
807 60 736 279 106 259 -1 -1 -1 -1 
808 60 738 278 106 263 -1 -1 -1 -1 
809 60 739 274 108 268 -1 -1 -1 -1 
810 60 738 272 111 272 -1 -1 -1 -1 
811 60 738 273 110 271 -1 -1 -1 -1 
812 60 734 268 110 272 -1 -1 -1 -1 
813 60 733 266 109 271 -1 -1 -1 -1 
814 60 730 263 110 272 -1 -1 -1 -1 
815 60 727 260 111 274 -1 -1 -1 -1 
816 60 723 260 113 279 -1 -1 -1 -1 
817 60 722 262 111 275 -1 -1 -1 -1 
818 60 717 264 111 273 -1 -1 -1 -1 
819 60 710 264 114 280 -1 -1 -1 -1 
820 60 703 261 116 286 -1 -1 -1 -1 
821 60 698 262 117 286 -1 -1 -1 -1 
822 60 694 258 118 284 -1 -1 -1 -1 
823 60 691 255 118 284 -1 -1 -1 -1 
830 60 685 247 122 299 -1 -1 -1 -1 
831 60 686 246 121 299 -1 -1 -1 -1 
832 60 687 244 128 315 -1 -1 -1 -1 
833 60 688 245 132 328 -1 -1 -1 -1 
834 60 691 247 134 330 -1 -1 -1 -1 
835 60 698 248 129 324 -1 -1 -1 -1 
836 60 702 248 128 325 -1 -1 -1 -1 
837 60 708 248 130 328 -1 -1 -1 -1 
838 60 714 248 130 326 -1 -1 -1 -1 
839 60 716 248 131 324 -1 -1 -1 -1 
840 60 719 245 135 335 -1 -1 -1 -1 
841 60 726 244 135 336 -1 -1 -1 -1 
842 60 730 238 134 333 -1 -1 -1 -1 
843 60 732 231 136 338 -1 -1 -1 -1 
844 60 735 227 137 339 -1 -1 -1 -1 
845 60 736 222 137 337 -1 -1 -1 -1 
846 60 735 217 141 348 -1 -1 -1 -1 
847 60 733 211 143 351 -1 -1 -1 -1 
848 60 731 206 143 352 -1 -1 -1 -1 
849 60 727 207 143 353 -1 -1 -1 -1 
850 60 720 202 145 357 -1 -1 -1 -1 
851 60 712 199 149 367 -1 -1 -1 -1 
852 60 706 195 151 367 -1 -1 -1 -1 
853 60 703 188 152 370 -1 -1 -1 -1 
854 60 696 181 159 381 -1 -1 -1 -1 
866 60 710 205 127 308 -1 -1 -1 -1 
867 60 709 207 129 315 -1 -1 -1 -1 
868 60 707 212 126 307 -1 -1 -1 -1 
871 60 699 218 126 313 -1 -1 -1 -1 
872 60 618 174 169 413 -1 -1 -1 -1 
873 60 590 158 184 451 -1 -1 -1 -1 
874 60 572 151 193 473 -1 -1 -1 -1 
875 60 563 149 196 481 -1 -1 -1 -1 
876 60 554 147 201 489 -1 -1 -1 -1 
877 60 546 144 204 496 -1 -1 -1 -1 
878 60 540 142 205 501 -1 -1 -1 -1 
879 60 532 142 206 503 -1 -1 -1 -1 
880 60 522 142 204 502 -1 -1 -1 -1 
881 60 511 141 206 504 -1 -1 -1 -1 
882 60 537 172 193 477 -1 -1 -1 -1 
883 60 496 153 202 497 -1 -1 -1 -1 
884 60 527 176 192 471 -1 -1 -1 -1 
885 60 478 149 204 505 -1 -1 -1 -1 
886 60 448 137 213 529 -1 -1 -1 -1 
887 60 438 137 213 531 -1 -1 -1 -1 
888 60 415 124 220 549 -1 -1 -1 -1 
889 60 396 117 225 558 -1 -1 -1 -1 
890 60 374 108 229 572 -1 -1 -1 -1 
891 60 346 100 239 589 -1 -1 -1 -1 
892 60 324 96 248 602 -1 -1 -1 -1 
893 60 299 92 254 619 -1 -1 -1 -1 
894 60 278 91 261 632 -1 -1 -1 -1 
895 60 249 85 268 650 -1 -1 -1 -1 
896 60 230 86 272 657 -1 -1 -1 -1 
897 60 205 77 283 679 -1 -1 -1 -1 
898 60 194 73 289 692 -1 -1 -1 -1 
899 60 181 70 294 714 -1 -1 -1 -1 
900 60 173 65 299 728 -1 -1 -1 -1 
843 62 1394 218 270 662 -1 -1 -1 -1 
844 62 1405 213 276 672 -1 -1 -1 -1 
845 62 1423 205 282 689 -1 -1 -1 -1 
846 62 1434 195 291 710 -1 -1 -1 -1 
847 62 1441 188 296 722 -1 -1 -1 -1 
848 62 1449 181 303 743 -1 -1 -1 -1 
849 62 1453 179 315 775 -1 -1 -1 -1 
850 62 1460 172 323 796 -1 -1 -1 -1 
851 62 1469 173 329 808 -1 -1 -1 -1 
852 62 1473 166 338 826 -1 -1 -1 -1 
853 62 1479 147 350 854 -1 -1 -1 -1 
854 62 1486 140 358 874 -1 -1 -1 -1 
855 62 1496 127 364 892 -1 -1 -1 -1 
856 62 1501 112 369 904 -1 -1 -1 -1 
857 62 1506 102 377 921 -1 -1 -1 -1 
858 62 1513 91 383 948 -1 -1 -1 -1 
859 62 1528 77 386 961 -1 -1 -1 -1 
860 62 1546 64 376 976 -1 -1 -1 -1 
861 62 1566 50 357 999 -1 -1 -1 -1 
862 62 1597 40 327 1011 -1 -1 -1 -1 
863 62 1630 34 294 1026 -1 -1 -1 -1 
864 62 1659 30 265 1032 -1 -1 -1 -1 
865 62 1678 24 246 1044 -1 -1 -1 -1 
866 62 1712 141 211 927 -1 -1 -1 -1 
867 62 1714 60 208 1019 -1 -1 -1 -1 
868 62 1741 124 181 954 -1 -1 -1 -1 
869 62 1757 158 164 830 -1 -1 -1 -1 
875 63 689 228 134 332 -1 -1 -1 -1 
876 63 686 230 137 336 -1 -1 -1 -1 
877 63 683 227 137 345 -1 -1 -1 -1 
878 63 684 223 134 342 -1 -1 -1 -1 
879 63 673 220 140 350 -1 -1 -1 -1 
880 63 661 213 147 364 -1 -1 -1 -1 
881 63 651 206 151 373 -1 -1 -1 -1 
882 63 648 202 150 372 -1 -1 -1 -1 
883 63 643 200 150 370 -1 -1 -1 -1 
884 63 635 197 151 372 -1 -1 -1 -1 
885 63 636 195 146 365 -1 -1 -1 -1 
886 63 625 193 151 379 -1 -1 -1 -1 
887 63 616 193 154 385 -1 -1 -1 -1 
888 63 606 189 154 384 -1 -1 -1 -1 
889 63 594 187 154 386 -1 -1 -1 -1 
890 63 570 190 155 387 -1 -1 -1 -1 
891 63 549 187 160 397 -1 -1 -1 -1 
892 63 524 187 167 409 -1 -1 -1 -1 
893 63 502 187 174 424 -1 -1 -1 -1 
894 63 486 187 177 436 -1 -1 -1 -1 
895 63 471 186 183 444 -1 -1 -1 -1 
896 63 456 185 182 449 -1 -1 -1 -1 
897 63 442 180 186 459 -1 -1 -1 -1 
898 63 430 177 192 467 -1 -1 -1 -1 
899 63 417 172 196 478 -1 -1 -1 -1 
900 63 410 172 198 484 -1 -1 -1 -1 
