1 1 1361 397 85 212 -1 -1 -1 -1 
2 1 1358 396 83 206 -1 -1 -1 -1 
3 1 1354 397 83 205 -1 -1 -1 -1 
4 1 1352 399 83 206 -1 -1 -1 -1 
5 1 1346 402 88 216 -1 -1 -1 -1 
6 1 1349 405 88 217 -1 -1 -1 -1 
7 1 1350 406 86 213 -1 -1 -1 -1 
8 1 1349 408 88 217 -1 -1 -1 -1 
9 1 1353 406 89 223 -1 -1 -1 -1 
10 1 1356 405 93 229 -1 -1 -1 -1 
11 1 1358 404 95 232 -1 -1 -1 -1 
12 1 1362 402 94 230 -1 -1 -1 -1 
13 1 1364 402 96 231 -1 -1 -1 -1 
14 1 1366 402 96 235 -1 -1 -1 -1 
15 1 1366 402 96 237 -1 -1 -1 -1 
16 1 1366 403 96 236 -1 -1 -1 -1 
17 1 1365 405 95 235 -1 -1 -1 -1 
18 1 1363 409 95 236 -1 -1 -1 -1 
19 1 1360 409 97 241 -1 -1 -1 -1 
20 1 1351 408 103 254 -1 -1 -1 -1 
21 1 1347 408 105 258 -1 -1 -1 -1 
22 1 1345 409 105 258 -1 -1 -1 -1 
23 1 1338 408 107 262 -1 -1 -1 -1 
24 1 1330 410 108 267 -1 -1 -1 -1 
25 1 1309 411 109 271 -1 -1 -1 -1 
26 1 1300 411 109 269 -1 -1 -1 -1 
27 1 1281 411 109 272 -1 -1 -1 -1 
28 1 1272 413 109 273 -1 -1 -1 -1 
29 1 1265 415 109 271 -1 -1 -1 -1 
30 1 1249 417 109 272 -1 -1 -1 -1 
31 1 1242 421 111 273 -1 -1 -1 -1 
32 1 1235 424 112 275 -1 -1 -1 -1 
33 1 1227 429 113 278 -1 -1 -1 -1 
34 1 1222 427 115 286 -1 -1 -1 -1 
35 1 1213 428 118 293 -1 -1 -1 -1 
36 1 1212 425 121 299 -1 -1 -1 -1 
37 1 1211 422 123 306 -1 -1 -1 -1 
38 1 1212 422 123 306 -1 -1 -1 -1 
39 1 1212 419 124 307 -1 -1 -1 -1 
40 1 1210 413 126 311 -1 -1 -1 -1 
41 1 1211 407 127 316 -1 -1 -1 -1 
42 1 1211 407 128 316 -1 -1 -1 -1 
43 1 1211 407 128 317 -1 -1 -1 -1 
44 1 1211 407 131 322 -1 -1 -1 -1 
45 1 1211 405 134 328 -1 -1 -1 -1 
46 1 1212 405 136 333 -1 -1 -1 -1 
47 1 1212 401 139 339 -1 -1 -1 -1 
48 1 1212 400 139 342 -1 -1 -1 -1 
49 1 1212 400 140 344 -1 -1 -1 -1 
50 1 1212 394 143 353 -1 -1 -1 -1 
51 1 1214 396 144 356 -1 -1 -1 -1 
52 1 1215 392 146 363 -1 -1 -1 -1 
53 1 1218 390 149 367 -1 -1 -1 -1 
54 1 1219 388 150 371 -1 -1 -1 -1 
55 1 1222 385 151 374 -1 -1 -1 -1 
56 1 1226 387 150 374 -1 -1 -1 -1 
57 1 1227 387 152 377 -1 -1 -1 -1 
58 1 1230 387 154 380 -1 -1 -1 -1 
59 1 1232 385 159 390 -1 -1 -1 -1 
60 1 1233 383 162 400 -1 -1 -1 -1 
61 1 1236 381 165 407 -1 -1 -1 -1 
62 1 1241 383 167 413 -1 -1 -1 -1 
63 1 1251 378 171 427 -1 -1 -1 -1 
64 1 1260 373 175 436 -1 -1 -1 -1 
65 1 1271 371 178 441 -1 -1 -1 -1 
66 1 1281 368 182 446 -1 -1 -1 -1 
67 1 1290 368 183 453 -1 -1 -1 -1 
68 1 1298 367 184 455 -1 -1 -1 -1 
69 1 1305 364 187 460 -1 -1 -1 -1 
70 1 1319 364 189 465 -1 -1 -1 -1 
71 1 1330 365 192 473 -1 -1 -1 -1 
72 1 1340 363 196 481 -1 -1 -1 -1 
73 1 1348 360 201 492 -1 -1 -1 -1 
74 1 1357 355 204 506 -1 -1 -1 -1 
75 1 1365 353 214 529 -1 -1 -1 -1 
76 1 1377 350 219 540 -1 -1 -1 -1 
77 1 1389 347 224 554 -1 -1 -1 -1 
78 1 1397 344 228 565 -1 -1 -1 -1 
79 1 1407 344 233 577 -1 -1 -1 -1 
80 1 1426 341 242 601 -1 -1 -1 -1 
81 1 1439 343 245 607 -1 -1 -1 -1 
82 1 1453 344 247 611 -1 -1 -1 -1 
83 1 1469 341 253 622 -1 -1 -1 -1 
84 1 1483 343 254 626 -1 -1 -1 -1 
85 1 1504 343 266 653 -1 -1 -1 -1 
86 1 1521 339 271 668 -1 -1 -1 -1 
87 1 1532 335 275 681 -1 -1 -1 -1 
88 1 1546 335 282 694 -1 -1 -1 -1 
89 1 1561 328 289 719 -1 -1 -1 -1 
90 1 1596 320 296 739 -1 -1 -1 -1 
91 1 1628 313 290 745 -1 -1 -1 -1 
92 1 1664 311 263 740 -1 -1 -1 -1 
93 1 1676 304 253 751 -1 -1 -1 -1 
94 1 1697 295 232 771 -1 -1 -1 -1 
95 1 1733 291 195 774 -1 -1 -1 -1 
96 1 1755 291 170 780 -1 -1 -1 -1 
97 1 1781 344 143 724 -1 -1 -1 -1 
98 1 1793 376 130 564 -1 -1 -1 -1 
99 1 1798 387 123 502 -1 -1 -1 -1 
100 1 1799 381 123 486 -1 -1 -1 -1 
101 1 1795 381 126 492 -1 -1 -1 -1 
102 1 1788 381 132 491 -1 -1 -1 -1 
103 1 1776 378 144 493 -1 -1 -1 -1 
104 1 1765 380 154 491 -1 -1 -1 -1 
105 1 1759 383 161 486 -1 -1 -1 -1 
106 1 1752 385 167 489 -1 -1 -1 -1 
107 1 1744 389 175 492 -1 -1 -1 -1 
108 1 1738 392 181 489 -1 -1 -1 -1 
109 1 1732 393 188 490 -1 -1 -1 -1 
110 1 1723 389 195 492 -1 -1 -1 -1 
111 1 1718 385 196 492 -1 -1 -1 -1 
112 1 1714 382 198 495 -1 -1 -1 -1 
113 1 1711 378 201 495 -1 -1 -1 -1 
114 1 1709 375 204 500 -1 -1 -1 -1 
115 1 1707 372 207 503 -1 -1 -1 -1 
116 1 1717 370 202 502 -1 -1 -1 -1 
117 1 1706 368 210 514 -1 -1 -1 -1 
118 1 1699 372 211 515 -1 -1 -1 -1 
119 1 1701 374 209 513 -1 -1 -1 -1 
120 1 1705 372 208 512 -1 -1 -1 -1 
121 1 1724 374 201 518 -1 -1 -1 -1 
122 1 1734 377 189 514 -1 -1 -1 -1 
123 1 1741 380 180 509 -1 -1 -1 -1 
124 1 1747 380 173 507 -1 -1 -1 -1 
125 1 1752 377 168 503 -1 -1 -1 -1 
126 1 1764 371 159 499 -1 -1 -1 -1 
127 1 1769 362 152 511 -1 -1 -1 -1 
128 1 1776 356 144 518 -1 -1 -1 -1 
129 1 1779 350 141 526 -1 -1 -1 -1 
130 1 1786 346 133 537 -1 -1 -1 -1 
131 1 1796 339 126 542 -1 -1 -1 -1 
132 1 1796 339 123 537 -1 -1 -1 -1 
133 1 1803 340 116 530 -1 -1 -1 -1 
134 1 1813 326 106 541 -1 -1 -1 -1 
135 1 1811 326 108 543 -1 -1 -1 -1 
136 1 1811 337 108 526 -1 -1 -1 -1 
137 1 1808 341 110 519 -1 -1 -1 -1 
138 1 1809 341 109 519 -1 -1 -1 -1 
139 1 1807 340 111 521 -1 -1 -1 -1 
140 1 1804 339 114 525 -1 -1 -1 -1 
141 1 1804 333 115 539 -1 -1 -1 -1 
142 1 1802 326 117 556 -1 -1 -1 -1 
143 1 1802 326 116 562 -1 -1 -1 -1 
144 1 1807 322 112 570 -1 -1 -1 -1 
145 1 1811 319 108 574 -1 -1 -1 -1 
146 1 1803 325 117 569 -1 -1 -1 -1 
147 1 1802 329 117 554 -1 -1 -1 -1 
148 1 1800 334 120 541 -1 -1 -1 -1 
149 1 1800 339 119 533 -1 -1 -1 -1 
150 1 1800 339 119 535 -1 -1 -1 -1 
151 1 1804 332 117 535 -1 -1 -1 -1 
152 1 1803 332 115 533 -1 -1 -1 -1 
153 1 1804 334 114 533 -1 -1 -1 -1 
154 1 1804 331 114 542 -1 -1 -1 -1 
155 1 1803 322 115 554 -1 -1 -1 -1 
156 1 1800 310 118 567 -1 -1 -1 -1 
157 1 1796 301 122 585 -1 -1 -1 -1 
158 1 1792 300 125 586 -1 -1 -1 -1 
159 1 1783 300 134 589 -1 -1 -1 -1 
160 1 1772 302 145 583 -1 -1 -1 -1 
161 1 1750 311 164 583 -1 -1 -1 -1 
162 1 1739 316 177 588 -1 -1 -1 -1 
163 1 1724 320 191 587 -1 -1 -1 -1 
164 1 1714 323 201 583 -1 -1 -1 -1 
165 1 1703 326 212 580 -1 -1 -1 -1 
166 1 1679 325 229 583 -1 -1 -1 -1 
167 1 1668 321 239 588 -1 -1 -1 -1 
168 1 1656 318 244 589 -1 -1 -1 -1 
169 1 1642 316 242 583 -1 -1 -1 -1 
170 1 1627 311 240 583 -1 -1 -1 -1 
171 1 1599 306 240 583 -1 -1 -1 -1 
172 1 1580 302 242 588 -1 -1 -1 -1 
173 1 1565 301 244 594 -1 -1 -1 -1 
174 1 1551 301 242 591 -1 -1 -1 -1 
175 1 1537 306 243 592 -1 -1 -1 -1 
176 1 1524 307 240 591 -1 -1 -1 -1 
177 1 1514 310 241 592 -1 -1 -1 -1 
178 1 1508 312 240 590 -1 -1 -1 -1 
179 1 1506 311 239 588 -1 -1 -1 -1 
180 1 1502 309 237 586 -1 -1 -1 -1 
181 1 1493 304 230 569 -1 -1 -1 -1 
182 1 1488 299 229 565 -1 -1 -1 -1 
183 1 1480 292 233 574 -1 -1 -1 -1 
184 1 1471 287 235 579 -1 -1 -1 -1 
185 1 1461 281 239 591 -1 -1 -1 -1 
186 1 1449 280 240 593 -1 -1 -1 -1 
187 1 1442 282 240 591 -1 -1 -1 -1 
188 1 1435 282 242 594 -1 -1 -1 -1 
189 1 1428 287 242 594 -1 -1 -1 -1 
190 1 1424 292 241 594 -1 -1 -1 -1 
191 1 1410 303 242 596 -1 -1 -1 -1 
192 1 1404 311 241 595 -1 -1 -1 -1 
193 1 1398 314 244 600 -1 -1 -1 -1 
194 1 1391 316 244 598 -1 -1 -1 -1 
195 1 1385 318 245 597 -1 -1 -1 -1 
196 1 1376 314 245 600 -1 -1 -1 -1 
197 1 1368 312 245 600 -1 -1 -1 -1 
198 1 1362 312 246 603 -1 -1 -1 -1 
199 1 1359 311 246 606 -1 -1 -1 -1 
200 1 1352 312 252 613 -1 -1 -1 -1 
201 1 1347 318 251 615 -1 -1 -1 -1 
202 1 1339 322 254 625 -1 -1 -1 -1 
203 1 1341 327 257 632 -1 -1 -1 -1 
204 1 1351 333 257 635 -1 -1 -1 -1 
205 1 1354 341 256 634 -1 -1 -1 -1 
206 1 1363 353 252 623 -1 -1 -1 -1 
207 1 1367 353 257 628 -1 -1 -1 -1 
208 1 1371 355 252 616 -1 -1 -1 -1 
209 1 1374 353 254 622 -1 -1 -1 -1 
210 1 1379 350 255 623 -1 -1 -1 -1 
211 1 1382 341 252 617 -1 -1 -1 -1 
212 1 1380 336 253 622 -1 -1 -1 -1 
213 1 1378 332 256 629 -1 -1 -1 -1 
214 1 1377 330 259 634 -1 -1 -1 -1 
215 1 1376 328 261 639 -1 -1 -1 -1 
216 1 1374 328 262 645 -1 -1 -1 -1 
217 1 1368 332 263 645 -1 -1 -1 -1 
218 1 1368 334 263 650 -1 -1 -1 -1 
219 1 1366 337 263 649 -1 -1 -1 -1 
220 1 1365 341 264 650 -1 -1 -1 -1 
221 1 1359 349 261 643 -1 -1 -1 -1 
222 1 1355 354 258 638 -1 -1 -1 -1 
223 1 1353 356 256 631 -1 -1 -1 -1 
224 1 1352 352 255 629 -1 -1 -1 -1 
225 1 1346 346 259 636 -1 -1 -1 -1 
226 1 1339 339 263 646 -1 -1 -1 -1 
227 1 1335 334 266 651 -1 -1 -1 -1 
228 1 1332 334 268 656 -1 -1 -1 -1 
229 1 1329 333 270 665 -1 -1 -1 -1 
230 1 1328 334 270 665 -1 -1 -1 -1 
231 1 1330 339 272 673 -1 -1 -1 -1 
232 1 1333 339 272 676 -1 -1 -1 -1 
233 1 1333 341 273 679 -1 -1 -1 -1 
234 1 1334 343 274 676 -1 -1 -1 -1 
235 1 1337 338 275 680 -1 -1 -1 -1 
236 1 1340 334 275 679 -1 -1 -1 -1 
237 1 1341 330 276 681 -1 -1 -1 -1 
238 1 1341 324 273 674 -1 -1 -1 -1 
239 1 1341 320 273 673 -1 -1 -1 -1 
240 1 1343 317 270 667 -1 -1 -1 -1 
241 1 1344 311 270 661 -1 -1 -1 -1 
242 1 1345 310 268 659 -1 -1 -1 -1 
243 1 1346 309 267 658 -1 -1 -1 -1 
244 1 1347 307 268 660 -1 -1 -1 -1 
245 1 1348 308 269 662 -1 -1 -1 -1 
246 1 1353 309 270 665 -1 -1 -1 -1 
247 1 1348 312 270 665 -1 -1 -1 -1 
248 1 1346 318 272 665 -1 -1 -1 -1 
249 1 1346 319 271 666 -1 -1 -1 -1 
250 1 1350 317 268 660 -1 -1 -1 -1 
251 1 1351 313 268 656 -1 -1 -1 -1 
252 1 1350 309 270 657 -1 -1 -1 -1 
253 1 1351 306 272 662 -1 -1 -1 -1 
254 1 1352 303 273 664 -1 -1 -1 -1 
255 1 1353 299 273 666 -1 -1 -1 -1 
256 1 1356 291 275 675 -1 -1 -1 -1 
257 1 1360 290 275 677 -1 -1 -1 -1 
258 1 1357 288 281 690 -1 -1 -1 -1 
259 1 1362 289 283 698 -1 -1 -1 -1 
260 1 1370 293 285 700 -1 -1 -1 -1 
261 1 1379 293 288 705 -1 -1 -1 -1 
262 1 1388 292 285 703 -1 -1 -1 -1 
263 1 1397 290 282 699 -1 -1 -1 -1 
264 1 1404 287 276 684 -1 -1 -1 -1 
265 1 1407 286 278 686 -1 -1 -1 -1 
266 1 1412 275 277 684 -1 -1 -1 -1 
267 1 1418 270 275 676 -1 -1 -1 -1 
268 1 1422 267 275 674 -1 -1 -1 -1 
269 1 1423 262 276 678 -1 -1 -1 -1 
270 1 1426 256 278 686 -1 -1 -1 -1 
271 1 1428 253 282 693 -1 -1 -1 -1 
272 1 1430 256 283 698 -1 -1 -1 -1 
273 1 1431 261 280 694 -1 -1 -1 -1 
274 1 1434 265 278 689 -1 -1 -1 -1 
275 1 1437 267 277 686 -1 -1 -1 -1 
276 1 1433 270 282 690 -1 -1 -1 -1 
277 1 1432 268 279 690 -1 -1 -1 -1 
278 1 1429 269 277 685 -1 -1 -1 -1 
279 1 1424 269 276 681 -1 -1 -1 -1 
280 1 1418 265 275 679 -1 -1 -1 -1 
281 1 1406 257 277 677 -1 -1 -1 -1 
282 1 1402 252 275 677 -1 -1 -1 -1 
283 1 1398 248 276 679 -1 -1 -1 -1 
284 1 1396 244 279 685 -1 -1 -1 -1 
285 1 1396 242 278 685 -1 -1 -1 -1 
286 1 1398 237 283 697 -1 -1 -1 -1 
287 1 1399 240 287 704 -1 -1 -1 -1 
288 1 1411 238 284 701 -1 -1 -1 -1 
289 1 1416 239 284 700 -1 -1 -1 -1 
290 1 1418 237 285 704 -1 -1 -1 -1 
291 1 1423 232 286 710 -1 -1 -1 -1 
292 1 1431 223 285 704 -1 -1 -1 -1 
293 1 1436 217 283 698 -1 -1 -1 -1 
294 1 1445 211 279 690 -1 -1 -1 -1 
295 1 1451 206 277 686 -1 -1 -1 -1 
296 1 1456 201 277 685 -1 -1 -1 -1 
297 1 1465 196 280 691 -1 -1 -1 -1 
298 1 1468 195 283 696 -1 -1 -1 -1 
299 1 1471 199 282 695 -1 -1 -1 -1 
300 1 1472 198 280 692 -1 -1 -1 -1 
301 1 1469 200 284 705 -1 -1 -1 -1 
302 1 1476 208 282 701 -1 -1 -1 -1 
303 1 1477 215 279 692 -1 -1 -1 -1 
304 1 1477 220 278 688 -1 -1 -1 -1 
305 1 1472 222 276 683 -1 -1 -1 -1 
306 1 1465 223 277 678 -1 -1 -1 -1 
307 1 1459 216 277 684 -1 -1 -1 -1 
308 1 1455 214 278 686 -1 -1 -1 -1 
309 1 1452 213 280 690 -1 -1 -1 -1 
310 1 1452 211 281 694 -1 -1 -1 -1 
311 1 1450 211 284 701 -1 -1 -1 -1 
312 1 1447 216 290 709 -1 -1 -1 -1 
313 1 1446 218 291 713 -1 -1 -1 -1 
314 1 1451 220 294 724 -1 -1 -1 -1 
315 1 1459 222 297 735 -1 -1 -1 -1 
316 1 1468 227 295 732 -1 -1 -1 -1 
317 1 1488 228 295 730 -1 -1 -1 -1 
318 1 1503 227 295 731 -1 -1 -1 -1 
319 1 1514 225 293 730 -1 -1 -1 -1 
320 1 1523 222 283 702 -1 -1 -1 -1 
321 1 1526 215 289 714 -1 -1 -1 -1 
322 1 1540 207 290 712 -1 -1 -1 -1 
323 1 1546 204 291 712 -1 -1 -1 -1 
324 1 1555 199 292 719 -1 -1 -1 -1 
325 1 1561 196 293 724 -1 -1 -1 -1 
326 1 1569 196 296 727 -1 -1 -1 -1 
327 1 1583 200 293 722 -1 -1 -1 -1 
328 1 1595 205 297 734 -1 -1 -1 -1 
329 1 1602 207 298 743 -1 -1 -1 -1 
330 1 1608 211 300 753 -1 -1 -1 -1 
331 1 1621 214 297 760 -1 -1 -1 -1 
332 1 1637 222 284 761 -1 -1 -1 -1 
333 1 1642 225 279 752 -1 -1 -1 -1 
334 1 1645 226 276 742 -1 -1 -1 -1 
335 1 1647 227 273 735 -1 -1 -1 -1 
336 1 1648 225 272 733 -1 -1 -1 -1 
337 1 1649 225 271 736 -1 -1 -1 -1 
338 1 1650 223 270 738 -1 -1 -1 -1 
339 1 1652 225 268 741 -1 -1 -1 -1 
340 1 1654 225 266 747 -1 -1 -1 -1 
341 1 1654 228 266 759 -1 -1 -1 -1 
342 1 1668 239 252 776 -1 -1 -1 -1 
343 1 1679 246 241 781 -1 -1 -1 -1 
344 1 1697 252 224 784 -1 -1 -1 -1 
345 1 1707 258 213 781 -1 -1 -1 -1 
346 1 1713 259 207 783 -1 -1 -1 -1 
347 1 1730 267 189 744 -1 -1 -1 -1 
348 1 1736 268 182 738 -1 -1 -1 -1 
349 1 1738 262 181 761 -1 -1 -1 -1 
350 1 1741 255 178 773 -1 -1 -1 -1 
351 1 1751 246 169 782 -1 -1 -1 -1 
352 1 1751 246 168 778 -1 -1 -1 -1 
353 1 1751 246 168 776 -1 -1 -1 -1 
354 1 1747 254 172 767 -1 -1 -1 -1 
355 1 1743 261 176 766 -1 -1 -1 -1 
356 1 1745 269 173 754 -1 -1 -1 -1 
357 1 1754 281 165 729 -1 -1 -1 -1 
358 1 1759 290 160 712 -1 -1 -1 -1 
359 1 1758 298 160 705 -1 -1 -1 -1 
360 1 1756 305 163 708 -1 -1 -1 -1 
361 1 1754 309 165 712 -1 -1 -1 -1 
362 1 1751 305 168 735 -1 -1 -1 -1 
363 1 1754 301 166 742 -1 -1 -1 -1 
364 1 1759 295 161 750 -1 -1 -1 -1 
365 1 1760 288 160 764 -1 -1 -1 -1 
366 1 1764 279 157 781 -1 -1 -1 -1 
367 1 1774 273 148 782 -1 -1 -1 -1 
368 1 1777 274 144 776 -1 -1 -1 -1 
369 1 1783 237 138 814 -1 -1 -1 -1 
370 1 1787 275 133 750 -1 -1 -1 -1 
371 1 1811 279 111 728 -1 -1 -1 -1 
372 1 1823 292 100 713 -1 -1 -1 -1 
373 1 1824 319 97 689 -1 -1 -1 -1 
374 1 1825 319 95 696 -1 -1 -1 -1 
375 1 1830 276 89 737 -1 -1 -1 -1 
376 1 1832 282 87 726 -1 -1 -1 -1 
1 2 475 429 66 167 -1 -1 -1 -1 
2 2 467 429 66 165 -1 -1 -1 -1 
3 2 458 428 67 167 -1 -1 -1 -1 
4 2 451 429 67 167 -1 -1 -1 -1 
5 2 439 431 67 169 -1 -1 -1 -1 
6 2 436 431 67 169 -1 -1 -1 -1 
7 2 430 431 68 170 -1 -1 -1 -1 
8 2 425 435 67 167 -1 -1 -1 -1 
9 2 425 433 67 167 -1 -1 -1 -1 
10 2 421 433 68 169 -1 -1 -1 -1 
11 2 418 434 68 170 -1 -1 -1 -1 
12 2 416 432 69 171 -1 -1 -1 -1 
13 2 413 435 70 172 -1 -1 -1 -1 
14 2 410 435 69 173 -1 -1 -1 -1 
15 2 400 434 68 170 -1 -1 -1 -1 
16 2 393 435 69 171 -1 -1 -1 -1 
17 2 387 438 68 171 -1 -1 -1 -1 
18 2 378 439 69 170 -1 -1 -1 -1 
19 2 371 440 69 170 -1 -1 -1 -1 
20 2 355 444 70 174 -1 -1 -1 -1 
21 2 347 445 68 171 -1 -1 -1 -1 
22 2 337 446 69 172 -1 -1 -1 -1 
23 2 325 446 69 174 -1 -1 -1 -1 
24 2 312 450 70 175 -1 -1 -1 -1 
25 2 280 450 71 178 -1 -1 -1 -1 
26 2 261 448 73 181 -1 -1 -1 -1 
27 2 231 445 74 184 -1 -1 -1 -1 
28 2 218 447 73 181 -1 -1 -1 -1 
29 2 204 445 74 184 -1 -1 -1 -1 
30 2 175 445 75 185 -1 -1 -1 -1 
31 2 157 449 76 186 -1 -1 -1 -1 
32 2 144 450 74 185 -1 -1 -1 -1 
33 2 128 452 75 187 -1 -1 -1 -1 
34 2 118 454 74 185 -1 -1 -1 -1 
35 2 96 458 76 188 -1 -1 -1 -1 
36 2 87 459 75 187 -1 -1 -1 -1 
37 2 78 459 76 188 -1 -1 -1 -1 
38 2 71 460 77 189 -1 -1 -1 -1 
39 2 64 458 76 190 -1 -1 -1 -1 
40 2 49 458 79 192 -1 -1 -1 -1 
41 2 41 458 77 190 -1 -1 -1 -1 
42 2 33 456 78 192 -1 -1 -1 -1 
43 2 24 456 79 192 -1 -1 -1 -1 
44 2 18 459 78 193 -1 -1 -1 -1 
45 2 5 458 77 192 -1 -1 -1 -1 
46 2 0 457 73 196 -1 -1 -1 -1 
47 2 -1 452 64 196 -1 -1 -1 -1 
48 2 -2 452 56 198 -1 -1 -1 -1 
49 2 -2 454 49 194 -1 -1 -1 -1 
50 2 -2 448 36 199 -1 -1 -1 -1 
51 2 -1 454 26 195 -1 -1 -1 -1 
1 3 1477 419 69 169 -1 -1 -1 -1 
2 3 1469 420 68 168 -1 -1 -1 -1 
3 3 1460 420 69 171 -1 -1 -1 -1 
4 3 1453 420 70 170 -1 -1 -1 -1 
5 3 1442 423 70 172 -1 -1 -1 -1 
6 3 1440 425 70 171 -1 -1 -1 -1 
7 3 1435 429 67 167 -1 -1 -1 -1 
8 3 1429 430 69 169 -1 -1 -1 -1 
9 3 1427 428 69 170 -1 -1 -1 -1 
10 3 1423 429 69 169 -1 -1 -1 -1 
11 3 1419 430 69 170 -1 -1 -1 -1 
12 3 1415 429 69 170 -1 -1 -1 -1 
13 3 1413 430 70 173 -1 -1 -1 -1 
14 3 1410 430 71 181 -1 -1 -1 -1 
23 3 1327 443 65 162 -1 -1 -1 -1 
24 3 1313 444 64 160 -1 -1 -1 -1 
25 3 1285 447 64 157 -1 -1 -1 -1 
26 3 1271 447 62 156 -1 -1 -1 -1 
27 3 1244 446 63 156 -1 -1 -1 -1 
28 3 1231 447 64 160 -1 -1 -1 -1 
29 3 1220 447 65 160 -1 -1 -1 -1 
30 3 1194 447 70 170 -1 -1 -1 -1 
31 3 1182 450 68 168 -1 -1 -1 -1 
32 3 1171 451 68 166 -1 -1 -1 -1 
33 3 1160 453 67 165 -1 -1 -1 -1 
34 3 1150 456 66 163 -1 -1 -1 -1 
35 3 1133 461 64 159 -1 -1 -1 -1 
36 3 1127 463 64 159 -1 -1 -1 -1 
37 3 1119 463 64 159 -1 -1 -1 -1 
38 3 1114 464 65 161 -1 -1 -1 -1 
39 3 1107 461 66 161 -1 -1 -1 -1 
40 3 1095 456 66 161 -1 -1 -1 -1 
41 3 1091 452 64 157 -1 -1 -1 -1 
42 3 1083 450 65 158 -1 -1 -1 -1 
43 3 1076 446 66 159 -1 -1 -1 -1 
44 3 1070 443 66 159 -1 -1 -1 -1 
45 3 1061 442 65 159 -1 -1 -1 -1 
46 3 1053 441 65 160 -1 -1 -1 -1 
47 3 1049 440 64 160 -1 -1 -1 -1 
48 3 1043 444 64 158 -1 -1 -1 -1 
49 3 1037 445 64 160 -1 -1 -1 -1 
50 3 1027 443 66 162 -1 -1 -1 -1 
51 3 1021 447 65 160 -1 -1 -1 -1 
52 3 1015 445 64 159 -1 -1 -1 -1 
53 3 1009 442 66 161 -1 -1 -1 -1 
54 3 1003 439 65 160 -1 -1 -1 -1 
55 3 990 431 66 163 -1 -1 -1 -1 
56 3 982 431 66 163 -1 -1 -1 -1 
57 3 975 430 67 164 -1 -1 -1 -1 
58 3 970 430 66 162 -1 -1 -1 -1 
59 3 964 431 66 160 -1 -1 -1 -1 
60 3 956 435 64 158 -1 -1 -1 -1 
61 3 952 436 64 156 -1 -1 -1 -1 
62 3 947 439 64 157 -1 -1 -1 -1 
63 3 947 437 63 156 -1 -1 -1 -1 
64 3 946 435 62 155 -1 -1 -1 -1 
65 3 940 434 64 159 -1 -1 -1 -1 
66 3 937 431 64 159 -1 -1 -1 -1 
67 3 931 428 66 162 -1 -1 -1 -1 
68 3 927 425 67 162 -1 -1 -1 -1 
69 3 925 424 66 160 -1 -1 -1 -1 
70 3 921 424 64 157 -1 -1 -1 -1 
71 3 916 424 64 158 -1 -1 -1 -1 
72 3 914 425 65 159 -1 -1 -1 -1 
73 3 912 425 65 160 -1 -1 -1 -1 
74 3 909 425 65 159 -1 -1 -1 -1 
75 3 904 428 64 159 -1 -1 -1 -1 
76 3 901 427 64 159 -1 -1 -1 -1 
77 3 898 428 64 159 -1 -1 -1 -1 
78 3 893 427 65 160 -1 -1 -1 -1 
79 3 888 428 65 161 -1 -1 -1 -1 
80 3 882 426 66 164 -1 -1 -1 -1 
81 3 877 426 66 163 -1 -1 -1 -1 
82 3 874 426 64 158 -1 -1 -1 -1 
83 3 873 426 63 157 -1 -1 -1 -1 
84 3 869 424 63 156 -1 -1 -1 -1 
85 3 863 423 64 157 -1 -1 -1 -1 
86 3 862 422 64 156 -1 -1 -1 -1 
87 3 860 421 62 155 -1 -1 -1 -1 
88 3 857 421 63 156 -1 -1 -1 -1 
89 3 856 419 63 156 -1 -1 -1 -1 
90 3 852 422 64 155 -1 -1 -1 -1 
91 3 852 420 64 157 -1 -1 -1 -1 
92 3 850 422 65 156 -1 -1 -1 -1 
93 3 851 423 63 154 -1 -1 -1 -1 
94 3 853 419 64 155 -1 -1 -1 -1 
95 3 853 415 62 153 -1 -1 -1 -1 
96 3 851 411 60 153 -1 -1 -1 -1 
97 3 850 408 61 153 -1 -1 -1 -1 
98 3 848 404 62 157 -1 -1 -1 -1 
99 3 844 405 62 155 -1 -1 -1 -1 
100 3 839 393 67 164 -1 -1 -1 -1 
101 3 833 389 69 167 -1 -1 -1 -1 
102 3 830 389 68 166 -1 -1 -1 -1 
103 3 829 390 67 163 -1 -1 -1 -1 
104 3 825 391 67 164 -1 -1 -1 -1 
105 3 823 388 68 167 -1 -1 -1 -1 
106 3 822 392 66 164 -1 -1 -1 -1 
107 3 820 392 67 165 -1 -1 -1 -1 
108 3 819 389 67 168 -1 -1 -1 -1 
109 3 815 382 69 174 -1 -1 -1 -1 
110 3 813 379 69 174 -1 -1 -1 -1 
111 3 812 388 65 165 -1 -1 -1 -1 
112 3 810 391 64 161 -1 -1 -1 -1 
113 3 809 393 64 161 -1 -1 -1 -1 
114 3 810 393 64 160 -1 -1 -1 -1 
115 3 812 397 63 158 -1 -1 -1 -1 
116 3 813 400 61 152 -1 -1 -1 -1 
117 3 815 394 64 159 -1 -1 -1 -1 
118 3 816 399 63 158 -1 -1 -1 -1 
119 3 823 400 63 158 -1 -1 -1 -1 
120 3 833 402 61 153 -1 -1 -1 -1 
121 3 853 400 64 154 -1 -1 -1 -1 
122 3 860 397 63 156 -1 -1 -1 -1 
123 3 865 395 64 158 -1 -1 -1 -1 
124 3 870 392 63 158 -1 -1 -1 -1 
125 3 875 391 63 156 -1 -1 -1 -1 
126 3 887 388 62 155 -1 -1 -1 -1 
127 3 891 385 63 159 -1 -1 -1 -1 
128 3 899 385 62 156 -1 -1 -1 -1 
129 3 905 385 63 157 -1 -1 -1 -1 
130 3 911 386 61 155 -1 -1 -1 -1 
131 3 926 382 61 153 -1 -1 -1 -1 
132 3 930 381 63 156 -1 -1 -1 -1 
133 3 936 377 62 157 -1 -1 -1 -1 
134 3 945 376 61 152 -1 -1 -1 -1 
135 3 950 373 62 154 -1 -1 -1 -1 
136 3 957 368 62 155 -1 -1 -1 -1 
137 3 960 365 62 156 -1 -1 -1 -1 
138 3 965 363 61 153 -1 -1 -1 -1 
139 3 967 362 61 153 -1 -1 -1 -1 
140 3 969 364 60 150 -1 -1 -1 -1 
141 3 975 363 59 147 -1 -1 -1 -1 
142 3 976 355 62 154 -1 -1 -1 -1 
143 3 979 359 62 152 -1 -1 -1 -1 
144 3 983 361 60 149 -1 -1 -1 -1 
145 3 985 361 60 152 -1 -1 -1 -1 
146 3 989 363 61 153 -1 -1 -1 -1 
147 3 992 361 62 155 -1 -1 -1 -1 
148 3 997 360 61 154 -1 -1 -1 -1 
149 3 1001 360 62 155 -1 -1 -1 -1 
150 3 1005 359 63 156 -1 -1 -1 -1 
151 3 1012 357 62 156 -1 -1 -1 -1 
152 3 1012 359 61 153 -1 -1 -1 -1 
153 3 1013 355 61 154 -1 -1 -1 -1 
154 3 1016 348 62 156 -1 -1 -1 -1 
155 3 1016 347 62 155 -1 -1 -1 -1 
156 3 1018 345 61 154 -1 -1 -1 -1 
157 3 1016 342 63 157 -1 -1 -1 -1 
158 3 1014 343 63 157 -1 -1 -1 -1 
159 3 1012 342 63 160 -1 -1 -1 -1 
160 3 1009 343 64 159 -1 -1 -1 -1 
161 3 998 346 65 160 -1 -1 -1 -1 
162 3 995 345 65 161 -1 -1 -1 -1 
163 3 990 343 66 162 -1 -1 -1 -1 
164 3 985 344 66 163 -1 -1 -1 -1 
165 3 978 340 67 166 -1 -1 -1 -1 
166 3 966 343 66 162 -1 -1 -1 -1 
167 3 960 342 65 161 -1 -1 -1 -1 
168 3 952 341 65 161 -1 -1 -1 -1 
169 3 943 339 66 163 -1 -1 -1 -1 
170 3 935 340 65 162 -1 -1 -1 -1 
171 3 918 339 66 164 -1 -1 -1 -1 
172 3 911 343 65 162 -1 -1 -1 -1 
173 3 903 343 64 160 -1 -1 -1 -1 
174 3 898 343 64 159 -1 -1 -1 -1 
175 3 890 346 66 162 -1 -1 -1 -1 
176 3 887 346 65 160 -1 -1 -1 -1 
177 3 885 347 64 158 -1 -1 -1 -1 
178 3 884 346 62 157 -1 -1 -1 -1 
179 3 883 345 61 154 -1 -1 -1 -1 
180 3 883 342 61 151 -1 -1 -1 -1 
181 3 879 333 62 154 -1 -1 -1 -1 
182 3 878 329 61 153 -1 -1 -1 -1 
183 3 878 328 60 152 -1 -1 -1 -1 
184 3 875 328 61 150 -1 -1 -1 -1 
185 3 876 329 59 147 -1 -1 -1 -1 
186 3 876 331 57 144 -1 -1 -1 -1 
187 3 875 333 56 145 -1 -1 -1 -1 
188 3 874 333 57 145 -1 -1 -1 -1 
189 3 872 336 57 145 -1 -1 -1 -1 
190 3 871 337 58 145 -1 -1 -1 -1 
191 3 868 338 59 148 -1 -1 -1 -1 
192 3 867 339 60 149 -1 -1 -1 -1 
193 3 867 338 60 151 -1 -1 -1 -1 
194 3 866 338 60 151 -1 -1 -1 -1 
195 3 866 339 61 151 -1 -1 -1 -1 
196 3 868 340 60 149 -1 -1 -1 -1 
197 3 869 343 59 148 -1 -1 -1 -1 
198 3 872 344 59 149 -1 -1 -1 -1 
199 3 875 346 59 147 -1 -1 -1 -1 
200 3 877 350 59 146 -1 -1 -1 -1 
201 3 885 355 58 145 -1 -1 -1 -1 
202 3 888 358 58 146 -1 -1 -1 -1 
203 3 896 363 58 148 -1 -1 -1 -1 
204 3 906 365 60 149 -1 -1 -1 -1 
205 3 915 368 58 148 -1 -1 -1 -1 
206 3 929 371 58 147 -1 -1 -1 -1 
207 3 936 373 59 147 -1 -1 -1 -1 
208 3 942 374 58 146 -1 -1 -1 -1 
209 3 946 375 58 145 -1 -1 -1 -1 
210 3 952 374 58 143 -1 -1 -1 -1 
211 3 961 371 58 144 -1 -1 -1 -1 
212 3 965 371 58 143 -1 -1 -1 -1 
213 3 970 370 58 143 -1 -1 -1 -1 
214 3 974 369 58 146 -1 -1 -1 -1 
215 3 978 368 58 146 -1 -1 -1 -1 
216 3 983 369 61 151 -1 -1 -1 -1 
217 3 988 374 59 147 -1 -1 -1 -1 
218 3 992 376 59 145 -1 -1 -1 -1 
219 3 994 378 58 144 -1 -1 -1 -1 
220 3 997 380 58 144 -1 -1 -1 -1 
221 3 998 378 58 144 -1 -1 -1 -1 
222 3 999 375 57 146 -1 -1 -1 -1 
223 3 1000 374 58 146 -1 -1 -1 -1 
224 3 1002 370 59 148 -1 -1 -1 -1 
225 3 1003 369 59 148 -1 -1 -1 -1 
226 3 1004 369 60 147 -1 -1 -1 -1 
227 3 1006 366 61 151 -1 -1 -1 -1 
228 3 1008 368 62 150 -1 -1 -1 -1 
229 3 1011 367 62 150 -1 -1 -1 -1 
230 3 1013 366 62 149 -1 -1 -1 -1 
231 3 1020 369 59 149 -1 -1 -1 -1 
232 3 1023 366 59 149 -1 -1 -1 -1 
233 3 1028 366 58 147 -1 -1 -1 -1 
234 3 1033 364 59 146 -1 -1 -1 -1 
235 3 1036 362 59 146 -1 -1 -1 -1 
236 3 1042 356 58 147 -1 -1 -1 -1 
237 3 1044 354 58 147 -1 -1 -1 -1 
238 3 1044 347 60 151 -1 -1 -1 -1 
239 3 1048 348 58 148 -1 -1 -1 -1 
240 3 1049 348 59 147 -1 -1 -1 -1 
241 3 1054 343 60 151 -1 -1 -1 -1 
242 3 1058 347 58 147 -1 -1 -1 -1 
243 3 1059 344 60 149 -1 -1 -1 -1 
244 3 1064 343 59 147 -1 -1 -1 -1 
245 3 1069 346 57 146 -1 -1 -1 -1 
246 3 1077 344 58 147 -1 -1 -1 -1 
247 3 1077 344 58 147 -1 -1 -1 -1 
248 3 1078 345 59 147 -1 -1 -1 -1 
249 3 1080 344 59 149 -1 -1 -1 -1 
250 3 1083 341 60 148 -1 -1 -1 -1 
251 3 1086 341 59 145 -1 -1 -1 -1 
252 3 1089 338 57 146 -1 -1 -1 -1 
253 3 1093 337 57 145 -1 -1 -1 -1 
254 3 1095 334 57 145 -1 -1 -1 -1 
255 3 1098 334 57 143 -1 -1 -1 -1 
256 3 1104 332 57 144 -1 -1 -1 -1 
257 3 1109 331 57 145 -1 -1 -1 -1 
258 3 1110 326 59 149 -1 -1 -1 -1 
259 3 1115 327 59 149 -1 -1 -1 -1 
260 3 1120 325 61 149 -1 -1 -1 -1 
261 3 1130 321 60 150 -1 -1 -1 -1 
262 3 1136 321 58 146 -1 -1 -1 -1 
263 3 1143 321 56 143 -1 -1 -1 -1 
264 3 1146 321 55 139 -1 -1 -1 -1 
265 3 1147 319 56 139 -1 -1 -1 -1 
266 3 1154 313 57 142 -1 -1 -1 -1 
267 3 1157 311 58 145 -1 -1 -1 -1 
268 3 1160 310 58 144 -1 -1 -1 -1 
269 3 1161 309 59 146 -1 -1 -1 -1 
270 3 1164 308 59 146 -1 -1 -1 -1 
271 3 1165 310 60 147 -1 -1 -1 -1 
272 3 1164 314 60 148 -1 -1 -1 -1 
273 3 1163 314 59 147 -1 -1 -1 -1 
274 3 1163 315 59 147 -1 -1 -1 -1 
275 3 1161 313 59 147 -1 -1 -1 -1 
276 3 1154 314 57 144 -1 -1 -1 -1 
277 3 1149 313 57 142 -1 -1 -1 -1 
278 3 1142 312 56 142 -1 -1 -1 -1 
279 3 1134 309 57 143 -1 -1 -1 -1 
280 3 1128 305 58 144 -1 -1 -1 -1 
281 3 1116 302 59 144 -1 -1 -1 -1 
282 3 1111 301 58 143 -1 -1 -1 -1 
283 3 1106 299 57 144 -1 -1 -1 -1 
284 3 1102 299 57 142 -1 -1 -1 -1 
285 3 1099 299 57 141 -1 -1 -1 -1 
286 3 1097 300 56 137 -1 -1 -1 -1 
287 3 1094 301 56 136 -1 -1 -1 -1 
288 3 1096 297 56 137 -1 -1 -1 -1 
289 3 1097 294 55 135 -1 -1 -1 -1 
290 3 1095 291 56 137 -1 -1 -1 -1 
291 3 1098 287 57 140 -1 -1 -1 -1 
292 3 1100 279 58 143 -1 -1 -1 -1 
293 3 1101 275 59 145 -1 -1 -1 -1 
294 3 1104 271 58 143 -1 -1 -1 -1 
295 3 1106 269 58 143 -1 -1 -1 -1 
296 3 1107 269 57 142 -1 -1 -1 -1 
297 3 1112 265 57 143 -1 -1 -1 -1 
298 3 1112 265 58 143 -1 -1 -1 -1 
299 3 1113 267 57 141 -1 -1 -1 -1 
300 3 1114 266 56 139 -1 -1 -1 -1 
301 3 1112 268 56 139 -1 -1 -1 -1 
302 3 1112 267 57 140 -1 -1 -1 -1 
303 3 1111 267 56 142 -1 -1 -1 -1 
304 3 1111 268 57 143 -1 -1 -1 -1 
305 3 1109 269 57 143 -1 -1 -1 -1 
306 3 1107 269 58 143 -1 -1 -1 -1 
307 3 1102 271 57 139 -1 -1 -1 -1 
308 3 1101 270 56 139 -1 -1 -1 -1 
309 3 1099 273 56 137 -1 -1 -1 -1 
310 3 1099 274 55 137 -1 -1 -1 -1 
311 3 1098 276 56 137 -1 -1 -1 -1 
312 3 1099 279 57 139 -1 -1 -1 -1 
313 3 1100 279 57 140 -1 -1 -1 -1 
314 3 1100 280 57 142 -1 -1 -1 -1 
315 3 1104 285 57 141 -1 -1 -1 -1 
316 3 1109 285 58 141 -1 -1 -1 -1 
317 3 1118 286 56 140 -1 -1 -1 -1 
318 3 1124 286 56 139 -1 -1 -1 -1 
319 3 1128 282 57 141 -1 -1 -1 -1 
320 3 1131 279 57 140 -1 -1 -1 -1 
321 3 1132 275 58 142 -1 -1 -1 -1 
322 3 1141 270 57 139 -1 -1 -1 -1 
323 3 1144 269 56 139 -1 -1 -1 -1 
324 3 1148 267 56 140 -1 -1 -1 -1 
325 3 1150 266 57 141 -1 -1 -1 -1 
326 3 1153 267 57 141 -1 -1 -1 -1 
327 3 1160 268 57 142 -1 -1 -1 -1 
328 3 1163 274 56 141 -1 -1 -1 -1 
329 3 1166 277 56 139 -1 -1 -1 -1 
330 3 1169 278 56 141 -1 -1 -1 -1 
331 3 1171 277 57 142 -1 -1 -1 -1 
332 3 1175 280 56 140 -1 -1 -1 -1 
333 3 1175 282 56 138 -1 -1 -1 -1 
334 3 1176 282 56 138 -1 -1 -1 -1 
335 3 1176 281 56 137 -1 -1 -1 -1 
336 3 1174 280 57 139 -1 -1 -1 -1 
337 3 1171 281 57 142 -1 -1 -1 -1 
338 3 1170 284 56 139 -1 -1 -1 -1 
339 3 1168 288 55 140 -1 -1 -1 -1 
340 3 1166 293 56 138 -1 -1 -1 -1 
341 3 1165 298 55 136 -1 -1 -1 -1 
342 3 1163 305 56 139 -1 -1 -1 -1 
343 3 1162 309 55 138 -1 -1 -1 -1 
344 3 1164 311 56 138 -1 -1 -1 -1 
345 3 1164 312 56 140 -1 -1 -1 -1 
346 3 1162 314 56 140 -1 -1 -1 -1 
347 3 1164 314 57 142 -1 -1 -1 -1 
348 3 1162 315 57 142 -1 -1 -1 -1 
349 3 1161 314 57 142 -1 -1 -1 -1 
350 3 1161 314 57 142 -1 -1 -1 -1 
351 3 1161 313 56 142 -1 -1 -1 -1 
352 3 1159 317 56 140 -1 -1 -1 -1 
353 3 1158 320 56 138 -1 -1 -1 -1 
354 3 1157 323 56 139 -1 -1 -1 -1 
355 3 1156 324 57 142 -1 -1 -1 -1 
356 3 1153 325 58 143 -1 -1 -1 -1 
357 3 1154 334 55 139 -1 -1 -1 -1 
358 3 1153 336 55 139 -1 -1 -1 -1 
359 3 1149 339 56 139 -1 -1 -1 -1 
360 3 1148 340 55 140 -1 -1 -1 -1 
361 3 1147 341 55 139 -1 -1 -1 -1 
362 3 1145 344 55 136 -1 -1 -1 -1 
363 3 1144 343 55 135 -1 -1 -1 -1 
364 3 1142 342 54 135 -1 -1 -1 -1 
365 3 1139 342 54 135 -1 -1 -1 -1 
366 3 1139 341 55 135 -1 -1 -1 -1 
367 3 1140 339 56 137 -1 -1 -1 -1 
368 3 1141 337 56 139 -1 -1 -1 -1 
369 3 1142 336 55 138 -1 -1 -1 -1 
370 3 1142 337 57 140 -1 -1 -1 -1 
371 3 1150 337 56 139 -1 -1 -1 -1 
372 3 1159 333 56 140 -1 -1 -1 -1 
373 3 1163 331 57 142 -1 -1 -1 -1 
374 3 1169 328 57 143 -1 -1 -1 -1 
375 3 1172 327 58 141 -1 -1 -1 -1 
376 3 1174 324 57 141 -1 -1 -1 -1 
377 3 1180 314 57 140 -1 -1 -1 -1 
378 3 1182 312 57 140 -1 -1 -1 -1 
379 3 1184 311 56 141 -1 -1 -1 -1 
380 3 1187 310 56 139 -1 -1 -1 -1 
381 3 1190 310 55 139 -1 -1 -1 -1 
382 3 1192 312 55 139 -1 -1 -1 -1 
383 3 1193 314 55 139 -1 -1 -1 -1 
384 3 1194 317 54 138 -1 -1 -1 -1 
385 3 1198 319 54 137 -1 -1 -1 -1 
386 3 1197 320 54 136 -1 -1 -1 -1 
387 3 1198 324 54 135 -1 -1 -1 -1 
388 3 1196 324 55 135 -1 -1 -1 -1 
389 3 1194 324 54 136 -1 -1 -1 -1 
390 3 1193 322 54 135 -1 -1 -1 -1 
391 3 1191 320 55 135 -1 -1 -1 -1 
392 3 1188 318 56 137 -1 -1 -1 -1 
393 3 1189 316 55 137 -1 -1 -1 -1 
394 3 1188 316 56 137 -1 -1 -1 -1 
395 3 1188 317 56 138 -1 -1 -1 -1 
396 3 1189 316 56 138 -1 -1 -1 -1 
397 3 1192 318 55 137 -1 -1 -1 -1 
398 3 1195 318 55 138 -1 -1 -1 -1 
399 3 1198 316 55 138 -1 -1 -1 -1 
400 3 1199 316 54 137 -1 -1 -1 -1 
401 3 1202 313 56 139 -1 -1 -1 -1 
402 3 1205 308 56 138 -1 -1 -1 -1 
403 3 1204 303 57 139 -1 -1 -1 -1 
404 3 1205 298 58 142 -1 -1 -1 -1 
405 3 1205 297 58 142 -1 -1 -1 -1 
406 3 1205 296 57 142 -1 -1 -1 -1 
407 3 1208 296 57 142 -1 -1 -1 -1 
408 3 1208 297 58 143 -1 -1 -1 -1 
409 3 1208 300 58 141 -1 -1 -1 -1 
410 3 1212 301 55 139 -1 -1 -1 -1 
411 3 1212 304 55 136 -1 -1 -1 -1 
412 3 1210 307 55 137 -1 -1 -1 -1 
413 3 1209 308 56 137 -1 -1 -1 -1 
414 3 1209 310 57 140 -1 -1 -1 -1 
415 3 1209 312 58 144 -1 -1 -1 -1 
416 3 1208 313 60 148 -1 -1 -1 -1 
417 3 1206 313 63 157 -1 -1 -1 -1 
418 3 1206 314 64 162 -1 -1 -1 -1 
419 3 1198 310 69 170 -1 -1 -1 -1 
447 3 1153 320 56 140 -1 -1 -1 -1 
448 3 1150 316 57 142 -1 -1 -1 -1 
449 3 1147 318 57 141 -1 -1 -1 -1 
450 3 1146 313 58 146 -1 -1 -1 -1 
451 3 1144 319 55 141 -1 -1 -1 -1 
452 3 1141 322 56 140 -1 -1 -1 -1 
453 3 1140 334 52 133 -1 -1 -1 -1 
454 3 1143 339 50 126 -1 -1 -1 -1 
455 3 1143 335 51 128 -1 -1 -1 -1 
456 3 1144 338 52 128 -1 -1 -1 -1 
457 3 1146 338 53 131 -1 -1 -1 -1 
458 3 1146 335 54 134 -1 -1 -1 -1 
459 3 1146 334 54 133 -1 -1 -1 -1 
460 3 1146 329 55 134 -1 -1 -1 -1 
461 3 1145 327 55 133 -1 -1 -1 -1 
462 3 1145 328 55 133 -1 -1 -1 -1 
463 3 1144 328 55 132 -1 -1 -1 -1 
464 3 1145 329 52 130 -1 -1 -1 -1 
465 3 1145 330 51 129 -1 -1 -1 -1 
466 3 1146 329 51 130 -1 -1 -1 -1 
467 3 1144 328 51 129 -1 -1 -1 -1 
468 3 1146 330 50 129 -1 -1 -1 -1 
469 3 1144 333 52 131 -1 -1 -1 -1 
470 3 1143 334 52 133 -1 -1 -1 -1 
471 3 1141 332 54 135 -1 -1 -1 -1 
472 3 1138 333 55 137 -1 -1 -1 -1 
473 3 1132 334 54 136 -1 -1 -1 -1 
474 3 1129 334 54 134 -1 -1 -1 -1 
475 3 1127 335 54 133 -1 -1 -1 -1 
476 3 1127 337 52 130 -1 -1 -1 -1 
477 3 1125 338 52 130 -1 -1 -1 -1 
478 3 1123 342 52 129 -1 -1 -1 -1 
479 3 1124 344 50 128 -1 -1 -1 -1 
480 3 1121 341 54 134 -1 -1 -1 -1 
481 3 1123 342 54 135 -1 -1 -1 -1 
482 3 1126 341 54 136 -1 -1 -1 -1 
483 3 1129 343 54 135 -1 -1 -1 -1 
484 3 1133 341 53 134 -1 -1 -1 -1 
485 3 1134 339 54 136 -1 -1 -1 -1 
486 3 1134 338 54 136 -1 -1 -1 -1 
487 3 1135 336 53 136 -1 -1 -1 -1 
488 3 1136 335 54 136 -1 -1 -1 -1 
489 3 1139 335 52 132 -1 -1 -1 -1 
490 3 1142 335 52 130 -1 -1 -1 -1 
491 3 1144 336 52 130 -1 -1 -1 -1 
492 3 1145 336 51 129 -1 -1 -1 -1 
493 3 1147 336 52 132 -1 -1 -1 -1 
494 3 1148 337 52 131 -1 -1 -1 -1 
495 3 1150 338 52 133 -1 -1 -1 -1 
496 3 1150 337 53 133 -1 -1 -1 -1 
497 3 1150 340 53 133 -1 -1 -1 -1 
498 3 1153 341 53 131 -1 -1 -1 -1 
499 3 1152 339 54 131 -1 -1 -1 -1 
500 3 1152 338 53 131 -1 -1 -1 -1 
501 3 1154 336 52 130 -1 -1 -1 -1 
502 3 1154 335 52 130 -1 -1 -1 -1 
503 3 1152 331 53 132 -1 -1 -1 -1 
504 3 1153 329 53 131 -1 -1 -1 -1 
505 3 1149 326 55 136 -1 -1 -1 -1 
506 3 1151 326 54 133 -1 -1 -1 -1 
507 3 1152 327 53 129 -1 -1 -1 -1 
508 3 1155 330 54 133 -1 -1 -1 -1 
509 3 1160 327 53 132 -1 -1 -1 -1 
510 3 1163 326 53 131 -1 -1 -1 -1 
511 3 1165 326 53 130 -1 -1 -1 -1 
512 3 1170 322 51 129 -1 -1 -1 -1 
513 3 1173 317 52 131 -1 -1 -1 -1 
514 3 1175 313 52 130 -1 -1 -1 -1 
515 3 1176 310 53 130 -1 -1 -1 -1 
516 3 1176 308 54 130 -1 -1 -1 -1 
517 3 1179 305 53 130 -1 -1 -1 -1 
518 3 1178 301 53 133 -1 -1 -1 -1 
519 3 1178 299 54 134 -1 -1 -1 -1 
520 3 1178 302 54 133 -1 -1 -1 -1 
521 3 1177 300 55 135 -1 -1 -1 -1 
522 3 1175 302 54 135 -1 -1 -1 -1 
523 3 1174 306 54 134 -1 -1 -1 -1 
524 3 1168 309 54 133 -1 -1 -1 -1 
525 3 1165 303 54 136 -1 -1 -1 -1 
526 3 1165 310 52 130 -1 -1 -1 -1 
527 3 1161 307 53 132 -1 -1 -1 -1 
528 3 1152 298 55 137 -1 -1 -1 -1 
529 3 1147 297 55 137 -1 -1 -1 -1 
530 3 1145 299 53 132 -1 -1 -1 -1 
531 3 1139 298 54 133 -1 -1 -1 -1 
532 3 1135 297 55 136 -1 -1 -1 -1 
533 3 1129 299 53 133 -1 -1 -1 -1 
534 3 1126 297 52 131 -1 -1 -1 -1 
535 3 1124 299 51 131 -1 -1 -1 -1 
536 3 1123 293 53 136 -1 -1 -1 -1 
537 3 1124 295 52 133 -1 -1 -1 -1 
538 3 1121 296 52 128 -1 -1 -1 -1 
539 3 1124 293 51 128 -1 -1 -1 -1 
540 3 1124 291 53 129 -1 -1 -1 -1 
541 3 1122 284 54 134 -1 -1 -1 -1 
542 3 1122 281 53 134 -1 -1 -1 -1 
543 3 1121 276 53 133 -1 -1 -1 -1 
544 3 1120 275 52 132 -1 -1 -1 -1 
545 3 1120 276 52 130 -1 -1 -1 -1 
546 3 1121 279 50 127 -1 -1 -1 -1 
547 3 1120 282 50 126 -1 -1 -1 -1 
548 3 1119 288 49 123 -1 -1 -1 -1 
549 3 1118 289 49 122 -1 -1 -1 -1 
550 3 1121 288 50 125 -1 -1 -1 -1 
551 3 1120 285 51 126 -1 -1 -1 -1 
552 3 1120 284 53 131 -1 -1 -1 -1 
553 3 1117 284 52 129 -1 -1 -1 -1 
554 3 1117 282 51 128 -1 -1 -1 -1 
555 3 1116 281 52 128 -1 -1 -1 -1 
556 3 1114 279 51 128 -1 -1 -1 -1 
557 3 1112 280 51 127 -1 -1 -1 -1 
558 3 1112 278 51 127 -1 -1 -1 -1 
559 3 1110 279 52 129 -1 -1 -1 -1 
560 3 1109 281 52 128 -1 -1 -1 -1 
561 3 1110 283 51 127 -1 -1 -1 -1 
562 3 1108 284 52 129 -1 -1 -1 -1 
563 3 1113 290 52 129 -1 -1 -1 -1 
564 3 1120 292 51 129 -1 -1 -1 -1 
565 3 1123 292 51 128 -1 -1 -1 -1 
566 3 1126 295 51 127 -1 -1 -1 -1 
567 3 1131 296 52 127 -1 -1 -1 -1 
568 3 1134 289 53 134 -1 -1 -1 -1 
569 3 1136 287 52 134 -1 -1 -1 -1 
570 3 1138 286 52 131 -1 -1 -1 -1 
571 3 1139 287 52 130 -1 -1 -1 -1 
572 3 1139 286 52 131 -1 -1 -1 -1 
573 3 1141 287 52 131 -1 -1 -1 -1 
574 3 1141 287 53 131 -1 -1 -1 -1 
575 3 1144 292 52 129 -1 -1 -1 -1 
576 3 1145 293 52 131 -1 -1 -1 -1 
577 3 1144 297 51 129 -1 -1 -1 -1 
578 3 1145 299 53 132 -1 -1 -1 -1 
579 3 1143 302 53 134 -1 -1 -1 -1 
580 3 1141 301 54 135 -1 -1 -1 -1 
581 3 1139 304 54 133 -1 -1 -1 -1 
582 3 1134 302 54 135 -1 -1 -1 -1 
583 3 1132 300 53 134 -1 -1 -1 -1 
584 3 1129 300 54 132 -1 -1 -1 -1 
585 3 1129 301 52 132 -1 -1 -1 -1 
586 3 1128 301 52 132 -1 -1 -1 -1 
587 3 1127 302 53 134 -1 -1 -1 -1 
588 3 1124 308 53 132 -1 -1 -1 -1 
589 3 1126 311 53 131 -1 -1 -1 -1 
590 3 1128 317 51 126 -1 -1 -1 -1 
591 3 1132 318 51 127 -1 -1 -1 -1 
592 3 1131 319 52 128 -1 -1 -1 -1 
593 3 1131 317 52 129 -1 -1 -1 -1 
594 3 1131 317 52 130 -1 -1 -1 -1 
595 3 1130 316 53 134 -1 -1 -1 -1 
596 3 1130 318 53 134 -1 -1 -1 -1 
597 3 1131 317 53 134 -1 -1 -1 -1 
598 3 1131 321 53 134 -1 -1 -1 -1 
599 3 1133 323 53 133 -1 -1 -1 -1 
600 3 1135 325 53 132 -1 -1 -1 -1 
601 3 1138 332 52 131 -1 -1 -1 -1 
602 3 1141 336 52 130 -1 -1 -1 -1 
603 3 1145 341 53 133 -1 -1 -1 -1 
604 3 1148 341 54 135 -1 -1 -1 -1 
605 3 1149 345 54 133 -1 -1 -1 -1 
606 3 1150 349 53 131 -1 -1 -1 -1 
607 3 1152 347 53 132 -1 -1 -1 -1 
608 3 1152 348 53 131 -1 -1 -1 -1 
609 3 1153 346 54 132 -1 -1 -1 -1 
610 3 1154 344 53 133 -1 -1 -1 -1 
611 3 1155 344 53 132 -1 -1 -1 -1 
612 3 1157 344 52 131 -1 -1 -1 -1 
613 3 1162 343 52 132 -1 -1 -1 -1 
614 3 1164 341 52 131 -1 -1 -1 -1 
615 3 1165 341 52 130 -1 -1 -1 -1 
616 3 1168 341 51 127 -1 -1 -1 -1 
617 3 1170 342 50 125 -1 -1 -1 -1 
618 3 1180 342 51 128 -1 -1 -1 -1 
619 3 1181 342 52 130 -1 -1 -1 -1 
620 3 1184 341 52 131 -1 -1 -1 -1 
621 3 1186 339 53 132 -1 -1 -1 -1 
622 3 1187 339 53 133 -1 -1 -1 -1 
623 3 1190 338 53 133 -1 -1 -1 -1 
624 3 1197 341 52 129 -1 -1 -1 -1 
625 3 1197 342 52 128 -1 -1 -1 -1 
626 3 1199 340 52 130 -1 -1 -1 -1 
627 3 1201 342 52 130 -1 -1 -1 -1 
628 3 1201 342 53 132 -1 -1 -1 -1 
629 3 1205 346 52 131 -1 -1 -1 -1 
630 3 1205 347 53 131 -1 -1 -1 -1 
631 3 1207 348 52 129 -1 -1 -1 -1 
632 3 1209 349 52 130 -1 -1 -1 -1 
633 3 1208 349 53 132 -1 -1 -1 -1 
634 3 1208 348 53 130 -1 -1 -1 -1 
635 3 1207 348 52 130 -1 -1 -1 -1 
636 3 1203 345 52 131 -1 -1 -1 -1 
637 3 1203 339 53 134 -1 -1 -1 -1 
638 3 1201 335 55 134 -1 -1 -1 -1 
639 3 1196 331 53 132 -1 -1 -1 -1 
640 3 1196 328 54 135 -1 -1 -1 -1 
641 3 1195 327 54 134 -1 -1 -1 -1 
642 3 1194 325 55 137 -1 -1 -1 -1 
643 3 1194 326 54 137 -1 -1 -1 -1 
644 3 1196 331 54 135 -1 -1 -1 -1 
645 3 1200 333 55 136 -1 -1 -1 -1 
646 3 1203 331 56 142 -1 -1 -1 -1 
647 3 1207 339 53 134 -1 -1 -1 -1 
648 3 1209 335 55 135 -1 -1 -1 -1 
649 3 1213 330 57 140 -1 -1 -1 -1 
650 3 1217 330 54 137 -1 -1 -1 -1 
651 3 1220 325 56 140 -1 -1 -1 -1 
652 3 1223 326 56 138 -1 -1 -1 -1 
653 3 1228 329 54 134 -1 -1 -1 -1 
654 3 1237 328 53 133 -1 -1 -1 -1 
1 4 1172 416 38 97 -1 -1 -1 -1 
2 4 1166 415 38 96 -1 -1 -1 -1 
3 4 1159 417 38 96 -1 -1 -1 -1 
4 4 1153 419 39 98 -1 -1 -1 -1 
5 4 1141 421 40 102 -1 -1 -1 -1 
6 4 1139 422 39 98 -1 -1 -1 -1 
7 4 1138 424 37 92 -1 -1 -1 -1 
8 4 1134 429 39 97 -1 -1 -1 -1 
9 4 1134 429 40 98 -1 -1 -1 -1 
10 4 1134 430 39 97 -1 -1 -1 -1 
11 4 1136 432 37 94 -1 -1 -1 -1 
12 4 1135 430 37 95 -1 -1 -1 -1 
13 4 1130 431 34 85 -1 -1 -1 -1 
14 4 1126 430 35 87 -1 -1 -1 -1 
15 4 1118 427 37 92 -1 -1 -1 -1 
16 4 1113 428 37 92 -1 -1 -1 -1 
17 4 1109 428 38 93 -1 -1 -1 -1 
18 4 1105 431 35 88 -1 -1 -1 -1 
19 4 1100 432 35 91 -1 -1 -1 -1 
20 4 1088 437 35 90 -1 -1 -1 -1 
21 4 1082 436 36 92 -1 -1 -1 -1 
22 4 1073 439 38 96 -1 -1 -1 -1 
23 4 1064 442 38 94 -1 -1 -1 -1 
24 4 1053 444 38 97 -1 -1 -1 -1 
25 4 1028 445 36 89 -1 -1 -1 -1 
28 4 974 443 41 101 -1 -1 -1 -1 
29 4 965 443 39 100 -1 -1 -1 -1 
30 4 942 442 40 102 -1 -1 -1 -1 
31 4 929 444 40 103 -1 -1 -1 -1 
32 4 919 447 40 102 -1 -1 -1 -1 
33 4 908 452 37 95 -1 -1 -1 -1 
34 4 912 450 38 97 -1 -1 -1 -1 
35 4 904 454 39 99 -1 -1 -1 -1 
36 4 901 454 39 99 -1 -1 -1 -1 
37 4 895 453 40 100 -1 -1 -1 -1 
38 4 894 455 38 98 -1 -1 -1 -1 
39 4 887 454 38 97 -1 -1 -1 -1 
40 4 880 450 39 98 -1 -1 -1 -1 
41 4 875 445 39 99 -1 -1 -1 -1 
42 4 870 442 40 102 -1 -1 -1 -1 
43 4 869 439 41 102 -1 -1 -1 -1 
44 4 861 441 39 99 -1 -1 -1 -1 
45 4 853 442 37 94 -1 -1 -1 -1 
46 4 850 441 37 97 -1 -1 -1 -1 
47 4 846 439 39 98 -1 -1 -1 -1 
48 4 838 441 39 97 -1 -1 -1 -1 
49 4 834 441 37 95 -1 -1 -1 -1 
50 4 826 441 38 96 -1 -1 -1 -1 
51 4 823 442 39 97 -1 -1 -1 -1 
52 4 819 441 39 100 -1 -1 -1 -1 
53 4 814 439 39 99 -1 -1 -1 -1 
54 4 811 437 36 90 -1 -1 -1 -1 
57 4 789 431 37 94 -1 -1 -1 -1 
58 4 786 429 37 95 -1 -1 -1 -1 
1 5 547 434 63 161 -1 -1 -1 -1 
2 5 539 434 64 161 -1 -1 -1 -1 
3 5 530 432 66 163 -1 -1 -1 -1 
4 5 526 433 65 162 -1 -1 -1 -1 
5 5 514 436 64 161 -1 -1 -1 -1 
6 5 511 434 65 162 -1 -1 -1 -1 
7 5 507 436 65 161 -1 -1 -1 -1 
8 5 503 439 65 161 -1 -1 -1 -1 
9 5 503 439 65 160 -1 -1 -1 -1 
10 5 500 439 65 160 -1 -1 -1 -1 
11 5 497 441 65 160 -1 -1 -1 -1 
12 5 494 441 65 160 -1 -1 -1 -1 
13 5 491 443 64 159 -1 -1 -1 -1 
14 5 487 442 64 160 -1 -1 -1 -1 
15 5 477 440 64 159 -1 -1 -1 -1 
16 5 470 438 66 163 -1 -1 -1 -1 
17 5 464 439 66 162 -1 -1 -1 -1 
18 5 458 440 64 160 -1 -1 -1 -1 
19 5 452 442 64 159 -1 -1 -1 -1 
20 5 435 449 65 160 -1 -1 -1 -1 
21 5 426 449 65 162 -1 -1 -1 -1 
22 5 418 455 65 159 -1 -1 -1 -1 
23 5 409 456 64 159 -1 -1 -1 -1 
24 5 395 458 65 161 -1 -1 -1 -1 
25 5 368 461 63 158 -1 -1 -1 -1 
26 5 353 461 65 159 -1 -1 -1 -1 
27 5 326 460 63 159 -1 -1 -1 -1 
28 5 302 458 67 164 -1 -1 -1 -1 
29 5 288 459 65 162 -1 -1 -1 -1 
30 5 262 457 66 164 -1 -1 -1 -1 
31 5 247 456 67 169 -1 -1 -1 -1 
32 5 234 456 67 169 -1 -1 -1 -1 
33 5 219 458 68 170 -1 -1 -1 -1 
34 5 205 460 70 172 -1 -1 -1 -1 
35 5 185 467 69 172 -1 -1 -1 -1 
36 5 177 468 70 173 -1 -1 -1 -1 
37 5 169 471 68 170 -1 -1 -1 -1 
38 5 161 472 69 169 -1 -1 -1 -1 
39 5 154 468 69 173 -1 -1 -1 -1 
40 5 138 468 70 172 -1 -1 -1 -1 
41 5 129 464 69 169 -1 -1 -1 -1 
42 5 121 464 67 168 -1 -1 -1 -1 
43 5 112 462 69 170 -1 -1 -1 -1 
44 5 105 462 69 170 -1 -1 -1 -1 
45 5 93 463 67 167 -1 -1 -1 -1 
46 5 86 464 64 158 -1 -1 -1 -1 
47 5 77 460 66 163 -1 -1 -1 -1 
48 5 70 464 64 158 -1 -1 -1 -1 
49 5 59 462 65 161 -1 -1 -1 -1 
50 5 45 461 65 164 -1 -1 -1 -1 
51 5 33 466 66 165 -1 -1 -1 -1 
52 5 21 461 72 172 -1 -1 -1 -1 
1 6 1222 411 43 107 -1 -1 -1 -1 
2 6 1216 411 43 107 -1 -1 -1 -1 
3 6 1208 411 43 109 -1 -1 -1 -1 
4 6 1204 412 43 108 -1 -1 -1 -1 
5 6 1194 416 40 101 -1 -1 -1 -1 
6 6 1192 417 39 100 -1 -1 -1 -1 
7 6 1189 420 38 96 -1 -1 -1 -1 
8 6 1184 422 42 104 -1 -1 -1 -1 
9 6 1184 422 43 106 -1 -1 -1 -1 
10 6 1181 422 43 107 -1 -1 -1 -1 
11 6 1180 423 42 104 -1 -1 -1 -1 
12 6 1180 422 42 102 -1 -1 -1 -1 
13 6 1179 423 42 101 -1 -1 -1 -1 
14 6 1178 423 40 101 -1 -1 -1 -1 
15 6 1170 423 40 98 -1 -1 -1 -1 
16 6 1166 422 39 100 -1 -1 -1 -1 
17 6 1160 423 40 99 -1 -1 -1 -1 
18 6 1156 424 38 95 -1 -1 -1 -1 
19 6 1150 426 38 93 -1 -1 -1 -1 
20 6 1134 430 40 101 -1 -1 -1 -1 
21 6 1128 431 40 100 -1 -1 -1 -1 
22 6 1118 433 41 100 -1 -1 -1 -1 
23 6 1110 433 41 101 -1 -1 -1 -1 
24 6 1100 434 43 106 -1 -1 -1 -1 
25 6 1075 437 42 103 -1 -1 -1 -1 
26 6 1062 436 41 104 -1 -1 -1 -1 
27 6 1037 436 41 102 -1 -1 -1 -1 
28 6 1021 436 42 106 -1 -1 -1 -1 
29 6 1010 436 43 109 -1 -1 -1 -1 
30 6 987 438 42 106 -1 -1 -1 -1 
31 6 977 443 40 100 -1 -1 -1 -1 
32 6 967 446 39 100 -1 -1 -1 -1 
33 6 956 447 40 100 -1 -1 -1 -1 
34 6 946 448 41 101 -1 -1 -1 -1 
35 6 931 450 42 104 -1 -1 -1 -1 
36 6 925 449 43 105 -1 -1 -1 -1 
37 6 918 449 44 106 -1 -1 -1 -1 
38 6 915 449 44 108 -1 -1 -1 -1 
39 6 910 448 43 106 -1 -1 -1 -1 
40 6 904 444 42 104 -1 -1 -1 -1 
41 6 895 442 41 103 -1 -1 -1 -1 
42 6 892 441 41 101 -1 -1 -1 -1 
43 6 891 438 41 103 -1 -1 -1 -1 
44 6 883 439 42 104 -1 -1 -1 -1 
45 6 873 438 40 100 -1 -1 -1 -1 
46 6 869 438 39 103 -1 -1 -1 -1 
47 6 865 437 41 102 -1 -1 -1 -1 
48 6 862 439 40 100 -1 -1 -1 -1 
49 6 857 440 42 103 -1 -1 -1 -1 
50 6 848 438 40 102 -1 -1 -1 -1 
51 6 843 439 40 104 -1 -1 -1 -1 
52 6 841 437 40 103 -1 -1 -1 -1 
53 6 836 436 41 104 -1 -1 -1 -1 
54 6 831 433 42 105 -1 -1 -1 -1 
55 6 820 424 44 110 -1 -1 -1 -1 
56 6 814 425 44 108 -1 -1 -1 -1 
57 6 807 426 43 104 -1 -1 -1 -1 
58 6 802 425 43 105 -1 -1 -1 -1 
59 6 796 426 44 106 -1 -1 -1 -1 
60 6 785 429 43 106 -1 -1 -1 -1 
61 6 783 426 44 108 -1 -1 -1 -1 
62 6 780 431 43 105 -1 -1 -1 -1 
63 6 780 432 43 104 -1 -1 -1 -1 
64 6 780 429 42 104 -1 -1 -1 -1 
65 6 775 428 43 106 -1 -1 -1 -1 
66 6 773 425 45 109 -1 -1 -1 -1 
67 6 770 423 45 111 -1 -1 -1 -1 
68 6 770 422 43 108 -1 -1 -1 -1 
69 6 769 418 43 109 -1 -1 -1 -1 
70 6 765 417 44 109 -1 -1 -1 -1 
71 6 763 417 43 108 -1 -1 -1 -1 
72 6 762 417 43 107 -1 -1 -1 -1 
73 6 761 417 43 108 -1 -1 -1 -1 
74 6 760 418 44 107 -1 -1 -1 -1 
75 6 756 421 44 109 -1 -1 -1 -1 
76 6 756 421 42 109 -1 -1 -1 -1 
77 6 755 421 43 110 -1 -1 -1 -1 
78 6 753 421 43 111 -1 -1 -1 -1 
79 6 750 421 45 112 -1 -1 -1 -1 
80 6 745 419 46 114 -1 -1 -1 -1 
81 6 743 417 45 114 -1 -1 -1 -1 
82 6 741 414 45 115 -1 -1 -1 -1 
83 6 738 412 46 114 -1 -1 -1 -1 
84 6 735 411 46 116 -1 -1 -1 -1 
85 6 731 410 46 114 -1 -1 -1 -1 
86 6 731 410 45 113 -1 -1 -1 -1 
87 6 728 409 46 115 -1 -1 -1 -1 
88 6 726 409 46 114 -1 -1 -1 -1 
89 6 725 409 44 112 -1 -1 -1 -1 
90 6 724 411 45 114 -1 -1 -1 -1 
91 6 726 411 44 113 -1 -1 -1 -1 
92 6 726 411 45 112 -1 -1 -1 -1 
93 6 726 412 44 110 -1 -1 -1 -1 
94 6 726 410 44 110 -1 -1 -1 -1 
95 6 725 402 46 114 -1 -1 -1 -1 
96 6 724 397 46 114 -1 -1 -1 -1 
97 6 725 394 46 113 -1 -1 -1 -1 
98 6 725 394 46 112 -1 -1 -1 -1 
99 6 724 394 45 111 -1 -1 -1 -1 
100 6 724 392 46 112 -1 -1 -1 -1 
101 6 722 392 46 113 -1 -1 -1 -1 
102 6 720 390 46 114 -1 -1 -1 -1 
103 6 718 388 45 113 -1 -1 -1 -1 
104 6 715 389 45 112 -1 -1 -1 -1 
105 6 714 387 45 112 -1 -1 -1 -1 
106 6 711 389 45 110 -1 -1 -1 -1 
107 6 710 389 44 110 -1 -1 -1 -1 
108 6 709 388 45 111 -1 -1 -1 -1 
109 6 707 388 46 112 -1 -1 -1 -1 
110 6 704 386 48 115 -1 -1 -1 -1 
111 6 703 385 48 118 -1 -1 -1 -1 
112 6 702 385 48 118 -1 -1 -1 -1 
113 6 701 385 48 118 -1 -1 -1 -1 
114 6 701 384 49 118 -1 -1 -1 -1 
115 6 704 387 49 120 -1 -1 -1 -1 
116 6 706 388 49 120 -1 -1 -1 -1 
117 6 712 388 42 105 -1 -1 -1 -1 
118 6 712 392 46 113 -1 -1 -1 -1 
119 6 718 391 47 117 -1 -1 -1 -1 
120 6 728 391 43 111 -1 -1 -1 -1 
121 6 749 391 44 113 -1 -1 -1 -1 
122 6 756 388 46 118 -1 -1 -1 -1 
123 6 761 386 47 120 -1 -1 -1 -1 
124 6 764 384 47 119 -1 -1 -1 -1 
125 6 770 383 47 116 -1 -1 -1 -1 
126 6 780 378 47 119 -1 -1 -1 -1 
127 6 783 376 49 120 -1 -1 -1 -1 
128 6 789 374 49 122 -1 -1 -1 -1 
129 6 795 374 49 121 -1 -1 -1 -1 
130 6 801 374 48 120 -1 -1 -1 -1 
131 6 816 371 47 117 -1 -1 -1 -1 
132 6 822 373 46 115 -1 -1 -1 -1 
133 6 828 373 45 113 -1 -1 -1 -1 
134 6 835 371 45 112 -1 -1 -1 -1 
135 6 840 370 45 113 -1 -1 -1 -1 
136 6 849 364 44 111 -1 -1 -1 -1 
137 6 850 361 46 114 -1 -1 -1 -1 
138 6 854 359 45 113 -1 -1 -1 -1 
139 6 854 358 46 113 -1 -1 -1 -1 
140 6 855 356 46 113 -1 -1 -1 -1 
141 6 863 353 45 111 -1 -1 -1 -1 
142 6 865 351 46 114 -1 -1 -1 -1 
143 6 863 351 48 118 -1 -1 -1 -1 
144 6 869 353 46 115 -1 -1 -1 -1 
146 6 873 357 47 117 -1 -1 -1 -1 
147 6 878 361 46 112 -1 -1 -1 -1 
148 6 886 360 46 114 -1 -1 -1 -1 
149 6 889 359 46 116 -1 -1 -1 -1 
150 6 892 357 47 118 -1 -1 -1 -1 
151 6 899 351 48 121 -1 -1 -1 -1 
152 6 899 348 48 122 -1 -1 -1 -1 
153 6 900 348 47 119 -1 -1 -1 -1 
154 6 901 346 48 118 -1 -1 -1 -1 
155 6 901 344 49 120 -1 -1 -1 -1 
156 6 901 340 50 122 -1 -1 -1 -1 
157 6 901 339 50 121 -1 -1 -1 -1 
158 6 900 340 50 120 -1 -1 -1 -1 
159 6 899 341 49 121 -1 -1 -1 -1 
160 6 898 341 49 122 -1 -1 -1 -1 
161 6 889 347 48 117 -1 -1 -1 -1 
162 6 888 346 47 118 -1 -1 -1 -1 
163 6 883 345 48 119 -1 -1 -1 -1 
164 6 877 344 49 121 -1 -1 -1 -1 
165 6 871 345 48 119 -1 -1 -1 -1 
166 6 859 347 47 116 -1 -1 -1 -1 
167 6 854 345 48 119 -1 -1 -1 -1 
168 6 848 344 47 120 -1 -1 -1 -1 
169 6 838 346 49 116 -1 -1 -1 -1 
170 6 831 343 49 119 -1 -1 -1 -1 
171 6 815 345 48 116 -1 -1 -1 -1 
172 6 807 344 49 118 -1 -1 -1 -1 
173 6 802 343 49 121 -1 -1 -1 -1 
174 6 797 343 49 120 -1 -1 -1 -1 
175 6 792 346 50 123 -1 -1 -1 -1 
176 6 790 347 50 121 -1 -1 -1 -1 
177 6 790 347 50 122 -1 -1 -1 -1 
178 6 788 345 49 121 -1 -1 -1 -1 
179 6 786 341 49 122 -1 -1 -1 -1 
180 6 786 336 50 124 -1 -1 -1 -1 
181 6 783 331 49 123 -1 -1 -1 -1 
182 6 782 326 50 124 -1 -1 -1 -1 
183 6 781 325 50 123 -1 -1 -1 -1 
184 6 780 324 48 123 -1 -1 -1 -1 
185 6 778 322 49 122 -1 -1 -1 -1 
186 6 777 322 47 120 -1 -1 -1 -1 
187 6 775 323 49 122 -1 -1 -1 -1 
188 6 771 321 51 125 -1 -1 -1 -1 
189 6 770 323 52 126 -1 -1 -1 -1 
190 6 771 324 51 127 -1 -1 -1 -1 
191 6 770 326 50 126 -1 -1 -1 -1 
192 6 770 327 50 126 -1 -1 -1 -1 
193 6 770 327 50 124 -1 -1 -1 -1 
194 6 769 325 51 126 -1 -1 -1 -1 
195 6 769 326 52 125 -1 -1 -1 -1 
196 6 770 323 52 128 -1 -1 -1 -1 
197 6 771 327 52 127 -1 -1 -1 -1 
198 6 772 329 52 127 -1 -1 -1 -1 
199 6 775 331 52 127 -1 -1 -1 -1 
200 6 776 335 52 128 -1 -1 -1 -1 
201 6 782 338 54 133 -1 -1 -1 -1 
202 6 786 345 54 130 -1 -1 -1 -1 
203 6 793 349 54 131 -1 -1 -1 -1 
204 6 804 351 54 130 -1 -1 -1 -1 
205 6 812 352 55 132 -1 -1 -1 -1 
206 6 828 358 53 129 -1 -1 -1 -1 
207 6 836 357 53 131 -1 -1 -1 -1 
208 6 841 359 53 128 -1 -1 -1 -1 
209 6 848 358 53 127 -1 -1 -1 -1 
210 6 853 356 54 128 -1 -1 -1 -1 
211 6 865 357 52 127 -1 -1 -1 -1 
212 6 869 357 52 126 -1 -1 -1 -1 
213 6 874 355 53 128 -1 -1 -1 -1 
214 6 877 357 53 128 -1 -1 -1 -1 
215 6 881 358 52 126 -1 -1 -1 -1 
216 6 889 360 52 126 -1 -1 -1 -1 
217 6 890 363 51 123 -1 -1 -1 -1 
218 6 892 361 52 125 -1 -1 -1 -1 
219 6 893 360 53 126 -1 -1 -1 -1 
220 6 896 360 53 128 -1 -1 -1 -1 
221 6 896 360 53 128 -1 -1 -1 -1 
222 6 896 360 52 127 -1 -1 -1 -1 
223 6 896 360 53 126 -1 -1 -1 -1 
224 6 895 356 56 130 -1 -1 -1 -1 
225 6 897 356 55 130 -1 -1 -1 -1 
226 6 897 356 55 131 -1 -1 -1 -1 
227 6 898 358 55 129 -1 -1 -1 -1 
228 6 902 359 53 129 -1 -1 -1 -1 
229 6 905 358 52 130 -1 -1 -1 -1 
230 6 910 358 52 128 -1 -1 -1 -1 
231 6 915 355 53 133 -1 -1 -1 -1 
232 6 919 354 54 133 -1 -1 -1 -1 
233 6 922 356 53 129 -1 -1 -1 -1 
234 6 928 354 51 128 -1 -1 -1 -1 
235 6 934 350 51 127 -1 -1 -1 -1 
236 6 936 347 51 125 -1 -1 -1 -1 
237 6 938 343 52 128 -1 -1 -1 -1 
238 6 939 337 52 129 -1 -1 -1 -1 
239 6 941 336 52 127 -1 -1 -1 -1 
240 6 943 335 51 127 -1 -1 -1 -1 
241 6 950 334 52 129 -1 -1 -1 -1 
242 6 952 335 52 130 -1 -1 -1 -1 
243 6 956 335 52 131 -1 -1 -1 -1 
244 6 958 331 54 136 -1 -1 -1 -1 
245 6 959 335 53 133 -1 -1 -1 -1 
246 6 969 335 52 129 -1 -1 -1 -1 
247 6 971 334 51 128 -1 -1 -1 -1 
248 6 970 333 53 128 -1 -1 -1 -1 
249 6 970 330 54 131 -1 -1 -1 -1 
250 6 971 328 53 131 -1 -1 -1 -1 
251 6 972 325 55 133 -1 -1 -1 -1 
252 6 972 323 55 134 -1 -1 -1 -1 
253 6 971 321 56 135 -1 -1 -1 -1 
254 6 974 320 56 136 -1 -1 -1 -1 
255 6 978 318 55 137 -1 -1 -1 -1 
256 6 981 317 56 138 -1 -1 -1 -1 
257 6 985 319 54 135 -1 -1 -1 -1 
258 6 988 318 54 134 -1 -1 -1 -1 
259 6 991 319 55 136 -1 -1 -1 -1 
260 6 997 318 55 135 -1 -1 -1 -1 
261 6 1002 310 56 138 -1 -1 -1 -1 
262 6 1002 308 56 139 -1 -1 -1 -1 
263 6 1003 306 56 135 -1 -1 -1 -1 
264 6 1000 301 56 138 -1 -1 -1 -1 
265 6 1000 299 57 140 -1 -1 -1 -1 
266 6 1004 295 57 138 -1 -1 -1 -1 
267 6 1003 295 57 136 -1 -1 -1 -1 
268 6 1003 294 57 137 -1 -1 -1 -1 
269 6 1002 295 57 135 -1 -1 -1 -1 
270 6 1003 296 55 134 -1 -1 -1 -1 
271 6 1001 297 54 136 -1 -1 -1 -1 
272 6 996 297 55 138 -1 -1 -1 -1 
273 6 994 299 54 136 -1 -1 -1 -1 
274 6 993 301 53 135 -1 -1 -1 -1 
275 6 991 300 54 135 -1 -1 -1 -1 
276 6 980 299 54 138 -1 -1 -1 -1 
277 6 974 298 56 139 -1 -1 -1 -1 
278 6 969 300 52 134 -1 -1 -1 -1 
279 6 958 294 52 137 -1 -1 -1 -1 
280 6 955 291 51 136 -1 -1 -1 -1 
281 6 943 293 52 131 -1 -1 -1 -1 
296 6 923 260 55 136 -1 -1 -1 -1 
297 6 927 256 55 137 -1 -1 -1 -1 
298 6 926 256 55 136 -1 -1 -1 -1 
299 6 927 259 54 135 -1 -1 -1 -1 
300 6 926 257 54 134 -1 -1 -1 -1 
301 6 923 261 54 133 -1 -1 -1 -1 
302 6 922 263 53 132 -1 -1 -1 -1 
303 6 919 263 53 132 -1 -1 -1 -1 
304 6 918 263 54 133 -1 -1 -1 -1 
305 6 916 262 55 135 -1 -1 -1 -1 
306 6 912 262 54 133 -1 -1 -1 -1 
307 6 906 262 53 130 -1 -1 -1 -1 
308 6 903 262 53 129 -1 -1 -1 -1 
309 6 899 263 54 132 -1 -1 -1 -1 
310 6 897 265 54 132 -1 -1 -1 -1 
311 6 894 265 56 137 -1 -1 -1 -1 
312 6 893 272 55 135 -1 -1 -1 -1 
313 6 892 273 55 135 -1 -1 -1 -1 
314 6 889 274 57 137 -1 -1 -1 -1 
315 6 892 280 55 133 -1 -1 -1 -1 
316 6 897 280 53 131 -1 -1 -1 -1 
317 6 902 279 55 135 -1 -1 -1 -1 
318 6 905 278 55 134 -1 -1 -1 -1 
319 6 910 276 53 134 -1 -1 -1 -1 
320 6 911 273 55 136 -1 -1 -1 -1 
321 6 913 269 56 139 -1 -1 -1 -1 
322 6 920 268 54 132 -1 -1 -1 -1 
323 6 921 268 53 130 -1 -1 -1 -1 
324 6 924 267 53 130 -1 -1 -1 -1 
325 6 928 266 53 131 -1 -1 -1 -1 
326 6 929 268 53 132 -1 -1 -1 -1 
327 6 933 271 53 133 -1 -1 -1 -1 
328 6 934 275 53 133 -1 -1 -1 -1 
329 6 937 276 50 128 -1 -1 -1 -1 
330 6 940 277 51 128 -1 -1 -1 -1 
331 6 942 277 52 130 -1 -1 -1 -1 
332 6 944 278 52 129 -1 -1 -1 -1 
333 6 943 276 53 132 -1 -1 -1 -1 
334 6 942 274 55 136 -1 -1 -1 -1 
335 6 941 274 55 136 -1 -1 -1 -1 
336 6 938 274 56 136 -1 -1 -1 -1 
337 6 936 278 54 132 -1 -1 -1 -1 
338 6 933 277 54 134 -1 -1 -1 -1 
339 6 930 282 55 138 -1 -1 -1 -1 
340 6 928 284 55 137 -1 -1 -1 -1 
341 6 929 287 54 136 -1 -1 -1 -1 
342 6 925 296 55 137 -1 -1 -1 -1 
343 6 924 301 55 136 -1 -1 -1 -1 
344 6 926 304 55 135 -1 -1 -1 -1 
345 6 926 306 55 136 -1 -1 -1 -1 
346 6 924 309 55 135 -1 -1 -1 -1 
347 6 925 313 55 134 -1 -1 -1 -1 
348 6 922 312 55 138 -1 -1 -1 -1 
349 6 919 312 56 138 -1 -1 -1 -1 
350 6 918 311 56 138 -1 -1 -1 -1 
351 6 916 309 56 138 -1 -1 -1 -1 
352 6 915 310 54 136 -1 -1 -1 -1 
353 6 913 309 55 137 -1 -1 -1 -1 
354 6 912 310 54 137 -1 -1 -1 -1 
355 6 910 313 56 140 -1 -1 -1 -1 
356 6 907 318 55 137 -1 -1 -1 -1 
357 6 906 326 54 135 -1 -1 -1 -1 
358 6 905 328 54 133 -1 -1 -1 -1 
359 6 901 330 54 136 -1 -1 -1 -1 
360 6 900 333 53 134 -1 -1 -1 -1 
361 6 901 334 52 132 -1 -1 -1 -1 
362 6 898 335 53 132 -1 -1 -1 -1 
363 6 897 333 53 132 -1 -1 -1 -1 
364 6 896 333 53 131 -1 -1 -1 -1 
365 6 894 331 55 133 -1 -1 -1 -1 
366 6 893 328 57 135 -1 -1 -1 -1 
367 6 895 327 56 136 -1 -1 -1 -1 
368 6 897 325 56 136 -1 -1 -1 -1 
370 6 901 328 54 135 -1 -1 -1 -1 
371 6 905 327 56 137 -1 -1 -1 -1 
372 6 914 324 55 136 -1 -1 -1 -1 
373 6 916 322 55 136 -1 -1 -1 -1 
374 6 921 321 55 136 -1 -1 -1 -1 
375 6 923 318 55 139 -1 -1 -1 -1 
376 6 924 317 55 137 -1 -1 -1 -1 
377 6 928 310 56 138 -1 -1 -1 -1 
378 6 930 310 54 136 -1 -1 -1 -1 
379 6 930 310 55 137 -1 -1 -1 -1 
380 6 931 307 57 142 -1 -1 -1 -1 
381 6 933 306 58 142 -1 -1 -1 -1 
382 6 934 307 59 144 -1 -1 -1 -1 
383 6 935 307 58 144 -1 -1 -1 -1 
384 6 934 309 56 139 -1 -1 -1 -1 
385 6 938 308 56 142 -1 -1 -1 -1 
386 6 937 309 56 142 -1 -1 -1 -1 
387 6 937 314 54 137 -1 -1 -1 -1 
388 6 936 314 55 136 -1 -1 -1 -1 
389 6 934 315 55 137 -1 -1 -1 -1 
390 6 933 312 56 139 -1 -1 -1 -1 
391 6 932 310 55 138 -1 -1 -1 -1 
392 6 930 310 56 138 -1 -1 -1 -1 
393 6 930 308 57 138 -1 -1 -1 -1 
394 6 931 308 57 139 -1 -1 -1 -1 
395 6 931 309 57 139 -1 -1 -1 -1 
396 6 932 307 56 139 -1 -1 -1 -1 
397 6 930 303 59 144 -1 -1 -1 -1 
398 6 936 304 58 144 -1 -1 -1 -1 
399 6 938 303 59 145 -1 -1 -1 -1 
400 6 939 301 59 146 -1 -1 -1 -1 
401 6 941 296 61 150 -1 -1 -1 -1 
402 6 943 294 59 146 -1 -1 -1 -1 
403 6 943 292 58 144 -1 -1 -1 -1 
404 6 945 292 56 142 -1 -1 -1 -1 
405 6 945 293 56 140 -1 -1 -1 -1 
406 6 944 293 56 141 -1 -1 -1 -1 
407 6 945 292 57 141 -1 -1 -1 -1 
408 6 944 291 58 145 -1 -1 -1 -1 
409 6 944 291 58 145 -1 -1 -1 -1 
410 6 945 292 57 143 -1 -1 -1 -1 
411 6 945 293 57 143 -1 -1 -1 -1 
412 6 946 296 57 146 -1 -1 -1 -1 
413 6 945 295 59 148 -1 -1 -1 -1 
414 6 946 297 59 150 -1 -1 -1 -1 
415 6 946 300 59 148 -1 -1 -1 -1 
416 6 947 304 58 145 -1 -1 -1 -1 
417 6 947 303 59 147 -1 -1 -1 -1 
418 6 947 303 59 146 -1 -1 -1 -1 
419 6 947 303 59 147 -1 -1 -1 -1 
420 6 947 302 60 149 -1 -1 -1 -1 
421 6 946 304 60 148 -1 -1 -1 -1 
422 6 945 305 61 150 -1 -1 -1 -1 
423 6 947 307 60 150 -1 -1 -1 -1 
424 6 947 308 60 150 -1 -1 -1 -1 
425 6 948 314 60 148 -1 -1 -1 -1 
426 6 949 315 58 145 -1 -1 -1 -1 
427 6 951 311 61 152 -1 -1 -1 -1 
428 6 953 313 59 146 -1 -1 -1 -1 
429 6 956 313 58 145 -1 -1 -1 -1 
430 6 958 312 58 146 -1 -1 -1 -1 
431 6 957 312 58 143 -1 -1 -1 -1 
432 6 956 308 58 145 -1 -1 -1 -1 
433 6 955 308 59 145 -1 -1 -1 -1 
434 6 953 308 58 145 -1 -1 -1 -1 
435 6 951 307 57 146 -1 -1 -1 -1 
436 6 950 307 56 143 -1 -1 -1 -1 
437 6 943 307 58 147 -1 -1 -1 -1 
438 6 939 308 58 145 -1 -1 -1 -1 
439 6 937 312 57 144 -1 -1 -1 -1 
440 6 932 311 60 149 -1 -1 -1 -1 
441 6 932 311 59 148 -1 -1 -1 -1 
442 6 927 317 60 153 -1 -1 -1 -1 
443 6 925 318 59 149 -1 -1 -1 -1 
444 6 923 322 58 144 -1 -1 -1 -1 
445 6 921 324 57 142 -1 -1 -1 -1 
446 6 918 322 58 145 -1 -1 -1 -1 
447 6 910 322 59 145 -1 -1 -1 -1 
448 6 909 324 59 145 -1 -1 -1 -1 
449 6 908 322 60 148 -1 -1 -1 -1 
450 6 907 323 60 147 -1 -1 -1 -1 
451 6 906 326 59 146 -1 -1 -1 -1 
452 6 907 328 57 144 -1 -1 -1 -1 
453 6 907 328 59 148 -1 -1 -1 -1 
454 6 909 327 61 151 -1 -1 -1 -1 
455 6 910 324 62 154 -1 -1 -1 -1 
456 6 912 325 61 152 -1 -1 -1 -1 
457 6 916 328 60 151 -1 -1 -1 -1 
458 6 918 327 59 149 -1 -1 -1 -1 
459 6 918 327 58 145 -1 -1 -1 -1 
460 6 919 325 59 145 -1 -1 -1 -1 
461 6 919 324 58 143 -1 -1 -1 -1 
462 6 919 324 59 143 -1 -1 -1 -1 
463 6 920 325 58 142 -1 -1 -1 -1 
464 6 921 325 58 143 -1 -1 -1 -1 
465 6 921 326 57 143 -1 -1 -1 -1 
466 6 922 326 57 142 -1 -1 -1 -1 
467 6 920 326 57 142 -1 -1 -1 -1 
468 6 920 329 57 141 -1 -1 -1 -1 
469 6 918 332 56 141 -1 -1 -1 -1 
470 6 917 332 57 143 -1 -1 -1 -1 
471 6 915 330 57 145 -1 -1 -1 -1 
472 6 913 332 57 143 -1 -1 -1 -1 
473 6 908 331 58 144 -1 -1 -1 -1 
474 6 907 330 59 144 -1 -1 -1 -1 
475 6 907 330 59 146 -1 -1 -1 -1 
476 6 906 331 59 145 -1 -1 -1 -1 
477 6 904 331 60 147 -1 -1 -1 -1 
478 6 903 334 59 146 -1 -1 -1 -1 
480 6 903 337 59 148 -1 -1 -1 -1 
481 6 907 336 58 147 -1 -1 -1 -1 
482 6 909 336 58 146 -1 -1 -1 -1 
483 6 912 336 58 146 -1 -1 -1 -1 
484 6 915 334 58 147 -1 -1 -1 -1 
485 6 916 333 58 147 -1 -1 -1 -1 
486 6 915 333 57 145 -1 -1 -1 -1 
487 6 914 332 57 142 -1 -1 -1 -1 
488 6 915 331 57 143 -1 -1 -1 -1 
489 6 915 331 57 142 -1 -1 -1 -1 
490 6 917 331 57 143 -1 -1 -1 -1 
491 6 918 331 58 143 -1 -1 -1 -1 
492 6 920 332 56 142 -1 -1 -1 -1 
493 6 922 334 57 144 -1 -1 -1 -1 
494 6 923 335 57 143 -1 -1 -1 -1 
495 6 925 337 57 143 -1 -1 -1 -1 
496 6 927 335 57 143 -1 -1 -1 -1 
497 6 927 344 55 136 -1 -1 -1 -1 
498 6 927 341 56 140 -1 -1 -1 -1 
499 6 925 342 55 137 -1 -1 -1 -1 
500 6 925 347 52 131 -1 -1 -1 -1 
501 6 923 340 53 135 -1 -1 -1 -1 
502 6 922 339 53 135 -1 -1 -1 -1 
503 6 918 330 55 138 -1 -1 -1 -1 
504 6 919 329 55 136 -1 -1 -1 -1 
505 6 916 333 54 135 -1 -1 -1 -1 
506 6 916 329 54 138 -1 -1 -1 -1 
508 6 921 342 51 127 -1 -1 -1 -1 
509 6 922 331 55 139 -1 -1 -1 -1 
510 6 922 323 58 147 -1 -1 -1 -1 
511 6 923 318 59 151 -1 -1 -1 -1 
512 6 927 317 57 146 -1 -1 -1 -1 
513 6 928 309 59 149 -1 -1 -1 -1 
514 6 927 305 60 150 -1 -1 -1 -1 
515 6 925 305 59 148 -1 -1 -1 -1 
516 6 924 304 59 147 -1 -1 -1 -1 
517 6 924 301 61 150 -1 -1 -1 -1 
518 6 920 303 60 147 -1 -1 -1 -1 
519 6 919 302 59 147 -1 -1 -1 -1 
520 6 917 302 59 148 -1 -1 -1 -1 
521 6 915 300 60 151 -1 -1 -1 -1 
523 6 907 302 61 152 -1 -1 -1 -1 
524 6 901 305 62 154 -1 -1 -1 -1 
525 6 899 305 61 153 -1 -1 -1 -1 
526 6 897 305 63 154 -1 -1 -1 -1 
527 6 893 305 62 151 -1 -1 -1 -1 
528 6 885 301 61 151 -1 -1 -1 -1 
529 6 880 300 61 152 -1 -1 -1 -1 
530 6 877 299 60 151 -1 -1 -1 -1 
531 6 872 299 61 150 -1 -1 -1 -1 
532 6 868 298 61 150 -1 -1 -1 -1 
533 6 861 297 62 153 -1 -1 -1 -1 
534 6 860 294 62 157 -1 -1 -1 -1 
535 6 856 296 63 157 -1 -1 -1 -1 
536 6 855 291 65 162 -1 -1 -1 -1 
537 6 856 291 64 162 -1 -1 -1 -1 
538 6 852 291 63 156 -1 -1 -1 -1 
539 6 854 287 62 156 -1 -1 -1 -1 
540 6 853 285 63 157 -1 -1 -1 -1 
541 6 850 282 64 160 -1 -1 -1 -1 
542 6 848 283 64 156 -1 -1 -1 -1 
543 6 845 277 63 156 -1 -1 -1 -1 
544 6 843 276 62 155 -1 -1 -1 -1 
545 6 841 276 62 153 -1 -1 -1 -1 
546 6 840 275 63 154 -1 -1 -1 -1 
547 6 840 276 61 153 -1 -1 -1 -1 
548 6 838 279 61 151 -1 -1 -1 -1 
549 6 835 280 62 153 -1 -1 -1 -1 
550 6 837 280 63 157 -1 -1 -1 -1 
551 6 836 279 63 159 -1 -1 -1 -1 
552 6 836 281 63 158 -1 -1 -1 -1 
553 6 832 280 61 153 -1 -1 -1 -1 
554 6 832 279 61 152 -1 -1 -1 -1 
555 6 831 277 61 152 -1 -1 -1 -1 
556 6 829 278 60 150 -1 -1 -1 -1 
557 6 828 279 60 149 -1 -1 -1 -1 
558 6 827 278 61 150 -1 -1 -1 -1 
559 6 826 279 62 153 -1 -1 -1 -1 
560 6 825 279 62 156 -1 -1 -1 -1 
561 6 825 280 63 158 -1 -1 -1 -1 
562 6 824 283 63 156 -1 -1 -1 -1 
563 6 828 288 62 155 -1 -1 -1 -1 
564 6 833 288 64 159 -1 -1 -1 -1 
565 6 836 288 63 157 -1 -1 -1 -1 
566 6 839 290 62 158 -1 -1 -1 -1 
567 6 844 292 62 152 -1 -1 -1 -1 
568 6 846 290 64 158 -1 -1 -1 -1 
569 6 847 290 64 157 -1 -1 -1 -1 
570 6 849 289 63 154 -1 -1 -1 -1 
571 6 849 289 63 155 -1 -1 -1 -1 
572 6 850 287 63 155 -1 -1 -1 -1 
573 6 847 284 66 161 -1 -1 -1 -1 
574 6 846 285 65 158 -1 -1 -1 -1 
575 6 848 287 65 161 -1 -1 -1 -1 
576 6 847 288 66 164 -1 -1 -1 -1 
577 6 844 292 64 159 -1 -1 -1 -1 
578 6 845 293 66 163 -1 -1 -1 -1 
579 6 841 296 67 163 -1 -1 -1 -1 
580 6 841 295 66 162 -1 -1 -1 -1 
581 6 839 296 66 161 -1 -1 -1 -1 
582 6 835 298 64 158 -1 -1 -1 -1 
583 6 831 296 64 156 -1 -1 -1 -1 
584 6 828 296 64 157 -1 -1 -1 -1 
585 6 826 297 64 159 -1 -1 -1 -1 
586 6 826 295 63 159 -1 -1 -1 -1 
587 6 825 297 64 159 -1 -1 -1 -1 
588 6 823 300 64 159 -1 -1 -1 -1 
589 6 825 301 64 162 -1 -1 -1 -1 
590 6 823 302 65 162 -1 -1 -1 -1 
591 6 827 302 66 165 -1 -1 -1 -1 
592 6 826 303 66 166 -1 -1 -1 -1 
593 6 825 305 67 166 -1 -1 -1 -1 
594 6 825 306 66 165 -1 -1 -1 -1 
595 6 823 307 66 165 -1 -1 -1 -1 
596 6 823 311 64 160 -1 -1 -1 -1 
597 6 823 314 64 158 -1 -1 -1 -1 
598 6 822 317 64 158 -1 -1 -1 -1 
599 6 823 318 64 159 -1 -1 -1 -1 
600 6 824 320 64 160 -1 -1 -1 -1 
601 6 825 323 66 162 -1 -1 -1 -1 
602 6 827 327 65 160 -1 -1 -1 -1 
603 6 829 333 65 163 -1 -1 -1 -1 
604 6 831 333 66 164 -1 -1 -1 -1 
605 6 831 336 65 162 -1 -1 -1 -1 
606 6 832 342 64 159 -1 -1 -1 -1 
607 6 834 341 64 159 -1 -1 -1 -1 
608 6 833 345 65 159 -1 -1 -1 -1 
609 6 835 344 63 158 -1 -1 -1 -1 
610 6 836 343 63 156 -1 -1 -1 -1 
611 6 838 342 62 156 -1 -1 -1 -1 
612 6 839 341 63 155 -1 -1 -1 -1 
613 6 844 340 62 155 -1 -1 -1 -1 
614 6 846 339 62 155 -1 -1 -1 -1 
615 6 848 338 62 155 -1 -1 -1 -1 
616 6 851 336 63 158 -1 -1 -1 -1 
617 6 852 334 65 162 -1 -1 -1 -1 
618 6 862 334 64 162 -1 -1 -1 -1 
619 6 863 336 65 162 -1 -1 -1 -1 
620 6 867 338 63 159 -1 -1 -1 -1 
621 6 869 339 63 160 -1 -1 -1 -1 
622 6 870 341 62 157 -1 -1 -1 -1 
623 6 872 341 62 156 -1 -1 -1 -1 
624 6 876 341 64 158 -1 -1 -1 -1 
625 6 877 343 63 156 -1 -1 -1 -1 
626 6 878 342 64 157 -1 -1 -1 -1 
627 6 879 343 64 156 -1 -1 -1 -1 
628 6 880 343 63 157 -1 -1 -1 -1 
629 6 882 343 64 158 -1 -1 -1 -1 
630 6 883 344 64 160 -1 -1 -1 -1 
631 6 885 346 65 161 -1 -1 -1 -1 
632 6 887 347 65 159 -1 -1 -1 -1 
633 6 888 348 64 158 -1 -1 -1 -1 
634 6 889 346 65 158 -1 -1 -1 -1 
635 6 888 346 64 157 -1 -1 -1 -1 
636 6 885 342 64 158 -1 -1 -1 -1 
637 6 886 340 62 156 -1 -1 -1 -1 
638 6 886 338 62 154 -1 -1 -1 -1 
639 6 882 332 64 157 -1 -1 -1 -1 
640 6 883 330 63 158 -1 -1 -1 -1 
641 6 884 329 64 157 -1 -1 -1 -1 
642 6 884 329 64 156 -1 -1 -1 -1 
643 6 885 330 63 154 -1 -1 -1 -1 
644 6 886 330 65 158 -1 -1 -1 -1 
645 6 891 331 66 160 -1 -1 -1 -1 
646 6 894 331 64 159 -1 -1 -1 -1 
647 6 896 332 64 158 -1 -1 -1 -1 
648 6 901 334 63 157 -1 -1 -1 -1 
649 6 904 333 64 158 -1 -1 -1 -1 
650 6 907 332 64 159 -1 -1 -1 -1 
651 6 912 330 65 159 -1 -1 -1 -1 
652 6 915 331 65 158 -1 -1 -1 -1 
653 6 918 331 65 157 -1 -1 -1 -1 
654 6 927 331 62 154 -1 -1 -1 -1 
1 7 632 423 51 127 -1 -1 -1 -1 
2 7 626 424 48 117 -1 -1 -1 -1 
3 7 617 425 50 121 -1 -1 -1 -1 
4 7 610 426 53 128 -1 -1 -1 -1 
5 7 599 426 62 150 -1 -1 -1 -1 
6 7 594 425 64 160 -1 -1 -1 -1 
7 7 588 424 69 170 -1 -1 -1 -1 
8 7 584 428 69 172 -1 -1 -1 -1 
9 7 583 425 75 186 -1 -1 -1 -1 
10 7 581 424 74 183 -1 -1 -1 -1 
11 7 580 429 72 177 -1 -1 -1 -1 
12 7 579 426 72 178 -1 -1 -1 -1 
13 7 578 427 70 176 -1 -1 -1 -1 
14 7 573 426 72 176 -1 -1 -1 -1 
15 7 567 428 69 170 -1 -1 -1 -1 
16 7 560 427 69 173 -1 -1 -1 -1 
17 7 554 429 70 174 -1 -1 -1 -1 
18 7 549 432 68 169 -1 -1 -1 -1 
19 7 544 434 67 167 -1 -1 -1 -1 
1 8 583 418 70 171 -1 -1 -1 -1 
2 8 575 411 73 179 -1 -1 -1 -1 
3 8 568 420 69 170 -1 -1 -1 -1 
4 8 564 421 69 169 -1 -1 -1 -1 
5 8 554 420 70 173 -1 -1 -1 -1 
6 8 550 419 71 174 -1 -1 -1 -1 
7 8 544 417 72 180 -1 -1 -1 -1 
8 8 539 429 69 171 -1 -1 -1 -1 
9 8 541 436 66 162 -1 -1 -1 -1 
10 8 541 437 65 160 -1 -1 -1 -1 
11 8 540 435 67 163 -1 -1 -1 -1 
12 8 537 421 71 176 -1 -1 -1 -1 
13 8 536 421 70 177 -1 -1 -1 -1 
14 8 536 431 67 167 -1 -1 -1 -1 
15 8 529 429 68 168 -1 -1 -1 -1 
16 8 521 429 68 170 -1 -1 -1 -1 
17 8 516 435 66 166 -1 -1 -1 -1 
18 8 509 436 67 165 -1 -1 -1 -1 
19 8 500 432 69 167 -1 -1 -1 -1 
20 8 487 438 69 171 -1 -1 -1 -1 
21 8 479 434 69 171 -1 -1 -1 -1 
53 8 198 447 63 157 -1 -1 -1 -1 
54 8 195 446 62 153 -1 -1 -1 -1 
55 8 179 440 66 159 -1 -1 -1 -1 
56 8 173 442 64 157 -1 -1 -1 -1 
57 8 166 443 65 156 -1 -1 -1 -1 
58 8 162 441 64 160 -1 -1 -1 -1 
59 8 156 444 63 156 -1 -1 -1 -1 
60 8 146 447 64 158 -1 -1 -1 -1 
61 8 147 450 64 155 -1 -1 -1 -1 
62 8 136 450 64 160 -1 -1 -1 -1 
63 8 135 451 65 157 -1 -1 -1 -1 
64 8 133 449 64 159 -1 -1 -1 -1 
65 8 127 447 65 162 -1 -1 -1 -1 
66 8 125 445 67 164 -1 -1 -1 -1 
67 8 118 441 68 168 -1 -1 -1 -1 
68 8 113 438 68 169 -1 -1 -1 -1 
69 8 112 436 68 168 -1 -1 -1 -1 
70 8 107 436 67 168 -1 -1 -1 -1 
71 8 104 433 65 164 -1 -1 -1 -1 
72 8 107 436 61 149 -1 -1 -1 -1 
73 8 105 436 62 153 -1 -1 -1 -1 
74 8 108 436 56 136 -1 -1 -1 -1 
75 8 102 436 56 138 -1 -1 -1 -1 
76 8 103 434 54 134 -1 -1 -1 -1 
77 8 97 432 57 143 -1 -1 -1 -1 
78 8 95 433 55 137 -1 -1 -1 -1 
79 8 89 431 57 140 -1 -1 -1 -1 
80 8 87 428 54 135 -1 -1 -1 -1 
81 8 83 427 54 135 -1 -1 -1 -1 
82 8 78 425 55 135 -1 -1 -1 -1 
83 8 74 422 56 138 -1 -1 -1 -1 
84 8 70 420 56 139 -1 -1 -1 -1 
85 8 65 418 58 141 -1 -1 -1 -1 
86 8 64 418 57 141 -1 -1 -1 -1 
87 8 61 418 57 141 -1 -1 -1 -1 
1 9 676 417 74 183 -1 -1 -1 -1 
2 9 667 416 76 182 -1 -1 -1 -1 
3 9 664 416 74 181 -1 -1 -1 -1 
4 9 653 416 73 182 -1 -1 -1 -1 
5 9 642 416 77 190 -1 -1 -1 -1 
6 9 639 415 79 193 -1 -1 -1 -1 
7 9 636 419 78 192 -1 -1 -1 -1 
8 9 631 423 77 191 -1 -1 -1 -1 
9 9 628 423 77 191 -1 -1 -1 -1 
10 9 627 420 79 197 -1 -1 -1 -1 
11 9 626 422 80 199 -1 -1 -1 -1 
12 9 626 419 81 202 -1 -1 -1 -1 
13 9 622 417 84 207 -1 -1 -1 -1 
14 9 616 414 85 211 -1 -1 -1 -1 
15 9 604 408 89 217 -1 -1 -1 -1 
16 9 597 409 90 220 -1 -1 -1 -1 
17 9 590 411 90 219 -1 -1 -1 -1 
18 9 586 415 87 214 -1 -1 -1 -1 
19 9 578 417 87 214 -1 -1 -1 -1 
20 9 561 423 88 219 -1 -1 -1 -1 
21 9 551 426 89 219 -1 -1 -1 -1 
22 9 542 426 91 224 -1 -1 -1 -1 
23 9 529 429 92 225 -1 -1 -1 -1 
24 9 514 432 93 229 -1 -1 -1 -1 
25 9 482 432 95 234 -1 -1 -1 -1 
26 9 467 433 93 229 -1 -1 -1 -1 
27 9 436 431 94 234 -1 -1 -1 -1 
28 9 415 427 99 245 -1 -1 -1 -1 
29 9 399 424 101 248 -1 -1 -1 -1 
30 9 369 426 101 251 -1 -1 -1 -1 
31 9 351 426 103 255 -1 -1 -1 -1 
32 9 335 427 104 256 -1 -1 -1 -1 
33 9 318 429 105 259 -1 -1 -1 -1 
34 9 301 429 108 267 -1 -1 -1 -1 
35 9 277 439 107 263 -1 -1 -1 -1 
36 9 265 441 108 263 -1 -1 -1 -1 
37 9 253 442 108 264 -1 -1 -1 -1 
38 9 247 445 106 263 -1 -1 -1 -1 
39 9 235 442 109 267 -1 -1 -1 -1 
40 9 214 437 113 278 -1 -1 -1 -1 
41 9 201 436 113 280 -1 -1 -1 -1 
42 9 187 434 115 283 -1 -1 -1 -1 
43 9 177 432 116 286 -1 -1 -1 -1 
44 9 165 432 118 290 -1 -1 -1 -1 
45 9 143 425 121 298 -1 -1 -1 -1 
46 9 130 427 122 301 -1 -1 -1 -1 
47 9 117 425 122 303 -1 -1 -1 -1 
48 9 102 429 124 307 -1 -1 -1 -1 
49 9 90 430 123 304 -1 -1 -1 -1 
50 9 66 429 128 314 -1 -1 -1 -1 
51 9 52 430 130 319 -1 -1 -1 -1 
52 9 36 428 130 322 -1 -1 -1 -1 
53 9 24 426 131 322 -1 -1 -1 -1 
54 9 8 423 132 331 -1 -1 -1 -1 
55 9 -3 418 117 341 -1 -1 -1 -1 
56 9 -5 415 98 353 -1 -1 -1 -1 
57 9 -5 413 83 352 -1 -1 -1 -1 
58 9 -3 407 65 359 -1 -1 -1 -1 
59 9 -2 409 51 365 -1 -1 -1 -1 
1 10 722 420 70 173 -1 -1 -1 -1 
2 10 716 419 70 172 -1 -1 -1 -1 
3 10 702 418 70 172 -1 -1 -1 -1 
4 10 688 419 70 172 -1 -1 -1 -1 
5 10 674 423 69 170 -1 -1 -1 -1 
6 10 670 421 69 173 -1 -1 -1 -1 
7 10 666 425 67 164 -1 -1 -1 -1 
8 10 661 426 68 170 -1 -1 -1 -1 
9 10 659 425 69 171 -1 -1 -1 -1 
35 10 327 455 72 181 -1 -1 -1 -1 
36 10 316 456 74 180 -1 -1 -1 -1 
37 10 307 459 73 179 -1 -1 -1 -1 
38 10 300 459 71 178 -1 -1 -1 -1 
39 10 294 457 71 177 -1 -1 -1 -1 
40 10 280 456 72 181 -1 -1 -1 -1 
41 10 274 452 73 182 -1 -1 -1 -1 
42 10 266 450 74 182 -1 -1 -1 -1 
43 10 258 448 74 186 -1 -1 -1 -1 
44 10 249 450 75 184 -1 -1 -1 -1 
45 10 237 449 75 185 -1 -1 -1 -1 
46 10 229 449 76 185 -1 -1 -1 -1 
47 10 224 448 75 184 -1 -1 -1 -1 
48 10 214 449 75 186 -1 -1 -1 -1 
49 10 205 451 75 183 -1 -1 -1 -1 
50 10 193 451 74 183 -1 -1 -1 -1 
51 10 182 452 75 184 -1 -1 -1 -1 
52 10 174 447 75 186 -1 -1 -1 -1 
53 10 163 444 75 188 -1 -1 -1 -1 
54 10 154 440 77 191 -1 -1 -1 -1 
55 10 139 437 76 190 -1 -1 -1 -1 
56 10 128 438 77 191 -1 -1 -1 -1 
57 10 118 440 78 189 -1 -1 -1 -1 
58 10 110 438 77 190 -1 -1 -1 -1 
59 10 103 437 78 192 -1 -1 -1 -1 
60 10 89 442 78 192 -1 -1 -1 -1 
61 10 83 442 78 193 -1 -1 -1 -1 
62 10 78 446 78 193 -1 -1 -1 -1 
63 10 77 448 76 189 -1 -1 -1 -1 
64 10 74 446 77 190 -1 -1 -1 -1 
65 10 63 444 78 192 -1 -1 -1 -1 
66 10 59 442 78 194 -1 -1 -1 -1 
67 10 52 440 78 194 -1 -1 -1 -1 
68 10 44 438 78 195 -1 -1 -1 -1 
69 10 39 435 78 192 -1 -1 -1 -1 
70 10 30 431 80 198 -1 -1 -1 -1 
71 10 25 433 79 195 -1 -1 -1 -1 
72 10 19 431 81 199 -1 -1 -1 -1 
73 10 16 430 81 201 -1 -1 -1 -1 
74 10 10 432 80 197 -1 -1 -1 -1 
75 10 1 431 81 202 -1 -1 -1 -1 
76 10 0 430 76 201 -1 -1 -1 -1 
77 10 -1 429 70 203 -1 -1 -1 -1 
78 10 -2 432 62 201 -1 -1 -1 -1 
79 10 -2 431 55 201 -1 -1 -1 -1 
80 10 -2 431 48 192 -1 -1 -1 -1 
81 10 -1 435 38 185 -1 -1 -1 -1 
82 10 0 432 33 187 -1 -1 -1 -1 
83 10 0 421 29 196 -1 -1 -1 -1 
17 13 1054 424 32 78 -1 -1 -1 -1 
18 13 1052 426 30 74 -1 -1 -1 -1 
19 13 1046 428 29 73 -1 -1 -1 -1 
20 13 1030 433 31 79 -1 -1 -1 -1 
21 13 1022 433 32 80 -1 -1 -1 -1 
22 13 1015 437 30 74 -1 -1 -1 -1 
23 13 1005 437 31 76 -1 -1 -1 -1 
24 13 998 441 31 76 -1 -1 -1 -1 
25 13 975 441 30 76 -1 -1 -1 -1 
26 13 964 441 29 72 -1 -1 -1 -1 
27 13 941 440 28 70 -1 -1 -1 -1 
28 13 925 441 31 75 -1 -1 -1 -1 
29 13 914 439 31 77 -1 -1 -1 -1 
30 13 891 439 31 77 -1 -1 -1 -1 
31 13 882 441 33 79 -1 -1 -1 -1 
32 13 873 446 32 78 -1 -1 -1 -1 
33 13 865 449 31 78 -1 -1 -1 -1 
34 13 854 452 31 77 -1 -1 -1 -1 
35 13 839 454 32 83 -1 -1 -1 -1 
36 13 835 453 33 83 -1 -1 -1 -1 
37 13 831 454 31 79 -1 -1 -1 -1 
38 13 828 455 31 78 -1 -1 -1 -1 
39 13 822 451 33 80 -1 -1 -1 -1 
40 13 812 449 31 78 -1 -1 -1 -1 
41 13 807 447 32 78 -1 -1 -1 -1 
42 13 803 446 32 78 -1 -1 -1 -1 
43 13 800 442 33 81 -1 -1 -1 -1 
44 13 795 440 33 81 -1 -1 -1 -1 
45 13 788 439 33 78 -1 -1 -1 -1 
46 13 783 441 33 81 -1 -1 -1 -1 
47 13 780 440 32 80 -1 -1 -1 -1 
48 13 776 440 33 82 -1 -1 -1 -1 
49 13 772 438 33 84 -1 -1 -1 -1 
50 13 764 438 33 83 -1 -1 -1 -1 
51 13 759 441 32 82 -1 -1 -1 -1 
52 13 755 439 32 81 -1 -1 -1 -1 
53 13 753 437 32 81 -1 -1 -1 -1 
54 13 749 434 32 80 -1 -1 -1 -1 
55 13 739 429 33 81 -1 -1 -1 -1 
56 13 733 430 33 81 -1 -1 -1 -1 
57 13 727 429 33 81 -1 -1 -1 -1 
58 13 723 429 34 83 -1 -1 -1 -1 
59 13 719 430 34 81 -1 -1 -1 -1 
60 13 712 432 33 82 -1 -1 -1 -1 
61 13 712 431 31 80 -1 -1 -1 -1 
62 13 708 436 33 80 -1 -1 -1 -1 
63 13 708 435 34 82 -1 -1 -1 -1 
64 13 708 433 33 81 -1 -1 -1 -1 
65 13 704 432 34 85 -1 -1 -1 -1 
66 13 704 428 34 86 -1 -1 -1 -1 
67 13 702 427 35 85 -1 -1 -1 -1 
68 13 701 426 34 84 -1 -1 -1 -1 
69 13 701 421 34 82 -1 -1 -1 -1 
70 13 698 421 34 81 -1 -1 -1 -1 
71 13 695 422 33 79 -1 -1 -1 -1 
72 13 695 421 32 80 -1 -1 -1 -1 
73 13 694 422 33 80 -1 -1 -1 -1 
74 13 693 422 33 80 -1 -1 -1 -1 
75 13 693 423 37 91 -1 -1 -1 -1 
32 14 1848 358 69 275 -1 -1 -1 -1 
33 14 1842 359 74 280 -1 -1 -1 -1 
34 14 1830 368 87 272 -1 -1 -1 -1 
35 14 1815 368 101 273 -1 -1 -1 -1 
40 14 1793 357 112 278 -1 -1 -1 -1 
41 14 1791 352 112 281 -1 -1 -1 -1 
42 14 1787 352 115 285 -1 -1 -1 -1 
43 14 1786 346 117 290 -1 -1 -1 -1 
44 14 1784 341 117 293 -1 -1 -1 -1 
45 14 1781 341 117 289 -1 -1 -1 -1 
46 14 1778 337 118 291 -1 -1 -1 -1 
47 14 1782 335 118 292 -1 -1 -1 -1 
48 14 1779 335 118 292 -1 -1 -1 -1 
49 14 1779 339 117 292 -1 -1 -1 -1 
50 14 1778 337 119 297 -1 -1 -1 -1 
51 14 1779 335 121 303 -1 -1 -1 -1 
52 14 1776 336 122 304 -1 -1 -1 -1 
53 14 1775 335 123 305 -1 -1 -1 -1 
54 14 1771 332 122 301 -1 -1 -1 -1 
55 14 1766 326 121 298 -1 -1 -1 -1 
56 14 1762 326 121 296 -1 -1 -1 -1 
57 14 1758 323 123 301 -1 -1 -1 -1 
58 14 1758 320 124 305 -1 -1 -1 -1 
59 14 1759 318 124 305 -1 -1 -1 -1 
60 14 1757 318 124 304 -1 -1 -1 -1 
61 14 1752 319 124 304 -1 -1 -1 -1 
62 14 1753 317 127 312 -1 -1 -1 -1 
63 14 1758 318 129 319 -1 -1 -1 -1 
64 14 1765 312 130 321 -1 -1 -1 -1 
65 14 1769 310 131 323 -1 -1 -1 -1 
66 14 1771 302 134 332 -1 -1 -1 -1 
67 14 1771 307 133 325 -1 -1 -1 -1 
68 14 1771 310 131 320 -1 -1 -1 -1 
69 14 1773 303 134 327 -1 -1 -1 -1 
70 14 1778 299 133 329 -1 -1 -1 -1 
71 14 1777 295 136 334 -1 -1 -1 -1 
72 14 1780 295 135 333 -1 -1 -1 -1 
73 14 1785 296 134 335 -1 -1 -1 -1 
74 14 1786 297 134 339 -1 -1 -1 -1 
75 14 1795 299 124 339 -1 -1 -1 -1 
76 14 1802 307 118 337 -1 -1 -1 -1 
77 14 1811 305 109 344 -1 -1 -1 -1 
78 14 1812 309 108 343 -1 -1 -1 -1 
79 14 1815 316 104 334 -1 -1 -1 -1 
86 14 1834 310 86 571 -1 -1 -1 -1 
87 14 1834 306 86 588 -1 -1 -1 -1 
88 14 1836 321 84 579 -1 -1 -1 -1 
89 14 1833 309 88 588 -1 -1 -1 -1 
90 14 1827 300 94 663 -1 -1 -1 -1 
91 14 1825 348 97 629 -1 -1 -1 -1 
36 15 877 457 40 100 -1 -1 -1 -1 
37 15 869 457 41 100 -1 -1 -1 -1 
38 15 867 457 37 94 -1 -1 -1 -1 
39 15 861 456 39 97 -1 -1 -1 -1 
40 15 851 450 41 101 -1 -1 -1 -1 
41 15 844 446 43 105 -1 -1 -1 -1 
42 15 839 441 43 108 -1 -1 -1 -1 
43 15 835 443 40 101 -1 -1 -1 -1 
44 15 831 444 39 101 -1 -1 -1 -1 
45 15 822 445 39 99 -1 -1 -1 -1 
46 15 818 446 39 98 -1 -1 -1 -1 
47 15 814 444 39 99 -1 -1 -1 -1 
48 15 809 445 37 97 -1 -1 -1 -1 
49 15 805 445 39 102 -1 -1 -1 -1 
50 15 797 444 39 101 -1 -1 -1 -1 
51 15 792 445 38 99 -1 -1 -1 -1 
52 15 787 442 39 102 -1 -1 -1 -1 
53 15 783 440 39 102 -1 -1 -1 -1 
54 15 776 435 42 108 -1 -1 -1 -1 
55 15 767 431 40 101 -1 -1 -1 -1 
56 15 761 432 40 101 -1 -1 -1 -1 
57 15 756 430 40 101 -1 -1 -1 -1 
58 15 750 430 40 100 -1 -1 -1 -1 
59 15 746 430 40 101 -1 -1 -1 -1 
60 15 738 432 40 102 -1 -1 -1 -1 
61 15 738 433 35 90 -1 -1 -1 -1 
62 15 732 435 41 102 -1 -1 -1 -1 
63 15 732 434 42 106 -1 -1 -1 -1 
64 15 732 434 42 106 -1 -1 -1 -1 
65 15 727 434 42 106 -1 -1 -1 -1 
66 15 725 431 43 108 -1 -1 -1 -1 
67 15 722 428 43 108 -1 -1 -1 -1 
68 15 720 426 42 106 -1 -1 -1 -1 
69 15 719 422 43 107 -1 -1 -1 -1 
70 15 715 423 43 106 -1 -1 -1 -1 
71 15 715 424 40 100 -1 -1 -1 -1 
72 15 713 422 40 100 -1 -1 -1 -1 
73 15 712 422 40 102 -1 -1 -1 -1 
74 15 710 423 41 103 -1 -1 -1 -1 
75 15 707 427 42 107 -1 -1 -1 -1 
76 15 705 428 42 106 -1 -1 -1 -1 
77 15 704 429 44 108 -1 -1 -1 -1 
78 15 701 428 44 110 -1 -1 -1 -1 
79 15 698 428 46 112 -1 -1 -1 -1 
80 15 695 425 46 112 -1 -1 -1 -1 
81 15 695 423 42 108 -1 -1 -1 -1 
82 15 692 419 43 109 -1 -1 -1 -1 
83 15 690 417 43 108 -1 -1 -1 -1 
84 15 687 414 43 111 -1 -1 -1 -1 
85 15 683 414 44 110 -1 -1 -1 -1 
86 15 683 414 44 109 -1 -1 -1 -1 
87 15 679 414 43 108 -1 -1 -1 -1 
88 15 676 414 44 108 -1 -1 -1 -1 
89 15 674 414 41 100 -1 -1 -1 -1 
90 15 674 416 43 107 -1 -1 -1 -1 
91 15 676 414 42 107 -1 -1 -1 -1 
92 15 677 416 42 106 -1 -1 -1 -1 
93 15 677 413 42 106 -1 -1 -1 -1 
94 15 680 411 42 105 -1 -1 -1 -1 
95 15 681 403 44 109 -1 -1 -1 -1 
96 15 679 399 44 109 -1 -1 -1 -1 
97 15 681 396 43 109 -1 -1 -1 -1 
98 15 680 395 44 110 -1 -1 -1 -1 
99 15 678 394 45 110 -1 -1 -1 -1 
100 15 680 392 44 110 -1 -1 -1 -1 
101 15 679 392 43 108 -1 -1 -1 -1 
102 15 677 393 43 108 -1 -1 -1 -1 
103 15 674 392 45 110 -1 -1 -1 -1 
104 15 671 393 45 112 -1 -1 -1 -1 
105 15 671 391 45 112 -1 -1 -1 -1 
106 15 670 392 45 113 -1 -1 -1 -1 
107 15 670 392 45 113 -1 -1 -1 -1 
108 15 670 391 44 110 -1 -1 -1 -1 
109 15 668 390 44 111 -1 -1 -1 -1 
110 15 665 389 45 113 -1 -1 -1 -1 
111 15 665 389 45 113 -1 -1 -1 -1 
112 15 665 390 44 111 -1 -1 -1 -1 
113 15 667 389 43 111 -1 -1 -1 -1 
114 15 667 388 45 112 -1 -1 -1 -1 
115 15 673 391 44 110 -1 -1 -1 -1 
116 15 675 392 43 108 -1 -1 -1 -1 
118 15 681 394 45 114 -1 -1 -1 -1 
119 15 692 395 44 112 -1 -1 -1 -1 
120 15 699 395 40 97 -1 -1 -1 -1 
121 15 721 392 43 108 -1 -1 -1 -1 
122 15 729 390 45 112 -1 -1 -1 -1 
123 15 736 390 45 112 -1 -1 -1 -1 
125 15 745 385 44 110 -1 -1 -1 -1 
144 15 862 353 48 118 -1 -1 -1 -1 
48 16 888 438 39 97 -1 -1 -1 -1 
49 16 883 438 40 97 -1 -1 -1 -1 
50 16 878 437 39 99 -1 -1 -1 -1 
51 16 872 440 39 98 -1 -1 -1 -1 
52 16 869 436 39 100 -1 -1 -1 -1 
53 16 867 432 39 102 -1 -1 -1 -1 
54 16 861 429 40 101 -1 -1 -1 -1 
55 16 854 423 40 101 -1 -1 -1 -1 
56 16 849 423 42 103 -1 -1 -1 -1 
57 16 845 422 42 104 -1 -1 -1 -1 
58 16 842 421 43 106 -1 -1 -1 -1 
59 16 841 422 43 106 -1 -1 -1 -1 
60 16 834 425 43 104 -1 -1 -1 -1 
61 16 835 426 40 101 -1 -1 -1 -1 
62 16 831 428 42 103 -1 -1 -1 -1 
63 16 832 428 43 103 -1 -1 -1 -1 
64 16 835 427 41 102 -1 -1 -1 -1 
65 16 833 426 42 103 -1 -1 -1 -1 
66 16 834 423 43 104 -1 -1 -1 -1 
67 16 832 420 43 107 -1 -1 -1 -1 
68 16 830 416 44 110 -1 -1 -1 -1 
69 16 830 412 46 112 -1 -1 -1 -1 
70 16 829 411 46 111 -1 -1 -1 -1 
71 16 829 410 44 111 -1 -1 -1 -1 
72 16 830 411 44 109 -1 -1 -1 -1 
73 16 831 412 44 109 -1 -1 -1 -1 
74 16 831 412 43 109 -1 -1 -1 -1 
75 16 827 416 43 109 -1 -1 -1 -1 
76 16 827 416 43 109 -1 -1 -1 -1 
77 16 827 419 43 109 -1 -1 -1 -1 
78 16 825 418 44 111 -1 -1 -1 -1 
79 16 822 418 46 115 -1 -1 -1 -1 
80 16 819 415 47 115 -1 -1 -1 -1 
81 16 818 414 46 115 -1 -1 -1 -1 
82 16 817 411 46 116 -1 -1 -1 -1 
83 16 816 408 48 117 -1 -1 -1 -1 
84 16 814 406 48 118 -1 -1 -1 -1 
85 16 813 406 48 118 -1 -1 -1 -1 
86 16 814 407 48 117 -1 -1 -1 -1 
87 16 814 407 47 117 -1 -1 -1 -1 
88 16 814 408 47 117 -1 -1 -1 -1 
89 16 815 406 47 117 -1 -1 -1 -1 
90 16 815 407 48 119 -1 -1 -1 -1 
91 16 818 407 48 118 -1 -1 -1 -1 
92 16 820 407 48 118 -1 -1 -1 -1 
93 16 822 405 48 116 -1 -1 -1 -1 
94 16 826 402 48 116 -1 -1 -1 -1 
95 16 828 396 48 117 -1 -1 -1 -1 
96 16 829 392 47 117 -1 -1 -1 -1 
97 16 830 388 49 119 -1 -1 -1 -1 
98 16 830 387 50 120 -1 -1 -1 -1 
99 16 829 387 52 124 -1 -1 -1 -1 
115 16 833 380 58 141 -1 -1 -1 -1 
116 16 838 381 57 139 -1 -1 -1 -1 
117 16 832 384 63 158 -1 -1 -1 -1 
118 16 844 386 59 147 -1 -1 -1 -1 
119 16 857 384 55 137 -1 -1 -1 -1 
120 16 867 383 55 133 -1 -1 -1 -1 
121 16 891 379 56 138 -1 -1 -1 -1 
122 16 901 377 56 137 -1 -1 -1 -1 
123 16 907 375 58 139 -1 -1 -1 -1 
124 16 913 371 58 142 -1 -1 -1 -1 
125 16 921 369 58 140 -1 -1 -1 -1 
126 16 938 367 55 138 -1 -1 -1 -1 
127 16 943 367 56 140 -1 -1 -1 -1 
128 16 951 365 57 142 -1 -1 -1 -1 
129 16 960 366 57 142 -1 -1 -1 -1 
130 16 966 364 58 144 -1 -1 -1 -1 
131 16 983 362 58 144 -1 -1 -1 -1 
132 16 989 361 58 145 -1 -1 -1 -1 
133 16 996 357 58 148 -1 -1 -1 -1 
134 16 1002 355 60 147 -1 -1 -1 -1 
135 16 1010 351 60 149 -1 -1 -1 -1 
136 16 1020 346 61 150 -1 -1 -1 -1 
137 16 1025 343 62 151 -1 -1 -1 -1 
138 16 1032 341 60 149 -1 -1 -1 -1 
139 16 1035 339 60 150 -1 -1 -1 -1 
140 16 1039 339 60 150 -1 -1 -1 -1 
141 16 1045 337 62 153 -1 -1 -1 -1 
142 16 1051 337 62 154 -1 -1 -1 -1 
143 16 1054 337 63 156 -1 -1 -1 -1 
144 16 1060 338 62 157 -1 -1 -1 -1 
145 16 1064 337 62 156 -1 -1 -1 -1 
146 16 1073 340 62 156 -1 -1 -1 -1 
147 16 1079 339 63 159 -1 -1 -1 -1 
148 16 1086 338 63 161 -1 -1 -1 -1 
149 16 1090 337 65 162 -1 -1 -1 -1 
150 16 1094 335 66 164 -1 -1 -1 -1 
151 16 1106 331 66 167 -1 -1 -1 -1 
152 16 1108 330 66 166 -1 -1 -1 -1 
153 16 1111 328 66 165 -1 -1 -1 -1 
154 16 1114 326 67 165 -1 -1 -1 -1 
155 16 1115 325 68 167 -1 -1 -1 -1 
156 16 1120 322 68 168 -1 -1 -1 -1 
157 16 1122 321 68 169 -1 -1 -1 -1 
158 16 1123 321 68 171 -1 -1 -1 -1 
159 16 1122 321 69 172 -1 -1 -1 -1 
160 16 1121 321 70 174 -1 -1 -1 -1 
161 16 1114 323 71 175 -1 -1 -1 -1 
162 16 1113 320 71 178 -1 -1 -1 -1 
163 16 1110 320 72 180 -1 -1 -1 -1 
164 16 1105 321 74 181 -1 -1 -1 -1 
165 16 1101 322 73 181 -1 -1 -1 -1 
166 16 1091 322 73 180 -1 -1 -1 -1 
167 16 1088 322 73 180 -1 -1 -1 -1 
168 16 1083 322 73 181 -1 -1 -1 -1 
169 16 1076 321 73 182 -1 -1 -1 -1 
170 16 1069 321 73 181 -1 -1 -1 -1 
171 16 1055 319 75 184 -1 -1 -1 -1 
172 16 1049 318 75 186 -1 -1 -1 -1 
173 16 1044 318 76 186 -1 -1 -1 -1 
174 16 1041 316 75 188 -1 -1 -1 -1 
175 16 1034 318 76 189 -1 -1 -1 -1 
176 16 1034 316 79 194 -1 -1 -1 -1 
177 16 1036 317 78 196 -1 -1 -1 -1 
178 16 1033 316 81 198 -1 -1 -1 -1 
179 16 1035 314 80 199 -1 -1 -1 -1 
180 16 1038 311 79 198 -1 -1 -1 -1 
181 16 1037 305 79 198 -1 -1 -1 -1 
182 16 1037 301 80 200 -1 -1 -1 -1 
183 16 1037 298 81 203 -1 -1 -1 -1 
184 16 1037 296 82 204 -1 -1 -1 -1 
185 16 1037 295 83 204 -1 -1 -1 -1 
186 16 1038 291 83 208 -1 -1 -1 -1 
187 16 1039 292 84 209 -1 -1 -1 -1 
188 16 1040 292 84 211 -1 -1 -1 -1 
189 16 1041 296 85 211 -1 -1 -1 -1 
190 16 1042 298 86 212 -1 -1 -1 -1 
191 16 1044 301 88 213 -1 -1 -1 -1 
192 16 1048 304 87 214 -1 -1 -1 -1 
193 16 1051 305 86 213 -1 -1 -1 -1 
194 16 1052 307 87 213 -1 -1 -1 -1 
195 16 1053 307 88 215 -1 -1 -1 -1 
196 16 1059 309 87 215 -1 -1 -1 -1 
197 16 1062 310 88 217 -1 -1 -1 -1 
198 16 1067 311 89 218 -1 -1 -1 -1 
199 16 1071 311 90 220 -1 -1 -1 -1 
200 16 1073 311 93 227 -1 -1 -1 -1 
201 16 1084 317 93 230 -1 -1 -1 -1 
202 16 1089 321 91 231 -1 -1 -1 -1 
203 16 1099 326 95 233 -1 -1 -1 -1 
204 16 1113 326 97 240 -1 -1 -1 -1 
205 16 1123 329 98 242 -1 -1 -1 -1 
206 16 1141 334 98 243 -1 -1 -1 -1 
207 16 1153 336 97 242 -1 -1 -1 -1 
208 16 1159 339 97 239 -1 -1 -1 -1 
209 16 1166 337 99 245 -1 -1 -1 -1 
210 16 1175 336 98 244 -1 -1 -1 -1 
211 16 1187 332 102 251 -1 -1 -1 -1 
212 16 1193 329 105 257 -1 -1 -1 -1 
213 16 1199 325 106 260 -1 -1 -1 -1 
214 16 1203 324 108 265 -1 -1 -1 -1 
215 16 1212 323 108 269 -1 -1 -1 -1 
216 16 1223 320 111 276 -1 -1 -1 -1 
217 16 1230 322 112 279 -1 -1 -1 -1 
218 16 1239 323 112 278 -1 -1 -1 -1 
219 16 1244 323 113 280 -1 -1 -1 -1 
220 16 1248 329 115 279 -1 -1 -1 -1 
221 16 1253 331 115 283 -1 -1 -1 -1 
222 16 1256 331 115 285 -1 -1 -1 -1 
223 16 1260 331 118 291 -1 -1 -1 -1 
224 16 1270 331 118 290 -1 -1 -1 -1 
225 16 1273 328 119 293 -1 -1 -1 -1 
226 16 1281 322 120 298 -1 -1 -1 -1 
227 16 1288 319 124 306 -1 -1 -1 -1 
228 16 1295 318 126 309 -1 -1 -1 -1 
229 16 1303 316 126 311 -1 -1 -1 -1 
230 16 1312 315 127 312 -1 -1 -1 -1 
231 16 1325 320 129 322 -1 -1 -1 -1 
232 16 1333 320 129 323 -1 -1 -1 -1 
233 16 1337 319 131 327 -1 -1 -1 -1 
234 16 1346 318 129 317 -1 -1 -1 -1 
235 16 1354 316 129 317 -1 -1 -1 -1 
236 16 1361 312 129 319 -1 -1 -1 -1 
237 16 1368 308 131 320 -1 -1 -1 -1 
238 16 1377 304 127 305 -1 -1 -1 -1 
239 16 1381 301 124 299 -1 -1 -1 -1 
249 16 1498 288 156 375 -1 -1 -1 -1 
250 16 1507 285 164 403 -1 -1 -1 -1 
251 16 1521 279 167 413 -1 -1 -1 -1 
252 16 1530 274 172 422 -1 -1 -1 -1 
253 16 1537 268 178 436 -1 -1 -1 -1 
254 16 1548 263 181 443 -1 -1 -1 -1 
255 16 1560 258 182 448 -1 -1 -1 -1 
256 16 1584 251 186 459 -1 -1 -1 -1 
257 16 1605 249 187 460 -1 -1 -1 -1 
258 16 1620 244 188 464 -1 -1 -1 -1 
259 16 1635 244 190 472 -1 -1 -1 -1 
260 16 1651 244 189 467 -1 -1 -1 -1 
261 16 1671 244 191 468 -1 -1 -1 -1 
262 16 1687 242 196 473 -1 -1 -1 -1 
263 16 1701 238 197 479 -1 -1 -1 -1 
56 17 65 450 75 184 -1 -1 -1 -1 
57 17 58 451 72 180 -1 -1 -1 -1 
58 17 46 444 76 187 -1 -1 -1 -1 
59 17 38 445 76 186 -1 -1 -1 -1 
60 17 22 445 77 191 -1 -1 -1 -1 
61 17 13 453 74 183 -1 -1 -1 -1 
62 17 4 464 72 172 -1 -1 -1 -1 
63 17 3 457 72 179 -1 -1 -1 -1 
64 17 3 458 72 179 -1 -1 -1 -1 
65 17 0 458 62 179 -1 -1 -1 -1 
66 17 -1 451 63 186 -1 -1 -1 -1 
67 17 -2 450 61 187 -1 -1 -1 -1 
68 17 -1 449 53 188 -1 -1 -1 -1 
69 17 0 440 52 194 -1 -1 -1 -1 
70 17 -1 437 44 197 -1 -1 -1 -1 
71 17 -1 432 35 200 -1 -1 -1 -1 
72 17 0 444 28 191 -1 -1 -1 -1 
73 17 0 448 25 188 -1 -1 -1 -1 
76 18 45 423 76 186 -1 -1 -1 -1 
77 18 44 418 78 192 -1 -1 -1 -1 
78 18 40 424 76 183 -1 -1 -1 -1 
79 18 29 423 76 186 -1 -1 -1 -1 
80 18 25 423 74 183 -1 -1 -1 -1 
81 18 19 417 76 188 -1 -1 -1 -1 
82 18 12 412 78 190 -1 -1 -1 -1 
83 18 7 408 80 194 -1 -1 -1 -1 
84 18 1 406 77 195 -1 -1 -1 -1 
85 18 -1 405 72 198 -1 -1 -1 -1 
86 18 0 405 69 196 -1 -1 -1 -1 
87 18 -1 403 68 200 -1 -1 -1 -1 
88 18 0 397 65 207 -1 -1 -1 -1 
89 18 0 396 59 203 -1 -1 -1 -1 
90 18 0 394 57 210 -1 -1 -1 -1 
91 18 0 400 52 204 -1 -1 -1 -1 
92 18 0 418 47 189 -1 -1 -1 -1 
124 18 0 416 58 186 -1 -1 -1 -1 
125 18 1 413 58 183 -1 -1 -1 -1 
126 18 4 403 60 192 -1 -1 -1 -1 
127 18 2 397 62 197 -1 -1 -1 -1 
128 18 2 398 68 194 -1 -1 -1 -1 
129 18 2 387 73 207 -1 -1 -1 -1 
130 18 1 377 79 214 -1 -1 -1 -1 
131 18 13 372 87 217 -1 -1 -1 -1 
132 18 11 370 90 220 -1 -1 -1 -1 
133 18 14 368 90 221 -1 -1 -1 -1 
134 18 20 366 90 220 -1 -1 -1 -1 
135 18 26 362 89 220 -1 -1 -1 -1 
136 18 30 357 91 221 -1 -1 -1 -1 
137 18 32 352 92 224 -1 -1 -1 -1 
138 18 38 354 89 218 -1 -1 -1 -1 
139 18 39 350 89 221 -1 -1 -1 -1 
140 18 37 347 91 222 -1 -1 -1 -1 
141 18 39 345 91 225 -1 -1 -1 -1 
142 18 39 345 93 227 -1 -1 -1 -1 
143 18 42 351 90 222 -1 -1 -1 -1 
144 18 42 353 91 223 -1 -1 -1 -1 
145 18 44 355 92 225 -1 -1 -1 -1 
146 18 52 361 89 223 -1 -1 -1 -1 
147 18 52 358 91 225 -1 -1 -1 -1 
148 18 54 355 92 228 -1 -1 -1 -1 
149 18 58 353 93 231 -1 -1 -1 -1 
150 18 62 352 93 231 -1 -1 -1 -1 
151 18 69 357 92 225 -1 -1 -1 -1 
152 18 68 358 92 223 -1 -1 -1 -1 
153 18 65 350 92 230 -1 -1 -1 -1 
154 18 63 345 94 234 -1 -1 -1 -1 
155 18 60 343 96 237 -1 -1 -1 -1 
156 18 58 342 94 234 -1 -1 -1 -1 
157 18 54 343 94 233 -1 -1 -1 -1 
158 18 50 345 94 232 -1 -1 -1 -1 
159 18 48 351 92 228 -1 -1 -1 -1 
160 18 42 347 94 233 -1 -1 -1 -1 
161 18 27 349 92 233 -1 -1 -1 -1 
162 18 18 344 96 238 -1 -1 -1 -1 
163 18 6 344 98 238 -1 -1 -1 -1 
164 18 0 345 92 237 -1 -1 -1 -1 
165 18 -3 343 85 241 -1 -1 -1 -1 
166 18 -6 362 68 223 -1 -1 -1 -1 
167 18 -3 374 55 215 -1 -1 -1 -1 
168 18 -2 369 44 223 -1 -1 -1 -1 
169 18 -2 374 39 217 -1 -1 -1 -1 
80 20 519 424 36 91 -1 -1 -1 -1 
81 20 519 424 36 91 -1 -1 -1 -1 
82 20 517 418 37 92 -1 -1 -1 -1 
83 20 516 413 37 94 -1 -1 -1 -1 
84 20 513 411 39 95 -1 -1 -1 -1 
85 20 510 389 45 116 -1 -1 -1 -1 
86 20 511 391 44 113 -1 -1 -1 -1 
87 20 511 383 46 120 -1 -1 -1 -1 
88 20 511 383 47 119 -1 -1 -1 -1 
90 20 516 392 44 110 -1 -1 -1 -1 
91 20 520 386 42 108 -1 -1 -1 -1 
92 20 522 385 44 113 -1 -1 -1 -1 
93 20 525 391 41 105 -1 -1 -1 -1 
95 20 532 373 47 118 -1 -1 -1 -1 
96 20 534 375 45 112 -1 -1 -1 -1 
97 20 538 375 41 106 -1 -1 -1 -1 
98 20 542 383 36 93 -1 -1 -1 -1 
99 20 540 372 40 102 -1 -1 -1 -1 
100 20 543 373 40 100 -1 -1 -1 -1 
101 20 542 371 41 103 -1 -1 -1 -1 
102 20 542 373 39 100 -1 -1 -1 -1 
103 20 540 366 41 103 -1 -1 -1 -1 
104 20 540 369 40 103 -1 -1 -1 -1 
105 20 541 367 42 107 -1 -1 -1 -1 
106 20 543 378 39 97 -1 -1 -1 -1 
107 20 545 383 36 92 -1 -1 -1 -1 
108 20 544 382 38 95 -1 -1 -1 -1 
109 20 544 382 37 94 -1 -1 -1 -1 
110 20 544 385 36 91 -1 -1 -1 -1 
111 20 544 382 36 92 -1 -1 -1 -1 
112 20 544 381 37 94 -1 -1 -1 -1 
113 20 545 381 37 95 -1 -1 -1 -1 
114 20 547 374 40 103 -1 -1 -1 -1 
115 20 554 377 43 107 -1 -1 -1 -1 
121 20 613 378 45 116 -1 -1 -1 -1 
122 20 625 378 47 121 -1 -1 -1 -1 
123 20 633 377 45 117 -1 -1 -1 -1 
124 20 636 372 48 121 -1 -1 -1 -1 
125 20 644 375 43 109 -1 -1 -1 -1 
126 20 657 365 45 116 -1 -1 -1 -1 
127 20 663 373 44 109 -1 -1 -1 -1 
128 20 672 366 45 114 -1 -1 -1 -1 
129 20 680 367 43 110 -1 -1 -1 -1 
130 20 687 370 44 110 -1 -1 -1 -1 
131 20 702 360 45 113 -1 -1 -1 -1 
132 20 707 360 47 118 -1 -1 -1 -1 
133 20 715 362 45 115 -1 -1 -1 -1 
134 20 723 362 43 113 -1 -1 -1 -1 
135 20 728 351 47 121 -1 -1 -1 -1 
136 20 738 351 44 113 -1 -1 -1 -1 
137 20 743 350 43 113 -1 -1 -1 -1 
138 20 747 352 42 107 -1 -1 -1 -1 
139 20 748 349 44 113 -1 -1 -1 -1 
140 20 750 342 47 120 -1 -1 -1 -1 
141 20 757 344 46 117 -1 -1 -1 -1 
142 20 760 338 49 120 -1 -1 -1 -1 
143 20 766 346 44 111 -1 -1 -1 -1 
144 20 769 347 45 112 -1 -1 -1 -1 
145 20 772 350 44 110 -1 -1 -1 -1 
146 20 779 352 44 112 -1 -1 -1 -1 
147 20 785 352 46 115 -1 -1 -1 -1 
148 20 792 354 44 113 -1 -1 -1 -1 
149 20 794 345 47 121 -1 -1 -1 -1 
150 20 801 349 45 117 -1 -1 -1 -1 
151 20 811 352 44 114 -1 -1 -1 -1 
152 20 811 349 47 117 -1 -1 -1 -1 
153 20 814 347 47 115 -1 -1 -1 -1 
154 20 819 347 44 110 -1 -1 -1 -1 
155 20 820 344 44 112 -1 -1 -1 -1 
156 20 822 340 44 112 -1 -1 -1 -1 
157 20 823 342 43 110 -1 -1 -1 -1 
158 20 823 343 43 111 -1 -1 -1 -1 
159 20 823 344 44 112 -1 -1 -1 -1 
160 20 821 344 44 113 -1 -1 -1 -1 
161 20 812 343 48 119 -1 -1 -1 -1 
162 20 810 343 48 118 -1 -1 -1 -1 
163 20 806 343 47 119 -1 -1 -1 -1 
164 20 798 339 50 124 -1 -1 -1 -1 
165 20 793 340 49 123 -1 -1 -1 -1 
166 20 782 340 49 124 -1 -1 -1 -1 
167 20 770 326 54 138 -1 -1 -1 -1 
168 20 766 331 53 132 -1 -1 -1 -1 
169 20 756 325 56 140 -1 -1 -1 -1 
170 20 749 329 54 136 -1 -1 -1 -1 
171 20 733 339 51 126 -1 -1 -1 -1 
172 20 723 329 54 137 -1 -1 -1 -1 
173 20 720 340 50 125 -1 -1 -1 -1 
174 20 713 326 55 139 -1 -1 -1 -1 
175 20 709 338 52 130 -1 -1 -1 -1 
176 20 708 344 50 123 -1 -1 -1 -1 
177 20 706 347 51 122 -1 -1 -1 -1 
178 20 703 348 50 119 -1 -1 -1 -1 
179 20 704 338 52 128 -1 -1 -1 -1 
180 20 705 336 50 126 -1 -1 -1 -1 
181 20 704 331 49 124 -1 -1 -1 -1 
182 20 700 314 56 137 -1 -1 -1 -1 
183 20 699 312 57 138 -1 -1 -1 -1 
184 20 699 313 56 136 -1 -1 -1 -1 
185 20 700 316 54 130 -1 -1 -1 -1 
186 20 701 320 51 125 -1 -1 -1 -1 
187 20 701 319 51 128 -1 -1 -1 -1 
188 20 699 310 56 139 -1 -1 -1 -1 
189 20 699 317 55 135 -1 -1 -1 -1 
190 20 701 322 52 131 -1 -1 -1 -1 
191 20 701 325 51 130 -1 -1 -1 -1 
192 20 701 328 52 128 -1 -1 -1 -1 
193 20 702 327 52 128 -1 -1 -1 -1 
194 20 702 327 52 128 -1 -1 -1 -1 
195 20 702 328 52 127 -1 -1 -1 -1 
196 20 706 328 52 127 -1 -1 -1 -1 
197 20 708 331 51 126 -1 -1 -1 -1 
198 20 710 333 52 126 -1 -1 -1 -1 
199 20 714 331 52 130 -1 -1 -1 -1 
200 20 716 336 52 130 -1 -1 -1 -1 
201 20 720 336 54 135 -1 -1 -1 -1 
202 20 720 329 60 149 -1 -1 -1 -1 
203 20 733 344 56 138 -1 -1 -1 -1 
204 20 745 349 56 135 -1 -1 -1 -1 
205 20 754 350 56 138 -1 -1 -1 -1 
206 20 768 353 56 137 -1 -1 -1 -1 
207 20 776 355 56 137 -1 -1 -1 -1 
208 20 783 356 55 136 -1 -1 -1 -1 
209 20 789 355 54 134 -1 -1 -1 -1 
210 20 794 354 56 135 -1 -1 -1 -1 
211 20 803 354 56 136 -1 -1 -1 -1 
212 20 808 355 55 135 -1 -1 -1 -1 
213 20 813 355 54 133 -1 -1 -1 -1 
214 20 816 356 55 132 -1 -1 -1 -1 
215 20 822 357 54 131 -1 -1 -1 -1 
216 20 831 360 53 131 -1 -1 -1 -1 
217 20 833 361 53 132 -1 -1 -1 -1 
218 20 836 359 54 132 -1 -1 -1 -1 
219 20 838 360 53 131 -1 -1 -1 -1 
220 20 842 361 52 131 -1 -1 -1 -1 
221 20 843 361 52 132 -1 -1 -1 -1 
222 20 844 361 52 132 -1 -1 -1 -1 
223 20 845 360 53 132 -1 -1 -1 -1 
224 20 847 358 53 131 -1 -1 -1 -1 
225 20 847 358 53 131 -1 -1 -1 -1 
226 20 849 357 53 132 -1 -1 -1 -1 
227 20 852 355 54 135 -1 -1 -1 -1 
228 20 854 357 55 134 -1 -1 -1 -1 
229 20 858 356 54 134 -1 -1 -1 -1 
230 20 861 356 53 132 -1 -1 -1 -1 
231 20 865 354 56 137 -1 -1 -1 -1 
232 20 870 351 55 137 -1 -1 -1 -1 
233 20 872 350 55 137 -1 -1 -1 -1 
234 20 876 347 57 139 -1 -1 -1 -1 
235 20 879 343 57 140 -1 -1 -1 -1 
236 20 884 336 57 142 -1 -1 -1 -1 
237 20 886 335 57 140 -1 -1 -1 -1 
238 20 889 331 56 141 -1 -1 -1 -1 
239 20 891 332 56 139 -1 -1 -1 -1 
240 20 893 332 56 137 -1 -1 -1 -1 
241 20 898 330 57 139 -1 -1 -1 -1 
242 20 901 328 57 142 -1 -1 -1 -1 
243 20 904 329 56 140 -1 -1 -1 -1 
244 20 906 327 57 141 -1 -1 -1 -1 
245 20 907 329 57 141 -1 -1 -1 -1 
246 20 914 326 56 142 -1 -1 -1 -1 
247 20 913 325 58 143 -1 -1 -1 -1 
248 20 913 324 59 144 -1 -1 -1 -1 
249 20 915 324 59 142 -1 -1 -1 -1 
250 20 917 323 57 140 -1 -1 -1 -1 
251 20 922 318 58 144 -1 -1 -1 -1 
252 20 923 316 59 146 -1 -1 -1 -1 
253 20 923 315 61 150 -1 -1 -1 -1 
254 20 924 315 60 150 -1 -1 -1 -1 
255 20 927 315 60 149 -1 -1 -1 -1 
256 20 931 312 61 151 -1 -1 -1 -1 
257 20 935 313 60 150 -1 -1 -1 -1 
258 20 940 313 60 146 -1 -1 -1 -1 
259 20 942 316 60 145 -1 -1 -1 -1 
260 20 947 316 58 144 -1 -1 -1 -1 
261 20 954 310 59 146 -1 -1 -1 -1 
262 20 957 306 58 146 -1 -1 -1 -1 
263 20 959 302 59 147 -1 -1 -1 -1 
264 20 959 299 61 150 -1 -1 -1 -1 
265 20 961 297 61 152 -1 -1 -1 -1 
266 20 965 291 63 154 -1 -1 -1 -1 
267 20 965 290 63 156 -1 -1 -1 -1 
268 20 966 291 62 155 -1 -1 -1 -1 
269 20 966 292 62 154 -1 -1 -1 -1 
270 20 968 291 62 155 -1 -1 -1 -1 
271 20 966 293 62 154 -1 -1 -1 -1 
272 20 963 296 63 154 -1 -1 -1 -1 
273 20 961 295 62 154 -1 -1 -1 -1 
274 20 960 296 61 153 -1 -1 -1 -1 
275 20 958 293 63 157 -1 -1 -1 -1 
276 20 950 295 62 156 -1 -1 -1 -1 
277 20 942 294 64 159 -1 -1 -1 -1 
278 20 933 294 65 160 -1 -1 -1 -1 
279 20 925 292 64 160 -1 -1 -1 -1 
280 20 917 288 65 164 -1 -1 -1 -1 
281 20 901 286 67 164 -1 -1 -1 -1 
282 20 893 283 68 168 -1 -1 -1 -1 
283 20 887 283 67 168 -1 -1 -1 -1 
284 20 881 282 69 170 -1 -1 -1 -1 
285 20 876 282 68 170 -1 -1 -1 -1 
286 20 872 282 66 163 -1 -1 -1 -1 
287 20 865 283 67 167 -1 -1 -1 -1 
288 20 865 280 67 167 -1 -1 -1 -1 
289 20 862 278 67 167 -1 -1 -1 -1 
290 20 858 278 67 165 -1 -1 -1 -1 
291 20 859 277 65 161 -1 -1 -1 -1 
292 20 857 269 66 165 -1 -1 -1 -1 
293 20 854 264 67 169 -1 -1 -1 -1 
294 20 852 257 70 172 -1 -1 -1 -1 
295 20 851 255 70 173 -1 -1 -1 -1 
296 20 848 252 72 177 -1 -1 -1 -1 
297 20 848 248 73 179 -1 -1 -1 -1 
298 20 846 247 73 181 -1 -1 -1 -1 
299 20 844 250 73 180 -1 -1 -1 -1 
300 20 842 247 73 182 -1 -1 -1 -1 
301 20 837 250 74 184 -1 -1 -1 -1 
302 20 832 246 75 190 -1 -1 -1 -1 
303 20 828 248 76 190 -1 -1 -1 -1 
304 20 826 249 76 189 -1 -1 -1 -1 
305 20 821 248 76 189 -1 -1 -1 -1 
306 20 815 248 76 189 -1 -1 -1 -1 
307 20 805 246 76 190 -1 -1 -1 -1 
308 20 799 246 78 193 -1 -1 -1 -1 
309 20 793 247 79 194 -1 -1 -1 -1 
310 20 788 246 80 196 -1 -1 -1 -1 
311 20 785 248 80 196 -1 -1 -1 -1 
312 20 780 251 82 200 -1 -1 -1 -1 
313 20 778 257 76 191 -1 -1 -1 -1 
314 20 774 258 75 189 -1 -1 -1 -1 
315 20 774 258 78 198 -1 -1 -1 -1 
316 20 775 258 80 201 -1 -1 -1 -1 
317 20 775 261 81 200 -1 -1 -1 -1 
318 20 777 260 80 200 -1 -1 -1 -1 
319 20 779 257 81 201 -1 -1 -1 -1 
320 20 778 253 82 205 -1 -1 -1 -1 
321 20 776 251 83 206 -1 -1 -1 -1 
322 20 777 248 85 208 -1 -1 -1 -1 
323 20 775 248 85 209 -1 -1 -1 -1 
324 20 774 248 83 207 -1 -1 -1 -1 
325 20 775 249 81 203 -1 -1 -1 -1 
326 20 774 249 83 205 -1 -1 -1 -1 
327 20 774 250 83 205 -1 -1 -1 -1 
328 20 772 253 84 206 -1 -1 -1 -1 
329 20 771 252 84 206 -1 -1 -1 -1 
330 20 770 252 84 206 -1 -1 -1 -1 
331 20 768 251 86 211 -1 -1 -1 -1 
332 20 766 252 88 214 -1 -1 -1 -1 
333 20 763 252 88 214 -1 -1 -1 -1 
334 20 759 253 89 216 -1 -1 -1 -1 
335 20 755 250 89 218 -1 -1 -1 -1 
336 20 748 248 94 230 -1 -1 -1 -1 
337 20 742 254 93 226 -1 -1 -1 -1 
338 20 736 254 93 227 -1 -1 -1 -1 
339 20 730 257 94 228 -1 -1 -1 -1 
340 20 724 260 95 227 -1 -1 -1 -1 
341 20 719 262 97 234 -1 -1 -1 -1 
342 20 709 266 102 255 -1 -1 -1 -1 
343 20 704 267 98 242 -1 -1 -1 -1 
344 20 702 269 98 240 -1 -1 -1 -1 
345 20 698 270 99 240 -1 -1 -1 -1 
346 20 688 271 105 253 -1 -1 -1 -1 
347 20 681 273 108 267 -1 -1 -1 -1 
348 20 673 278 110 268 -1 -1 -1 -1 
349 20 665 277 113 274 -1 -1 -1 -1 
350 20 658 272 117 288 -1 -1 -1 -1 
351 20 656 272 115 281 -1 -1 -1 -1 
352 20 649 276 113 279 -1 -1 -1 -1 
353 20 641 278 114 283 -1 -1 -1 -1 
354 20 635 279 116 284 -1 -1 -1 -1 
355 20 630 280 118 289 -1 -1 -1 -1 
356 20 623 278 116 286 -1 -1 -1 -1 
357 20 615 279 118 290 -1 -1 -1 -1 
358 20 607 277 120 298 -1 -1 -1 -1 
359 20 596 280 124 306 -1 -1 -1 -1 
360 20 588 282 129 316 -1 -1 -1 -1 
361 20 583 281 128 317 -1 -1 -1 -1 
362 20 568 284 129 318 -1 -1 -1 -1 
363 20 561 284 128 315 -1 -1 -1 -1 
364 20 555 283 129 318 -1 -1 -1 -1 
365 20 548 285 131 321 -1 -1 -1 -1 
366 20 542 284 134 327 -1 -1 -1 -1 
367 20 535 281 136 334 -1 -1 -1 -1 
368 20 528 278 139 342 -1 -1 -1 -1 
369 20 520 277 143 355 -1 -1 -1 -1 
370 20 516 274 145 358 -1 -1 -1 -1 
371 20 517 271 144 354 -1 -1 -1 -1 
372 20 513 267 147 363 -1 -1 -1 -1 
373 20 506 266 150 365 -1 -1 -1 -1 
374 20 501 263 151 369 -1 -1 -1 -1 
375 20 495 262 152 371 -1 -1 -1 -1 
376 20 489 259 153 377 -1 -1 -1 -1 
377 20 479 253 157 383 -1 -1 -1 -1 
378 20 470 253 164 399 -1 -1 -1 -1 
379 20 464 253 164 402 -1 -1 -1 -1 
380 20 457 251 163 400 -1 -1 -1 -1 
381 20 449 247 170 409 -1 -1 -1 -1 
382 20 435 246 169 410 -1 -1 -1 -1 
383 20 423 245 172 418 -1 -1 -1 -1 
384 20 412 247 168 415 -1 -1 -1 -1 
385 20 405 244 169 419 -1 -1 -1 -1 
386 20 393 240 174 429 -1 -1 -1 -1 
387 20 374 240 181 449 -1 -1 -1 -1 
388 20 360 240 184 455 -1 -1 -1 -1 
389 20 339 239 187 463 -1 -1 -1 -1 
390 20 323 238 188 461 -1 -1 -1 -1 
391 20 310 237 189 466 -1 -1 -1 -1 
392 20 289 238 191 471 -1 -1 -1 -1 
393 20 271 236 195 479 -1 -1 -1 -1 
394 20 256 231 198 489 -1 -1 -1 -1 
395 20 239 228 202 497 -1 -1 -1 -1 
396 20 219 222 206 507 -1 -1 -1 -1 
397 20 191 214 216 529 -1 -1 -1 -1 
398 20 170 212 218 534 -1 -1 -1 -1 
399 20 150 204 223 547 -1 -1 -1 -1 
400 20 131 202 224 551 -1 -1 -1 -1 
401 20 113 198 225 557 -1 -1 -1 -1 
402 20 74 195 230 566 -1 -1 -1 -1 
403 20 41 194 236 576 -1 -1 -1 -1 
404 20 13 189 241 586 -1 -1 -1 -1 
405 20 -3 186 237 598 -1 -1 -1 -1 
406 20 -8 183 222 606 -1 -1 -1 -1 
407 20 -8 182 185 613 -1 -1 -1 -1 
408 20 -7 182 167 621 -1 -1 -1 -1 
409 20 -6 174 128 638 -1 -1 -1 -1 
410 20 -4 194 83 600 -1 -1 -1 -1 
84 21 448 403 51 128 -1 -1 -1 -1 
85 21 442 399 54 132 -1 -1 -1 -1 
86 21 440 397 53 134 -1 -1 -1 -1 
87 21 437 395 51 130 -1 -1 -1 -1 
88 21 436 398 48 124 -1 -1 -1 -1 
95 21 441 390 51 133 -1 -1 -1 -1 
97 21 434 379 56 141 -1 -1 -1 -1 
98 21 432 381 56 137 -1 -1 -1 -1 
96 23 748 401 40 100 -1 -1 -1 -1 
97 23 747 396 41 105 -1 -1 -1 -1 
98 23 747 395 40 106 -1 -1 -1 -1 
99 23 747 396 39 102 -1 -1 -1 -1 
100 23 748 393 40 102 -1 -1 -1 -1 
101 23 747 392 40 104 -1 -1 -1 -1 
102 23 747 394 39 100 -1 -1 -1 -1 
103 23 747 392 39 98 -1 -1 -1 -1 
104 23 743 393 39 100 -1 -1 -1 -1 
105 23 742 392 40 102 -1 -1 -1 -1 
106 23 738 394 41 101 -1 -1 -1 -1 
107 23 738 395 39 99 -1 -1 -1 -1 
108 23 738 394 39 98 -1 -1 -1 -1 
109 23 737 394 38 97 -1 -1 -1 -1 
110 23 736 393 38 97 -1 -1 -1 -1 
111 23 736 390 37 100 -1 -1 -1 -1 
112 23 736 388 37 101 -1 -1 -1 -1 
113 23 737 388 37 101 -1 -1 -1 -1 
114 23 739 388 38 102 -1 -1 -1 -1 
115 23 744 390 40 103 -1 -1 -1 -1 
116 23 747 391 41 100 -1 -1 -1 -1 
118 23 757 397 39 99 -1 -1 -1 -1 
119 23 764 397 40 101 -1 -1 -1 -1 
120 23 777 399 36 90 -1 -1 -1 -1 
121 23 801 397 38 97 -1 -1 -1 -1 
122 23 809 393 39 100 -1 -1 -1 -1 
123 23 816 390 39 99 -1 -1 -1 -1 
124 23 821 387 42 105 -1 -1 -1 -1 
125 23 829 386 41 103 -1 -1 -1 -1 
126 23 842 381 40 101 -1 -1 -1 -1 
127 23 849 379 40 101 -1 -1 -1 -1 
128 23 857 379 42 104 -1 -1 -1 -1 
129 23 864 379 41 102 -1 -1 -1 -1 
130 23 872 377 41 102 -1 -1 -1 -1 
131 23 888 374 41 102 -1 -1 -1 -1 
132 23 894 374 41 103 -1 -1 -1 -1 
133 23 901 372 41 105 -1 -1 -1 -1 
134 23 910 371 38 96 -1 -1 -1 -1 
135 23 917 368 40 99 -1 -1 -1 -1 
136 23 927 362 40 102 -1 -1 -1 -1 
137 23 931 359 40 103 -1 -1 -1 -1 
138 23 935 358 40 100 -1 -1 -1 -1 
139 23 939 357 39 98 -1 -1 -1 -1 
140 23 941 354 40 100 -1 -1 -1 -1 
141 23 946 350 43 105 -1 -1 -1 -1 
142 23 951 348 44 110 -1 -1 -1 -1 
143 23 955 350 43 107 -1 -1 -1 -1 
144 23 959 352 41 105 -1 -1 -1 -1 
145 23 962 353 38 95 -1 -1 -1 -1 
146 23 968 357 36 94 -1 -1 -1 -1 
147 23 973 356 40 101 -1 -1 -1 -1 
148 23 978 354 41 103 -1 -1 -1 -1 
149 23 982 354 39 98 -1 -1 -1 -1 
150 23 988 353 38 97 -1 -1 -1 -1 
151 23 997 350 41 103 -1 -1 -1 -1 
152 23 997 348 44 105 -1 -1 -1 -1 
153 23 1000 346 43 107 -1 -1 -1 -1 
154 23 1003 345 42 100 -1 -1 -1 -1 
155 23 1005 343 39 93 -1 -1 -1 -1 
98 24 1228 404 46 116 -1 -1 -1 -1 
99 24 1228 402 46 118 -1 -1 -1 -1 
122 24 1312 395 50 122 -1 -1 -1 -1 
152 24 1551 355 56 141 -1 -1 -1 -1 
104 25 591 368 36 90 -1 -1 -1 -1 
105 25 590 360 39 97 -1 -1 -1 -1 
106 25 590 371 35 87 -1 -1 -1 -1 
107 25 591 377 31 81 -1 -1 -1 -1 
108 25 589 368 34 90 -1 -1 -1 -1 
109 25 589 374 33 84 -1 -1 -1 -1 
110 25 587 374 33 82 -1 -1 -1 -1 
111 25 586 374 34 82 -1 -1 -1 -1 
112 25 585 374 35 83 -1 -1 -1 -1 
113 25 585 369 36 87 -1 -1 -1 -1 
114 25 587 362 38 94 -1 -1 -1 -1 
114 26 40 398 55 135 -1 -1 -1 -1 
115 26 46 400 56 138 -1 -1 -1 -1 
116 26 48 398 56 139 -1 -1 -1 -1 
117 26 53 403 53 136 -1 -1 -1 -1 
118 26 59 404 55 138 -1 -1 -1 -1 
119 26 69 402 54 139 -1 -1 -1 -1 
120 26 81 404 55 140 -1 -1 -1 -1 
121 26 110 408 54 137 -1 -1 -1 -1 
122 26 122 408 53 135 -1 -1 -1 -1 
123 26 130 406 53 132 -1 -1 -1 -1 
124 26 137 404 52 130 -1 -1 -1 -1 
125 26 146 402 51 127 -1 -1 -1 -1 
126 26 162 396 50 127 -1 -1 -1 -1 
127 26 170 394 51 130 -1 -1 -1 -1 
128 26 178 392 52 130 -1 -1 -1 -1 
129 26 186 389 54 135 -1 -1 -1 -1 
130 26 194 389 53 134 -1 -1 -1 -1 
131 26 211 388 54 133 -1 -1 -1 -1 
132 26 220 390 52 130 -1 -1 -1 -1 
133 26 229 388 52 129 -1 -1 -1 -1 
134 26 237 385 51 130 -1 -1 -1 -1 
135 26 243 383 53 128 -1 -1 -1 -1 
136 26 254 376 52 128 -1 -1 -1 -1 
137 26 260 373 51 128 -1 -1 -1 -1 
138 26 266 370 52 128 -1 -1 -1 -1 
139 26 270 369 51 126 -1 -1 -1 -1 
140 26 273 366 53 129 -1 -1 -1 -1 
141 26 280 363 53 131 -1 -1 -1 -1 
142 26 286 362 53 131 -1 -1 -1 -1 
143 26 292 367 51 128 -1 -1 -1 -1 
144 26 296 369 51 125 -1 -1 -1 -1 
145 26 300 368 50 126 -1 -1 -1 -1 
146 26 308 371 52 128 -1 -1 -1 -1 
147 26 314 374 50 126 -1 -1 -1 -1 
148 26 321 375 49 122 -1 -1 -1 -1 
149 26 326 377 48 119 -1 -1 -1 -1 
150 26 332 375 48 120 -1 -1 -1 -1 
151 26 341 373 49 122 -1 -1 -1 -1 
152 26 343 371 48 121 -1 -1 -1 -1 
153 26 345 367 48 118 -1 -1 -1 -1 
154 26 347 361 49 122 -1 -1 -1 -1 
155 26 348 361 50 123 -1 -1 -1 -1 
156 26 351 360 49 120 -1 -1 -1 -1 
157 26 351 360 49 121 -1 -1 -1 -1 
158 26 351 361 48 121 -1 -1 -1 -1 
159 26 350 362 48 121 -1 -1 -1 -1 
160 26 349 361 49 123 -1 -1 -1 -1 
161 26 340 365 50 124 -1 -1 -1 -1 
162 26 338 364 50 124 -1 -1 -1 -1 
163 26 332 365 50 123 -1 -1 -1 -1 
164 26 327 365 50 124 -1 -1 -1 -1 
165 26 321 364 50 125 -1 -1 -1 -1 
166 26 307 362 50 125 -1 -1 -1 -1 
167 26 301 361 51 127 -1 -1 -1 -1 
168 26 293 359 52 128 -1 -1 -1 -1 
169 26 283 359 53 130 -1 -1 -1 -1 
170 26 275 360 52 128 -1 -1 -1 -1 
171 26 254 360 51 127 -1 -1 -1 -1 
172 26 246 366 49 121 -1 -1 -1 -1 
173 26 239 369 47 116 -1 -1 -1 -1 
176 26 226 371 48 123 -1 -1 -1 -1 
177 26 222 370 51 127 -1 -1 -1 -1 
178 26 217 365 52 129 -1 -1 -1 -1 
179 26 216 361 52 128 -1 -1 -1 -1 
180 26 217 356 52 127 -1 -1 -1 -1 
181 26 215 347 51 127 -1 -1 -1 -1 
182 26 214 343 51 126 -1 -1 -1 -1 
183 26 213 340 51 128 -1 -1 -1 -1 
184 26 212 339 51 128 -1 -1 -1 -1 
185 26 214 338 50 125 -1 -1 -1 -1 
186 26 214 338 50 123 -1 -1 -1 -1 
187 26 214 339 50 122 -1 -1 -1 -1 
188 26 214 337 50 123 -1 -1 -1 -1 
189 26 214 339 49 123 -1 -1 -1 -1 
190 26 214 339 50 124 -1 -1 -1 -1 
191 26 215 337 48 124 -1 -1 -1 -1 
192 26 215 336 50 124 -1 -1 -1 -1 
193 26 216 333 49 126 -1 -1 -1 -1 
194 26 215 331 50 126 -1 -1 -1 -1 
195 26 216 331 51 127 -1 -1 -1 -1 
196 26 219 325 52 130 -1 -1 -1 -1 
197 26 222 330 51 126 -1 -1 -1 -1 
198 26 226 333 49 126 -1 -1 -1 -1 
199 26 230 335 49 126 -1 -1 -1 -1 
200 26 232 339 50 127 -1 -1 -1 -1 
201 26 243 348 48 119 -1 -1 -1 -1 
202 26 252 354 43 108 -1 -1 -1 -1 
203 26 259 358 46 114 -1 -1 -1 -1 
204 26 273 359 47 117 -1 -1 -1 -1 
205 26 282 359 48 119 -1 -1 -1 -1 
206 26 300 361 47 119 -1 -1 -1 -1 
207 26 310 362 47 119 -1 -1 -1 -1 
208 26 320 364 46 117 -1 -1 -1 -1 
209 26 324 364 48 119 -1 -1 -1 -1 
210 26 331 363 48 118 -1 -1 -1 -1 
211 26 344 364 47 117 -1 -1 -1 -1 
212 26 350 365 47 115 -1 -1 -1 -1 
213 26 355 363 47 116 -1 -1 -1 -1 
214 26 361 366 48 116 -1 -1 -1 -1 
215 26 367 364 47 117 -1 -1 -1 -1 
216 26 376 365 47 118 -1 -1 -1 -1 
217 26 379 367 48 117 -1 -1 -1 -1 
218 26 386 364 47 117 -1 -1 -1 -1 
219 26 389 361 48 119 -1 -1 -1 -1 
220 26 392 362 49 119 -1 -1 -1 -1 
221 26 395 359 47 117 -1 -1 -1 -1 
222 26 397 360 47 116 -1 -1 -1 -1 
223 26 399 359 47 116 -1 -1 -1 -1 
224 26 403 356 46 116 -1 -1 -1 -1 
225 26 405 354 45 116 -1 -1 -1 -1 
226 26 409 355 45 113 -1 -1 -1 -1 
227 26 414 353 45 114 -1 -1 -1 -1 
228 26 417 355 46 112 -1 -1 -1 -1 
229 26 421 357 43 109 -1 -1 -1 -1 
230 26 427 354 41 105 -1 -1 -1 -1 
231 26 436 355 43 110 -1 -1 -1 -1 
232 26 440 349 47 116 -1 -1 -1 -1 
233 26 444 347 46 115 -1 -1 -1 -1 
234 26 449 343 47 119 -1 -1 -1 -1 
235 26 453 338 49 123 -1 -1 -1 -1 
236 26 457 333 50 124 -1 -1 -1 -1 
237 26 459 330 50 125 -1 -1 -1 -1 
241 26 484 327 51 122 -1 -1 -1 -1 
242 26 487 326 51 123 -1 -1 -1 -1 
243 26 492 326 49 123 -1 -1 -1 -1 
244 26 494 324 49 124 -1 -1 -1 -1 
245 26 498 326 51 129 -1 -1 -1 -1 
246 26 503 325 51 128 -1 -1 -1 -1 
247 26 503 326 48 123 -1 -1 -1 -1 
248 26 503 325 48 123 -1 -1 -1 -1 
249 26 503 326 47 120 -1 -1 -1 -1 
250 26 504 323 49 124 -1 -1 -1 -1 
251 26 506 324 48 120 -1 -1 -1 -1 
252 26 507 320 49 123 -1 -1 -1 -1 
253 26 507 319 50 126 -1 -1 -1 -1 
254 26 505 319 52 129 -1 -1 -1 -1 
255 26 507 320 50 125 -1 -1 -1 -1 
256 26 509 325 49 120 -1 -1 -1 -1 
257 26 510 325 48 119 -1 -1 -1 -1 
263 26 521 307 52 132 -1 -1 -1 -1 
264 26 521 304 53 134 -1 -1 -1 -1 
265 26 522 300 53 135 -1 -1 -1 -1 
273 26 515 288 68 168 -1 -1 -1 -1 
274 26 515 289 67 167 -1 -1 -1 -1 
275 26 510 287 67 167 -1 -1 -1 -1 
276 26 497 288 69 171 -1 -1 -1 -1 
277 26 487 288 71 173 -1 -1 -1 -1 
278 26 476 288 68 170 -1 -1 -1 -1 
279 26 464 286 69 171 -1 -1 -1 -1 
280 26 455 283 69 171 -1 -1 -1 -1 
281 26 433 282 71 175 -1 -1 -1 -1 
282 26 420 278 72 176 -1 -1 -1 -1 
283 26 412 278 72 176 -1 -1 -1 -1 
284 26 396 273 81 203 -1 -1 -1 -1 
285 26 391 276 78 195 -1 -1 -1 -1 
286 26 386 276 77 191 -1 -1 -1 -1 
287 26 376 280 76 187 -1 -1 -1 -1 
288 26 373 277 76 189 -1 -1 -1 -1 
289 26 368 275 76 186 -1 -1 -1 -1 
290 26 364 276 75 187 -1 -1 -1 -1 
291 26 363 271 76 189 -1 -1 -1 -1 
292 26 348 262 92 232 -1 -1 -1 -1 
293 26 339 257 98 245 -1 -1 -1 -1 
294 26 341 252 89 218 -1 -1 -1 -1 
295 26 341 251 86 210 -1 -1 -1 -1 
296 26 335 247 93 225 -1 -1 -1 -1 
297 26 332 244 95 231 -1 -1 -1 -1 
298 26 329 244 96 234 -1 -1 -1 -1 
299 26 326 245 95 238 -1 -1 -1 -1 
300 26 323 244 86 213 -1 -1 -1 -1 
301 26 322 248 83 203 -1 -1 -1 -1 
302 26 309 243 89 219 -1 -1 -1 -1 
303 26 285 259 75 184 -1 -1 -1 -1 
304 26 274 265 68 171 -1 -1 -1 -1 
313 26 180 276 72 180 -1 -1 -1 -1 
315 26 173 286 74 180 -1 -1 -1 -1 
316 26 172 287 73 182 -1 -1 -1 -1 
317 26 166 290 75 185 -1 -1 -1 -1 
318 26 163 290 75 186 -1 -1 -1 -1 
319 26 161 287 76 190 -1 -1 -1 -1 
320 26 160 286 77 192 -1 -1 -1 -1 
321 26 157 283 78 194 -1 -1 -1 -1 
322 26 157 272 83 203 -1 -1 -1 -1 
323 26 155 270 83 206 -1 -1 -1 -1 
324 26 155 263 85 212 -1 -1 -1 -1 
333 26 112 286 84 209 -1 -1 -1 -1 
341 26 3 288 88 225 -1 -1 -1 -1 
343 26 -3 299 59 229 -1 -1 -1 -1 
344 26 -2 295 49 234 -1 -1 -1 -1 
122 27 44 412 38 93 -1 -1 -1 -1 
123 27 54 411 36 92 -1 -1 -1 -1 
124 27 59 408 36 91 -1 -1 -1 -1 
125 27 68 408 34 86 -1 -1 -1 -1 
126 27 82 402 35 90 -1 -1 -1 -1 
127 27 91 402 36 90 -1 -1 -1 -1 
128 27 99 399 37 91 -1 -1 -1 -1 
129 27 106 399 37 93 -1 -1 -1 -1 
133 27 146 393 37 92 -1 -1 -1 -1 
134 27 154 389 37 92 -1 -1 -1 -1 
135 27 161 386 37 92 -1 -1 -1 -1 
136 27 169 381 36 92 -1 -1 -1 -1 
137 27 173 377 37 92 -1 -1 -1 -1 
138 27 178 374 35 90 -1 -1 -1 -1 
139 27 180 373 36 90 -1 -1 -1 -1 
140 27 185 372 36 91 -1 -1 -1 -1 
141 27 192 372 35 89 -1 -1 -1 -1 
142 27 196 372 35 90 -1 -1 -1 -1 
143 27 198 374 36 91 -1 -1 -1 -1 
144 27 200 373 37 91 -1 -1 -1 -1 
145 27 203 374 37 92 -1 -1 -1 -1 
146 27 212 382 36 91 -1 -1 -1 -1 
147 27 217 381 37 91 -1 -1 -1 -1 
151 27 241 376 38 94 -1 -1 -1 -1 
152 27 243 375 37 93 -1 -1 -1 -1 
168 27 177 365 40 99 -1 -1 -1 -1 
169 27 166 366 39 98 -1 -1 -1 -1 
170 27 155 367 39 98 -1 -1 -1 -1 
171 27 134 367 39 101 -1 -1 -1 -1 
172 27 123 370 39 100 -1 -1 -1 -1 
173 27 115 371 37 96 -1 -1 -1 -1 
175 27 98 374 40 102 -1 -1 -1 -1 
176 27 95 373 40 101 -1 -1 -1 -1 
177 27 93 374 40 101 -1 -1 -1 -1 
178 27 90 371 41 104 -1 -1 -1 -1 
179 27 89 369 41 102 -1 -1 -1 -1 
180 27 87 364 41 103 -1 -1 -1 -1 
181 27 83 354 43 105 -1 -1 -1 -1 
182 27 81 347 43 107 -1 -1 -1 -1 
183 27 80 346 42 105 -1 -1 -1 -1 
184 27 78 344 42 106 -1 -1 -1 -1 
185 27 77 340 42 107 -1 -1 -1 -1 
186 27 75 338 41 106 -1 -1 -1 -1 
187 27 72 341 40 103 -1 -1 -1 -1 
188 27 71 339 41 104 -1 -1 -1 -1 
189 27 70 341 41 104 -1 -1 -1 -1 
190 27 70 342 40 100 -1 -1 -1 -1 
191 27 69 340 39 99 -1 -1 -1 -1 
192 27 68 340 39 99 -1 -1 -1 -1 
193 27 69 335 40 102 -1 -1 -1 -1 
194 27 67 335 39 102 -1 -1 -1 -1 
195 27 65 335 40 103 -1 -1 -1 -1 
196 27 68 331 38 101 -1 -1 -1 -1 
204 27 112 361 41 101 -1 -1 -1 -1 
207 27 149 363 40 102 -1 -1 -1 -1 
214 27 192 361 42 107 -1 -1 -1 -1 
215 27 199 363 40 103 -1 -1 -1 -1 
216 27 192 364 42 107 -1 -1 -1 -1 
233 27 213 340 31 76 -1 -1 -1 -1 
234 27 218 340 30 75 -1 -1 -1 -1 
246 27 250 313 44 115 -1 -1 -1 -1 
247 27 249 312 44 115 -1 -1 -1 -1 
248 27 250 312 43 113 -1 -1 -1 -1 
251 27 255 304 45 121 -1 -1 -1 -1 
252 27 255 303 46 121 -1 -1 -1 -1 
253 27 256 305 46 121 -1 -1 -1 -1 
254 27 256 305 46 121 -1 -1 -1 -1 
255 27 258 304 46 122 -1 -1 -1 -1 
259 27 270 313 46 117 -1 -1 -1 -1 
260 27 277 314 46 114 -1 -1 -1 -1 
261 27 282 305 47 121 -1 -1 -1 -1 
262 27 282 303 48 121 -1 -1 -1 -1 
149 29 1 393 39 183 -1 -1 -1 -1 
150 29 1 393 43 181 -1 -1 -1 -1 
151 29 2 393 50 183 -1 -1 -1 -1 
152 29 0 390 52 184 -1 -1 -1 -1 
153 29 0 386 51 184 -1 -1 -1 -1 
154 29 0 384 55 183 -1 -1 -1 -1 
155 29 0 383 54 176 -1 -1 -1 -1 
156 29 0 380 56 182 -1 -1 -1 -1 
157 29 -1 379 58 185 -1 -1 -1 -1 
158 29 -1 379 56 187 -1 -1 -1 -1 
159 29 -1 379 53 188 -1 -1 -1 -1 
160 29 -1 379 51 188 -1 -1 -1 -1 
161 29 -3 383 44 184 -1 -1 -1 -1 
162 29 -2 378 39 185 -1 -1 -1 -1 
161 31 627 345 54 136 -1 -1 -1 -1 
162 31 624 343 55 137 -1 -1 -1 -1 
163 31 621 343 55 137 -1 -1 -1 -1 
164 31 617 346 50 126 -1 -1 -1 -1 
165 31 611 343 54 136 -1 -1 -1 -1 
166 31 600 341 57 140 -1 -1 -1 -1 
167 31 596 340 56 138 -1 -1 -1 -1 
168 31 591 338 55 140 -1 -1 -1 -1 
169 31 583 338 57 141 -1 -1 -1 -1 
170 31 575 340 56 139 -1 -1 -1 -1 
171 31 560 339 56 140 -1 -1 -1 -1 
172 31 551 340 58 143 -1 -1 -1 -1 
173 31 544 340 59 146 -1 -1 -1 -1 
174 31 541 343 55 140 -1 -1 -1 -1 
175 31 533 344 58 146 -1 -1 -1 -1 
176 31 532 344 58 147 -1 -1 -1 -1 
177 31 531 344 60 150 -1 -1 -1 -1 
178 31 528 341 61 152 -1 -1 -1 -1 
179 31 527 338 61 154 -1 -1 -1 -1 
180 31 528 334 61 155 -1 -1 -1 -1 
181 31 524 325 62 155 -1 -1 -1 -1 
182 31 525 322 60 147 -1 -1 -1 -1 
183 31 525 319 59 145 -1 -1 -1 -1 
184 31 523 316 59 146 -1 -1 -1 -1 
185 31 522 314 60 148 -1 -1 -1 -1 
186 31 522 312 60 150 -1 -1 -1 -1 
187 31 520 313 62 152 -1 -1 -1 -1 
188 31 520 314 61 151 -1 -1 -1 -1 
189 31 518 317 60 150 -1 -1 -1 -1 
190 31 517 316 60 152 -1 -1 -1 -1 
191 31 512 314 63 156 -1 -1 -1 -1 
192 31 511 316 62 153 -1 -1 -1 -1 
193 31 509 313 63 154 -1 -1 -1 -1 
194 31 507 310 65 157 -1 -1 -1 -1 
195 31 507 310 64 157 -1 -1 -1 -1 
196 31 507 307 66 162 -1 -1 -1 -1 
197 31 507 312 66 163 -1 -1 -1 -1 
198 31 507 315 67 165 -1 -1 -1 -1 
199 31 506 312 69 170 -1 -1 -1 -1 
200 31 506 317 68 169 -1 -1 -1 -1 
201 31 514 318 68 171 -1 -1 -1 -1 
202 31 526 348 57 141 -1 -1 -1 -1 
203 31 531 348 59 144 -1 -1 -1 -1 
204 31 538 341 62 158 -1 -1 -1 -1 
205 31 546 344 61 153 -1 -1 -1 -1 
206 31 560 349 61 150 -1 -1 -1 -1 
207 31 565 348 60 151 -1 -1 -1 -1 
208 31 573 357 57 143 -1 -1 -1 -1 
209 31 573 353 61 148 -1 -1 -1 -1 
210 31 584 358 58 142 -1 -1 -1 -1 
211 31 593 353 58 144 -1 -1 -1 -1 
212 31 594 352 59 148 -1 -1 -1 -1 
213 31 596 347 61 152 -1 -1 -1 -1 
214 31 602 352 60 150 -1 -1 -1 -1 
215 31 604 351 61 152 -1 -1 -1 -1 
219 31 622 375 50 127 -1 -1 -1 -1 
220 31 622 374 51 127 -1 -1 -1 -1 
221 31 621 368 53 133 -1 -1 -1 -1 
222 31 621 366 55 138 -1 -1 -1 -1 
223 31 622 364 55 138 -1 -1 -1 -1 
224 31 624 366 54 133 -1 -1 -1 -1 
225 31 624 369 52 129 -1 -1 -1 -1 
226 31 624 368 52 128 -1 -1 -1 -1 
227 31 627 365 54 131 -1 -1 -1 -1 
228 31 627 368 55 134 -1 -1 -1 -1 
229 31 631 378 50 123 -1 -1 -1 -1 
230 31 632 369 52 127 -1 -1 -1 -1 
231 31 633 361 56 139 -1 -1 -1 -1 
232 31 639 363 53 134 -1 -1 -1 -1 
233 31 640 356 56 143 -1 -1 -1 -1 
234 31 628 341 64 162 -1 -1 -1 -1 
235 31 627 331 69 171 -1 -1 -1 -1 
236 31 627 325 70 172 -1 -1 -1 -1 
237 31 628 321 69 169 -1 -1 -1 -1 
238 31 626 319 71 172 -1 -1 -1 -1 
239 31 627 318 72 176 -1 -1 -1 -1 
240 31 629 315 74 180 -1 -1 -1 -1 
241 31 637 314 74 177 -1 -1 -1 -1 
242 31 641 313 74 177 -1 -1 -1 -1 
243 31 645 312 72 178 -1 -1 -1 -1 
244 31 653 313 68 169 -1 -1 -1 -1 
245 31 652 313 70 174 -1 -1 -1 -1 
246 31 655 308 73 179 -1 -1 -1 -1 
247 31 655 308 71 177 -1 -1 -1 -1 
248 31 656 306 71 177 -1 -1 -1 -1 
249 31 656 304 73 181 -1 -1 -1 -1 
250 31 659 302 73 182 -1 -1 -1 -1 
251 31 662 299 73 180 -1 -1 -1 -1 
252 31 663 297 74 181 -1 -1 -1 -1 
253 31 665 297 75 183 -1 -1 -1 -1 
254 31 667 297 77 187 -1 -1 -1 -1 
255 31 671 296 76 185 -1 -1 -1 -1 
256 31 676 296 73 177 -1 -1 -1 -1 
257 31 678 294 74 182 -1 -1 -1 -1 
259 31 683 294 76 187 -1 -1 -1 -1 
260 31 691 296 73 179 -1 -1 -1 -1 
261 31 697 289 75 185 -1 -1 -1 -1 
262 31 698 289 75 184 -1 -1 -1 -1 
263 31 705 285 72 177 -1 -1 -1 -1 
264 31 706 283 73 177 -1 -1 -1 -1 
265 31 707 282 73 179 -1 -1 -1 -1 
266 31 711 275 76 186 -1 -1 -1 -1 
267 31 710 274 76 187 -1 -1 -1 -1 
268 31 710 273 76 188 -1 -1 -1 -1 
269 31 710 272 75 188 -1 -1 -1 -1 
270 31 711 270 76 188 -1 -1 -1 -1 
271 31 705 272 83 203 -1 -1 -1 -1 
272 31 702 272 86 211 -1 -1 -1 -1 
273 31 700 270 84 208 -1 -1 -1 -1 
274 31 697 275 83 204 -1 -1 -1 -1 
275 31 690 276 84 203 -1 -1 -1 -1 
276 31 681 275 83 205 -1 -1 -1 -1 
277 31 675 276 80 198 -1 -1 -1 -1 
278 31 663 275 81 202 -1 -1 -1 -1 
279 31 654 274 80 199 -1 -1 -1 -1 
280 31 645 272 81 196 -1 -1 -1 -1 
281 31 629 269 80 199 -1 -1 -1 -1 
282 31 617 273 82 201 -1 -1 -1 -1 
283 31 608 271 81 201 -1 -1 -1 -1 
284 31 598 270 83 204 -1 -1 -1 -1 
285 31 592 272 82 200 -1 -1 -1 -1 
286 31 587 274 75 185 -1 -1 -1 -1 
287 31 569 275 79 194 -1 -1 -1 -1 
288 31 557 266 87 213 -1 -1 -1 -1 
289 31 550 262 90 218 -1 -1 -1 -1 
290 31 542 259 93 225 -1 -1 -1 -1 
291 31 540 254 91 223 -1 -1 -1 -1 
292 31 535 247 92 224 -1 -1 -1 -1 
293 31 529 245 90 222 -1 -1 -1 -1 
294 31 528 240 86 216 -1 -1 -1 -1 
295 31 522 238 90 222 -1 -1 -1 -1 
296 31 516 238 94 233 -1 -1 -1 -1 
297 31 513 235 90 225 -1 -1 -1 -1 
298 31 508 234 90 224 -1 -1 -1 -1 
299 31 507 236 86 217 -1 -1 -1 -1 
300 31 505 233 85 214 -1 -1 -1 -1 
301 31 499 234 89 220 -1 -1 -1 -1 
302 31 492 231 82 204 -1 -1 -1 -1 
303 31 486 232 78 193 -1 -1 -1 -1 
304 31 484 233 80 201 -1 -1 -1 -1 
305 31 476 230 83 206 -1 -1 -1 -1 
306 31 466 229 81 203 -1 -1 -1 -1 
307 31 451 224 86 214 -1 -1 -1 -1 
321 31 394 245 90 221 -1 -1 -1 -1 
322 31 393 240 90 225 -1 -1 -1 -1 
323 31 389 239 90 222 -1 -1 -1 -1 
324 31 387 236 90 222 -1 -1 -1 -1 
325 31 384 234 93 225 -1 -1 -1 -1 
326 31 380 237 94 229 -1 -1 -1 -1 
327 31 377 238 96 232 -1 -1 -1 -1 
162 32 923 348 38 98 -1 -1 -1 -1 
163 32 921 350 38 95 -1 -1 -1 -1 
164 32 915 348 39 97 -1 -1 -1 -1 
165 32 907 345 40 100 -1 -1 -1 -1 
166 32 896 347 40 98 -1 -1 -1 -1 
167 32 894 346 40 99 -1 -1 -1 -1 
168 32 887 344 39 99 -1 -1 -1 -1 
169 32 878 346 38 98 -1 -1 -1 -1 
170 32 871 346 39 97 -1 -1 -1 -1 
171 32 855 347 39 98 -1 -1 -1 -1 
172 32 848 347 40 100 -1 -1 -1 -1 
173 32 839 344 42 104 -1 -1 -1 -1 
174 32 836 347 40 102 -1 -1 -1 -1 
175 32 829 348 40 102 -1 -1 -1 -1 
176 32 828 348 40 102 -1 -1 -1 -1 
177 32 828 349 40 101 -1 -1 -1 -1 
178 32 827 347 41 101 -1 -1 -1 -1 
179 32 827 343 41 101 -1 -1 -1 -1 
180 32 827 338 42 103 -1 -1 -1 -1 
181 32 825 332 40 101 -1 -1 -1 -1 
182 32 825 327 41 103 -1 -1 -1 -1 
183 32 825 324 42 105 -1 -1 -1 -1 
184 32 824 324 43 104 -1 -1 -1 -1 
185 32 824 322 43 106 -1 -1 -1 -1 
186 32 824 321 43 106 -1 -1 -1 -1 
187 32 824 323 44 107 -1 -1 -1 -1 
188 32 825 324 43 105 -1 -1 -1 -1 
189 32 824 325 43 106 -1 -1 -1 -1 
190 32 824 326 43 106 -1 -1 -1 -1 
191 32 824 328 43 106 -1 -1 -1 -1 
192 32 824 330 43 106 -1 -1 -1 -1 
193 32 824 329 44 108 -1 -1 -1 -1 
194 32 823 327 45 108 -1 -1 -1 -1 
195 32 824 328 45 108 -1 -1 -1 -1 
196 32 828 328 43 106 -1 -1 -1 -1 
197 32 829 333 43 106 -1 -1 -1 -1 
198 32 833 336 42 105 -1 -1 -1 -1 
199 32 837 336 42 104 -1 -1 -1 -1 
200 32 839 338 42 104 -1 -1 -1 -1 
201 32 849 343 40 102 -1 -1 -1 -1 
202 32 854 348 38 100 -1 -1 -1 -1 
203 32 860 353 41 105 -1 -1 -1 -1 
204 32 872 355 43 106 -1 -1 -1 -1 
205 32 879 357 43 105 -1 -1 -1 -1 
206 32 895 361 43 106 -1 -1 -1 -1 
207 32 903 361 42 106 -1 -1 -1 -1 
208 32 908 361 43 106 -1 -1 -1 -1 
209 32 912 358 44 110 -1 -1 -1 -1 
210 32 920 359 43 106 -1 -1 -1 -1 
211 32 930 360 43 104 -1 -1 -1 -1 
212 32 935 360 42 104 -1 -1 -1 -1 
213 32 939 357 43 108 -1 -1 -1 -1 
214 32 944 360 43 106 -1 -1 -1 -1 
215 32 949 359 42 107 -1 -1 -1 -1 
216 32 958 360 42 109 -1 -1 -1 -1 
217 32 960 362 43 110 -1 -1 -1 -1 
218 32 964 363 43 110 -1 -1 -1 -1 
219 32 966 362 44 110 -1 -1 -1 -1 
220 32 970 362 45 112 -1 -1 -1 -1 
221 32 973 364 44 110 -1 -1 -1 -1 
222 32 974 364 43 110 -1 -1 -1 -1 
223 32 975 363 43 108 -1 -1 -1 -1 
224 32 977 360 43 108 -1 -1 -1 -1 
225 32 978 358 43 109 -1 -1 -1 -1 
226 32 981 358 44 111 -1 -1 -1 -1 
227 32 984 357 44 113 -1 -1 -1 -1 
228 32 987 360 45 113 -1 -1 -1 -1 
229 32 991 360 43 110 -1 -1 -1 -1 
231 32 1001 362 45 114 -1 -1 -1 -1 
232 32 1005 358 44 110 -1 -1 -1 -1 
233 32 1008 357 44 109 -1 -1 -1 -1 
234 32 1016 354 44 109 -1 -1 -1 -1 
235 32 1019 353 45 106 -1 -1 -1 -1 
236 32 1023 346 47 112 -1 -1 -1 -1 
237 32 1026 341 48 115 -1 -1 -1 -1 
238 32 1027 337 49 119 -1 -1 -1 -1 
239 32 1028 336 49 120 -1 -1 -1 -1 
240 32 1030 335 50 121 -1 -1 -1 -1 
241 32 1038 334 49 120 -1 -1 -1 -1 
242 32 1040 334 48 120 -1 -1 -1 -1 
243 32 1044 336 47 117 -1 -1 -1 -1 
244 32 1048 334 47 114 -1 -1 -1 -1 
245 32 1051 336 47 120 -1 -1 -1 -1 
246 32 1057 336 48 120 -1 -1 -1 -1 
247 32 1057 336 48 120 -1 -1 -1 -1 
248 32 1059 336 46 118 -1 -1 -1 -1 
249 32 1060 335 46 117 -1 -1 -1 -1 
250 32 1062 332 46 113 -1 -1 -1 -1 
251 32 1066 328 46 114 -1 -1 -1 -1 
252 32 1068 326 46 115 -1 -1 -1 -1 
253 32 1071 324 46 118 -1 -1 -1 -1 
254 32 1072 324 47 116 -1 -1 -1 -1 
255 32 1073 322 48 117 -1 -1 -1 -1 
256 32 1078 319 49 120 -1 -1 -1 -1 
257 32 1083 320 48 119 -1 -1 -1 -1 
258 32 1087 316 48 123 -1 -1 -1 -1 
259 32 1089 320 49 122 -1 -1 -1 -1 
260 32 1095 317 49 122 -1 -1 -1 -1 
261 32 1103 312 49 123 -1 -1 -1 -1 
262 32 1106 311 50 123 -1 -1 -1 -1 
263 32 1110 308 50 124 -1 -1 -1 -1 
264 32 1111 305 50 125 -1 -1 -1 -1 
265 32 1115 303 49 124 -1 -1 -1 -1 
266 32 1121 300 49 123 -1 -1 -1 -1 
267 32 1123 298 49 123 -1 -1 -1 -1 
268 32 1125 297 49 123 -1 -1 -1 -1 
269 32 1125 297 49 122 -1 -1 -1 -1 
270 32 1126 296 50 124 -1 -1 -1 -1 
271 32 1125 298 49 123 -1 -1 -1 -1 
272 32 1122 302 51 125 -1 -1 -1 -1 
273 32 1120 301 50 125 -1 -1 -1 -1 
274 32 1118 301 50 125 -1 -1 -1 -1 
275 32 1117 300 50 123 -1 -1 -1 -1 
276 32 1110 299 51 127 -1 -1 -1 -1 
277 32 1104 298 51 127 -1 -1 -1 -1 
278 32 1097 298 50 125 -1 -1 -1 -1 
279 32 1089 295 50 125 -1 -1 -1 -1 
280 32 1082 292 51 126 -1 -1 -1 -1 
281 32 1068 290 50 125 -1 -1 -1 -1 
282 32 1060 289 51 128 -1 -1 -1 -1 
283 32 1054 288 52 127 -1 -1 -1 -1 
284 32 1049 287 51 125 -1 -1 -1 -1 
285 32 1045 288 50 124 -1 -1 -1 -1 
286 32 1042 285 50 125 -1 -1 -1 -1 
287 32 1036 285 50 125 -1 -1 -1 -1 
288 32 1038 283 49 124 -1 -1 -1 -1 
289 32 1037 277 50 125 -1 -1 -1 -1 
290 32 1035 276 51 128 -1 -1 -1 -1 
291 32 1037 273 51 130 -1 -1 -1 -1 
292 32 1038 266 51 128 -1 -1 -1 -1 
293 32 1037 262 52 131 -1 -1 -1 -1 
294 32 1039 257 52 131 -1 -1 -1 -1 
295 32 1040 255 52 130 -1 -1 -1 -1 
296 32 1040 253 53 130 -1 -1 -1 -1 
297 32 1045 250 53 131 -1 -1 -1 -1 
298 32 1045 250 53 132 -1 -1 -1 -1 
299 32 1045 251 53 132 -1 -1 -1 -1 
300 32 1044 249 54 134 -1 -1 -1 -1 
301 32 1042 252 55 137 -1 -1 -1 -1 
302 32 1040 252 54 135 -1 -1 -1 -1 
303 32 1038 252 55 135 -1 -1 -1 -1 
304 32 1037 253 55 136 -1 -1 -1 -1 
305 32 1035 252 55 138 -1 -1 -1 -1 
306 32 1032 253 55 138 -1 -1 -1 -1 
307 32 1026 251 55 138 -1 -1 -1 -1 
308 32 1022 252 56 137 -1 -1 -1 -1 
309 32 1017 252 57 139 -1 -1 -1 -1 
310 32 1015 254 57 139 -1 -1 -1 -1 
311 32 1014 257 56 137 -1 -1 -1 -1 
312 32 1013 261 57 140 -1 -1 -1 -1 
313 32 1012 262 57 140 -1 -1 -1 -1 
314 32 1011 265 55 139 -1 -1 -1 -1 
315 32 1015 270 55 137 -1 -1 -1 -1 
316 32 1019 270 55 137 -1 -1 -1 -1 
317 32 1026 271 55 137 -1 -1 -1 -1 
318 32 1031 266 56 141 -1 -1 -1 -1 
319 32 1033 263 58 143 -1 -1 -1 -1 
320 32 1036 261 58 144 -1 -1 -1 -1 
321 32 1038 260 59 143 -1 -1 -1 -1 
322 32 1046 254 58 144 -1 -1 -1 -1 
323 32 1048 254 57 143 -1 -1 -1 -1 
324 32 1052 253 58 143 -1 -1 -1 -1 
325 32 1055 253 58 143 -1 -1 -1 -1 
326 32 1057 253 58 145 -1 -1 -1 -1 
327 32 1062 257 59 145 -1 -1 -1 -1 
328 32 1064 262 59 145 -1 -1 -1 -1 
329 32 1065 262 59 145 -1 -1 -1 -1 
330 32 1068 263 58 145 -1 -1 -1 -1 
331 32 1070 261 58 146 -1 -1 -1 -1 
332 32 1072 263 58 145 -1 -1 -1 -1 
333 32 1072 263 58 145 -1 -1 -1 -1 
334 32 1072 264 59 144 -1 -1 -1 -1 
335 32 1072 263 59 145 -1 -1 -1 -1 
336 32 1070 261 58 146 -1 -1 -1 -1 
337 32 1067 267 59 144 -1 -1 -1 -1 
338 32 1065 269 58 145 -1 -1 -1 -1 
339 32 1063 271 59 149 -1 -1 -1 -1 
340 32 1062 274 60 149 -1 -1 -1 -1 
341 32 1060 276 61 151 -1 -1 -1 -1 
342 32 1058 284 61 151 -1 -1 -1 -1 
343 32 1058 289 61 150 -1 -1 -1 -1 
344 32 1060 292 61 151 -1 -1 -1 -1 
345 32 1062 295 61 151 -1 -1 -1 -1 
346 32 1060 296 61 151 -1 -1 -1 -1 
347 32 1063 298 61 151 -1 -1 -1 -1 
348 32 1062 300 62 152 -1 -1 -1 -1 
349 32 1062 299 63 155 -1 -1 -1 -1 
350 32 1062 298 63 156 -1 -1 -1 -1 
351 32 1061 297 64 156 -1 -1 -1 -1 
352 32 1060 299 64 156 -1 -1 -1 -1 
353 32 1060 300 63 156 -1 -1 -1 -1 
354 32 1060 303 63 155 -1 -1 -1 -1 
355 32 1060 306 63 154 -1 -1 -1 -1 
356 32 1057 308 63 155 -1 -1 -1 -1 
357 32 1057 316 61 152 -1 -1 -1 -1 
358 32 1057 317 61 153 -1 -1 -1 -1 
359 32 1054 320 61 154 -1 -1 -1 -1 
360 32 1053 322 62 156 -1 -1 -1 -1 
361 32 1053 321 62 157 -1 -1 -1 -1 
362 32 1051 322 63 157 -1 -1 -1 -1 
363 32 1051 321 63 157 -1 -1 -1 -1 
364 32 1050 319 63 158 -1 -1 -1 -1 
365 32 1046 319 64 158 -1 -1 -1 -1 
366 32 1046 318 64 159 -1 -1 -1 -1 
367 32 1050 319 64 159 -1 -1 -1 -1 
368 32 1052 318 64 160 -1 -1 -1 -1 
369 32 1052 317 64 161 -1 -1 -1 -1 
370 32 1054 318 65 161 -1 -1 -1 -1 
371 32 1062 317 65 163 -1 -1 -1 -1 
372 32 1074 313 64 163 -1 -1 -1 -1 
373 32 1078 311 65 162 -1 -1 -1 -1 
374 32 1084 307 66 165 -1 -1 -1 -1 
375 32 1088 305 66 164 -1 -1 -1 -1 
376 32 1090 303 66 165 -1 -1 -1 -1 
377 32 1098 296 65 164 -1 -1 -1 -1 
378 32 1101 295 66 163 -1 -1 -1 -1 
379 32 1104 293 66 165 -1 -1 -1 -1 
380 32 1108 292 66 166 -1 -1 -1 -1 
381 32 1111 292 67 166 -1 -1 -1 -1 
382 32 1115 293 66 166 -1 -1 -1 -1 
383 32 1117 295 67 167 -1 -1 -1 -1 
384 32 1118 297 67 169 -1 -1 -1 -1 
385 32 1122 298 69 170 -1 -1 -1 -1 
386 32 1123 298 69 170 -1 -1 -1 -1 
387 32 1125 301 68 169 -1 -1 -1 -1 
388 32 1126 302 68 167 -1 -1 -1 -1 
389 32 1125 301 68 168 -1 -1 -1 -1 
390 32 1125 299 68 169 -1 -1 -1 -1 
391 32 1125 297 68 170 -1 -1 -1 -1 
392 32 1125 296 69 170 -1 -1 -1 -1 
393 32 1126 296 69 170 -1 -1 -1 -1 
394 32 1127 295 69 171 -1 -1 -1 -1 
395 32 1128 297 68 170 -1 -1 -1 -1 
396 32 1129 296 68 170 -1 -1 -1 -1 
397 32 1132 297 69 169 -1 -1 -1 -1 
398 32 1137 298 70 170 -1 -1 -1 -1 
399 32 1140 297 70 172 -1 -1 -1 -1 
400 32 1143 296 69 173 -1 -1 -1 -1 
401 32 1145 294 70 175 -1 -1 -1 -1 
402 32 1153 287 70 177 -1 -1 -1 -1 
403 32 1154 284 71 179 -1 -1 -1 -1 
404 32 1156 283 70 176 -1 -1 -1 -1 
405 32 1156 281 71 178 -1 -1 -1 -1 
406 32 1156 280 71 177 -1 -1 -1 -1 
407 32 1160 279 71 178 -1 -1 -1 -1 
408 32 1161 279 72 180 -1 -1 -1 -1 
409 32 1162 281 72 179 -1 -1 -1 -1 
410 32 1166 283 71 177 -1 -1 -1 -1 
411 32 1167 282 73 181 -1 -1 -1 -1 
412 32 1169 287 74 184 -1 -1 -1 -1 
413 32 1171 289 74 184 -1 -1 -1 -1 
414 32 1171 293 75 185 -1 -1 -1 -1 
415 32 1173 296 75 186 -1 -1 -1 -1 
416 32 1174 297 76 187 -1 -1 -1 -1 
417 32 1175 298 77 188 -1 -1 -1 -1 
418 32 1176 296 78 189 -1 -1 -1 -1 
419 32 1178 297 78 189 -1 -1 -1 -1 
420 32 1180 295 78 192 -1 -1 -1 -1 
421 32 1180 295 79 192 -1 -1 -1 -1 
422 32 1181 294 80 195 -1 -1 -1 -1 
423 32 1182 295 80 197 -1 -1 -1 -1 
424 32 1183 294 80 198 -1 -1 -1 -1 
425 32 1185 297 80 197 -1 -1 -1 -1 
426 32 1185 296 80 201 -1 -1 -1 -1 
427 32 1190 299 79 197 -1 -1 -1 -1 
428 32 1193 297 80 199 -1 -1 -1 -1 
429 32 1197 296 82 200 -1 -1 -1 -1 
430 32 1200 294 82 201 -1 -1 -1 -1 
431 32 1200 291 83 202 -1 -1 -1 -1 
432 32 1200 287 84 204 -1 -1 -1 -1 
433 32 1200 285 84 207 -1 -1 -1 -1 
434 32 1198 284 86 208 -1 -1 -1 -1 
435 32 1197 283 85 208 -1 -1 -1 -1 
436 32 1197 281 86 209 -1 -1 -1 -1 
437 32 1195 283 86 210 -1 -1 -1 -1 
438 32 1195 284 86 212 -1 -1 -1 -1 
439 32 1195 286 87 212 -1 -1 -1 -1 
440 32 1194 289 87 213 -1 -1 -1 -1 
441 32 1194 289 89 217 -1 -1 -1 -1 
442 32 1190 296 89 218 -1 -1 -1 -1 
443 32 1188 297 88 218 -1 -1 -1 -1 
444 32 1186 296 89 220 -1 -1 -1 -1 
445 32 1184 294 90 222 -1 -1 -1 -1 
446 32 1183 293 90 224 -1 -1 -1 -1 
447 32 1177 294 90 223 -1 -1 -1 -1 
448 32 1175 295 91 223 -1 -1 -1 -1 
449 32 1176 294 90 224 -1 -1 -1 -1 
450 32 1177 293 90 225 -1 -1 -1 -1 
451 32 1175 294 91 225 -1 -1 -1 -1 
452 32 1177 294 91 227 -1 -1 -1 -1 
453 32 1179 298 92 227 -1 -1 -1 -1 
454 32 1185 302 92 226 -1 -1 -1 -1 
455 32 1187 300 93 227 -1 -1 -1 -1 
456 32 1191 299 94 232 -1 -1 -1 -1 
457 32 1196 300 95 232 -1 -1 -1 -1 
458 32 1197 299 95 234 -1 -1 -1 -1 
459 32 1199 296 95 236 -1 -1 -1 -1 
460 32 1202 293 96 237 -1 -1 -1 -1 
461 32 1203 291 96 237 -1 -1 -1 -1 
462 32 1206 291 96 237 -1 -1 -1 -1 
463 32 1209 289 98 239 -1 -1 -1 -1 
464 32 1211 287 98 241 -1 -1 -1 -1 
465 32 1212 287 99 242 -1 -1 -1 -1 
466 32 1213 285 99 244 -1 -1 -1 -1 
467 32 1212 284 100 245 -1 -1 -1 -1 
468 32 1216 288 100 245 -1 -1 -1 -1 
469 32 1217 291 100 247 -1 -1 -1 -1 
470 32 1218 292 100 246 -1 -1 -1 -1 
471 32 1218 292 101 249 -1 -1 -1 -1 
472 32 1217 293 102 251 -1 -1 -1 -1 
473 32 1212 293 103 254 -1 -1 -1 -1 
474 32 1212 291 102 256 -1 -1 -1 -1 
475 32 1211 291 104 256 -1 -1 -1 -1 
476 32 1212 291 104 256 -1 -1 -1 -1 
477 32 1212 290 105 258 -1 -1 -1 -1 
478 32 1212 293 106 261 -1 -1 -1 -1 
479 32 1213 293 106 262 -1 -1 -1 -1 
480 32 1213 295 107 263 -1 -1 -1 -1 
481 32 1217 295 107 264 -1 -1 -1 -1 
482 32 1221 295 109 265 -1 -1 -1 -1 
483 32 1227 294 109 269 -1 -1 -1 -1 
484 32 1233 291 110 271 -1 -1 -1 -1 
485 32 1236 291 110 270 -1 -1 -1 -1 
486 32 1237 291 110 271 -1 -1 -1 -1 
487 32 1241 289 109 270 -1 -1 -1 -1 
488 32 1245 286 111 272 -1 -1 -1 -1 
489 32 1247 283 113 276 -1 -1 -1 -1 
490 32 1250 282 114 277 -1 -1 -1 -1 
491 32 1254 281 113 281 -1 -1 -1 -1 
492 32 1257 282 114 282 -1 -1 -1 -1 
493 32 1263 283 116 285 -1 -1 -1 -1 
494 32 1267 285 116 285 -1 -1 -1 -1 
495 32 1273 287 115 284 -1 -1 -1 -1 
496 32 1276 286 115 284 -1 -1 -1 -1 
497 32 1279 288 115 285 -1 -1 -1 -1 
498 32 1283 286 118 290 -1 -1 -1 -1 
499 32 1285 284 118 293 -1 -1 -1 -1 
500 32 1286 282 119 294 -1 -1 -1 -1 
501 32 1288 279 120 295 -1 -1 -1 -1 
502 32 1290 277 120 297 -1 -1 -1 -1 
503 32 1291 275 121 299 -1 -1 -1 -1 
504 32 1297 273 122 300 -1 -1 -1 -1 
505 32 1295 273 124 301 -1 -1 -1 -1 
506 32 1298 271 124 304 -1 -1 -1 -1 
507 32 1300 269 124 306 -1 -1 -1 -1 
508 32 1307 271 125 309 -1 -1 -1 -1 
509 32 1313 268 126 311 -1 -1 -1 -1 
510 32 1317 265 128 313 -1 -1 -1 -1 
511 32 1322 265 129 316 -1 -1 -1 -1 
512 32 1328 262 129 318 -1 -1 -1 -1 
513 32 1335 258 130 318 -1 -1 -1 -1 
514 32 1340 253 131 321 -1 -1 -1 -1 
515 32 1343 250 132 323 -1 -1 -1 -1 
516 32 1347 248 131 325 -1 -1 -1 -1 
517 32 1350 245 132 327 -1 -1 -1 -1 
518 32 1353 243 134 332 -1 -1 -1 -1 
519 32 1355 241 137 335 -1 -1 -1 -1 
520 32 1356 242 138 337 -1 -1 -1 -1 
521 32 1358 240 139 341 -1 -1 -1 -1 
522 32 1357 242 140 342 -1 -1 -1 -1 
523 32 1360 243 140 344 -1 -1 -1 -1 
524 32 1357 245 142 348 -1 -1 -1 -1 
525 32 1359 243 142 350 -1 -1 -1 -1 
526 32 1359 244 143 351 -1 -1 -1 -1 
527 32 1357 242 145 355 -1 -1 -1 -1 
528 32 1353 239 145 356 -1 -1 -1 -1 
529 32 1351 239 145 353 -1 -1 -1 -1 
530 32 1349 237 146 356 -1 -1 -1 -1 
531 32 1347 236 146 359 -1 -1 -1 -1 
532 32 1344 236 148 359 -1 -1 -1 -1 
533 32 1341 235 150 363 -1 -1 -1 -1 
534 32 1342 233 150 364 -1 -1 -1 -1 
535 32 1341 234 151 367 -1 -1 -1 -1 
536 32 1345 232 151 369 -1 -1 -1 -1 
537 32 1349 230 151 371 -1 -1 -1 -1 
538 32 1351 225 152 375 -1 -1 -1 -1 
539 32 1356 220 153 381 -1 -1 -1 -1 
540 32 1359 218 154 384 -1 -1 -1 -1 
541 32 1360 216 156 386 -1 -1 -1 -1 
542 32 1361 214 157 386 -1 -1 -1 -1 
543 32 1365 207 158 387 -1 -1 -1 -1 
544 32 1368 204 159 394 -1 -1 -1 -1 
545 32 1370 200 160 401 -1 -1 -1 -1 
546 32 1372 196 163 407 -1 -1 -1 -1 
547 32 1375 196 165 410 -1 -1 -1 -1 
548 32 1378 196 167 412 -1 -1 -1 -1 
549 32 1384 197 168 413 -1 -1 -1 -1 
550 32 1388 196 171 422 -1 -1 -1 -1 
551 32 1390 193 174 425 -1 -1 -1 -1 
552 32 1396 196 173 426 -1 -1 -1 -1 
553 32 1398 193 174 430 -1 -1 -1 -1 
554 32 1402 193 174 432 -1 -1 -1 -1 
555 32 1404 192 176 433 -1 -1 -1 -1 
556 32 1405 189 177 438 -1 -1 -1 -1 
557 32 1405 187 179 443 -1 -1 -1 -1 
558 32 1407 183 181 447 -1 -1 -1 -1 
559 32 1409 184 183 448 -1 -1 -1 -1 
560 32 1411 183 186 452 -1 -1 -1 -1 
561 32 1414 183 187 457 -1 -1 -1 -1 
562 32 1416 186 187 455 -1 -1 -1 -1 
563 32 1429 185 190 468 -1 -1 -1 -1 
564 32 1442 188 192 474 -1 -1 -1 -1 
565 32 1448 187 195 481 -1 -1 -1 -1 
566 32 1454 187 198 488 -1 -1 -1 -1 
567 32 1463 187 202 492 -1 -1 -1 -1 
568 32 1477 184 202 498 -1 -1 -1 -1 
569 32 1487 186 203 501 -1 -1 -1 -1 
570 32 1494 182 206 505 -1 -1 -1 -1 
571 32 1499 179 209 512 -1 -1 -1 -1 
572 32 1505 175 211 520 -1 -1 -1 -1 
573 32 1516 176 215 526 -1 -1 -1 -1 
574 32 1522 173 218 535 -1 -1 -1 -1 
575 32 1530 176 219 536 -1 -1 -1 -1 
576 32 1534 176 224 546 -1 -1 -1 -1 
577 32 1536 176 226 552 -1 -1 -1 -1 
578 32 1549 179 228 562 -1 -1 -1 -1 
579 32 1554 184 229 566 -1 -1 -1 -1 
580 32 1560 183 231 572 -1 -1 -1 -1 
581 32 1560 183 235 579 -1 -1 -1 -1 
582 32 1561 184 237 582 -1 -1 -1 -1 
583 32 1567 182 239 589 -1 -1 -1 -1 
584 32 1573 179 243 596 -1 -1 -1 -1 
585 32 1579 179 244 601 -1 -1 -1 -1 
586 32 1586 178 245 605 -1 -1 -1 -1 
587 32 1591 179 247 610 -1 -1 -1 -1 
588 32 1598 181 251 620 -1 -1 -1 -1 
589 32 1606 181 255 628 -1 -1 -1 -1 
590 32 1611 181 259 639 -1 -1 -1 -1 
591 32 1622 181 263 648 -1 -1 -1 -1 
592 32 1631 180 268 656 -1 -1 -1 -1 
593 32 1647 178 269 669 -1 -1 -1 -1 
594 32 1657 178 265 681 -1 -1 -1 -1 
595 32 1664 178 260 690 -1 -1 -1 -1 
596 32 1677 178 247 696 -1 -1 -1 -1 
597 32 1688 176 235 702 -1 -1 -1 -1 
598 32 1703 177 220 714 -1 -1 -1 -1 
599 32 1720 177 203 723 -1 -1 -1 -1 
600 32 1736 173 187 732 -1 -1 -1 -1 
601 32 1750 173 172 742 -1 -1 -1 -1 
602 32 1771 175 151 749 -1 -1 -1 -1 
603 32 1790 177 132 768 -1 -1 -1 -1 
604 32 1813 208 108 750 -1 -1 -1 -1 
171 33 1803 280 113 602 -1 -1 -1 -1 
172 33 1788 271 128 617 -1 -1 -1 -1 
173 33 1768 270 149 622 -1 -1 -1 -1 
174 33 1756 275 162 613 -1 -1 -1 -1 
175 33 1741 283 178 607 -1 -1 -1 -1 
176 33 1727 291 192 600 -1 -1 -1 -1 
177 33 1718 297 203 599 -1 -1 -1 -1 
178 33 1711 295 210 598 -1 -1 -1 -1 
179 33 1706 297 214 593 -1 -1 -1 -1 
180 33 1701 293 219 599 -1 -1 -1 -1 
181 33 1692 284 227 591 -1 -1 -1 -1 
182 33 1683 278 235 588 -1 -1 -1 -1 
183 33 1675 271 242 588 -1 -1 -1 -1 
184 33 1666 265 246 591 -1 -1 -1 -1 
185 33 1659 260 251 605 -1 -1 -1 -1 
186 33 1647 257 252 612 -1 -1 -1 -1 
187 33 1639 258 253 612 -1 -1 -1 -1 
188 33 1634 261 251 612 -1 -1 -1 -1 
189 33 1628 268 252 612 -1 -1 -1 -1 
190 33 1625 276 250 613 -1 -1 -1 -1 
191 33 1619 288 249 616 -1 -1 -1 -1 
192 33 1618 296 249 615 -1 -1 -1 -1 
193 33 1612 301 251 618 -1 -1 -1 -1 
194 33 1606 305 251 613 -1 -1 -1 -1 
195 33 1602 306 248 606 -1 -1 -1 -1 
196 33 1600 304 245 606 -1 -1 -1 -1 
197 33 1594 303 247 605 -1 -1 -1 -1 
198 33 1591 300 246 604 -1 -1 -1 -1 
199 33 1587 297 248 612 -1 -1 -1 -1 
200 33 1582 297 253 619 -1 -1 -1 -1 
201 33 1580 305 256 628 -1 -1 -1 -1 
202 33 1576 314 259 632 -1 -1 -1 -1 
203 33 1582 318 260 642 -1 -1 -1 -1 
204 33 1593 323 262 648 -1 -1 -1 -1 
205 33 1599 330 260 645 -1 -1 -1 -1 
206 33 1612 336 256 636 -1 -1 -1 -1 
207 33 1618 334 256 634 -1 -1 -1 -1 
208 33 1624 337 255 628 -1 -1 -1 -1 
209 33 1627 335 252 624 -1 -1 -1 -1 
210 33 1631 331 254 625 -1 -1 -1 -1 
211 33 1635 323 258 636 -1 -1 -1 -1 
212 33 1633 318 263 645 -1 -1 -1 -1 
213 33 1633 314 264 648 -1 -1 -1 -1 
214 33 1632 313 265 648 -1 -1 -1 -1 
215 33 1635 310 265 651 -1 -1 -1 -1 
216 33 1638 315 267 656 -1 -1 -1 -1 
217 33 1638 322 266 656 -1 -1 -1 -1 
218 33 1641 326 266 662 -1 -1 -1 -1 
219 33 1640 331 266 661 -1 -1 -1 -1 
220 33 1639 336 266 659 -1 -1 -1 -1 
221 33 1630 341 265 658 -1 -1 -1 -1 
222 33 1626 341 267 658 -1 -1 -1 -1 
223 33 1624 339 267 658 -1 -1 -1 -1 
224 33 1621 333 268 661 -1 -1 -1 -1 
225 33 1612 330 269 665 -1 -1 -1 -1 
226 33 1604 325 272 671 -1 -1 -1 -1 
227 33 1600 322 274 678 -1 -1 -1 -1 
228 33 1598 326 275 682 -1 -1 -1 -1 
229 33 1597 328 277 685 -1 -1 -1 -1 
230 33 1600 327 277 688 -1 -1 -1 -1 
231 33 1603 333 279 693 -1 -1 -1 -1 
232 33 1605 336 277 688 -1 -1 -1 -1 
233 33 1606 337 278 687 -1 -1 -1 -1 
234 33 1612 334 277 685 -1 -1 -1 -1 
235 33 1615 330 272 668 -1 -1 -1 -1 
236 33 1615 322 271 661 -1 -1 -1 -1 
237 33 1615 317 269 658 -1 -1 -1 -1 
238 33 1612 309 274 671 -1 -1 -1 -1 
239 33 1612 303 278 685 -1 -1 -1 -1 
240 33 1610 298 281 689 -1 -1 -1 -1 
241 33 1612 292 282 689 -1 -1 -1 -1 
242 33 1613 290 283 694 -1 -1 -1 -1 
243 33 1614 292 281 692 -1 -1 -1 -1 
244 33 1615 293 282 693 -1 -1 -1 -1 
245 33 1620 297 279 687 -1 -1 -1 -1 
246 33 1627 300 281 697 -1 -1 -1 -1 
247 33 1626 304 282 697 -1 -1 -1 -1 
248 33 1625 308 284 696 -1 -1 -1 -1 
249 33 1627 310 283 692 -1 -1 -1 -1 
250 33 1628 307 284 695 -1 -1 -1 -1 
251 33 1632 302 282 689 -1 -1 -1 -1 
252 33 1632 293 283 697 -1 -1 -1 -1 
253 33 1633 287 284 700 -1 -1 -1 -1 
254 33 1633 284 284 701 -1 -1 -1 -1 
255 33 1634 280 285 710 -1 -1 -1 -1 
256 33 1638 274 284 720 -1 -1 -1 -1 
257 33 1648 272 274 728 -1 -1 -1 -1 
258 33 1654 275 267 730 -1 -1 -1 -1 
259 33 1664 284 257 730 -1 -1 -1 -1 
260 33 1675 288 246 723 -1 -1 -1 -1 
261 33 1690 284 232 729 -1 -1 -1 -1 
262 33 1700 281 220 736 -1 -1 -1 -1 
263 33 1707 280 213 709 -1 -1 -1 -1 
264 33 1711 279 208 684 -1 -1 -1 -1 
265 33 1713 272 206 695 -1 -1 -1 -1 
266 33 1716 255 203 718 -1 -1 -1 -1 
267 33 1721 245 198 729 -1 -1 -1 -1 
268 33 1724 242 195 731 -1 -1 -1 -1 
269 33 1725 242 194 731 -1 -1 -1 -1 
270 33 1727 241 192 730 -1 -1 -1 -1 
271 33 1728 244 191 722 -1 -1 -1 -1 
272 33 1726 250 192 726 -1 -1 -1 -1 
273 33 1726 252 191 726 -1 -1 -1 -1 
274 33 1729 254 189 716 -1 -1 -1 -1 
275 33 1730 254 188 708 -1 -1 -1 -1 
276 33 1724 254 192 705 -1 -1 -1 -1 
277 33 1713 246 203 728 -1 -1 -1 -1 
278 33 1703 241 212 740 -1 -1 -1 -1 
279 33 1697 240 218 734 -1 -1 -1 -1 
280 33 1687 236 229 729 -1 -1 -1 -1 
281 33 1673 228 242 728 -1 -1 -1 -1 
282 33 1667 222 250 734 -1 -1 -1 -1 
283 33 1660 219 258 744 -1 -1 -1 -1 
284 33 1653 216 266 753 -1 -1 -1 -1 
285 33 1652 216 267 757 -1 -1 -1 -1 
286 33 1656 213 264 762 -1 -1 -1 -1 
287 33 1657 215 263 761 -1 -1 -1 -1 
288 33 1667 214 255 738 -1 -1 -1 -1 
289 33 1672 210 249 747 -1 -1 -1 -1 
290 33 1675 207 245 758 -1 -1 -1 -1 
291 33 1680 202 241 753 -1 -1 -1 -1 
292 33 1688 191 234 731 -1 -1 -1 -1 
293 33 1691 187 228 731 -1 -1 -1 -1 
294 33 1693 178 227 741 -1 -1 -1 -1 
295 33 1697 174 224 738 -1 -1 -1 -1 
296 33 1698 171 223 742 -1 -1 -1 -1 
297 33 1710 166 212 750 -1 -1 -1 -1 
298 33 1715 167 206 752 -1 -1 -1 -1 
299 33 1720 173 200 748 -1 -1 -1 -1 
300 33 1728 173 191 751 -1 -1 -1 -1 
301 33 1731 177 188 759 -1 -1 -1 -1 
302 33 1741 184 177 749 -1 -1 -1 -1 
303 33 1745 187 173 734 -1 -1 -1 -1 
304 33 1745 190 173 725 -1 -1 -1 -1 
305 33 1746 192 172 722 -1 -1 -1 -1 
306 33 1739 193 179 737 -1 -1 -1 -1 
307 33 1732 191 185 748 -1 -1 -1 -1 
308 33 1731 190 187 751 -1 -1 -1 -1 
309 33 1730 191 188 751 -1 -1 -1 -1 
310 33 1729 193 190 752 -1 -1 -1 -1 
311 33 1732 197 188 754 -1 -1 -1 -1 
312 33 1742 204 179 759 -1 -1 -1 -1 
313 33 1749 205 172 753 -1 -1 -1 -1 
314 33 1753 202 168 780 -1 -1 -1 -1 
315 33 1763 205 159 788 -1 -1 -1 -1 
316 33 1776 208 146 787 -1 -1 -1 -1 
317 33 1793 220 130 732 -1 -1 -1 -1 
318 33 1808 231 114 704 -1 -1 -1 -1 
319 33 1822 238 99 694 -1 -1 -1 -1 
320 33 1826 244 94 718 -1 -1 -1 -1 
321 33 1830 242 90 717 -1 -1 -1 -1 
322 33 1831 248 91 698 -1 -1 -1 -1 
323 33 1834 251 86 683 -1 -1 -1 -1 
324 33 1832 232 87 693 -1 -1 -1 -1 
325 33 1833 224 86 687 -1 -1 -1 -1 
190 35 913 328 42 106 -1 -1 -1 -1 
191 35 912 330 42 104 -1 -1 -1 -1 
192 35 912 332 41 101 -1 -1 -1 -1 
193 35 911 332 42 105 -1 -1 -1 -1 
194 35 909 331 43 105 -1 -1 -1 -1 
195 35 911 332 42 104 -1 -1 -1 -1 
196 35 914 333 41 101 -1 -1 -1 -1 
197 35 918 335 42 100 -1 -1 -1 -1 
198 35 924 335 40 99 -1 -1 -1 -1 
199 35 929 337 40 99 -1 -1 -1 -1 
200 35 932 342 39 98 -1 -1 -1 -1 
201 35 941 349 38 97 -1 -1 -1 -1 
202 35 946 354 35 91 -1 -1 -1 -1 
203 35 952 359 40 101 -1 -1 -1 -1 
204 35 963 361 41 101 -1 -1 -1 -1 
205 35 971 362 42 106 -1 -1 -1 -1 
206 35 984 365 43 107 -1 -1 -1 -1 
207 35 993 364 44 109 -1 -1 -1 -1 
208 35 999 364 43 109 -1 -1 -1 -1 
209 35 1005 365 43 108 -1 -1 -1 -1 
210 35 1013 364 42 106 -1 -1 -1 -1 
211 35 1025 362 42 105 -1 -1 -1 -1 
212 35 1029 363 43 106 -1 -1 -1 -1 
213 35 1034 360 43 108 -1 -1 -1 -1 
214 35 1040 362 42 107 -1 -1 -1 -1 
215 35 1046 362 41 105 -1 -1 -1 -1 
216 35 1054 364 42 104 -1 -1 -1 -1 
217 35 1057 365 42 106 -1 -1 -1 -1 
218 35 1062 366 42 106 -1 -1 -1 -1 
219 35 1064 365 43 109 -1 -1 -1 -1 
220 35 1067 366 44 111 -1 -1 -1 -1 
221 35 1071 368 43 110 -1 -1 -1 -1 
222 35 1073 370 43 108 -1 -1 -1 -1 
223 35 1075 367 43 109 -1 -1 -1 -1 
224 35 1078 363 43 109 -1 -1 -1 -1 
225 35 1079 362 43 107 -1 -1 -1 -1 
226 35 1083 363 43 106 -1 -1 -1 -1 
227 35 1087 361 43 109 -1 -1 -1 -1 
228 35 1091 362 43 111 -1 -1 -1 -1 
229 35 1096 364 42 108 -1 -1 -1 -1 
230 35 1100 361 42 106 -1 -1 -1 -1 
231 35 1109 366 41 102 -1 -1 -1 -1 
232 35 1115 363 39 98 -1 -1 -1 -1 
233 35 1118 361 41 105 -1 -1 -1 -1 
234 35 1123 360 42 105 -1 -1 -1 -1 
235 35 1128 357 42 106 -1 -1 -1 -1 
236 35 1133 352 41 102 -1 -1 -1 -1 
237 35 1137 350 40 102 -1 -1 -1 -1 
238 35 1139 346 41 103 -1 -1 -1 -1 
239 35 1142 344 41 105 -1 -1 -1 -1 
240 35 1143 343 42 107 -1 -1 -1 -1 
241 35 1149 340 42 106 -1 -1 -1 -1 
242 35 1151 340 43 110 -1 -1 -1 -1 
243 35 1154 339 45 112 -1 -1 -1 -1 
244 35 1158 338 43 108 -1 -1 -1 -1 
245 35 1160 339 43 107 -1 -1 -1 -1 
246 35 1168 340 42 105 -1 -1 -1 -1 
247 35 1168 340 42 107 -1 -1 -1 -1 
248 35 1169 341 43 109 -1 -1 -1 -1 
249 35 1172 339 43 109 -1 -1 -1 -1 
250 35 1175 338 42 105 -1 -1 -1 -1 
251 35 1179 335 43 106 -1 -1 -1 -1 
252 35 1180 331 44 110 -1 -1 -1 -1 
253 35 1182 327 46 114 -1 -1 -1 -1 
254 35 1186 326 45 115 -1 -1 -1 -1 
255 35 1190 325 44 112 -1 -1 -1 -1 
256 35 1197 325 42 105 -1 -1 -1 -1 
257 35 1201 325 42 104 -1 -1 -1 -1 
258 35 1204 323 42 105 -1 -1 -1 -1 
259 35 1208 324 41 104 -1 -1 -1 -1 
260 35 1214 323 42 106 -1 -1 -1 -1 
261 35 1222 317 44 112 -1 -1 -1 -1 
262 35 1227 315 43 106 -1 -1 -1 -1 
263 35 1234 315 41 102 -1 -1 -1 -1 
264 35 1237 310 40 100 -1 -1 -1 -1 
265 35 1238 307 41 102 -1 -1 -1 -1 
266 35 1244 305 40 98 -1 -1 -1 -1 
267 35 1245 305 42 103 -1 -1 -1 -1 
268 35 1246 305 42 103 -1 -1 -1 -1 
269 35 1247 305 42 104 -1 -1 -1 -1 
270 35 1248 303 44 107 -1 -1 -1 -1 
271 35 1247 306 43 105 -1 -1 -1 -1 
272 35 1245 308 42 103 -1 -1 -1 -1 
273 35 1243 307 41 103 -1 -1 -1 -1 
274 35 1242 307 41 104 -1 -1 -1 -1 
275 35 1240 304 43 108 -1 -1 -1 -1 
276 35 1232 303 42 106 -1 -1 -1 -1 
277 35 1227 302 42 106 -1 -1 -1 -1 
278 35 1220 303 41 102 -1 -1 -1 -1 
279 35 1212 302 41 104 -1 -1 -1 -1 
280 35 1205 300 41 104 -1 -1 -1 -1 
281 35 1189 296 42 104 -1 -1 -1 -1 
282 35 1183 297 42 105 -1 -1 -1 -1 
283 35 1175 295 44 108 -1 -1 -1 -1 
284 35 1171 294 43 105 -1 -1 -1 -1 
285 35 1167 293 43 107 -1 -1 -1 -1 
286 35 1164 291 45 112 -1 -1 -1 -1 
287 35 1161 292 45 114 -1 -1 -1 -1 
288 35 1163 288 44 111 -1 -1 -1 -1 
289 35 1164 284 43 112 -1 -1 -1 -1 
290 35 1161 279 44 112 -1 -1 -1 -1 
291 35 1163 276 42 108 -1 -1 -1 -1 
292 35 1164 270 43 107 -1 -1 -1 -1 
293 35 1163 265 44 109 -1 -1 -1 -1 
294 35 1166 262 43 105 -1 -1 -1 -1 
295 35 1169 263 41 100 -1 -1 -1 -1 
296 35 1169 262 41 100 -1 -1 -1 -1 
297 35 1174 257 42 104 -1 -1 -1 -1 
298 35 1174 257 43 106 -1 -1 -1 -1 
299 35 1174 259 44 105 -1 -1 -1 -1 
300 35 1173 258 44 107 -1 -1 -1 -1 
301 35 1172 263 43 107 -1 -1 -1 -1 
302 35 1170 265 43 106 -1 -1 -1 -1 
303 35 1168 266 42 104 -1 -1 -1 -1 
304 35 1167 266 42 105 -1 -1 -1 -1 
305 35 1165 263 43 108 -1 -1 -1 -1 
306 35 1162 264 43 108 -1 -1 -1 -1 
307 35 1155 261 44 110 -1 -1 -1 -1 
308 35 1153 259 43 108 -1 -1 -1 -1 
309 35 1151 259 44 109 -1 -1 -1 -1 
310 35 1150 264 43 105 -1 -1 -1 -1 
311 35 1149 267 42 104 -1 -1 -1 -1 
312 35 1150 271 41 103 -1 -1 -1 -1 
313 35 1153 274 40 100 -1 -1 -1 -1 
314 35 1151 276 41 103 -1 -1 -1 -1 
315 35 1154 279 42 105 -1 -1 -1 -1 
316 35 1158 277 44 105 -1 -1 -1 -1 
317 35 1166 273 44 109 -1 -1 -1 -1 
318 35 1173 273 42 105 -1 -1 -1 -1 
319 35 1178 268 44 110 -1 -1 -1 -1 
320 35 1180 266 46 114 -1 -1 -1 -1 
321 35 1185 266 44 110 -1 -1 -1 -1 
322 35 1194 260 44 110 -1 -1 -1 -1 
323 35 1197 261 44 111 -1 -1 -1 -1 
324 35 1202 258 43 107 -1 -1 -1 -1 
325 35 1205 256 44 110 -1 -1 -1 -1 
326 35 1209 258 43 109 -1 -1 -1 -1 
327 35 1214 263 44 108 -1 -1 -1 -1 
328 35 1218 268 42 106 -1 -1 -1 -1 
329 35 1220 269 42 105 -1 -1 -1 -1 
330 35 1222 269 43 109 -1 -1 -1 -1 
331 35 1224 269 43 108 -1 -1 -1 -1 
332 35 1228 271 43 108 -1 -1 -1 -1 
333 35 1229 271 43 109 -1 -1 -1 -1 
334 35 1228 271 44 110 -1 -1 -1 -1 
335 35 1228 271 43 109 -1 -1 -1 -1 
336 35 1227 271 43 109 -1 -1 -1 -1 
337 35 1226 275 42 106 -1 -1 -1 -1 
338 35 1223 276 44 109 -1 -1 -1 -1 
339 35 1222 281 44 108 -1 -1 -1 -1 
340 35 1221 283 44 110 -1 -1 -1 -1 
341 35 1220 289 44 111 -1 -1 -1 -1 
342 35 1219 295 45 112 -1 -1 -1 -1 
343 35 1221 302 43 107 -1 -1 -1 -1 
344 35 1223 303 44 110 -1 -1 -1 -1 
345 35 1225 304 44 110 -1 -1 -1 -1 
346 35 1223 307 45 109 -1 -1 -1 -1 
347 35 1229 311 44 111 -1 -1 -1 -1 
348 35 1230 313 44 114 -1 -1 -1 -1 
349 35 1231 314 44 112 -1 -1 -1 -1 
350 35 1232 313 44 112 -1 -1 -1 -1 
351 35 1234 313 43 110 -1 -1 -1 -1 
352 35 1234 317 44 110 -1 -1 -1 -1 
353 35 1234 317 45 112 -1 -1 -1 -1 
354 35 1235 318 45 113 -1 -1 -1 -1 
355 35 1234 321 46 113 -1 -1 -1 -1 
362 35 1240 342 43 107 -1 -1 -1 -1 
363 35 1242 342 42 105 -1 -1 -1 -1 
364 35 1242 341 43 106 -1 -1 -1 -1 
365 35 1236 339 44 111 -1 -1 -1 -1 
366 35 1240 339 43 108 -1 -1 -1 -1 
367 35 1243 336 45 110 -1 -1 -1 -1 
368 35 1249 333 44 108 -1 -1 -1 -1 
370 35 1255 332 45 114 -1 -1 -1 -1 
371 35 1265 332 44 108 -1 -1 -1 -1 
372 35 1279 327 45 112 -1 -1 -1 -1 
373 35 1285 327 45 111 -1 -1 -1 -1 
374 35 1293 321 45 112 -1 -1 -1 -1 
375 35 1299 319 45 112 -1 -1 -1 -1 
376 35 1303 319 44 112 -1 -1 -1 -1 
377 35 1314 311 43 109 -1 -1 -1 -1 
378 35 1319 310 43 108 -1 -1 -1 -1 
379 35 1325 309 41 102 -1 -1 -1 -1 
380 35 1330 307 41 104 -1 -1 -1 -1 
381 35 1336 309 40 104 -1 -1 -1 -1 
382 35 1342 312 42 105 -1 -1 -1 -1 
383 35 1346 311 42 105 -1 -1 -1 -1 
384 35 1349 312 43 108 -1 -1 -1 -1 
385 35 1355 311 43 112 -1 -1 -1 -1 
207 36 421 372 45 110 -1 -1 -1 -1 
208 36 427 374 46 114 -1 -1 -1 -1 
209 36 430 373 46 114 -1 -1 -1 -1 
210 36 435 373 46 112 -1 -1 -1 -1 
211 36 444 372 46 112 -1 -1 -1 -1 
212 36 446 371 46 114 -1 -1 -1 -1 
213 36 452 370 45 113 -1 -1 -1 -1 
215 36 458 372 45 114 -1 -1 -1 -1 
216 36 465 375 47 118 -1 -1 -1 -1 
217 36 467 375 46 118 -1 -1 -1 -1 
218 36 470 375 45 113 -1 -1 -1 -1 
219 36 471 373 45 114 -1 -1 -1 -1 
220 36 473 373 42 110 -1 -1 -1 -1 
221 36 471 371 44 110 -1 -1 -1 -1 
222 36 471 371 43 111 -1 -1 -1 -1 
223 36 469 370 45 113 -1 -1 -1 -1 
224 36 470 367 45 113 -1 -1 -1 -1 
225 36 468 365 47 117 -1 -1 -1 -1 
226 36 470 362 44 111 -1 -1 -1 -1 
227 36 473 360 45 115 -1 -1 -1 -1 
228 36 473 360 47 118 -1 -1 -1 -1 
229 36 474 357 48 120 -1 -1 -1 -1 
230 36 478 358 46 118 -1 -1 -1 -1 
231 36 486 359 44 115 -1 -1 -1 -1 
232 36 490 356 45 116 -1 -1 -1 -1 
236 38 1 335 51 185 -1 -1 -1 -1 
237 38 0 334 52 184 -1 -1 -1 -1 
238 38 0 330 55 184 -1 -1 -1 -1 
239 38 0 329 57 184 -1 -1 -1 -1 
240 38 0 325 58 185 -1 -1 -1 -1 
241 38 1 322 62 186 -1 -1 -1 -1 
242 38 1 321 65 187 -1 -1 -1 -1 
243 38 1 322 69 186 -1 -1 -1 -1 
244 38 1 319 72 187 -1 -1 -1 -1 
245 38 2 321 72 185 -1 -1 -1 -1 
246 38 7 316 76 188 -1 -1 -1 -1 
247 38 6 315 77 190 -1 -1 -1 -1 
248 38 5 315 77 188 -1 -1 -1 -1 
249 38 4 312 76 187 -1 -1 -1 -1 
250 38 6 310 76 186 -1 -1 -1 -1 
251 38 8 310 76 184 -1 -1 -1 -1 
252 38 9 309 76 184 -1 -1 -1 -1 
253 38 12 312 75 182 -1 -1 -1 -1 
254 38 14 313 74 181 -1 -1 -1 -1 
255 38 16 314 74 181 -1 -1 -1 -1 
256 38 19 316 76 184 -1 -1 -1 -1 
257 38 24 317 75 185 -1 -1 -1 -1 
258 38 24 318 75 185 -1 -1 -1 -1 
259 38 28 320 75 187 -1 -1 -1 -1 
260 38 32 317 75 186 -1 -1 -1 -1 
261 38 39 315 73 182 -1 -1 -1 -1 
262 38 40 315 73 181 -1 -1 -1 -1 
263 38 42 308 73 182 -1 -1 -1 -1 
264 38 42 303 74 184 -1 -1 -1 -1 
265 38 43 301 73 183 -1 -1 -1 -1 
266 38 45 298 73 183 -1 -1 -1 -1 
267 38 44 297 74 185 -1 -1 -1 -1 
268 38 44 296 75 187 -1 -1 -1 -1 
269 38 43 296 75 187 -1 -1 -1 -1 
270 38 44 296 75 187 -1 -1 -1 -1 
271 38 42 298 75 186 -1 -1 -1 -1 
272 38 38 300 76 189 -1 -1 -1 -1 
273 38 34 300 76 188 -1 -1 -1 -1 
274 38 33 303 74 187 -1 -1 -1 -1 
275 38 29 303 75 187 -1 -1 -1 -1 
276 38 17 305 76 188 -1 -1 -1 -1 
277 38 8 305 77 188 -1 -1 -1 -1 
278 38 0 306 71 185 -1 -1 -1 -1 
279 38 -3 305 62 187 -1 -1 -1 -1 
280 38 -3 304 52 186 -1 -1 -1 -1 
237 39 968 345 46 118 -1 -1 -1 -1 
238 39 967 335 51 125 -1 -1 -1 -1 
239 39 969 340 48 120 -1 -1 -1 -1 
240 39 971 344 47 116 -1 -1 -1 -1 
241 39 976 339 49 121 -1 -1 -1 -1 
242 39 980 339 48 120 -1 -1 -1 -1 
243 39 982 340 48 118 -1 -1 -1 -1 
244 39 982 335 49 122 -1 -1 -1 -1 
245 39 984 341 47 118 -1 -1 -1 -1 
246 39 989 338 48 123 -1 -1 -1 -1 
247 39 988 336 48 124 -1 -1 -1 -1 
248 39 991 338 47 120 -1 -1 -1 -1 
249 39 990 337 46 120 -1 -1 -1 -1 
250 39 993 333 48 121 -1 -1 -1 -1 
251 39 987 328 51 125 -1 -1 -1 -1 
252 39 986 325 52 126 -1 -1 -1 -1 
253 39 984 325 53 127 -1 -1 -1 -1 
271 39 1030 308 47 119 -1 -1 -1 -1 
272 39 1026 308 50 122 -1 -1 -1 -1 
273 39 1023 307 48 120 -1 -1 -1 -1 
274 39 1022 309 48 119 -1 -1 -1 -1 
275 39 1020 307 48 121 -1 -1 -1 -1 
276 39 1009 306 50 124 -1 -1 -1 -1 
277 39 1004 306 50 123 -1 -1 -1 -1 
278 39 995 304 51 127 -1 -1 -1 -1 
279 39 986 301 52 129 -1 -1 -1 -1 
280 39 980 301 51 126 -1 -1 -1 -1 
281 39 965 299 50 124 -1 -1 -1 -1 
282 39 957 300 49 122 -1 -1 -1 -1 
283 39 951 298 50 125 -1 -1 -1 -1 
284 39 945 297 50 125 -1 -1 -1 -1 
285 39 939 296 51 128 -1 -1 -1 -1 
286 39 937 293 49 123 -1 -1 -1 -1 
287 39 931 299 49 120 -1 -1 -1 -1 
288 39 930 292 50 126 -1 -1 -1 -1 
289 39 929 287 51 128 -1 -1 -1 -1 
290 39 924 287 52 128 -1 -1 -1 -1 
291 39 925 284 51 128 -1 -1 -1 -1 
292 39 925 275 52 130 -1 -1 -1 -1 
293 39 923 273 52 128 -1 -1 -1 -1 
294 39 924 267 52 130 -1 -1 -1 -1 
237 40 260 332 42 106 -1 -1 -1 -1 
241 40 269 324 43 107 -1 -1 -1 -1 
242 40 270 320 44 111 -1 -1 -1 -1 
243 40 272 316 45 115 -1 -1 -1 -1 
244 40 276 317 43 109 -1 -1 -1 -1 
245 40 276 320 44 109 -1 -1 -1 -1 
246 40 280 313 45 113 -1 -1 -1 -1 
247 40 277 312 45 114 -1 -1 -1 -1 
248 40 276 311 45 115 -1 -1 -1 -1 
249 40 277 311 44 112 -1 -1 -1 -1 
250 40 278 309 45 111 -1 -1 -1 -1 
251 40 281 309 43 109 -1 -1 -1 -1 
252 40 281 309 43 109 -1 -1 -1 -1 
253 40 282 310 42 109 -1 -1 -1 -1 
254 40 283 310 42 108 -1 -1 -1 -1 
255 40 284 312 41 107 -1 -1 -1 -1 
256 40 289 314 43 109 -1 -1 -1 -1 
257 40 292 315 44 109 -1 -1 -1 -1 
265 40 313 298 44 111 -1 -1 -1 -1 
266 40 317 295 44 112 -1 -1 -1 -1 
267 40 316 294 46 113 -1 -1 -1 -1 
268 40 317 295 44 111 -1 -1 -1 -1 
269 40 316 295 45 111 -1 -1 -1 -1 
271 40 309 293 47 115 -1 -1 -1 -1 
272 40 307 299 45 115 -1 -1 -1 -1 
276 40 284 301 45 117 -1 -1 -1 -1 
277 40 276 301 46 116 -1 -1 -1 -1 
279 40 255 301 46 116 -1 -1 -1 -1 
280 40 246 297 47 116 -1 -1 -1 -1 
281 40 224 294 48 119 -1 -1 -1 -1 
282 40 212 293 48 121 -1 -1 -1 -1 
283 40 203 293 47 122 -1 -1 -1 -1 
284 40 196 297 47 120 -1 -1 -1 -1 
285 40 187 298 47 121 -1 -1 -1 -1 
286 40 181 294 49 123 -1 -1 -1 -1 
292 40 160 283 48 124 -1 -1 -1 -1 
293 40 158 282 47 122 -1 -1 -1 -1 
294 40 158 278 47 121 -1 -1 -1 -1 
295 40 157 278 48 122 -1 -1 -1 -1 
296 40 155 278 49 121 -1 -1 -1 -1 
297 40 157 274 48 121 -1 -1 -1 -1 
298 40 154 273 49 122 -1 -1 -1 -1 
299 40 151 270 50 125 -1 -1 -1 -1 
300 40 149 265 50 126 -1 -1 -1 -1 
301 40 141 268 52 128 -1 -1 -1 -1 
302 40 137 264 51 128 -1 -1 -1 -1 
303 40 132 262 51 129 -1 -1 -1 -1 
304 40 128 261 52 132 -1 -1 -1 -1 
305 40 124 258 52 133 -1 -1 -1 -1 
306 40 116 257 53 132 -1 -1 -1 -1 
307 40 103 254 53 133 -1 -1 -1 -1 
308 40 96 253 54 133 -1 -1 -1 -1 
309 40 89 255 54 132 -1 -1 -1 -1 
310 40 86 259 52 130 -1 -1 -1 -1 
311 40 81 261 53 133 -1 -1 -1 -1 
312 40 75 269 55 133 -1 -1 -1 -1 
313 40 72 273 54 134 -1 -1 -1 -1 
314 40 67 276 55 137 -1 -1 -1 -1 
315 40 69 280 55 136 -1 -1 -1 -1 
316 40 72 279 56 137 -1 -1 -1 -1 
317 40 79 283 54 134 -1 -1 -1 -1 
318 40 84 285 52 132 -1 -1 -1 -1 
319 40 87 283 51 132 -1 -1 -1 -1 
320 40 87 281 52 134 -1 -1 -1 -1 
321 40 87 280 53 133 -1 -1 -1 -1 
322 40 89 277 54 134 -1 -1 -1 -1 
323 40 88 276 54 136 -1 -1 -1 -1 
324 40 89 275 54 136 -1 -1 -1 -1 
325 40 90 275 55 135 -1 -1 -1 -1 
326 40 92 277 54 135 -1 -1 -1 -1 
327 40 94 279 53 134 -1 -1 -1 -1 
328 40 95 281 53 135 -1 -1 -1 -1 
329 40 94 282 52 132 -1 -1 -1 -1 
330 40 96 283 52 131 -1 -1 -1 -1 
331 40 98 282 47 122 -1 -1 -1 -1 
332 40 94 282 50 131 -1 -1 -1 -1 
333 40 89 280 54 135 -1 -1 -1 -1 
334 40 82 278 55 137 -1 -1 -1 -1 
335 40 81 279 56 139 -1 -1 -1 -1 
336 40 75 277 63 153 -1 -1 -1 -1 
337 40 60 280 69 165 -1 -1 -1 -1 
350 40 22 304 60 146 -1 -1 -1 -1 
351 40 19 304 60 145 -1 -1 -1 -1 
352 40 10 304 59 144 -1 -1 -1 -1 
353 40 4 303 58 146 -1 -1 -1 -1 
354 40 1 302 60 150 -1 -1 -1 -1 
355 40 0 304 60 150 -1 -1 -1 -1 
356 40 -1 307 54 149 -1 -1 -1 -1 
357 40 -1 310 50 150 -1 -1 -1 -1 
358 40 -1 311 47 149 -1 -1 -1 -1 
359 40 -1 310 42 153 -1 -1 -1 -1 
360 40 -1 312 36 152 -1 -1 -1 -1 
361 40 0 308 33 157 -1 -1 -1 -1 
374 40 0 309 31 166 -1 -1 -1 -1 
375 40 0 307 32 166 -1 -1 -1 -1 
376 40 0 306 32 163 -1 -1 -1 -1 
377 40 1 302 33 158 -1 -1 -1 -1 
378 40 0 301 33 159 -1 -1 -1 -1 
379 40 0 300 32 160 -1 -1 -1 -1 
380 40 0 299 33 160 -1 -1 -1 -1 
381 40 0 298 34 162 -1 -1 -1 -1 
382 40 0 298 35 163 -1 -1 -1 -1 
383 40 0 302 34 161 -1 -1 -1 -1 
384 40 0 300 32 169 -1 -1 -1 -1 
385 40 0 301 34 165 -1 -1 -1 -1 
386 40 0 299 31 169 -1 -1 -1 -1 
387 40 0 290 30 185 -1 -1 -1 -1 
388 40 -1 291 29 185 -1 -1 -1 -1 
264 41 0 283 37 206 -1 -1 -1 -1 
265 41 0 281 39 206 -1 -1 -1 -1 
266 41 1 275 40 210 -1 -1 -1 -1 
267 41 0 274 41 212 -1 -1 -1 -1 
268 41 0 275 41 210 -1 -1 -1 -1 
269 41 0 276 40 209 -1 -1 -1 -1 
270 41 0 278 40 201 -1 -1 -1 -1 
271 41 0 278 40 206 -1 -1 -1 -1 
272 41 -1 280 39 210 -1 -1 -1 -1 
273 41 -1 288 33 200 -1 -1 -1 -1 
274 41 -1 290 33 200 -1 -1 -1 -1 
275 41 -1 291 27 198 -1 -1 -1 -1 
274 42 495 307 58 145 -1 -1 -1 -1 
275 42 490 304 59 145 -1 -1 -1 -1 
276 42 476 304 59 147 -1 -1 -1 -1 
277 42 464 304 61 149 -1 -1 -1 -1 
278 42 454 303 59 150 -1 -1 -1 -1 
279 42 442 302 60 149 -1 -1 -1 -1 
280 42 432 299 61 151 -1 -1 -1 -1 
281 42 412 303 59 147 -1 -1 -1 -1 
303 42 307 243 81 195 -1 -1 -1 -1 
304 42 301 242 83 199 -1 -1 -1 -1 
305 42 293 242 83 197 -1 -1 -1 -1 
306 42 283 238 82 201 -1 -1 -1 -1 
307 42 266 237 87 209 -1 -1 -1 -1 
308 42 258 237 83 203 -1 -1 -1 -1 
309 42 247 236 91 218 -1 -1 -1 -1 
310 42 241 235 89 214 -1 -1 -1 -1 
311 42 239 239 84 206 -1 -1 -1 -1 
312 42 227 247 86 210 -1 -1 -1 -1 
313 42 224 251 82 202 -1 -1 -1 -1 
315 42 223 267 79 196 -1 -1 -1 -1 
316 42 222 268 79 195 -1 -1 -1 -1 
317 42 209 266 82 204 -1 -1 -1 -1 
318 42 202 263 85 208 -1 -1 -1 -1 
319 42 200 260 87 212 -1 -1 -1 -1 
320 42 198 259 87 215 -1 -1 -1 -1 
321 42 196 260 88 214 -1 -1 -1 -1 
322 42 193 254 91 221 -1 -1 -1 -1 
323 42 189 251 92 225 -1 -1 -1 -1 
324 42 187 249 91 224 -1 -1 -1 -1 
325 42 181 246 94 228 -1 -1 -1 -1 
326 42 177 248 94 231 -1 -1 -1 -1 
327 42 171 251 95 231 -1 -1 -1 -1 
328 42 174 254 96 232 -1 -1 -1 -1 
329 42 166 253 97 234 -1 -1 -1 -1 
330 42 165 255 95 232 -1 -1 -1 -1 
331 42 159 257 96 231 -1 -1 -1 -1 
332 42 153 256 98 237 -1 -1 -1 -1 
333 42 145 255 98 238 -1 -1 -1 -1 
334 42 133 253 99 242 -1 -1 -1 -1 
335 42 122 252 99 244 -1 -1 -1 -1 
336 42 112 248 99 247 -1 -1 -1 -1 
337 42 97 248 102 251 -1 -1 -1 -1 
338 42 85 248 103 252 -1 -1 -1 -1 
339 42 73 252 105 256 -1 -1 -1 -1 
340 42 63 250 107 261 -1 -1 -1 -1 
341 42 54 254 106 262 -1 -1 -1 -1 
342 42 36 258 112 273 -1 -1 -1 -1 
343 42 26 265 108 266 -1 -1 -1 -1 
344 42 20 266 107 265 -1 -1 -1 -1 
345 42 13 268 107 266 -1 -1 -1 -1 
346 42 2 271 107 270 -1 -1 -1 -1 
347 42 -1 271 96 279 -1 -1 -1 -1 
348 42 -3 272 85 281 -1 -1 -1 -1 
349 42 -3 270 68 285 -1 -1 -1 -1 
350 42 -2 271 61 285 -1 -1 -1 -1 
283 43 522 296 36 87 -1 -1 -1 -1 
284 43 516 296 37 90 -1 -1 -1 -1 
285 43 513 298 34 87 -1 -1 -1 -1 
286 43 506 294 37 92 -1 -1 -1 -1 
287 43 498 294 41 99 -1 -1 -1 -1 
288 43 501 292 38 94 -1 -1 -1 -1 
289 43 501 290 38 93 -1 -1 -1 -1 
290 43 499 292 37 90 -1 -1 -1 -1 
291 43 502 289 36 88 -1 -1 -1 -1 
292 43 503 283 35 88 -1 -1 -1 -1 
293 43 501 280 37 90 -1 -1 -1 -1 
294 43 505 277 35 86 -1 -1 -1 -1 
295 43 506 276 35 84 -1 -1 -1 -1 
298 44 886 251 58 144 -1 -1 -1 -1 
299 44 886 256 57 140 -1 -1 -1 -1 
300 44 885 252 58 143 -1 -1 -1 -1 
301 44 880 258 56 139 -1 -1 -1 -1 
302 44 874 260 55 137 -1 -1 -1 -1 
303 44 871 263 54 134 -1 -1 -1 -1 
304 44 870 262 54 134 -1 -1 -1 -1 
305 44 866 263 54 133 -1 -1 -1 -1 
306 44 861 258 55 137 -1 -1 -1 -1 
307 44 852 254 58 142 -1 -1 -1 -1 
308 44 849 254 57 142 -1 -1 -1 -1 
309 44 845 254 58 144 -1 -1 -1 -1 
310 44 840 256 57 145 -1 -1 -1 -1 
311 44 835 258 59 146 -1 -1 -1 -1 
312 44 833 264 59 144 -1 -1 -1 -1 
313 44 830 267 57 143 -1 -1 -1 -1 
314 44 827 269 59 148 -1 -1 -1 -1 
315 44 829 275 58 145 -1 -1 -1 -1 
316 44 834 277 57 140 -1 -1 -1 -1 
317 44 837 275 58 142 -1 -1 -1 -1 
318 44 840 273 57 142 -1 -1 -1 -1 
319 44 841 271 58 143 -1 -1 -1 -1 
320 44 843 270 56 141 -1 -1 -1 -1 
321 44 845 267 56 143 -1 -1 -1 -1 
322 44 849 262 56 142 -1 -1 -1 -1 
323 44 849 261 57 143 -1 -1 -1 -1 
324 44 852 259 58 144 -1 -1 -1 -1 
325 44 855 260 56 140 -1 -1 -1 -1 
326 44 858 263 57 139 -1 -1 -1 -1 
327 44 864 266 54 136 -1 -1 -1 -1 
328 44 864 269 55 135 -1 -1 -1 -1 
329 44 865 270 54 134 -1 -1 -1 -1 
330 44 868 271 55 137 -1 -1 -1 -1 
331 44 869 270 56 138 -1 -1 -1 -1 
332 44 871 271 55 138 -1 -1 -1 -1 
333 44 870 270 56 138 -1 -1 -1 -1 
334 44 869 270 56 138 -1 -1 -1 -1 
335 44 869 269 56 138 -1 -1 -1 -1 
336 44 867 268 56 139 -1 -1 -1 -1 
337 44 863 269 56 140 -1 -1 -1 -1 
338 44 859 271 56 138 -1 -1 -1 -1 
339 44 857 276 55 137 -1 -1 -1 -1 
340 44 856 278 56 139 -1 -1 -1 -1 
341 44 854 283 56 138 -1 -1 -1 -1 
342 44 851 292 55 137 -1 -1 -1 -1 
343 44 848 296 55 137 -1 -1 -1 -1 
344 44 851 299 54 137 -1 -1 -1 -1 
345 44 852 299 54 140 -1 -1 -1 -1 
346 44 850 303 53 137 -1 -1 -1 -1 
347 44 850 304 55 137 -1 -1 -1 -1 
348 44 848 305 54 137 -1 -1 -1 -1 
349 44 849 305 52 133 -1 -1 -1 -1 
350 44 847 302 55 137 -1 -1 -1 -1 
351 44 847 300 55 141 -1 -1 -1 -1 
352 44 846 303 54 141 -1 -1 -1 -1 
353 44 843 304 56 142 -1 -1 -1 -1 
354 44 842 308 55 138 -1 -1 -1 -1 
355 44 842 311 55 138 -1 -1 -1 -1 
356 44 838 313 55 138 -1 -1 -1 -1 
357 44 837 320 55 138 -1 -1 -1 -1 
358 44 836 321 55 139 -1 -1 -1 -1 
359 44 831 322 58 143 -1 -1 -1 -1 
360 44 830 324 56 141 -1 -1 -1 -1 
361 44 830 323 56 142 -1 -1 -1 -1 
362 44 826 323 58 144 -1 -1 -1 -1 
363 44 826 321 58 145 -1 -1 -1 -1 
364 44 823 320 58 145 -1 -1 -1 -1 
365 44 821 320 58 143 -1 -1 -1 -1 
366 44 821 320 58 143 -1 -1 -1 -1 
367 44 822 320 57 142 -1 -1 -1 -1 
368 44 821 319 58 144 -1 -1 -1 -1 
369 44 824 320 55 141 -1 -1 -1 -1 
370 44 823 322 56 143 -1 -1 -1 -1 
371 44 829 321 58 146 -1 -1 -1 -1 
372 44 837 319 57 142 -1 -1 -1 -1 
373 44 834 313 61 154 -1 -1 -1 -1 
374 44 838 312 60 150 -1 -1 -1 -1 
375 44 841 307 62 156 -1 -1 -1 -1 
376 44 844 307 61 149 -1 -1 -1 -1 
377 44 850 300 59 149 -1 -1 -1 -1 
378 44 851 298 60 149 -1 -1 -1 -1 
379 44 853 297 60 150 -1 -1 -1 -1 
380 44 855 296 60 150 -1 -1 -1 -1 
381 44 857 297 60 148 -1 -1 -1 -1 
382 44 860 299 58 145 -1 -1 -1 -1 
383 44 860 301 58 145 -1 -1 -1 -1 
384 44 860 303 59 148 -1 -1 -1 -1 
385 44 864 303 58 148 -1 -1 -1 -1 
386 44 862 302 60 152 -1 -1 -1 -1 
387 44 860 303 63 159 -1 -1 -1 -1 
388 44 859 302 62 154 -1 -1 -1 -1 
389 44 858 303 61 152 -1 -1 -1 -1 
390 44 857 301 62 154 -1 -1 -1 -1 
391 44 856 301 61 153 -1 -1 -1 -1 
392 44 855 301 59 149 -1 -1 -1 -1 
393 44 855 300 58 149 -1 -1 -1 -1 
394 44 855 300 58 147 -1 -1 -1 -1 
395 44 854 301 59 148 -1 -1 -1 -1 
396 44 854 300 59 147 -1 -1 -1 -1 
397 44 854 300 60 152 -1 -1 -1 -1 
398 44 857 301 59 150 -1 -1 -1 -1 
399 44 858 298 60 153 -1 -1 -1 -1 
400 44 857 296 61 154 -1 -1 -1 -1 
401 44 858 295 62 157 -1 -1 -1 -1 
402 44 860 290 62 154 -1 -1 -1 -1 
403 44 859 287 61 153 -1 -1 -1 -1 
404 44 860 282 60 154 -1 -1 -1 -1 
405 44 860 281 61 155 -1 -1 -1 -1 
406 44 860 279 61 155 -1 -1 -1 -1 
407 44 863 279 59 150 -1 -1 -1 -1 
408 44 864 281 58 150 -1 -1 -1 -1 
409 44 862 283 60 149 -1 -1 -1 -1 
410 44 865 285 59 146 -1 -1 -1 -1 
411 44 865 288 58 147 -1 -1 -1 -1 
412 44 865 289 62 156 -1 -1 -1 -1 
413 44 866 289 63 160 -1 -1 -1 -1 
414 44 867 295 63 155 -1 -1 -1 -1 
415 44 868 297 62 153 -1 -1 -1 -1 
416 44 868 298 62 152 -1 -1 -1 -1 
417 44 867 299 63 154 -1 -1 -1 -1 
418 44 866 298 64 155 -1 -1 -1 -1 
419 44 865 297 63 157 -1 -1 -1 -1 
420 44 863 296 63 157 -1 -1 -1 -1 
421 44 862 296 63 157 -1 -1 -1 -1 
422 44 861 302 62 154 -1 -1 -1 -1 
423 44 861 306 61 153 -1 -1 -1 -1 
424 44 859 309 63 155 -1 -1 -1 -1 
425 44 858 311 64 157 -1 -1 -1 -1 
426 44 858 311 63 157 -1 -1 -1 -1 
427 44 861 312 63 156 -1 -1 -1 -1 
428 44 862 311 62 154 -1 -1 -1 -1 
429 44 865 312 61 153 -1 -1 -1 -1 
430 44 866 310 60 152 -1 -1 -1 -1 
431 44 864 307 61 152 -1 -1 -1 -1 
432 44 862 303 62 153 -1 -1 -1 -1 
433 44 861 302 61 154 -1 -1 -1 -1 
434 44 857 301 61 153 -1 -1 -1 -1 
435 44 857 300 59 148 -1 -1 -1 -1 
436 44 855 300 59 147 -1 -1 -1 -1 
437 44 849 302 60 150 -1 -1 -1 -1 
438 44 845 302 61 151 -1 -1 -1 -1 
439 44 844 307 61 151 -1 -1 -1 -1 
440 44 841 310 61 153 -1 -1 -1 -1 
441 44 841 310 61 154 -1 -1 -1 -1 
442 44 835 315 61 155 -1 -1 -1 -1 
443 44 831 315 62 155 -1 -1 -1 -1 
444 44 828 316 62 155 -1 -1 -1 -1 
445 44 826 318 60 151 -1 -1 -1 -1 
446 44 822 316 61 153 -1 -1 -1 -1 
447 44 813 315 61 152 -1 -1 -1 -1 
448 44 811 317 61 153 -1 -1 -1 -1 
449 44 809 317 60 153 -1 -1 -1 -1 
450 44 807 318 60 152 -1 -1 -1 -1 
451 44 804 320 61 152 -1 -1 -1 -1 
452 44 803 321 61 152 -1 -1 -1 -1 
453 44 802 322 61 152 -1 -1 -1 -1 
454 44 804 323 60 151 -1 -1 -1 -1 
455 44 805 322 60 152 -1 -1 -1 -1 
456 44 807 324 60 150 -1 -1 -1 -1 
457 44 809 324 61 151 -1 -1 -1 -1 
458 44 811 322 61 153 -1 -1 -1 -1 
459 44 812 320 61 154 -1 -1 -1 -1 
460 44 812 317 63 157 -1 -1 -1 -1 
461 44 811 317 63 154 -1 -1 -1 -1 
462 44 812 317 62 155 -1 -1 -1 -1 
463 44 811 318 62 156 -1 -1 -1 -1 
464 44 811 318 63 156 -1 -1 -1 -1 
465 44 811 316 63 158 -1 -1 -1 -1 
466 44 812 316 64 157 -1 -1 -1 -1 
467 44 811 316 61 152 -1 -1 -1 -1 
468 44 812 316 63 157 -1 -1 -1 -1 
469 44 811 318 63 158 -1 -1 -1 -1 
470 44 810 319 63 157 -1 -1 -1 -1 
471 44 810 318 62 158 -1 -1 -1 -1 
472 44 809 321 61 155 -1 -1 -1 -1 
473 44 804 321 60 154 -1 -1 -1 -1 
474 44 802 321 61 153 -1 -1 -1 -1 
475 44 800 321 61 153 -1 -1 -1 -1 
476 44 799 321 62 153 -1 -1 -1 -1 
477 44 796 321 62 153 -1 -1 -1 -1 
478 44 793 323 62 153 -1 -1 -1 -1 
479 44 792 323 61 153 -1 -1 -1 -1 
480 44 790 325 63 156 -1 -1 -1 -1 
481 44 793 326 64 156 -1 -1 -1 -1 
482 44 795 327 64 158 -1 -1 -1 -1 
483 44 798 328 64 158 -1 -1 -1 -1 
484 44 802 324 65 160 -1 -1 -1 -1 
485 44 803 323 65 160 -1 -1 -1 -1 
486 44 803 322 64 159 -1 -1 -1 -1 
487 44 805 320 63 157 -1 -1 -1 -1 
488 44 806 319 64 158 -1 -1 -1 -1 
489 44 809 318 62 158 -1 -1 -1 -1 
490 44 811 319 62 156 -1 -1 -1 -1 
491 44 812 318 63 159 -1 -1 -1 -1 
492 44 813 319 64 160 -1 -1 -1 -1 
493 44 816 321 66 161 -1 -1 -1 -1 
494 44 817 323 64 157 -1 -1 -1 -1 
495 44 821 325 63 157 -1 -1 -1 -1 
496 44 823 322 64 159 -1 -1 -1 -1 
497 44 822 324 64 159 -1 -1 -1 -1 
498 44 825 322 64 160 -1 -1 -1 -1 
499 44 825 322 63 156 -1 -1 -1 -1 
500 44 826 322 61 153 -1 -1 -1 -1 
501 44 826 319 62 154 -1 -1 -1 -1 
502 44 826 317 62 156 -1 -1 -1 -1 
503 44 824 317 62 157 -1 -1 -1 -1 
504 44 824 316 63 159 -1 -1 -1 -1 
505 44 821 316 63 158 -1 -1 -1 -1 
506 44 821 316 63 157 -1 -1 -1 -1 
507 44 822 317 59 148 -1 -1 -1 -1 
508 44 823 316 62 154 -1 -1 -1 -1 
509 44 828 311 62 157 -1 -1 -1 -1 
510 44 830 310 62 156 -1 -1 -1 -1 
511 44 832 309 63 157 -1 -1 -1 -1 
512 44 834 305 64 160 -1 -1 -1 -1 
513 44 837 299 64 160 -1 -1 -1 -1 
514 44 840 295 63 157 -1 -1 -1 -1 
515 44 841 294 63 156 -1 -1 -1 -1 
516 44 842 293 62 155 -1 -1 -1 -1 
517 44 842 291 63 155 -1 -1 -1 -1 
518 44 841 291 63 157 -1 -1 -1 -1 
519 44 841 290 64 157 -1 -1 -1 -1 
520 44 841 291 63 158 -1 -1 -1 -1 
521 44 840 289 64 159 -1 -1 -1 -1 
522 44 837 292 63 158 -1 -1 -1 -1 
523 44 835 293 64 161 -1 -1 -1 -1 
524 44 829 295 64 161 -1 -1 -1 -1 
525 44 828 294 64 160 -1 -1 -1 -1 
526 44 825 294 64 161 -1 -1 -1 -1 
527 44 822 293 63 158 -1 -1 -1 -1 
528 44 812 290 64 159 -1 -1 -1 -1 
529 44 805 289 64 158 -1 -1 -1 -1 
530 44 801 289 63 155 -1 -1 -1 -1 
531 44 795 288 63 156 -1 -1 -1 -1 
532 44 791 289 63 155 -1 -1 -1 -1 
533 44 782 289 63 157 -1 -1 -1 -1 
534 44 779 289 64 158 -1 -1 -1 -1 
535 44 775 291 64 158 -1 -1 -1 -1 
536 44 774 290 63 158 -1 -1 -1 -1 
537 44 774 289 63 159 -1 -1 -1 -1 
538 44 770 285 64 157 -1 -1 -1 -1 
539 44 770 278 65 160 -1 -1 -1 -1 
540 44 770 275 65 162 -1 -1 -1 -1 
541 44 767 273 66 162 -1 -1 -1 -1 
542 44 767 272 65 160 -1 -1 -1 -1 
543 44 764 268 64 160 -1 -1 -1 -1 
544 44 762 267 64 160 -1 -1 -1 -1 
545 44 761 266 64 161 -1 -1 -1 -1 
546 44 760 267 66 161 -1 -1 -1 -1 
547 44 758 268 66 162 -1 -1 -1 -1 
548 44 758 271 66 161 -1 -1 -1 -1 
549 44 758 274 64 158 -1 -1 -1 -1 
550 44 759 272 66 162 -1 -1 -1 -1 
551 44 759 271 66 162 -1 -1 -1 -1 
552 44 758 272 67 165 -1 -1 -1 -1 
553 44 756 273 65 161 -1 -1 -1 -1 
554 44 755 270 65 161 -1 -1 -1 -1 
555 44 752 267 66 162 -1 -1 -1 -1 
556 44 749 267 65 159 -1 -1 -1 -1 
557 44 745 267 65 160 -1 -1 -1 -1 
558 44 743 267 64 158 -1 -1 -1 -1 
559 44 741 270 63 158 -1 -1 -1 -1 
560 44 739 271 64 160 -1 -1 -1 -1 
561 44 736 273 65 160 -1 -1 -1 -1 
562 44 733 275 66 163 -1 -1 -1 -1 
563 44 737 278 66 162 -1 -1 -1 -1 
564 44 742 283 64 161 -1 -1 -1 -1 
565 44 746 283 64 159 -1 -1 -1 -1 
566 44 747 285 65 161 -1 -1 -1 -1 
567 44 753 286 63 159 -1 -1 -1 -1 
568 44 756 285 63 159 -1 -1 -1 -1 
569 44 759 284 62 156 -1 -1 -1 -1 
570 44 759 278 63 159 -1 -1 -1 -1 
571 44 761 280 63 158 -1 -1 -1 -1 
572 44 760 278 63 159 -1 -1 -1 -1 
573 44 761 278 64 160 -1 -1 -1 -1 
574 44 761 280 63 160 -1 -1 -1 -1 
575 44 764 283 62 158 -1 -1 -1 -1 
576 44 764 286 63 159 -1 -1 -1 -1 
577 44 762 289 63 159 -1 -1 -1 -1 
578 44 764 289 65 164 -1 -1 -1 -1 
579 44 760 293 65 163 -1 -1 -1 -1 
580 44 759 292 65 162 -1 -1 -1 -1 
581 44 756 292 66 162 -1 -1 -1 -1 
582 44 752 294 65 160 -1 -1 -1 -1 
583 44 748 289 64 161 -1 -1 -1 -1 
584 44 746 288 63 161 -1 -1 -1 -1 
585 44 743 287 65 162 -1 -1 -1 -1 
586 44 741 285 66 164 -1 -1 -1 -1 
587 44 739 289 67 163 -1 -1 -1 -1 
588 44 735 291 68 165 -1 -1 -1 -1 
589 44 736 295 67 162 -1 -1 -1 -1 
590 44 735 294 67 166 -1 -1 -1 -1 
591 44 738 295 66 166 -1 -1 -1 -1 
592 44 737 296 68 166 -1 -1 -1 -1 
593 44 737 298 68 166 -1 -1 -1 -1 
594 44 738 299 68 165 -1 -1 -1 -1 
595 44 738 300 67 165 -1 -1 -1 -1 
596 44 739 302 66 163 -1 -1 -1 -1 
597 44 740 304 65 160 -1 -1 -1 -1 
598 44 741 308 65 162 -1 -1 -1 -1 
599 44 742 309 66 165 -1 -1 -1 -1 
600 44 743 313 67 164 -1 -1 -1 -1 
601 44 746 318 67 164 -1 -1 -1 -1 
602 44 749 319 67 165 -1 -1 -1 -1 
603 44 754 326 66 166 -1 -1 -1 -1 
604 44 758 329 65 163 -1 -1 -1 -1 
605 44 758 333 65 163 -1 -1 -1 -1 
606 44 759 337 65 163 -1 -1 -1 -1 
607 44 761 335 65 164 -1 -1 -1 -1 
608 44 761 338 66 162 -1 -1 -1 -1 
609 44 761 334 67 165 -1 -1 -1 -1 
610 44 761 332 67 166 -1 -1 -1 -1 
611 44 762 331 66 165 -1 -1 -1 -1 
612 44 764 330 66 165 -1 -1 -1 -1 
613 44 767 330 66 164 -1 -1 -1 -1 
614 44 768 331 65 163 -1 -1 -1 -1 
615 44 769 330 66 163 -1 -1 -1 -1 
616 44 771 329 66 164 -1 -1 -1 -1 
617 44 772 329 67 165 -1 -1 -1 -1 
618 44 782 329 67 165 -1 -1 -1 -1 
619 44 784 331 67 165 -1 -1 -1 -1 
620 44 788 331 66 166 -1 -1 -1 -1 
621 44 789 330 67 169 -1 -1 -1 -1 
622 44 790 330 67 168 -1 -1 -1 -1 
623 44 792 331 66 164 -1 -1 -1 -1 
624 44 798 332 66 162 -1 -1 -1 -1 
625 44 800 334 66 162 -1 -1 -1 -1 
626 44 803 332 66 165 -1 -1 -1 -1 
627 44 805 333 66 166 -1 -1 -1 -1 
628 44 806 334 67 166 -1 -1 -1 -1 
629 44 810 335 67 167 -1 -1 -1 -1 
630 44 811 337 67 167 -1 -1 -1 -1 
631 44 813 339 68 165 -1 -1 -1 -1 
632 44 814 338 68 166 -1 -1 -1 -1 
633 44 815 339 67 164 -1 -1 -1 -1 
634 44 816 336 67 165 -1 -1 -1 -1 
635 44 814 335 68 165 -1 -1 -1 -1 
636 44 811 332 67 166 -1 -1 -1 -1 
637 44 813 331 65 162 -1 -1 -1 -1 
638 44 813 327 65 162 -1 -1 -1 -1 
639 44 807 322 67 164 -1 -1 -1 -1 
640 44 808 323 65 163 -1 -1 -1 -1 
641 44 807 323 67 162 -1 -1 -1 -1 
642 44 806 323 66 162 -1 -1 -1 -1 
643 44 806 322 65 161 -1 -1 -1 -1 
644 44 807 323 66 163 -1 -1 -1 -1 
645 44 812 324 67 164 -1 -1 -1 -1 
646 44 815 323 66 163 -1 -1 -1 -1 
647 44 816 323 67 166 -1 -1 -1 -1 
648 44 821 323 67 166 -1 -1 -1 -1 
649 44 826 322 67 165 -1 -1 -1 -1 
650 44 830 322 66 165 -1 -1 -1 -1 
651 44 835 321 66 165 -1 -1 -1 -1 
652 44 838 323 66 163 -1 -1 -1 -1 
653 44 841 322 67 163 -1 -1 -1 -1 
654 44 851 321 66 162 -1 -1 -1 -1 
306 46 68 254 35 89 -1 -1 -1 -1 
307 46 57 251 35 87 -1 -1 -1 -1 
308 46 47 252 35 88 -1 -1 -1 -1 
309 46 38 254 35 89 -1 -1 -1 -1 
310 46 32 255 37 90 -1 -1 -1 -1 
311 46 30 257 38 91 -1 -1 -1 -1 
312 46 22 266 36 91 -1 -1 -1 -1 
321 46 31 278 36 89 -1 -1 -1 -1 
322 46 33 275 36 92 -1 -1 -1 -1 
323 46 32 273 39 97 -1 -1 -1 -1 
324 46 33 273 38 96 -1 -1 -1 -1 
325 46 33 275 37 93 -1 -1 -1 -1 
326 46 34 277 38 94 -1 -1 -1 -1 
327 46 35 278 38 94 -1 -1 -1 -1 
328 46 36 280 38 95 -1 -1 -1 -1 
329 46 35 282 37 94 -1 -1 -1 -1 
330 46 35 281 38 97 -1 -1 -1 -1 
331 46 34 280 38 97 -1 -1 -1 -1 
332 46 32 278 39 97 -1 -1 -1 -1 
333 46 29 276 38 97 -1 -1 -1 -1 
334 46 26 277 38 96 -1 -1 -1 -1 
335 46 22 276 39 95 -1 -1 -1 -1 
336 46 16 273 38 97 -1 -1 -1 -1 
337 46 9 275 39 98 -1 -1 -1 -1 
338 46 2 275 38 94 -1 -1 -1 -1 
339 46 0 277 33 97 -1 -1 -1 -1 
340 46 -1 277 29 99 -1 -1 -1 -1 
364 50 318 276 115 289 -1 -1 -1 -1 
365 50 316 277 114 282 -1 -1 -1 -1 
366 50 313 276 115 286 -1 -1 -1 -1 
367 50 316 282 110 267 -1 -1 -1 -1 
368 50 316 282 110 266 -1 -1 -1 -1 
394 50 361 255 119 296 -1 -1 -1 -1 
395 50 362 260 122 300 -1 -1 -1 -1 
396 50 363 257 125 307 -1 -1 -1 -1 
397 50 366 257 123 304 -1 -1 -1 -1 
398 50 364 253 127 311 -1 -1 -1 -1 
399 50 362 253 124 307 -1 -1 -1 -1 
400 50 357 252 127 312 -1 -1 -1 -1 
401 50 358 251 128 314 -1 -1 -1 -1 
402 50 352 250 128 313 -1 -1 -1 -1 
403 50 346 250 128 310 -1 -1 -1 -1 
404 50 348 248 125 305 -1 -1 -1 -1 
405 50 346 245 125 306 -1 -1 -1 -1 
406 50 343 244 126 309 -1 -1 -1 -1 
407 50 339 242 125 311 -1 -1 -1 -1 
408 50 328 243 130 318 -1 -1 -1 -1 
409 50 327 246 130 318 -1 -1 -1 -1 
410 50 326 249 130 316 -1 -1 -1 -1 
411 50 321 246 134 323 -1 -1 -1 -1 
412 50 315 247 135 329 -1 -1 -1 -1 
413 50 310 247 137 330 -1 -1 -1 -1 
414 50 307 250 138 330 -1 -1 -1 -1 
415 50 307 248 136 326 -1 -1 -1 -1 
416 50 307 249 135 325 -1 -1 -1 -1 
417 50 307 252 135 325 -1 -1 -1 -1 
418 50 306 252 136 328 -1 -1 -1 -1 
419 50 301 253 138 333 -1 -1 -1 -1 
420 50 298 254 137 334 -1 -1 -1 -1 
421 50 297 255 137 334 -1 -1 -1 -1 
422 50 297 260 141 346 -1 -1 -1 -1 
423 50 296 261 144 355 -1 -1 -1 -1 
424 50 296 262 145 357 -1 -1 -1 -1 
425 50 293 264 150 366 -1 -1 -1 -1 
426 50 295 262 152 368 -1 -1 -1 -1 
427 50 303 264 153 372 -1 -1 -1 -1 
428 50 311 264 151 369 -1 -1 -1 -1 
429 50 317 264 151 370 -1 -1 -1 -1 
430 50 323 262 152 373 -1 -1 -1 -1 
431 50 327 261 155 378 -1 -1 -1 -1 
432 50 330 253 154 380 -1 -1 -1 -1 
433 50 332 251 155 380 -1 -1 -1 -1 
434 50 333 250 155 382 -1 -1 -1 -1 
435 50 337 247 155 384 -1 -1 -1 -1 
436 50 339 246 155 385 -1 -1 -1 -1 
437 50 338 246 156 389 -1 -1 -1 -1 
438 50 338 246 157 391 -1 -1 -1 -1 
439 50 339 249 159 394 -1 -1 -1 -1 
440 50 340 250 158 395 -1 -1 -1 -1 
441 50 341 251 161 398 -1 -1 -1 -1 
442 50 343 256 160 394 -1 -1 -1 -1 
443 50 341 256 161 396 -1 -1 -1 -1 
444 50 338 258 162 396 -1 -1 -1 -1 
445 50 339 257 162 395 -1 -1 -1 -1 
446 50 341 255 161 394 -1 -1 -1 -1 
447 50 341 251 161 396 -1 -1 -1 -1 
448 50 341 249 165 404 -1 -1 -1 -1 
449 50 342 247 167 410 -1 -1 -1 -1 
450 50 342 247 169 415 -1 -1 -1 -1 
451 50 341 250 172 418 -1 -1 -1 -1 
452 50 342 250 171 418 -1 -1 -1 -1 
453 50 341 257 170 416 -1 -1 -1 -1 
454 50 344 259 172 420 -1 -1 -1 -1 
455 50 343 257 173 426 -1 -1 -1 -1 
456 50 345 260 173 426 -1 -1 -1 -1 
457 50 347 261 175 430 -1 -1 -1 -1 
458 50 344 260 177 433 -1 -1 -1 -1 
459 50 343 258 178 438 -1 -1 -1 -1 
460 50 342 255 180 439 -1 -1 -1 -1 
461 50 342 251 179 439 -1 -1 -1 -1 
462 50 342 251 178 436 -1 -1 -1 -1 
463 50 343 249 175 431 -1 -1 -1 -1 
464 50 341 249 174 427 -1 -1 -1 -1 
465 50 337 249 177 435 -1 -1 -1 -1 
466 50 333 248 180 441 -1 -1 -1 -1 
467 50 329 247 180 442 -1 -1 -1 -1 
468 50 321 248 182 447 -1 -1 -1 -1 
469 50 312 251 184 453 -1 -1 -1 -1 
470 50 306 252 184 451 -1 -1 -1 -1 
471 50 299 252 185 453 -1 -1 -1 -1 
472 50 288 253 188 457 -1 -1 -1 -1 
473 50 271 255 187 460 -1 -1 -1 -1 
474 50 261 253 189 465 -1 -1 -1 -1 
475 50 252 250 190 470 -1 -1 -1 -1 
476 50 248 252 189 464 -1 -1 -1 -1 
477 50 243 253 189 461 -1 -1 -1 -1 
478 50 237 261 188 460 -1 -1 -1 -1 
479 50 233 265 187 457 -1 -1 -1 -1 
480 50 227 268 189 460 -1 -1 -1 -1 
481 50 225 270 187 460 -1 -1 -1 -1 
482 50 223 274 186 459 -1 -1 -1 -1 
483 50 222 277 186 461 -1 -1 -1 -1 
484 50 223 278 185 461 -1 -1 -1 -1 
485 50 220 279 186 462 -1 -1 -1 -1 
486 50 217 280 186 463 -1 -1 -1 -1 
487 50 214 280 186 464 -1 -1 -1 -1 
488 50 207 281 189 473 -1 -1 -1 -1 
489 50 203 280 191 478 -1 -1 -1 -1 
490 50 204 282 191 478 -1 -1 -1 -1 
491 50 204 283 192 477 -1 -1 -1 -1 
492 50 203 286 190 477 -1 -1 -1 -1 
493 50 196 289 194 480 -1 -1 -1 -1 
494 50 191 289 195 482 -1 -1 -1 -1 
495 50 186 291 196 486 -1 -1 -1 -1 
496 50 179 291 198 489 -1 -1 -1 -1 
497 50 168 296 202 497 -1 -1 -1 -1 
498 50 157 294 203 503 -1 -1 -1 -1 
499 50 149 288 205 511 -1 -1 -1 -1 
500 50 140 287 206 510 -1 -1 -1 -1 
501 50 133 284 206 507 -1 -1 -1 -1 
502 50 125 285 208 514 -1 -1 -1 -1 
503 50 112 280 210 523 -1 -1 -1 -1 
504 50 102 272 215 535 -1 -1 -1 -1 
505 50 90 273 218 537 -1 -1 -1 -1 
506 50 82 268 220 539 -1 -1 -1 -1 
507 50 78 267 220 544 -1 -1 -1 -1 
508 50 64 263 229 562 -1 -1 -1 -1 
509 50 59 259 235 573 -1 -1 -1 -1 
510 50 54 258 238 579 -1 -1 -1 -1 
511 50 46 256 239 585 -1 -1 -1 -1 
512 50 43 254 243 600 -1 -1 -1 -1 
513 50 32 253 244 601 -1 -1 -1 -1 
514 50 18 247 252 617 -1 -1 -1 -1 
515 50 9 246 251 621 -1 -1 -1 -1 
516 50 1 245 248 622 -1 -1 -1 -1 
517 50 -2 238 246 634 -1 -1 -1 -1 
518 50 -4 232 230 645 -1 -1 -1 -1 
519 50 -3 224 219 653 -1 -1 -1 -1 
520 50 -3 221 207 659 -1 -1 -1 -1 
521 50 -3 217 205 673 -1 -1 -1 -1 
522 50 -3 214 187 670 -1 -1 -1 -1 
523 50 -2 205 178 711 -1 -1 -1 -1 
524 50 -3 208 166 725 -1 -1 -1 -1 
525 50 -1 202 155 749 -1 -1 -1 -1 
526 50 -1 205 151 762 -1 -1 -1 -1 
527 50 -1 206 147 787 -1 -1 -1 -1 
528 50 -3 175 134 832 -1 -1 -1 -1 
529 50 -2 194 123 818 -1 -1 -1 -1 
406 51 553 285 59 150 -1 -1 -1 -1 
407 51 560 286 47 120 -1 -1 -1 -1 
408 51 561 288 45 110 -1 -1 -1 -1 
409 51 560 288 45 110 -1 -1 -1 -1 
410 51 555 286 52 124 -1 -1 -1 -1 
411 51 549 289 58 143 -1 -1 -1 -1 
412 51 546 294 62 156 -1 -1 -1 -1 
413 51 545 295 63 156 -1 -1 -1 -1 
414 51 545 298 63 160 -1 -1 -1 -1 
415 51 541 299 71 180 -1 -1 -1 -1 
416 51 539 300 73 181 -1 -1 -1 -1 
417 51 537 303 70 175 -1 -1 -1 -1 
418 51 535 304 68 169 -1 -1 -1 -1 
419 51 531 305 71 176 -1 -1 -1 -1 
420 51 530 305 72 179 -1 -1 -1 -1 
421 51 528 307 69 172 -1 -1 -1 -1 
422 51 523 311 74 182 -1 -1 -1 -1 
423 51 520 313 76 188 -1 -1 -1 -1 
424 51 521 317 70 174 -1 -1 -1 -1 
425 51 520 321 67 167 -1 -1 -1 -1 
426 51 521 321 61 153 -1 -1 -1 -1 
427 51 521 325 62 151 -1 -1 -1 -1 
428 51 521 323 63 155 -1 -1 -1 -1 
429 51 521 324 65 161 -1 -1 -1 -1 
430 51 521 322 65 164 -1 -1 -1 -1 
431 51 520 321 65 158 -1 -1 -1 -1 
432 51 515 316 67 166 -1 -1 -1 -1 
433 51 509 313 72 177 -1 -1 -1 -1 
434 51 505 311 73 183 -1 -1 -1 -1 
435 51 505 310 70 178 -1 -1 -1 -1 
436 51 501 309 70 176 -1 -1 -1 -1 
437 51 491 308 74 186 -1 -1 -1 -1 
438 51 492 309 65 158 -1 -1 -1 -1 
439 51 494 317 56 138 -1 -1 -1 -1 
440 51 492 320 52 127 -1 -1 -1 -1 
441 51 491 322 51 124 -1 -1 -1 -1 
442 51 483 326 50 124 -1 -1 -1 -1 
443 51 478 326 50 126 -1 -1 -1 -1 
444 51 471 324 52 130 -1 -1 -1 -1 
445 51 465 323 53 132 -1 -1 -1 -1 
417 52 248 300 61 148 -1 -1 -1 -1 
418 52 242 302 58 144 -1 -1 -1 -1 
419 52 234 305 58 145 -1 -1 -1 -1 
420 52 227 305 60 147 -1 -1 -1 -1 
421 52 221 307 60 146 -1 -1 -1 -1 
422 52 211 309 60 150 -1 -1 -1 -1 
423 52 204 309 61 151 -1 -1 -1 -1 
424 52 196 310 62 153 -1 -1 -1 -1 
425 52 192 317 63 153 -1 -1 -1 -1 
426 52 189 318 60 149 -1 -1 -1 -1 
427 52 180 323 61 151 -1 -1 -1 -1 
432 52 139 319 60 152 -1 -1 -1 -1 
433 52 128 318 62 154 -1 -1 -1 -1 
434 52 118 317 61 156 -1 -1 -1 -1 
435 52 111 314 63 158 -1 -1 -1 -1 
436 52 103 309 63 162 -1 -1 -1 -1 
437 52 83 308 67 166 -1 -1 -1 -1 
438 52 75 311 65 163 -1 -1 -1 -1 
439 52 62 314 66 162 -1 -1 -1 -1 
440 52 48 317 62 156 -1 -1 -1 -1 
441 52 40 320 63 156 -1 -1 -1 -1 
442 52 22 326 64 160 -1 -1 -1 -1 
443 52 10 326 65 161 -1 -1 -1 -1 
444 52 0 328 59 160 -1 -1 -1 -1 
445 52 -3 327 49 158 -1 -1 -1 -1 
446 52 -3 326 37 164 -1 -1 -1 -1 
430 53 257 325 59 146 -1 -1 -1 -1 
431 53 254 326 56 140 -1 -1 -1 -1 
432 53 241 323 54 137 -1 -1 -1 -1 
433 53 234 322 55 138 -1 -1 -1 -1 
434 53 226 322 55 137 -1 -1 -1 -1 
435 53 215 322 56 137 -1 -1 -1 -1 
436 53 210 319 55 139 -1 -1 -1 -1 
437 53 196 319 57 141 -1 -1 -1 -1 
438 53 188 317 58 143 -1 -1 -1 -1 
439 53 182 321 58 145 -1 -1 -1 -1 
440 53 172 322 58 145 -1 -1 -1 -1 
441 53 168 323 57 143 -1 -1 -1 -1 
442 53 154 329 59 146 -1 -1 -1 -1 
443 53 144 327 60 146 -1 -1 -1 -1 
444 53 136 327 59 146 -1 -1 -1 -1 
445 53 128 328 59 145 -1 -1 -1 -1 
446 53 121 330 58 144 -1 -1 -1 -1 
447 53 104 330 59 145 -1 -1 -1 -1 
448 53 95 330 59 147 -1 -1 -1 -1 
449 53 87 328 60 147 -1 -1 -1 -1 
450 53 81 328 61 149 -1 -1 -1 -1 
451 53 74 331 60 148 -1 -1 -1 -1 
452 53 70 331 59 147 -1 -1 -1 -1 
453 53 62 334 60 150 -1 -1 -1 -1 
454 53 61 339 59 148 -1 -1 -1 -1 
455 53 59 339 59 148 -1 -1 -1 -1 
456 53 59 342 57 146 -1 -1 -1 -1 
457 53 56 340 60 149 -1 -1 -1 -1 
458 53 50 338 60 150 -1 -1 -1 -1 
459 53 44 337 60 147 -1 -1 -1 -1 
460 53 39 334 60 149 -1 -1 -1 -1 
461 53 33 332 61 150 -1 -1 -1 -1 
462 53 26 331 62 151 -1 -1 -1 -1 
463 53 19 331 62 151 -1 -1 -1 -1 
464 53 14 330 61 149 -1 -1 -1 -1 
465 53 9 331 59 147 -1 -1 -1 -1 
466 53 4 331 61 152 -1 -1 -1 -1 
467 53 0 332 55 145 -1 -1 -1 -1 
468 53 -1 332 52 148 -1 -1 -1 -1 
469 53 -2 335 46 148 -1 -1 -1 -1 
470 53 -2 337 37 147 -1 -1 -1 -1 
451 55 596 331 37 91 -1 -1 -1 -1 
452 55 596 332 36 90 -1 -1 -1 -1 
453 55 597 339 35 87 -1 -1 -1 -1 
454 55 600 341 35 86 -1 -1 -1 -1 
455 55 603 339 35 87 -1 -1 -1 -1 
456 55 607 340 35 87 -1 -1 -1 -1 
457 55 610 340 36 90 -1 -1 -1 -1 
458 55 612 336 36 92 -1 -1 -1 -1 
459 55 614 334 36 93 -1 -1 -1 -1 
460 55 615 331 36 93 -1 -1 -1 -1 
461 55 615 330 36 93 -1 -1 -1 -1 
462 55 616 330 36 94 -1 -1 -1 -1 
463 55 617 329 37 95 -1 -1 -1 -1 
464 55 618 330 37 94 -1 -1 -1 -1 
465 55 618 331 37 94 -1 -1 -1 -1 
466 55 619 332 37 93 -1 -1 -1 -1 
467 55 618 331 37 92 -1 -1 -1 -1 
468 55 618 332 37 94 -1 -1 -1 -1 
469 55 617 335 37 94 -1 -1 -1 -1 
470 55 617 336 38 95 -1 -1 -1 -1 
471 55 616 334 38 95 -1 -1 -1 -1 
472 55 615 334 38 96 -1 -1 -1 -1 
473 55 608 333 39 97 -1 -1 -1 -1 
474 55 607 332 39 98 -1 -1 -1 -1 
475 55 607 332 39 98 -1 -1 -1 -1 
476 55 607 333 40 99 -1 -1 -1 -1 
477 55 607 335 39 98 -1 -1 -1 -1 
478 55 607 339 41 102 -1 -1 -1 -1 
480 55 609 347 39 99 -1 -1 -1 -1 
481 55 613 346 39 98 -1 -1 -1 -1 
482 55 618 348 38 98 -1 -1 -1 -1 
483 55 623 347 39 99 -1 -1 -1 -1 
484 55 628 343 41 101 -1 -1 -1 -1 
485 55 630 342 41 103 -1 -1 -1 -1 
486 55 630 342 41 103 -1 -1 -1 -1 
487 55 631 334 43 107 -1 -1 -1 -1 
488 55 635 334 42 107 -1 -1 -1 -1 
489 55 637 332 42 107 -1 -1 -1 -1 
490 55 640 332 41 106 -1 -1 -1 -1 
491 55 642 332 42 106 -1 -1 -1 -1 
492 55 645 336 41 102 -1 -1 -1 -1 
493 55 651 339 41 103 -1 -1 -1 -1 
494 55 653 340 41 103 -1 -1 -1 -1 
495 55 655 341 42 105 -1 -1 -1 -1 
496 55 657 340 41 104 -1 -1 -1 -1 
497 55 657 341 42 106 -1 -1 -1 -1 
498 55 662 338 42 105 -1 -1 -1 -1 
499 55 662 336 44 107 -1 -1 -1 -1 
500 55 663 331 44 110 -1 -1 -1 -1 
501 55 663 328 45 111 -1 -1 -1 -1 
502 55 663 327 45 111 -1 -1 -1 -1 
503 55 664 327 45 109 -1 -1 -1 -1 
504 55 668 325 44 109 -1 -1 -1 -1 
505 55 666 325 46 111 -1 -1 -1 -1 
506 55 669 325 44 109 -1 -1 -1 -1 
507 55 670 319 46 115 -1 -1 -1 -1 
508 55 676 325 45 109 -1 -1 -1 -1 
509 55 682 321 45 111 -1 -1 -1 -1 
510 55 686 322 45 110 -1 -1 -1 -1 
511 55 688 321 45 111 -1 -1 -1 -1 
512 55 692 314 46 114 -1 -1 -1 -1 
513 55 698 310 45 112 -1 -1 -1 -1 
514 55 700 306 45 111 -1 -1 -1 -1 
515 55 702 303 45 113 -1 -1 -1 -1 
516 55 703 302 45 112 -1 -1 -1 -1 
517 55 707 301 43 110 -1 -1 -1 -1 
518 55 708 300 43 111 -1 -1 -1 -1 
519 55 709 300 43 110 -1 -1 -1 -1 
520 55 709 301 43 110 -1 -1 -1 -1 
521 55 710 302 43 109 -1 -1 -1 -1 
522 55 708 303 42 109 -1 -1 -1 -1 
523 55 709 304 44 110 -1 -1 -1 -1 
524 55 703 305 45 112 -1 -1 -1 -1 
525 55 702 303 45 112 -1 -1 -1 -1 
526 55 701 303 46 114 -1 -1 -1 -1 
527 55 699 303 45 113 -1 -1 -1 -1 
528 55 694 299 44 112 -1 -1 -1 -1 
529 55 689 300 44 109 -1 -1 -1 -1 
530 55 688 300 43 108 -1 -1 -1 -1 
531 55 685 299 43 108 -1 -1 -1 -1 
532 55 683 300 43 108 -1 -1 -1 -1 
533 55 680 304 42 104 -1 -1 -1 -1 
534 55 679 304 42 104 -1 -1 -1 -1 
535 55 678 307 42 103 -1 -1 -1 -1 
536 55 680 306 41 103 -1 -1 -1 -1 
537 55 681 306 42 102 -1 -1 -1 -1 
538 55 677 300 43 106 -1 -1 -1 -1 
539 55 680 297 41 105 -1 -1 -1 -1 
540 55 682 295 41 105 -1 -1 -1 -1 
541 55 682 291 42 107 -1 -1 -1 -1 
542 55 682 288 42 107 -1 -1 -1 -1 
543 55 682 285 41 105 -1 -1 -1 -1 
544 55 682 283 41 106 -1 -1 -1 -1 
545 55 683 282 41 106 -1 -1 -1 -1 
546 55 685 284 40 103 -1 -1 -1 -1 
547 55 686 286 40 102 -1 -1 -1 -1 
548 55 687 290 39 101 -1 -1 -1 -1 
549 55 686 291 39 101 -1 -1 -1 -1 
550 55 689 291 40 100 -1 -1 -1 -1 
551 55 689 289 41 102 -1 -1 -1 -1 
552 55 690 293 42 101 -1 -1 -1 -1 
553 55 687 290 42 101 -1 -1 -1 -1 
554 55 688 287 42 102 -1 -1 -1 -1 
555 55 686 282 45 105 -1 -1 -1 -1 
556 55 685 281 44 105 -1 -1 -1 -1 
557 55 683 281 44 106 -1 -1 -1 -1 
558 55 684 281 42 105 -1 -1 -1 -1 
559 55 684 286 41 104 -1 -1 -1 -1 
560 55 684 288 41 105 -1 -1 -1 -1 
561 55 685 291 41 104 -1 -1 -1 -1 
562 55 685 294 40 103 -1 -1 -1 -1 
563 55 691 296 43 104 -1 -1 -1 -1 
564 55 700 297 43 109 -1 -1 -1 -1 
565 55 703 296 44 110 -1 -1 -1 -1 
566 55 706 298 44 110 -1 -1 -1 -1 
567 55 712 298 44 109 -1 -1 -1 -1 
568 55 720 296 43 110 -1 -1 -1 -1 
569 55 724 295 44 111 -1 -1 -1 -1 
570 55 726 294 44 108 -1 -1 -1 -1 
571 55 728 294 43 108 -1 -1 -1 -1 
572 55 730 295 42 106 -1 -1 -1 -1 
573 55 731 296 42 106 -1 -1 -1 -1 
574 55 732 297 42 106 -1 -1 -1 -1 
575 55 735 299 42 105 -1 -1 -1 -1 
576 55 736 300 43 106 -1 -1 -1 -1 
577 55 734 300 42 107 -1 -1 -1 -1 
578 55 738 302 43 108 -1 -1 -1 -1 
579 55 736 307 41 104 -1 -1 -1 -1 
580 55 735 304 43 107 -1 -1 -1 -1 
581 55 732 305 43 106 -1 -1 -1 -1 
582 55 728 305 44 106 -1 -1 -1 -1 
583 55 726 302 42 106 -1 -1 -1 -1 
584 55 722 302 44 105 -1 -1 -1 -1 
585 55 722 302 42 106 -1 -1 -1 -1 
586 55 721 301 43 106 -1 -1 -1 -1 
587 55 719 302 44 107 -1 -1 -1 -1 
588 55 719 303 45 108 -1 -1 -1 -1 
589 55 722 305 47 109 -1 -1 -1 -1 
461 56 1180 299 87 215 -1 -1 -1 -1 
462 56 1182 297 88 218 -1 -1 -1 -1 
463 56 1181 297 87 216 -1 -1 -1 -1 
464 56 1183 299 86 216 -1 -1 -1 -1 
465 56 1185 302 83 213 -1 -1 -1 -1 
466 56 1187 306 79 209 -1 -1 -1 -1 
467 56 1187 308 77 203 -1 -1 -1 -1 
468 56 1189 314 82 206 -1 -1 -1 -1 
469 56 1188 307 88 218 -1 -1 -1 -1 
470 56 1188 305 90 222 -1 -1 -1 -1 
471 56 1188 302 91 224 -1 -1 -1 -1 
472 56 1188 303 91 226 -1 -1 -1 -1 
473 56 1186 322 83 209 -1 -1 -1 -1 
474 56 1185 318 85 212 -1 -1 -1 -1 
475 56 1185 311 88 220 -1 -1 -1 -1 
476 56 1184 306 92 226 -1 -1 -1 -1 
477 56 1183 303 95 232 -1 -1 -1 -1 
478 56 1182 305 95 234 -1 -1 -1 -1 
482 56 1194 307 96 238 -1 -1 -1 -1 
483 56 1201 309 95 239 -1 -1 -1 -1 
484 56 1206 308 96 240 -1 -1 -1 -1 
485 56 1209 305 98 243 -1 -1 -1 -1 
486 56 1211 302 99 245 -1 -1 -1 -1 
487 56 1213 300 98 243 -1 -1 -1 -1 
488 56 1216 298 98 245 -1 -1 -1 -1 
489 56 1217 295 100 249 -1 -1 -1 -1 
490 56 1220 296 102 248 -1 -1 -1 -1 
491 56 1223 296 101 252 -1 -1 -1 -1 
492 56 1226 297 101 252 -1 -1 -1 -1 
493 56 1232 299 103 254 -1 -1 -1 -1 
494 56 1235 301 104 254 -1 -1 -1 -1 
495 56 1239 302 104 257 -1 -1 -1 -1 
496 56 1242 300 104 255 -1 -1 -1 -1 
497 56 1243 303 104 255 -1 -1 -1 -1 
498 56 1248 303 104 257 -1 -1 -1 -1 
499 56 1250 302 104 257 -1 -1 -1 -1 
500 56 1252 300 103 257 -1 -1 -1 -1 
501 56 1254 297 105 260 -1 -1 -1 -1 
502 56 1255 295 106 263 -1 -1 -1 -1 
503 56 1256 292 109 266 -1 -1 -1 -1 
504 56 1261 291 108 266 -1 -1 -1 -1 
505 56 1261 291 108 267 -1 -1 -1 -1 
506 56 1262 290 109 267 -1 -1 -1 -1 
507 56 1266 289 108 265 -1 -1 -1 -1 
508 56 1271 289 108 268 -1 -1 -1 -1 
509 56 1276 285 111 272 -1 -1 -1 -1 
510 56 1281 282 111 275 -1 -1 -1 -1 
511 56 1285 282 114 277 -1 -1 -1 -1 
512 56 1291 278 113 279 -1 -1 -1 -1 
513 56 1299 275 112 279 -1 -1 -1 -1 
514 56 1303 271 115 282 -1 -1 -1 -1 
515 56 1306 266 115 284 -1 -1 -1 -1 
516 56 1308 266 115 283 -1 -1 -1 -1 
517 56 1310 264 116 285 -1 -1 -1 -1 
518 56 1311 264 116 286 -1 -1 -1 -1 
519 56 1314 261 117 290 -1 -1 -1 -1 
520 56 1315 263 118 292 -1 -1 -1 -1 
521 56 1317 262 119 293 -1 -1 -1 -1 
522 56 1315 265 119 294 -1 -1 -1 -1 
523 56 1317 265 119 296 -1 -1 -1 -1 
524 56 1315 267 119 298 -1 -1 -1 -1 
525 56 1316 266 120 298 -1 -1 -1 -1 
526 56 1316 266 121 301 -1 -1 -1 -1 
527 56 1315 265 122 301 -1 -1 -1 -1 
528 56 1309 262 122 301 -1 -1 -1 -1 
529 56 1306 262 122 302 -1 -1 -1 -1 
530 56 1305 258 123 305 -1 -1 -1 -1 
531 56 1302 258 124 306 -1 -1 -1 -1 
532 56 1301 258 124 307 -1 -1 -1 -1 
533 56 1298 258 125 310 -1 -1 -1 -1 
534 56 1299 255 125 312 -1 -1 -1 -1 
535 56 1298 256 127 317 -1 -1 -1 -1 
536 56 1300 255 127 317 -1 -1 -1 -1 
537 56 1301 253 129 319 -1 -1 -1 -1 
538 56 1302 248 130 321 -1 -1 -1 -1 
539 56 1305 244 133 324 -1 -1 -1 -1 
540 56 1307 242 134 326 -1 -1 -1 -1 
541 56 1308 240 135 326 -1 -1 -1 -1 
542 56 1310 235 135 328 -1 -1 -1 -1 
543 56 1315 230 136 331 -1 -1 -1 -1 
544 56 1317 226 136 336 -1 -1 -1 -1 
545 56 1319 223 138 340 -1 -1 -1 -1 
546 56 1322 222 139 342 -1 -1 -1 -1 
547 56 1325 224 138 343 -1 -1 -1 -1 
548 56 1328 222 141 349 -1 -1 -1 -1 
549 56 1330 221 142 353 -1 -1 -1 -1 
550 56 1336 220 144 358 -1 -1 -1 -1 
551 56 1336 219 148 362 -1 -1 -1 -1 
552 56 1341 223 149 363 -1 -1 -1 -1 
553 56 1342 220 150 365 -1 -1 -1 -1 
554 56 1347 217 149 367 -1 -1 -1 -1 
555 56 1347 215 150 369 -1 -1 -1 -1 
556 56 1348 213 150 372 -1 -1 -1 -1 
557 56 1348 212 151 373 -1 -1 -1 -1 
558 56 1352 210 153 377 -1 -1 -1 -1 
559 56 1355 210 154 380 -1 -1 -1 -1 
560 56 1357 211 156 382 -1 -1 -1 -1 
561 56 1359 210 158 386 -1 -1 -1 -1 
562 56 1359 213 158 389 -1 -1 -1 -1 
563 56 1370 214 160 395 -1 -1 -1 -1 
564 56 1378 217 162 398 -1 -1 -1 -1 
565 56 1384 216 163 402 -1 -1 -1 -1 
566 56 1391 219 163 404 -1 -1 -1 -1 
567 56 1401 217 166 409 -1 -1 -1 -1 
568 56 1410 216 166 412 -1 -1 -1 -1 
569 56 1416 215 169 416 -1 -1 -1 -1 
570 56 1423 213 169 419 -1 -1 -1 -1 
571 56 1429 212 171 423 -1 -1 -1 -1 
572 56 1433 210 174 427 -1 -1 -1 -1 
573 56 1442 207 176 433 -1 -1 -1 -1 
574 56 1449 206 178 438 -1 -1 -1 -1 
575 56 1454 207 182 444 -1 -1 -1 -1 
576 56 1457 207 185 450 -1 -1 -1 -1 
577 56 1458 211 185 451 -1 -1 -1 -1 
578 56 1470 216 186 461 -1 -1 -1 -1 
579 56 1472 218 189 469 -1 -1 -1 -1 
580 56 1474 219 190 471 -1 -1 -1 -1 
581 56 1473 218 192 475 -1 -1 -1 -1 
582 56 1476 219 193 477 -1 -1 -1 -1 
583 56 1479 217 195 484 -1 -1 -1 -1 
584 56 1482 215 197 489 -1 -1 -1 -1 
585 56 1484 215 199 491 -1 -1 -1 -1 
586 56 1486 210 202 498 -1 -1 -1 -1 
587 56 1489 212 204 501 -1 -1 -1 -1 
588 56 1495 216 206 511 -1 -1 -1 -1 
589 56 1502 215 209 517 -1 -1 -1 -1 
590 56 1508 214 211 523 -1 -1 -1 -1 
591 56 1515 215 215 527 -1 -1 -1 -1 
592 56 1520 215 219 534 -1 -1 -1 -1 
593 56 1530 215 221 543 -1 -1 -1 -1 
594 56 1537 214 223 553 -1 -1 -1 -1 
595 56 1543 214 226 559 -1 -1 -1 -1 
596 56 1550 216 228 561 -1 -1 -1 -1 
597 56 1555 218 229 563 -1 -1 -1 -1 
598 56 1568 219 232 568 -1 -1 -1 -1 
599 56 1578 219 234 575 -1 -1 -1 -1 
600 56 1586 218 238 581 -1 -1 -1 -1 
601 56 1595 221 240 588 -1 -1 -1 -1 
602 56 1608 220 242 595 -1 -1 -1 -1 
603 56 1626 223 248 608 -1 -1 -1 -1 
604 56 1636 222 253 619 -1 -1 -1 -1 
605 56 1647 218 255 631 -1 -1 -1 -1 
606 56 1659 224 256 635 -1 -1 -1 -1 
607 56 1666 219 257 643 -1 -1 -1 -1 
608 56 1684 218 240 653 -1 -1 -1 -1 
609 56 1698 217 226 664 -1 -1 -1 -1 
610 56 1708 213 216 671 -1 -1 -1 -1 
611 56 1717 208 207 677 -1 -1 -1 -1 
612 56 1731 205 192 683 -1 -1 -1 -1 
613 56 1756 199 168 688 -1 -1 -1 -1 
614 56 1770 194 152 695 -1 -1 -1 -1 
615 56 1784 180 137 713 -1 -1 -1 -1 
616 56 1796 167 125 739 -1 -1 -1 -1 
617 56 1808 173 113 743 -1 -1 -1 -1 
495 58 1547 281 80 198 -1 -1 -1 -1 
496 58 1553 283 77 195 -1 -1 -1 -1 
497 58 1553 285 76 196 -1 -1 -1 -1 
500 58 1564 283 79 193 -1 -1 -1 -1 
501 58 1567 281 80 194 -1 -1 -1 -1 
502 58 1570 282 79 195 -1 -1 -1 -1 
496 59 342 333 101 251 -1 -1 -1 -1 
497 59 345 338 93 230 -1 -1 -1 -1 
498 59 342 334 96 239 -1 -1 -1 -1 
499 59 336 332 99 242 -1 -1 -1 -1 
500 59 332 329 102 249 -1 -1 -1 -1 
501 59 329 327 103 250 -1 -1 -1 -1 
502 59 328 324 102 251 -1 -1 -1 -1 
503 59 323 320 103 255 -1 -1 -1 -1 
504 59 322 316 103 255 -1 -1 -1 -1 
505 59 317 319 104 255 -1 -1 -1 -1 
506 59 313 315 107 262 -1 -1 -1 -1 
507 59 314 317 101 250 -1 -1 -1 -1 
508 59 311 316 103 256 -1 -1 -1 -1 
509 59 311 311 104 258 -1 -1 -1 -1 
510 59 311 310 103 256 -1 -1 -1 -1 
511 59 309 308 106 261 -1 -1 -1 -1 
512 59 311 304 103 257 -1 -1 -1 -1 
513 59 309 299 106 263 -1 -1 -1 -1 
521 59 328 283 60 150 -1 -1 -1 -1 
546 61 1165 276 43 104 -1 -1 -1 -1 
547 61 1166 278 42 103 -1 -1 -1 -1 
548 61 1169 281 40 103 -1 -1 -1 -1 
549 61 1171 283 38 95 -1 -1 -1 -1 
550 61 1171 284 46 114 -1 -1 -1 -1 
551 61 1171 282 47 115 -1 -1 -1 -1 
552 61 1171 285 49 121 -1 -1 -1 -1 
553 61 1168 281 53 130 -1 -1 -1 -1 
554 61 1169 277 53 132 -1 -1 -1 -1 
555 61 1170 274 51 125 -1 -1 -1 -1 
556 61 1171 271 47 118 -1 -1 -1 -1 
557 61 1171 270 46 116 -1 -1 -1 -1 
558 61 1172 270 46 117 -1 -1 -1 -1 
559 61 1172 274 47 120 -1 -1 -1 -1 
560 61 1171 275 49 123 -1 -1 -1 -1 
561 61 1172 278 50 124 -1 -1 -1 -1 
562 61 1175 282 47 120 -1 -1 -1 -1 
563 61 1184 287 47 117 -1 -1 -1 -1 
564 61 1194 289 45 112 -1 -1 -1 -1 
565 61 1196 287 48 120 -1 -1 -1 -1 
566 61 1201 288 49 121 -1 -1 -1 -1 
567 61 1208 286 49 121 -1 -1 -1 -1 
568 61 1215 284 50 123 -1 -1 -1 -1 
569 61 1221 283 48 121 -1 -1 -1 -1 
570 61 1226 283 48 119 -1 -1 -1 -1 
571 61 1229 285 48 115 -1 -1 -1 -1 
572 61 1229 281 51 125 -1 -1 -1 -1 
573 61 1232 283 52 124 -1 -1 -1 -1 
574 61 1237 286 48 119 -1 -1 -1 -1 
575 61 1242 289 46 115 -1 -1 -1 -1 
576 61 1243 289 48 120 -1 -1 -1 -1 
577 61 1244 293 45 113 -1 -1 -1 -1 
578 61 1247 296 48 119 -1 -1 -1 -1 
579 61 1247 297 48 121 -1 -1 -1 -1 
580 61 1247 296 50 127 -1 -1 -1 -1 
581 61 1246 296 52 130 -1 -1 -1 -1 
582 61 1243 297 53 133 -1 -1 -1 -1 
583 61 1242 296 53 134 -1 -1 -1 -1 
584 61 1242 295 53 134 -1 -1 -1 -1 
585 61 1243 296 53 134 -1 -1 -1 -1 
586 61 1245 296 52 133 -1 -1 -1 -1 
587 61 1246 298 52 132 -1 -1 -1 -1 
588 61 1248 302 53 134 -1 -1 -1 -1 
589 61 1249 304 55 134 -1 -1 -1 -1 
590 61 1252 305 55 136 -1 -1 -1 -1 
591 61 1257 307 55 136 -1 -1 -1 -1 
592 61 1258 308 55 137 -1 -1 -1 -1 
593 61 1261 310 55 136 -1 -1 -1 -1 
594 61 1264 311 54 135 -1 -1 -1 -1 
595 61 1266 312 53 134 -1 -1 -1 -1 
596 61 1268 314 54 135 -1 -1 -1 -1 
597 61 1271 313 55 138 -1 -1 -1 -1 
598 61 1272 316 56 140 -1 -1 -1 -1 
599 61 1275 316 58 143 -1 -1 -1 -1 
600 61 1277 319 58 143 -1 -1 -1 -1 
601 61 1281 323 58 144 -1 -1 -1 -1 
602 61 1286 324 59 147 -1 -1 -1 -1 
603 61 1293 332 60 148 -1 -1 -1 -1 
604 61 1300 333 60 148 -1 -1 -1 -1 
605 61 1303 336 60 148 -1 -1 -1 -1 
606 61 1307 341 59 147 -1 -1 -1 -1 
607 61 1312 340 60 150 -1 -1 -1 -1 
608 61 1317 342 59 148 -1 -1 -1 -1 
609 61 1321 340 60 149 -1 -1 -1 -1 
610 61 1324 336 60 150 -1 -1 -1 -1 
611 61 1328 335 60 150 -1 -1 -1 -1 
612 61 1330 330 62 156 -1 -1 -1 -1 
613 61 1338 327 64 159 -1 -1 -1 -1 
614 61 1343 326 65 159 -1 -1 -1 -1 
615 61 1347 326 66 161 -1 -1 -1 -1 
616 61 1354 327 63 159 -1 -1 -1 -1 
617 61 1357 326 65 164 -1 -1 -1 -1 
618 61 1371 328 65 164 -1 -1 -1 -1 
619 61 1377 331 65 165 -1 -1 -1 -1 
620 61 1383 328 68 170 -1 -1 -1 -1 
621 61 1387 328 68 169 -1 -1 -1 -1 
622 61 1390 327 68 171 -1 -1 -1 -1 
623 61 1395 324 69 173 -1 -1 -1 -1 
624 61 1405 323 70 173 -1 -1 -1 -1 
625 61 1411 323 70 173 -1 -1 -1 -1 
626 61 1416 322 70 176 -1 -1 -1 -1 
627 61 1422 324 71 177 -1 -1 -1 -1 
628 61 1426 324 73 179 -1 -1 -1 -1 
629 61 1436 327 73 182 -1 -1 -1 -1 
630 61 1439 329 74 184 -1 -1 -1 -1 
631 61 1444 330 75 187 -1 -1 -1 -1 
632 61 1447 328 76 191 -1 -1 -1 -1 
633 61 1450 329 76 190 -1 -1 -1 -1 
634 61 1458 329 75 187 -1 -1 -1 -1 
635 61 1461 326 74 187 -1 -1 -1 -1 
636 61 1461 320 76 191 -1 -1 -1 -1 
637 61 1463 321 77 191 -1 -1 -1 -1 
638 61 1468 314 79 196 -1 -1 -1 -1 
639 61 1471 308 81 202 -1 -1 -1 -1 
640 61 1477 308 82 204 -1 -1 -1 -1 
641 61 1482 307 83 205 -1 -1 -1 -1 
642 61 1486 306 83 206 -1 -1 -1 -1 
643 61 1491 308 84 207 -1 -1 -1 -1 
644 61 1501 309 86 211 -1 -1 -1 -1 
645 61 1515 309 86 213 -1 -1 -1 -1 
646 61 1523 308 87 215 -1 -1 -1 -1 
647 61 1531 310 87 215 -1 -1 -1 -1 
648 61 1540 309 88 217 -1 -1 -1 -1 
649 61 1553 305 90 223 -1 -1 -1 -1 
650 61 1563 304 92 225 -1 -1 -1 -1 
651 61 1574 303 94 229 -1 -1 -1 -1 
652 61 1586 304 94 230 -1 -1 -1 -1 
653 61 1596 307 94 230 -1 -1 -1 -1 
654 61 1616 308 94 232 -1 -1 -1 -1 
557 62 168 283 48 122 -1 -1 -1 -1 
558 62 164 282 46 112 -1 -1 -1 -1 
559 62 162 285 43 107 -1 -1 -1 -1 
560 62 158 288 45 115 -1 -1 -1 -1 
561 62 155 291 47 118 -1 -1 -1 -1 
562 62 153 294 44 111 -1 -1 -1 -1 
563 62 156 297 49 122 -1 -1 -1 -1 
564 62 161 301 46 114 -1 -1 -1 -1 
565 62 163 299 45 117 -1 -1 -1 -1 
566 62 163 301 48 123 -1 -1 -1 -1 
567 62 165 301 49 123 -1 -1 -1 -1 
568 62 169 298 45 114 -1 -1 -1 -1 
569 62 169 298 44 110 -1 -1 -1 -1 
570 62 172 295 42 108 -1 -1 -1 -1 
571 62 170 296 41 102 -1 -1 -1 -1 
572 62 169 295 39 95 -1 -1 -1 -1 
573 62 166 295 39 99 -1 -1 -1 -1 
574 62 163 297 40 100 -1 -1 -1 -1 
575 62 163 297 40 100 -1 -1 -1 -1 
576 62 162 298 41 101 -1 -1 -1 -1 
578 62 154 299 41 103 -1 -1 -1 -1 
579 62 148 303 37 94 -1 -1 -1 -1 
580 62 144 299 38 96 -1 -1 -1 -1 
581 62 140 298 40 100 -1 -1 -1 -1 
582 62 133 297 40 101 -1 -1 -1 -1 
583 62 122 290 41 104 -1 -1 -1 -1 
584 62 115 288 43 107 -1 -1 -1 -1 
585 62 111 288 42 104 -1 -1 -1 -1 
586 62 108 287 41 102 -1 -1 -1 -1 
587 62 104 289 41 103 -1 -1 -1 -1 
588 62 98 292 41 102 -1 -1 -1 -1 
589 62 96 295 42 103 -1 -1 -1 -1 
590 62 93 299 41 101 -1 -1 -1 -1 
591 62 94 300 42 105 -1 -1 -1 -1 
592 62 90 301 43 105 -1 -1 -1 -1 
593 62 87 301 43 108 -1 -1 -1 -1 
594 62 85 302 43 109 -1 -1 -1 -1 
595 62 81 305 43 107 -1 -1 -1 -1 
596 62 79 306 43 107 -1 -1 -1 -1 
597 62 78 309 41 105 -1 -1 -1 -1 
598 62 74 316 41 102 -1 -1 -1 -1 
599 62 72 318 41 103 -1 -1 -1 -1 
600 62 67 320 43 106 -1 -1 -1 -1 
601 62 65 324 44 106 -1 -1 -1 -1 
602 62 64 326 45 107 -1 -1 -1 -1 
603 62 64 336 43 106 -1 -1 -1 -1 
604 62 66 336 43 108 -1 -1 -1 -1 
605 62 62 337 46 113 -1 -1 -1 -1 
606 62 60 342 46 113 -1 -1 -1 -1 
607 62 60 340 45 113 -1 -1 -1 -1 
608 62 57 344 44 112 -1 -1 -1 -1 
609 62 54 341 45 114 -1 -1 -1 -1 
610 62 52 341 45 113 -1 -1 -1 -1 
611 62 50 343 45 111 -1 -1 -1 -1 
612 62 48 342 45 113 -1 -1 -1 -1 
613 62 47 344 46 113 -1 -1 -1 -1 
614 62 46 345 45 114 -1 -1 -1 -1 
615 62 45 346 45 113 -1 -1 -1 -1 
616 62 48 347 44 111 -1 -1 -1 -1 
617 62 46 348 45 112 -1 -1 -1 -1 
618 62 52 347 47 117 -1 -1 -1 -1 
619 62 50 348 48 118 -1 -1 -1 -1 
620 62 51 348 48 119 -1 -1 -1 -1 
621 62 51 348 48 120 -1 -1 -1 -1 
622 62 49 348 48 120 -1 -1 -1 -1 
623 62 49 347 48 121 -1 -1 -1 -1 
624 62 51 350 47 118 -1 -1 -1 -1 
625 62 49 352 47 116 -1 -1 -1 -1 
626 62 49 352 47 116 -1 -1 -1 -1 
627 62 48 352 47 115 -1 -1 -1 -1 
628 62 45 353 47 116 -1 -1 -1 -1 
629 62 41 354 48 119 -1 -1 -1 -1 
630 62 38 358 48 120 -1 -1 -1 -1 
631 62 35 358 49 122 -1 -1 -1 -1 
632 62 34 357 48 123 -1 -1 -1 -1 
633 62 29 357 50 124 -1 -1 -1 -1 
634 62 24 353 51 125 -1 -1 -1 -1 
635 62 18 351 50 125 -1 -1 -1 -1 
636 62 8 349 51 125 -1 -1 -1 -1 
637 62 6 345 48 123 -1 -1 -1 -1 
638 62 2 342 48 123 -1 -1 -1 -1 
639 62 -1 336 41 125 -1 -1 -1 -1 
640 62 -1 335 35 122 -1 -1 -1 -1 
641 62 0 333 31 126 -1 -1 -1 -1 
642 62 -1 335 28 127 -1 -1 -1 -1 
569 63 83 292 48 119 -1 -1 -1 -1 
570 63 82 288 48 122 -1 -1 -1 -1 
571 63 80 288 50 122 -1 -1 -1 -1 
572 63 77 285 50 124 -1 -1 -1 -1 
573 63 70 282 50 127 -1 -1 -1 -1 
574 63 65 282 50 126 -1 -1 -1 -1 
575 63 65 284 48 122 -1 -1 -1 -1 
576 63 62 287 49 124 -1 -1 -1 -1 
578 63 48 289 51 127 -1 -1 -1 -1 
579 63 40 293 49 124 -1 -1 -1 -1 
580 63 35 288 50 128 -1 -1 -1 -1 
581 63 27 287 52 129 -1 -1 -1 -1 
582 63 14 285 54 132 -1 -1 -1 -1 
583 63 2 276 52 136 -1 -1 -1 -1 
584 63 -1 273 45 135 -1 -1 -1 -1 
585 63 -2 272 38 136 -1 -1 -1 -1 
586 63 -2 271 34 134 -1 -1 -1 -1 
587 63 -1 273 28 136 -1 -1 -1 -1 
588 63 -1 279 21 126 -1 -1 -1 -1 
589 63 0 284 21 126 -1 -1 -1 -1 
574 64 120 302 37 96 -1 -1 -1 -1 
575 64 120 303 36 93 -1 -1 -1 -1 
576 64 118 303 37 94 -1 -1 -1 -1 
578 64 111 309 36 92 -1 -1 -1 -1 
579 64 105 311 36 92 -1 -1 -1 -1 
580 64 99 304 37 98 -1 -1 -1 -1 
581 64 94 307 36 95 -1 -1 -1 -1 
582 64 88 307 36 91 -1 -1 -1 -1 
583 64 74 295 38 97 -1 -1 -1 -1 
584 64 66 294 40 100 -1 -1 -1 -1 
585 64 62 295 38 97 -1 -1 -1 -1 
586 64 59 297 37 92 -1 -1 -1 -1 
587 64 52 296 38 98 -1 -1 -1 -1 
588 64 46 299 38 98 -1 -1 -1 -1 
589 64 44 301 40 101 -1 -1 -1 -1 
590 64 42 305 39 99 -1 -1 -1 -1 
591 64 44 309 39 97 -1 -1 -1 -1 
592 64 42 310 39 99 -1 -1 -1 -1 
593 64 40 312 39 99 -1 -1 -1 -1 
594 64 38 314 40 99 -1 -1 -1 -1 
595 64 34 317 40 97 -1 -1 -1 -1 
596 64 32 317 39 98 -1 -1 -1 -1 
597 64 29 318 39 98 -1 -1 -1 -1 
598 64 23 322 40 100 -1 -1 -1 -1 
599 64 21 324 41 102 -1 -1 -1 -1 
600 64 20 327 42 103 -1 -1 -1 -1 
601 64 21 331 41 101 -1 -1 -1 -1 
602 64 21 332 40 101 -1 -1 -1 -1 
603 64 22 342 38 98 -1 -1 -1 -1 
604 64 22 344 39 98 -1 -1 -1 -1 
605 64 19 346 40 103 -1 -1 -1 -1 
606 64 15 353 41 100 -1 -1 -1 -1 
607 64 14 349 43 104 -1 -1 -1 -1 
608 64 10 361 40 95 -1 -1 -1 -1 
609 64 12 362 39 93 -1 -1 -1 -1 
614 64 0 341 37 114 -1 -1 -1 -1 
615 64 0 342 35 115 -1 -1 -1 -1 
618 64 0 349 43 115 -1 -1 -1 -1 
619 64 0 345 41 121 -1 -1 -1 -1 
620 64 0 345 42 121 -1 -1 -1 -1 
621 64 0 346 42 120 -1 -1 -1 -1 
622 64 -1 346 43 121 -1 -1 -1 -1 
623 64 -1 348 42 117 -1 -1 -1 -1 
624 64 0 349 41 116 -1 -1 -1 -1 
625 64 0 361 36 106 -1 -1 -1 -1 
626 64 0 363 33 105 -1 -1 -1 -1 
627 64 0 359 34 111 -1 -1 -1 -1 
628 64 0 354 31 118 -1 -1 -1 -1 
629 64 0 355 30 121 -1 -1 -1 -1 
630 64 0 369 28 112 -1 -1 -1 -1 
631 64 0 357 29 124 -1 -1 -1 -1 
632 64 0 359 29 121 -1 -1 -1 -1 
633 64 0 368 26 114 -1 -1 -1 -1 
634 64 0 352 24 125 -1 -1 -1 -1 
635 64 -1 340 23 138 -1 -1 -1 -1 
582 65 1329 276 64 160 -1 -1 -1 -1 
583 65 1330 283 56 142 -1 -1 -1 -1 
584 65 1329 284 55 136 -1 -1 -1 -1 
585 65 1328 282 56 141 -1 -1 -1 -1 
586 65 1329 283 54 137 -1 -1 -1 -1 
587 65 1328 284 57 141 -1 -1 -1 -1 
595 66 1028 315 31 75 -1 -1 -1 -1 
596 66 1029 316 30 75 -1 -1 -1 -1 
597 66 1029 316 30 74 -1 -1 -1 -1 
598 66 1029 322 29 72 -1 -1 -1 -1 
599 66 1032 325 28 70 -1 -1 -1 -1 
600 66 1034 328 29 73 -1 -1 -1 -1 
601 66 1035 332 30 74 -1 -1 -1 -1 
602 66 1038 334 30 74 -1 -1 -1 -1 
603 66 1043 343 30 74 -1 -1 -1 -1 
604 66 1047 345 30 73 -1 -1 -1 -1 
605 66 1047 347 29 73 -1 -1 -1 -1 
606 66 1048 350 29 72 -1 -1 -1 -1 
607 66 1051 350 27 71 -1 -1 -1 -1 
608 66 1051 352 28 69 -1 -1 -1 -1 
609 66 1052 349 27 70 -1 -1 -1 -1 
610 66 1051 348 28 70 -1 -1 -1 -1 
611 66 1052 346 28 71 -1 -1 -1 -1 
612 66 1053 342 30 72 -1 -1 -1 -1 
613 66 1057 341 31 77 -1 -1 -1 -1 
614 66 1059 341 31 78 -1 -1 -1 -1 
615 66 1060 342 30 74 -1 -1 -1 -1 
618 66 1078 341 30 75 -1 -1 -1 -1 
619 66 1080 344 30 73 -1 -1 -1 -1 
620 66 1085 342 30 74 -1 -1 -1 -1 
622 66 1091 342 31 74 -1 -1 -1 -1 
623 66 1094 341 30 74 -1 -1 -1 -1 
624 66 1101 335 30 77 -1 -1 -1 -1 
625 66 1102 336 31 77 -1 -1 -1 -1 
626 66 1104 335 31 77 -1 -1 -1 -1 
627 66 1105 338 31 78 -1 -1 -1 -1 
628 66 1105 339 32 78 -1 -1 -1 -1 
629 66 1110 343 30 76 -1 -1 -1 -1 
638 66 1115 333 31 77 -1 -1 -1 -1 
639 66 1113 330 30 76 -1 -1 -1 -1 
640 66 1114 329 30 76 -1 -1 -1 -1 
641 66 1116 330 29 75 -1 -1 -1 -1 
642 66 1116 328 31 77 -1 -1 -1 -1 
645 66 1123 331 31 78 -1 -1 -1 -1 
646 66 1127 332 31 77 -1 -1 -1 -1 
647 66 1129 336 29 75 -1 -1 -1 -1 
648 66 1134 336 30 74 -1 -1 -1 -1 
649 66 1140 335 29 73 -1 -1 -1 -1 
650 66 1144 334 29 74 -1 -1 -1 -1 
651 66 1148 330 30 75 -1 -1 -1 -1 
652 66 1151 328 30 76 -1 -1 -1 -1 
653 66 1156 330 30 76 -1 -1 -1 -1 
654 66 1164 328 30 78 -1 -1 -1 -1 
