3 1 576 450 101 251 -1 -1 -1 -1
3 2 1358 423 144 353 -1 -1 -1 -1
3 3 1457 434 130 318 -1 -1 -1 -1
3 4 442 446 109 268 -1 -1 -1 -1
3 5 1253 435 43 109 -1 -1 -1 -1
3 6 725 448 46 116 -1 -1 -1 -1
3 7 641 457 72 179 -1 -1 -1 -1
3 8 478 460 93 233 -1 -1 -1 -1
3 9 1078 437 62 152 -1 -1 -1 -1
3 10 1015 430 45 112 -1 -1 -1 -1
3 11 1156 434 36 89 -1 -1 -1 -1
3 12 932 435 40 95 -1 -1 -1 -1
3 13 805 458 33 85 -1 -1 -1 -1
3 14 922 433 56 140 -1 -1 -1 -1
4 1 576 449 102 252 -1 -1 -1 -1
4 2 1362 418 148 361 -1 -1 -1 -1
4 3 1464 432 130 319 -1 -1 -1 -1
4 4 440 446 113 274 -1 -1 -1 -1
4 5 1253 436 42 108 -1 -1 -1 -1
4 6 726 451 46 113 -1 -1 -1 -1
4 7 640 455 74 179 -1 -1 -1 -1
4 8 475 458 98 245 -1 -1 -1 -1
4 9 1083 432 58 146 -1 -1 -1 -1
4 10 1015 430 45 109 -1 -1 -1 -1
4 11 1156 433 36 90 -1 -1 -1 -1
4 12 932 435 41 96 -1 -1 -1 -1
4 13 804 457 34 87 -1 -1 -1 -1
4 14 926 433 49 129 -1 -1 -1 -1
4 17 975 446 36 90 -1 -1 -1 -1
5 1 575 449 102 252 -1 -1 -1 -1
5 2 1368 419 146 361 -1 -1 -1 -1
5 3 1473 432 128 319 -1 -1 -1 -1
5 4 442 446 112 273 -1 -1 -1 -1
5 5 1252 437 43 108 -1 -1 -1 -1
5 6 726 451 46 113 -1 -1 -1 -1
5 7 639 454 75 181 -1 -1 -1 -1
5 8 475 458 100 248 -1 -1 -1 -1
5 9 1083 431 58 145 -1 -1 -1 -1
5 10 1015 430 45 111 -1 -1 -1 -1
5 11 1156 433 36 90 -1 -1 -1 -1
5 12 930 435 43 100 -1 -1 -1 -1
5 13 805 458 33 85 -1 -1 -1 -1
5 14 920 435 57 140 -1 -1 -1 -1
5 19 1300 414 54 131 -1 -1 -1 -1
6 1 574 449 102 252 -1 -1 -1 -1
6 2 1377 419 145 358 -1 -1 -1 -1
6 3 1482 430 132 325 -1 -1 -1 -1
6 4 443 447 112 269 -1 -1 -1 -1
6 5 1252 438 42 107 -1 -1 -1 -1
6 6 726 449 46 116 -1 -1 -1 -1
6 7 639 454 74 183 -1 -1 -1 -1
6 8 482 461 89 220 -1 -1 -1 -1
6 9 1083 431 58 147 -1 -1 -1 -1
6 10 1014 427 47 117 -1 -1 -1 -1
6 11 1156 433 36 90 -1 -1 -1 -1
6 13 804 457 35 88 -1 -1 -1 -1
6 14 919 433 58 144 -1 -1 -1 -1
6 19 1300 416 52 129 -1 -1 -1 -1
7 1 573 448 103 253 -1 -1 -1 -1
7 2 1382 417 147 365 -1 -1 -1 -1
7 3 1485 427 133 326 -1 -1 -1 -1
7 4 444 448 112 268 -1 -1 -1 -1
7 5 1251 437 43 108 -1 -1 -1 -1
7 6 727 448 46 118 -1 -1 -1 -1
7 7 638 450 76 186 -1 -1 -1 -1
7 8 480 461 94 235 -1 -1 -1 -1
7 9 1082 432 60 152 -1 -1 -1 -1
7 10 1015 428 45 112 -1 -1 -1 -1
7 11 1156 433 36 90 -1 -1 -1 -1
7 12 928 434 45 117 -1 -1 -1 -1
7 13 805 458 34 87 -1 -1 -1 -1
7 14 919 434 59 143 -1 -1 -1 -1
7 19 1300 420 50 124 -1 -1 -1 -1
8 1 573 449 102 252 -1 -1 -1 -1
8 2 1391 416 152 365 -1 -1 -1 -1
8 3 1491 424 133 332 -1 -1 -1 -1
8 4 448 445 111 270 -1 -1 -1 -1
8 5 1251 437 43 108 -1 -1 -1 -1
8 6 726 448 47 119 -1 -1 -1 -1
8 7 634 456 76 184 -1 -1 -1 -1
8 9 1077 434 64 155 -1 -1 -1 -1
8 10 1015 430 44 109 -1 -1 -1 -1
8 11 1156 434 36 89 -1 -1 -1 -1
8 12 929 434 44 111 -1 -1 -1 -1
8 13 806 460 33 84 -1 -1 -1 -1
8 14 919 432 59 145 -1 -1 -1 -1
8 19 1300 421 49 122 -1 -1 -1 -1
8 20 1373 435 48 120 -1 -1 -1 -1
9 1 573 448 102 253 -1 -1 -1 -1
9 2 1397 413 147 365 -1 -1 -1 -1
9 3 1495 425 134 329 -1 -1 -1 -1
9 4 450 443 112 270 -1 -1 -1 -1
9 5 1252 438 42 107 -1 -1 -1 -1
9 6 726 451 46 114 -1 -1 -1 -1
9 7 634 457 75 185 -1 -1 -1 -1
9 9 1080 439 60 150 -1 -1 -1 -1
9 10 1016 440 38 95 -1 -1 -1 -1
9 11 1156 435 36 88 -1 -1 -1 -1
9 12 931 435 40 98 -1 -1 -1 -1
9 13 806 460 32 83 -1 -1 -1 -1
9 19 1300 421 49 122 -1 -1 -1 -1
9 20 1373 436 48 121 -1 -1 -1 -1
9 22 669 454 60 147 -1 -1 -1 -1
10 1 574 447 103 254 -1 -1 -1 -1
10 2 1407 417 149 363 -1 -1 -1 -1
10 3 1505 424 136 335 -1 -1 -1 -1
10 4 451 444 111 270 -1 -1 -1 -1
10 5 1252 437 42 108 -1 -1 -1 -1
10 6 727 452 44 112 -1 -1 -1 -1
10 7 637 460 75 184 -1 -1 -1 -1
10 9 1080 443 58 148 -1 -1 -1 -1
10 10 1017 447 35 88 -1 -1 -1 -1
10 11 1157 436 35 88 -1 -1 -1 -1
10 13 806 461 31 80 -1 -1 -1 -1
10 19 1300 421 49 123 -1 -1 -1 -1
10 20 1383 436 51 123 -1 -1 -1 -1
10 22 679 469 53 128 -1 -1 -1 -1
11 1 574 448 102 253 -1 -1 -1 -1
11 2 1414 414 152 371 -1 -1 -1 -1
11 3 1508 425 135 334 -1 -1 -1 -1
11 4 452 445 111 270 -1 -1 -1 -1
11 5 1252 438 42 107 -1 -1 -1 -1
11 6 727 452 45 115 -1 -1 -1 -1
11 7 640 464 72 176 -1 -1 -1 -1
11 9 1079 442 59 151 -1 -1 -1 -1
11 10 1018 444 35 91 -1 -1 -1 -1
11 11 1156 436 36 88 -1 -1 -1 -1
11 13 807 462 31 80 -1 -1 -1 -1
11 19 1299 420 50 124 -1 -1 -1 -1
11 20 1376 438 46 117 -1 -1 -1 -1
11 22 683 479 50 117 -1 -1 -1 -1
12 1 575 448 102 253 -1 -1 -1 -1
12 2 1427 417 150 371 -1 -1 -1 -1
12 3 1520 424 136 338 -1 -1 -1 -1
12 4 453 445 111 270 -1 -1 -1 -1
12 5 1252 438 42 105 -1 -1 -1 -1
12 6 726 452 45 116 -1 -1 -1 -1
12 7 639 462 73 177 -1 -1 -1 -1
12 9 1079 442 60 150 -1 -1 -1 -1
12 11 1156 436 36 88 -1 -1 -1 -1
12 12 931 436 39 92 -1 -1 -1 -1
12 13 806 461 31 80 -1 -1 -1 -1
12 19 1299 418 51 126 -1 -1 -1 -1
12 20 1378 437 47 118 -1 -1 -1 -1
13 1 576 449 102 251 -1 -1 -1 -1
13 2 1434 421 150 366 -1 -1 -1 -1
13 3 1528 422 138 340 -1 -1 -1 -1
13 4 453 447 110 268 -1 -1 -1 -1
13 5 1252 438 42 105 -1 -1 -1 -1
13 6 724 450 48 120 -1 -1 -1 -1
13 7 638 460 72 181 -1 -1 -1 -1
13 9 1080 441 59 151 -1 -1 -1 -1
13 11 1157 436 35 88 -1 -1 -1 -1
13 12 931 436 38 90 -1 -1 -1 -1
13 13 805 460 31 80 -1 -1 -1 -1
13 19 1299 420 50 124 -1 -1 -1 -1
13 20 1379 434 47 120 -1 -1 -1 -1
13 25 547 455 39 95 -1 -1 -1 -1
14 1 578 449 101 250 -1 -1 -1 -1
14 2 1443 421 150 368 -1 -1 -1 -1
14 3 1538 425 141 347 -1 -1 -1 -1
14 4 456 448 109 271 -1 -1 -1 -1
14 5 1252 437 42 107 -1 -1 -1 -1
14 6 724 450 47 116 -1 -1 -1 -1
14 7 637 459 72 183 -1 -1 -1 -1
14 9 1080 445 58 147 -1 -1 -1 -1
14 11 1156 435 36 89 -1 -1 -1 -1
14 12 931 437 38 89 -1 -1 -1 -1
14 13 805 460 32 81 -1 -1 -1 -1
14 19 1300 420 49 124 -1 -1 -1 -1
14 20 1389 433 48 122 -1 -1 -1 -1
14 25 547 452 41 98 -1 -1 -1 -1
15 1 577 444 104 253 -1 -1 -1 -1
15 2 1449 422 151 369 -1 -1 -1 -1
15 3 1547 426 144 351 -1 -1 -1 -1
15 4 457 448 109 273 -1 -1 -1 -1
15 5 1252 442 41 101 -1 -1 -1 -1
15 6 725 451 46 118 -1 -1 -1 -1
15 7 638 461 74 184 -1 -1 -1 -1
15 9 1080 441 59 150 -1 -1 -1 -1
15 10 1015 433 40 103 -1 -1 -1 -1
15 11 1156 435 36 89 -1 -1 -1 -1
15 13 805 460 32 80 -1 -1 -1 -1
15 14 927 436 46 115 -1 -1 -1 -1
15 19 1300 422 49 121 -1 -1 -1 -1
15 20 1394 432 49 122 -1 -1 -1 -1
15 22 680 464 52 128 -1 -1 -1 -1
15 25 547 450 41 100 -1 -1 -1 -1
16 1 578 444 104 253 -1 -1 -1 -1
16 2 1456 418 151 370 -1 -1 -1 -1
16 3 1557 421 144 359 -1 -1 -1 -1
16 4 456 447 111 275 -1 -1 -1 -1
16 5 1252 443 40 100 -1 -1 -1 -1
16 6 725 460 44 110 -1 -1 -1 -1
16 7 640 464 72 179 -1 -1 -1 -1
16 9 1079 440 60 152 -1 -1 -1 -1
16 10 1016 433 39 103 -1 -1 -1 -1
16 11 1156 435 35 89 -1 -1 -1 -1
16 12 932 437 38 89 -1 -1 -1 -1
16 13 807 461 30 77 -1 -1 -1 -1
16 19 1300 422 49 122 -1 -1 -1 -1
16 20 1395 433 48 120 -1 -1 -1 -1
16 22 677 459 56 134 -1 -1 -1 -1
16 27 654 458 67 166 -1 -1 -1 -1
17 1 580 444 103 255 -1 -1 -1 -1
17 2 1466 421 147 359 -1 -1 -1 -1
17 3 1567 429 140 342 -1 -1 -1 -1
17 4 457 449 110 274 -1 -1 -1 -1
17 5 1251 442 41 100 -1 -1 -1 -1
17 6 724 454 46 114 -1 -1 -1 -1
17 7 642 464 73 182 -1 -1 -1 -1
17 9 1079 448 58 145 -1 -1 -1 -1
17 10 1018 439 38 97 -1 -1 -1 -1
17 11 1157 436 35 88 -1 -1 -1 -1
17 12 928 436 43 97 -1 -1 -1 -1
17 13 806 459 31 80 -1 -1 -1 -1
17 17 985 446 34 86 -1 -1 -1 -1
17 19 1299 421 50 125 -1 -1 -1 -1
17 20 1396 432 48 120 -1 -1 -1 -1
17 22 685 465 51 127 -1 -1 -1 -1
18 1 580 444 105 256 -1 -1 -1 -1
18 2 1477 424 145 359 -1 -1 -1 -1
18 3 1575 428 142 349 -1 -1 -1 -1
18 4 458 449 109 274 -1 -1 -1 -1
18 5 1251 442 41 100 -1 -1 -1 -1
18 6 723 455 46 112 -1 -1 -1 -1
18 7 642 463 74 184 -1 -1 -1 -1
18 9 1079 449 58 144 -1 -1 -1 -1
18 10 1019 444 36 90 -1 -1 -1 -1
18 11 1157 436 35 88 -1 -1 -1 -1
18 13 806 458 32 81 -1 -1 -1 -1
18 14 926 436 47 121 -1 -1 -1 -1
18 17 986 448 33 84 -1 -1 -1 -1
18 19 1299 422 50 124 -1 -1 -1 -1
18 20 1400 434 47 119 -1 -1 -1 -1
18 22 686 468 50 122 -1 -1 -1 -1
19 1 581 443 106 259 -1 -1 -1 -1
19 2 1481 418 148 365 -1 -1 -1 -1
19 3 1586 433 138 342 -1 -1 -1 -1
19 4 459 450 110 273 -1 -1 -1 -1
19 5 1252 443 40 99 -1 -1 -1 -1
19 6 723 456 45 110 -1 -1 -1 -1
19 7 644 465 73 183 -1 -1 -1 -1
19 9 1079 446 59 148 -1 -1 -1 -1
19 10 1019 443 34 90 -1 -1 -1 -1
19 11 1157 437 35 87 -1 -1 -1 -1
19 12 931 436 37 89 -1 -1 -1 -1
19 19 1299 420 52 125 -1 -1 -1 -1
19 20 1404 436 45 117 -1 -1 -1 -1
19 22 687 471 48 118 -1 -1 -1 -1
20 1 583 448 103 254 -1 -1 -1 -1
20 2 1490 418 153 373 -1 -1 -1 -1
20 3 1597 432 138 342 -1 -1 -1 -1
20 4 461 448 112 275 -1 -1 -1 -1
20 5 1251 443 40 99 -1 -1 -1 -1
20 6 723 456 44 110 -1 -1 -1 -1
20 7 645 467 72 180 -1 -1 -1 -1
20 9 1079 445 59 148 -1 -1 -1 -1
20 10 1020 438 35 93 -1 -1 -1 -1
20 11 1157 437 35 87 -1 -1 -1 -1
20 12 931 437 37 87 -1 -1 -1 -1
20 20 1410 451 41 103 -1 -1 -1 -1
21 1 584 448 102 254 -1 -1 -1 -1
21 2 1499 415 152 374 -1 -1 -1 -1
21 3 1604 430 144 353 -1 -1 -1 -1
21 4 461 445 113 279 -1 -1 -1 -1
21 5 1251 443 40 99 -1 -1 -1 -1
21 6 722 454 45 112 -1 -1 -1 -1
21 7 644 464 74 181 -1 -1 -1 -1
21 9 1079 447 59 146 -1 -1 -1 -1
21 11 1157 437 34 87 -1 -1 -1 -1
21 12 930 437 38 89 -1 -1 -1 -1
21 20 1410 439 46 116 -1 -1 -1 -1
22 1 585 446 103 257 -1 -1 -1 -1
22 2 1509 415 153 377 -1 -1 -1 -1
22 3 1614 428 144 355 -1 -1 -1 -1
22 4 461 448 112 274 -1 -1 -1 -1
22 5 1250 443 40 98 -1 -1 -1 -1
22 6 722 455 45 111 -1 -1 -1 -1
22 7 645 464 73 182 -1 -1 -1 -1
22 9 1079 448 59 144 -1 -1 -1 -1
22 11 1157 438 34 86 -1 -1 -1 -1
22 12 928 436 39 89 -1 -1 -1 -1
22 13 805 457 32 81 -1 -1 -1 -1
22 19 1299 425 47 119 -1 -1 -1 -1
22 20 1413 436 47 118 -1 -1 -1 -1
23 1 586 446 103 256 -1 -1 -1 -1
23 2 1515 412 157 385 -1 -1 -1 -1
23 3 1618 425 143 357 -1 -1 -1 -1
23 4 467 452 109 266 -1 -1 -1 -1
23 5 1250 443 40 98 -1 -1 -1 -1
23 6 722 459 45 110 -1 -1 -1 -1
23 7 646 464 71 178 -1 -1 -1 -1
23 9 1079 446 59 146 -1 -1 -1 -1
23 11 1157 438 34 86 -1 -1 -1 -1
23 13 806 459 30 79 -1 -1 -1 -1
23 20 1416 437 47 117 -1 -1 -1 -1
24 1 586 445 104 257 -1 -1 -1 -1
24 2 1526 417 157 383 -1 -1 -1 -1
24 3 1625 422 148 365 -1 -1 -1 -1
24 4 469 454 109 266 -1 -1 -1 -1
24 5 1250 442 39 98 -1 -1 -1 -1
24 6 722 461 45 110 -1 -1 -1 -1
24 7 645 463 74 181 -1 -1 -1 -1
24 9 1079 446 58 146 -1 -1 -1 -1
24 11 1157 439 34 85 -1 -1 -1 -1
24 20 1416 436 46 118 -1 -1 -1 -1
25 1 587 442 105 261 -1 -1 -1 -1
25 2 1535 414 159 389 -1 -1 -1 -1
25 3 1632 417 152 373 -1 -1 -1 -1
25 4 468 450 112 276 -1 -1 -1 -1
25 5 1250 443 39 98 -1 -1 -1 -1
25 6 722 457 46 112 -1 -1 -1 -1
25 7 647 463 72 182 -1 -1 -1 -1
25 8 497 449 101 246 -1 -1 -1 -1
25 9 1079 446 58 147 -1 -1 -1 -1
25 13 804 457 32 80 -1 -1 -1 -1
25 19 1300 425 47 120 -1 -1 -1 -1
25 20 1423 442 46 111 -1 -1 -1 -1
25 31 1435 452 41 101 -1 -1 -1 -1
26 1 587 443 105 260 -1 -1 -1 -1
26 2 1549 412 159 390 -1 -1 -1 -1
26 3 1637 420 150 370 -1 -1 -1 -1
26 4 470 452 112 275 -1 -1 -1 -1
26 5 1250 442 39 97 -1 -1 -1 -1
26 6 721 455 46 115 -1 -1 -1 -1
26 7 649 462 73 182 -1 -1 -1 -1
26 9 1080 449 57 144 -1 -1 -1 -1
26 19 1300 424 47 121 -1 -1 -1 -1
26 20 1424 440 47 113 -1 -1 -1 -1
27 1 588 446 104 257 -1 -1 -1 -1
27 2 1554 408 162 398 -1 -1 -1 -1
27 3 1646 418 152 373 -1 -1 -1 -1
27 4 473 451 112 274 -1 -1 -1 -1
27 5 1250 443 39 95 -1 -1 -1 -1
27 6 721 458 45 113 -1 -1 -1 -1
27 7 651 461 72 182 -1 -1 -1 -1
27 9 1082 455 55 138 -1 -1 -1 -1
27 11 1157 439 35 86 -1 -1 -1 -1
27 12 928 437 39 88 -1 -1 -1 -1
27 19 1299 425 48 119 -1 -1 -1 -1
27 20 1421 439 47 115 -1 -1 -1 -1
28 1 588 445 105 259 -1 -1 -1 -1
28 2 1561 400 168 412 -1 -1 -1 -1
28 3 1660 416 150 371 -1 -1 -1 -1
28 4 473 449 113 276 -1 -1 -1 -1
28 5 1249 442 40 97 -1 -1 -1 -1
28 6 721 456 45 113 -1 -1 -1 -1
28 7 650 463 71 181 -1 -1 -1 -1
28 9 1080 450 58 143 -1 -1 -1 -1
28 10 1016 433 39 99 -1 -1 -1 -1
28 11 1157 438 35 87 -1 -1 -1 -1
28 19 1300 423 48 122 -1 -1 -1 -1
28 20 1430 435 47 117 -1 -1 -1 -1
28 22 687 448 52 118 -1 -1 -1 -1
28 33 1545 431 47 121 -1 -1 -1 -1
29 1 589 448 104 256 -1 -1 -1 -1
29 2 1571 398 166 412 -1 -1 -1 -1
29 3 1670 413 150 372 -1 -1 -1 -1
29 4 477 451 111 273 -1 -1 -1 -1
29 5 1249 442 40 97 -1 -1 -1 -1
29 6 721 463 44 107 -1 -1 -1 -1
29 7 650 464 71 179 -1 -1 -1 -1
29 9 1080 450 57 142 -1 -1 -1 -1
29 11 1156 438 36 87 -1 -1 -1 -1
29 19 1300 424 48 120 -1 -1 -1 -1
29 20 1433 434 48 119 -1 -1 -1 -1
29 33 1548 442 42 110 -1 -1 -1 -1
30 1 589 447 105 257 -1 -1 -1 -1
30 2 1581 400 168 409 -1 -1 -1 -1
30 3 1682 414 153 376 -1 -1 -1 -1
30 4 476 449 113 278 -1 -1 -1 -1
30 5 1249 442 40 97 -1 -1 -1 -1
30 6 721 465 43 106 -1 -1 -1 -1
30 7 652 460 72 183 -1 -1 -1 -1
30 9 1078 442 59 150 -1 -1 -1 -1
30 19 1300 421 50 124 -1 -1 -1 -1
30 20 1434 432 48 121 -1 -1 -1 -1
30 33 1551 455 40 97 -1 -1 -1 -1
31 1 589 445 107 260 -1 -1 -1 -1
31 2 1592 399 168 415 -1 -1 -1 -1
31 3 1692 418 156 379 -1 -1 -1 -1
31 4 479 445 114 280 -1 -1 -1 -1
31 5 1250 442 40 99 -1 -1 -1 -1
31 6 721 464 44 109 -1 -1 -1 -1
31 7 654 460 71 182 -1 -1 -1 -1
31 9 1079 449 57 144 -1 -1 -1 -1
31 11 1157 437 35 88 -1 -1 -1 -1
31 19 1300 423 48 121 -1 -1 -1 -1
31 20 1438 432 49 121 -1 -1 -1 -1
31 33 1550 445 42 109 -1 -1 -1 -1
32 1 590 446 105 257 -1 -1 -1 -1
32 2 1605 397 170 416 -1 -1 -1 -1
32 3 1706 421 154 378 -1 -1 -1 -1
32 4 479 444 115 281 -1 -1 -1 -1
32 5 1251 443 39 98 -1 -1 -1 -1
32 6 720 456 46 116 -1 -1 -1 -1
32 7 656 461 72 183 -1 -1 -1 -1
32 9 1081 458 54 135 -1 -1 -1 -1
32 19 1300 425 47 119 -1 -1 -1 -1
32 20 1441 431 50 122 -1 -1 -1 -1
32 33 1548 439 46 115 -1 -1 -1 -1
33 1 590 444 105 259 -1 -1 -1 -1
33 2 1611 395 174 427 -1 -1 -1 -1
33 3 1721 421 157 380 -1 -1 -1 -1
33 4 477 443 116 287 -1 -1 -1 -1
33 5 1250 443 41 99 -1 -1 -1 -1
33 6 719 456 46 117 -1 -1 -1 -1
33 7 656 457 77 189 -1 -1 -1 -1
33 9 1081 460 53 133 -1 -1 -1 -1
33 10 1011 442 41 100 -1 -1 -1 -1
33 11 1157 437 35 87 -1 -1 -1 -1
33 19 1299 425 48 119 -1 -1 -1 -1
33 20 1444 432 48 120 -1 -1 -1 -1
33 22 576 449 52 130 -1 -1 -1 -1
33 33 1552 445 43 110 -1 -1 -1 -1
33 35 1489 443 33 85 -1 -1 -1 -1
34 1 591 442 108 264 -1 -1 -1 -1
34 2 1615 396 175 429 -1 -1 -1 -1
34 3 1728 418 157 387 -1 -1 -1 -1
34 4 474 443 118 291 -1 -1 -1 -1
34 5 1250 442 41 100 -1 -1 -1 -1
34 6 716 457 47 120 -1 -1 -1 -1
34 7 659 447 80 198 -1 -1 -1 -1
34 9 1078 440 59 152 -1 -1 -1 -1
34 19 1299 421 49 123 -1 -1 -1 -1
34 20 1447 433 47 118 -1 -1 -1 -1
34 22 570 445 54 135 -1 -1 -1 -1
34 33 1552 447 44 112 -1 -1 -1 -1
34 35 1490 444 30 84 -1 -1 -1 -1
35 1 591 444 106 259 -1 -1 -1 -1
35 2 1628 399 174 428 -1 -1 -1 -1
35 4 474 443 120 294 -1 -1 -1 -1
35 5 1250 440 41 101 -1 -1 -1 -1
35 6 716 455 46 121 -1 -1 -1 -1
35 7 657 453 80 195 -1 -1 -1 -1
35 9 1078 441 60 151 -1 -1 -1 -1
35 19 1300 423 48 120 -1 -1 -1 -1
35 20 1450 433 46 115 -1 -1 -1 -1
35 22 570 446 53 134 -1 -1 -1 -1
35 33 1553 448 42 107 -1 -1 -1 -1
36 1 592 443 107 263 -1 -1 -1 -1
36 2 1642 399 175 428 -1 -1 -1 -1
36 3 1750 418 153 378 -1 -1 -1 -1
36 4 476 444 119 293 -1 -1 -1 -1
36 5 1250 441 41 101 -1 -1 -1 -1
36 6 715 454 47 122 -1 -1 -1 -1
36 7 660 460 75 189 -1 -1 -1 -1
36 9 1077 436 64 157 -1 -1 -1 -1
36 19 1299 421 49 123 -1 -1 -1 -1
36 20 1452 432 48 120 -1 -1 -1 -1
36 22 571 447 52 133 -1 -1 -1 -1
37 1 594 442 109 263 -1 -1 -1 -1
37 2 1651 401 173 425 -1 -1 -1 -1
37 3 1758 421 151 373 -1 -1 -1 -1
37 4 479 445 119 290 -1 -1 -1 -1
37 5 1250 440 42 102 -1 -1 -1 -1
37 6 714 456 47 121 -1 -1 -1 -1
37 7 657 461 77 188 -1 -1 -1 -1
37 9 1078 439 61 153 -1 -1 -1 -1
37 19 1299 421 50 122 -1 -1 -1 -1
37 20 1456 431 48 119 -1 -1 -1 -1
37 22 571 448 52 132 -1 -1 -1 -1
38 1 599 445 104 258 -1 -1 -1 -1
38 2 1666 404 176 431 -1 -1 -1 -1
38 3 1771 421 148 381 -1 -1 -1 -1
38 4 480 444 118 290 -1 -1 -1 -1
38 5 1251 441 41 101 -1 -1 -1 -1
38 6 714 455 47 120 -1 -1 -1 -1
38 7 652 460 78 190 -1 -1 -1 -1
38 9 1078 441 61 152 -1 -1 -1 -1
38 11 1156 436 36 89 -1 -1 -1 -1
38 19 1300 423 48 121 -1 -1 -1 -1
38 20 1457 431 49 120 -1 -1 -1 -1
38 22 570 447 53 134 -1 -1 -1 -1
39 1 601 446 103 257 -1 -1 -1 -1
39 2 1675 402 174 427 -1 -1 -1 -1
39 3 1789 420 129 385 -1 -1 -1 -1
39 4 483 447 113 280 -1 -1 -1 -1
39 5 1251 438 43 105 -1 -1 -1 -1
39 6 715 464 45 112 -1 -1 -1 -1
39 7 670 482 68 168 -1 -1 -1 -1
39 9 1079 441 60 152 -1 -1 -1 -1
39 11 1156 435 36 90 -1 -1 -1 -1
39 19 1300 422 48 121 -1 -1 -1 -1
39 20 1458 431 48 120 -1 -1 -1 -1
39 22 570 450 53 130 -1 -1 -1 -1
39 37 1853 414 67 411 -1 -1 -1 -1
40 1 600 444 107 261 -1 -1 -1 -1
40 2 1684 405 174 426 -1 -1 -1 -1
40 3 1797 417 122 385 -1 -1 -1 -1
40 4 482 446 115 285 -1 -1 -1 -1
40 5 1252 439 42 104 -1 -1 -1 -1
40 6 718 460 45 114 -1 -1 -1 -1
40 7 675 490 66 161 -1 -1 -1 -1
40 9 1080 442 59 150 -1 -1 -1 -1
40 10 1005 431 43 105 -1 -1 -1 -1
40 11 1156 435 36 90 -1 -1 -1 -1
40 19 1300 422 48 121 -1 -1 -1 -1
40 20 1462 432 47 118 -1 -1 -1 -1
40 22 568 449 55 133 -1 -1 -1 -1
41 1 600 443 109 263 -1 -1 -1 -1
41 2 1693 402 178 438 -1 -1 -1 -1
41 3 1817 409 102 400 -1 -1 -1 -1
41 4 480 448 118 288 -1 -1 -1 -1
41 5 1252 439 42 104 -1 -1 -1 -1
41 6 716 452 48 121 -1 -1 -1 -1
41 7 675 481 70 172 -1 -1 -1 -1
41 9 1081 447 58 146 -1 -1 -1 -1
41 10 1005 437 42 100 -1 -1 -1 -1
41 11 1156 435 36 90 -1 -1 -1 -1
41 19 1300 422 48 121 -1 -1 -1 -1
41 20 1467 431 48 119 -1 -1 -1 -1
41 22 568 446 55 136 -1 -1 -1 -1
42 1 600 442 109 263 -1 -1 -1 -1
42 2 1700 399 182 445 -1 -1 -1 -1
42 3 1824 399 96 407 -1 -1 -1 -1
42 4 478 448 121 296 -1 -1 -1 -1
42 5 1252 437 43 106 -1 -1 -1 -1
42 6 718 451 48 121 -1 -1 -1 -1
42 7 672 477 73 178 -1 -1 -1 -1
42 9 1081 447 58 146 -1 -1 -1 -1
42 10 1004 434 43 106 -1 -1 -1 -1
42 11 1156 435 36 90 -1 -1 -1 -1
42 19 1300 420 49 122 -1 -1 -1 -1
42 20 1469 432 47 119 -1 -1 -1 -1
42 22 570 449 54 133 -1 -1 -1 -1
43 1 600 442 109 263 -1 -1 -1 -1
43 2 1712 401 182 442 -1 -1 -1 -1
43 3 1829 395 91 416 -1 -1 -1 -1
43 4 476 447 122 300 -1 -1 -1 -1
43 5 1253 434 44 109 -1 -1 -1 -1
43 7 676 465 74 190 -1 -1 -1 -1
43 9 1081 451 57 143 -1 -1 -1 -1
43 10 1002 434 45 110 -1 -1 -1 -1
43 11 1156 436 36 88 -1 -1 -1 -1
43 19 1300 423 48 119 -1 -1 -1 -1
43 20 1471 433 47 118 -1 -1 -1 -1
43 22 569 448 56 134 -1 -1 -1 -1
44 1 603 444 105 259 -1 -1 -1 -1
44 2 1721 402 183 449 -1 -1 -1 -1
44 3 1837 389 83 420 -1 -1 -1 -1
44 4 475 448 123 300 -1 -1 -1 -1
44 5 1253 436 43 107 -1 -1 -1 -1
44 7 675 460 76 195 -1 -1 -1 -1
44 9 1081 453 56 141 -1 -1 -1 -1
44 19 1301 425 47 117 -1 -1 -1 -1
44 20 1475 433 47 119 -1 -1 -1 -1
44 22 569 446 56 138 -1 -1 -1 -1
45 1 603 445 105 259 -1 -1 -1 -1
45 2 1727 396 185 456 -1 -1 -1 -1
45 3 1831 387 90 434 -1 -1 -1 -1
45 4 476 448 120 298 -1 -1 -1 -1
45 5 1254 435 43 107 -1 -1 -1 -1
45 7 676 466 78 191 -1 -1 -1 -1
45 9 1081 454 57 140 -1 -1 -1 -1
45 11 1157 437 35 87 -1 -1 -1 -1
45 13 731 451 39 100 -1 -1 -1 -1
45 19 1301 424 47 118 -1 -1 -1 -1
45 20 1476 434 48 118 -1 -1 -1 -1
45 22 569 446 56 137 -1 -1 -1 -1
46 1 606 447 104 257 -1 -1 -1 -1
46 2 1744 397 175 454 -1 -1 -1 -1
46 3 1830 390 92 431 -1 -1 -1 -1
46 4 472 450 121 299 -1 -1 -1 -1
46 5 1254 434 43 108 -1 -1 -1 -1
46 6 729 452 42 107 -1 -1 -1 -1
46 7 677 470 77 187 -1 -1 -1 -1
46 9 1081 447 58 146 -1 -1 -1 -1
46 10 1006 445 41 99 -1 -1 -1 -1
46 19 1300 420 49 122 -1 -1 -1 -1
46 20 1479 433 47 118 -1 -1 -1 -1
46 22 570 448 55 135 -1 -1 -1 -1
47 1 605 446 105 256 -1 -1 -1 -1
47 2 1750 392 169 460 -1 -1 -1 -1
47 4 472 449 121 300 -1 -1 -1 -1
47 5 1254 434 44 109 -1 -1 -1 -1
47 6 730 452 42 108 -1 -1 -1 -1
47 7 676 466 78 190 -1 -1 -1 -1
47 9 1083 453 56 139 -1 -1 -1 -1
47 10 1008 445 37 90 -1 -1 -1 -1
47 19 1300 418 50 124 -1 -1 -1 -1
47 20 1481 433 46 115 -1 -1 -1 -1
47 22 569 446 56 137 -1 -1 -1 -1
48 1 603 442 106 260 -1 -1 -1 -1
48 2 1765 389 153 466 -1 -1 -1 -1
48 4 471 448 122 301 -1 -1 -1 -1
48 5 1255 437 42 106 -1 -1 -1 -1
48 6 732 451 42 105 -1 -1 -1 -1
48 7 676 466 77 189 -1 -1 -1 -1
48 9 1082 445 59 147 -1 -1 -1 -1
48 10 1007 443 36 88 -1 -1 -1 -1
48 13 796 454 33 86 -1 -1 -1 -1
48 19 1300 419 51 124 -1 -1 -1 -1
48 20 1484 433 46 117 -1 -1 -1 -1
48 22 569 442 57 141 -1 -1 -1 -1
49 1 603 443 106 260 -1 -1 -1 -1
49 2 1778 387 142 477 -1 -1 -1 -1
49 4 473 446 123 301 -1 -1 -1 -1
49 5 1255 438 42 105 -1 -1 -1 -1
49 6 732 449 42 108 -1 -1 -1 -1
49 7 684 455 76 192 -1 -1 -1 -1
49 8 673 456 82 200 -1 -1 -1 -1
49 9 1083 448 58 144 -1 -1 -1 -1
49 10 1008 443 34 87 -1 -1 -1 -1
49 11 1156 436 35 88 -1 -1 -1 -1
49 13 804 458 32 81 -1 -1 -1 -1
49 22 569 442 58 141 -1 -1 -1 -1
50 1 606 443 105 260 -1 -1 -1 -1
50 2 1795 388 125 479 -1 -1 -1 -1
50 4 475 445 123 303 -1 -1 -1 -1
50 5 1256 438 41 105 -1 -1 -1 -1
50 6 730 446 45 115 -1 -1 -1 -1
50 7 675 456 82 199 -1 -1 -1 -1
50 9 1083 448 58 144 -1 -1 -1 -1
50 11 1156 436 35 88 -1 -1 -1 -1
50 13 806 457 32 83 -1 -1 -1 -1
50 20 1491 435 46 117 -1 -1 -1 -1
50 22 569 442 57 141 -1 -1 -1 -1
51 1 607 443 106 261 -1 -1 -1 -1
51 2 1802 387 118 477 -1 -1 -1 -1
51 4 476 447 122 300 -1 -1 -1 -1
51 5 1256 437 41 106 -1 -1 -1 -1
51 6 731 447 43 109 -1 -1 -1 -1
51 7 673 458 82 198 -1 -1 -1 -1
51 9 1083 450 58 142 -1 -1 -1 -1
51 11 1156 437 35 87 -1 -1 -1 -1
51 13 806 458 32 82 -1 -1 -1 -1
51 20 1498 436 47 115 -1 -1 -1 -1
51 22 569 443 57 139 -1 -1 -1 -1
52 1 608 444 105 260 -1 -1 -1 -1
52 2 1802 387 118 481 -1 -1 -1 -1
52 4 477 443 122 302 -1 -1 -1 -1
52 5 1256 441 40 102 -1 -1 -1 -1
52 7 672 455 83 201 -1 -1 -1 -1
52 9 1083 448 59 143 -1 -1 -1 -1
52 11 1156 436 35 88 -1 -1 -1 -1
52 20 1495 437 44 113 -1 -1 -1 -1
52 22 569 441 58 142 -1 -1 -1 -1
52 33 1508 439 44 111 -1 -1 -1 -1
52 35 1516 438 43 106 -1 -1 -1 -1
53 1 608 444 106 260 -1 -1 -1 -1
53 2 1811 384 109 486 -1 -1 -1 -1
53 4 477 442 122 303 -1 -1 -1 -1
53 5 1255 441 41 102 -1 -1 -1 -1
53 6 739 457 40 98 -1 -1 -1 -1
53 7 672 456 82 201 -1 -1 -1 -1
53 9 1084 450 58 140 -1 -1 -1 -1
53 11 1156 438 35 86 -1 -1 -1 -1
53 13 805 457 33 83 -1 -1 -1 -1
53 20 1492 438 44 112 -1 -1 -1 -1
53 22 570 444 57 139 -1 -1 -1 -1
53 35 1519 441 41 106 -1 -1 -1 -1
54 1 609 443 106 261 -1 -1 -1 -1
54 2 1811 390 108 475 -1 -1 -1 -1
54 4 475 443 122 302 -1 -1 -1 -1
54 5 1255 440 41 103 -1 -1 -1 -1
54 6 741 461 39 96 -1 -1 -1 -1
54 7 672 456 82 201 -1 -1 -1 -1
54 9 1085 453 55 136 -1 -1 -1 -1
54 11 1157 438 34 86 -1 -1 -1 -1
54 13 805 457 32 83 -1 -1 -1 -1
54 19 1299 426 48 117 -1 -1 -1 -1
54 20 1492 440 43 111 -1 -1 -1 -1
54 22 570 442 58 140 -1 -1 -1 -1
54 35 1524 438 42 108 -1 -1 -1 -1
55 1 610 444 106 261 -1 -1 -1 -1
55 2 1818 394 102 473 -1 -1 -1 -1
55 4 476 440 124 305 -1 -1 -1 -1
55 5 1256 439 40 104 -1 -1 -1 -1
55 6 743 465 36 88 -1 -1 -1 -1
55 7 673 458 83 199 -1 -1 -1 -1
55 9 1085 455 55 135 -1 -1 -1 -1
55 11 1157 438 34 86 -1 -1 -1 -1
55 13 805 458 32 81 -1 -1 -1 -1
55 20 1494 441 42 108 -1 -1 -1 -1
55 22 570 446 56 137 -1 -1 -1 -1
55 35 1527 439 42 107 -1 -1 -1 -1
56 1 611 445 105 261 -1 -1 -1 -1
56 2 1822 392 98 478 -1 -1 -1 -1
56 4 477 440 124 306 -1 -1 -1 -1
56 5 1256 440 40 102 -1 -1 -1 -1
56 6 744 465 37 92 -1 -1 -1 -1
56 7 676 457 82 202 -1 -1 -1 -1
56 9 1085 454 55 136 -1 -1 -1 -1
56 11 1157 437 34 87 -1 -1 -1 -1
56 13 805 459 32 81 -1 -1 -1 -1
56 20 1490 442 42 107 -1 -1 -1 -1
56 22 570 446 56 136 -1 -1 -1 -1
56 35 1527 443 40 103 -1 -1 -1 -1
57 1 611 446 106 261 -1 -1 -1 -1
57 3 1839 390 81 476 -1 -1 -1 -1
57 4 479 443 123 304 -1 -1 -1 -1
57 5 1256 441 39 101 -1 -1 -1 -1
57 7 675 457 83 203 -1 -1 -1 -1
57 9 1085 452 57 138 -1 -1 -1 -1
57 11 1156 438 35 86 -1 -1 -1 -1
57 12 747 460 41 103 -1 -1 -1 -1
57 13 804 458 33 82 -1 -1 -1 -1
57 20 1491 441 42 107 -1 -1 -1 -1
57 22 570 445 56 136 -1 -1 -1 -1
57 35 1529 447 39 99 -1 -1 -1 -1
58 1 610 446 108 261 -1 -1 -1 -1
58 3 1846 410 73 456 -1 -1 -1 -1
58 4 482 445 123 304 -1 -1 -1 -1
58 5 1256 442 39 100 -1 -1 -1 -1
58 6 748 459 38 100 -1 -1 -1 -1
58 7 677 458 83 203 -1 -1 -1 -1
58 9 1085 451 58 140 -1 -1 -1 -1
58 10 1005 447 32 81 -1 -1 -1 -1
58 11 1157 438 34 86 -1 -1 -1 -1
58 13 804 459 33 81 -1 -1 -1 -1
58 20 1494 442 42 107 -1 -1 -1 -1
58 22 570 446 56 135 -1 -1 -1 -1
58 35 1529 446 40 101 -1 -1 -1 -1
59 1 611 445 106 262 -1 -1 -1 -1
59 4 484 445 124 304 -1 -1 -1 -1
59 5 1257 441 39 101 -1 -1 -1 -1
59 6 748 459 39 101 -1 -1 -1 -1
59 7 680 459 81 202 -1 -1 -1 -1
59 10 1005 447 32 81 -1 -1 -1 -1
59 11 1156 437 35 87 -1 -1 -1 -1
59 13 804 459 34 82 -1 -1 -1 -1
59 20 1496 441 43 108 -1 -1 -1 -1
59 22 569 444 55 139 -1 -1 -1 -1
59 35 1529 446 41 102 -1 -1 -1 -1
60 1 610 442 108 268 -1 -1 -1 -1
60 4 487 444 124 306 -1 -1 -1 -1
60 5 1257 443 39 99 -1 -1 -1 -1
60 6 749 459 38 100 -1 -1 -1 -1
60 7 680 460 82 202 -1 -1 -1 -1
60 10 1005 446 32 82 -1 -1 -1 -1
60 11 1156 437 35 87 -1 -1 -1 -1
60 13 806 461 32 81 -1 -1 -1 -1
60 22 569 446 56 137 -1 -1 -1 -1
60 35 1529 445 41 104 -1 -1 -1 -1
61 1 609 444 107 265 -1 -1 -1 -1
61 4 489 444 125 309 -1 -1 -1 -1
61 5 1256 443 39 99 -1 -1 -1 -1
61 6 749 460 38 99 -1 -1 -1 -1
61 7 680 461 81 202 -1 -1 -1 -1
61 9 1086 455 56 136 -1 -1 -1 -1
61 10 1006 448 31 80 -1 -1 -1 -1
61 11 1157 437 34 87 -1 -1 -1 -1
61 13 806 461 31 81 -1 -1 -1 -1
61 20 1516 433 48 115 -1 -1 -1 -1
61 22 569 444 56 139 -1 -1 -1 -1
62 1 609 444 108 266 -1 -1 -1 -1
62 4 491 447 124 306 -1 -1 -1 -1
62 5 1256 443 39 99 -1 -1 -1 -1
62 6 749 459 39 99 -1 -1 -1 -1
62 7 681 463 80 201 -1 -1 -1 -1
62 9 1084 452 55 138 -1 -1 -1 -1
62 10 1005 446 32 81 -1 -1 -1 -1
62 13 805 459 32 83 -1 -1 -1 -1
62 19 1300 427 46 115 -1 -1 -1 -1
62 20 1520 427 48 119 -1 -1 -1 -1
62 22 570 445 56 138 -1 -1 -1 -1
62 33 1541 433 44 109 -1 -1 -1 -1
63 1 609 446 107 265 -1 -1 -1 -1
63 4 493 449 124 305 -1 -1 -1 -1
63 5 1256 443 39 98 -1 -1 -1 -1
63 6 749 459 39 97 -1 -1 -1 -1
63 7 679 465 81 199 -1 -1 -1 -1
63 9 1082 448 56 140 -1 -1 -1 -1
63 10 1004 445 31 81 -1 -1 -1 -1
63 11 1157 439 34 85 -1 -1 -1 -1
63 13 804 458 33 84 -1 -1 -1 -1
63 19 1300 427 45 115 -1 -1 -1 -1
63 20 1524 427 48 119 -1 -1 -1 -1
63 22 572 447 56 135 -1 -1 -1 -1
63 33 1540 427 47 116 -1 -1 -1 -1
64 1 610 447 106 263 -1 -1 -1 -1
64 4 495 450 124 306 -1 -1 -1 -1
64 5 1256 443 39 98 -1 -1 -1 -1
64 6 750 460 38 97 -1 -1 -1 -1
64 7 681 464 81 201 -1 -1 -1 -1
64 9 1082 443 56 143 -1 -1 -1 -1
64 10 1003 444 32 82 -1 -1 -1 -1
64 13 804 458 32 84 -1 -1 -1 -1
64 19 1299 424 46 118 -1 -1 -1 -1
64 20 1525 427 48 120 -1 -1 -1 -1
64 22 574 453 52 128 -1 -1 -1 -1
64 33 1544 424 47 118 -1 -1 -1 -1
65 1 610 447 106 265 -1 -1 -1 -1
65 4 496 451 125 306 -1 -1 -1 -1
65 5 1255 444 40 97 -1 -1 -1 -1
65 6 751 462 37 93 -1 -1 -1 -1
65 7 682 463 82 206 -1 -1 -1 -1
65 9 1080 444 57 142 -1 -1 -1 -1
65 10 1002 444 34 84 -1 -1 -1 -1
65 11 1156 438 35 86 -1 -1 -1 -1
65 19 1299 425 46 117 -1 -1 -1 -1
65 20 1527 429 48 117 -1 -1 -1 -1
65 22 575 453 49 126 -1 -1 -1 -1
66 1 611 448 106 263 -1 -1 -1 -1
66 4 499 451 126 309 -1 -1 -1 -1
66 5 1255 444 40 97 -1 -1 -1 -1
66 6 753 466 35 88 -1 -1 -1 -1
66 7 683 462 84 208 -1 -1 -1 -1
66 9 1081 442 55 142 -1 -1 -1 -1
66 10 1001 445 34 86 -1 -1 -1 -1
66 11 1156 438 36 86 -1 -1 -1 -1
66 19 1299 425 47 116 -1 -1 -1 -1
66 20 1530 427 48 118 -1 -1 -1 -1
66 22 577 456 47 123 -1 -1 -1 -1
66 33 1542 421 48 120 -1 -1 -1 -1
67 1 609 447 107 267 -1 -1 -1 -1
67 4 503 452 126 310 -1 -1 -1 -1
67 5 1256 444 39 97 -1 -1 -1 -1
67 6 754 466 35 89 -1 -1 -1 -1
67 7 684 461 84 209 -1 -1 -1 -1
67 9 1083 443 53 140 -1 -1 -1 -1
67 10 1002 445 33 85 -1 -1 -1 -1
67 11 1157 438 35 86 -1 -1 -1 -1
67 19 1299 425 47 116 -1 -1 -1 -1
67 33 1541 422 49 122 -1 -1 -1 -1
68 1 608 448 107 266 -1 -1 -1 -1
68 4 508 454 123 305 -1 -1 -1 -1
68 5 1256 444 40 98 -1 -1 -1 -1
68 6 755 466 35 89 -1 -1 -1 -1
68 7 682 459 87 212 -1 -1 -1 -1
68 9 1083 450 53 138 -1 -1 -1 -1
68 10 1002 445 33 85 -1 -1 -1 -1
68 11 1157 438 35 86 -1 -1 -1 -1
68 13 805 462 32 81 -1 -1 -1 -1
68 19 1300 426 45 114 -1 -1 -1 -1
68 33 1536 423 50 121 -1 -1 -1 -1
68 44 1089 441 46 108 -1 -1 -1 -1
68 45 1033 437 35 87 -1 -1 -1 -1
69 1 606 448 108 267 -1 -1 -1 -1
69 4 506 449 128 315 -1 -1 -1 -1
69 5 1256 443 40 99 -1 -1 -1 -1
69 6 756 461 37 93 -1 -1 -1 -1
69 7 684 461 84 210 -1 -1 -1 -1
69 10 1001 438 35 87 -1 -1 -1 -1
69 11 1157 437 35 87 -1 -1 -1 -1
69 13 805 460 32 83 -1 -1 -1 -1
69 19 1300 425 46 116 -1 -1 -1 -1
69 33 1539 423 50 121 -1 -1 -1 -1
69 45 1035 431 36 91 -1 -1 -1 -1
70 1 603 444 110 272 -1 -1 -1 -1
70 4 512 448 127 310 -1 -1 -1 -1
70 5 1256 443 40 99 -1 -1 -1 -1
70 6 760 465 38 94 -1 -1 -1 -1
70 7 685 462 83 209 -1 -1 -1 -1
70 9 1084 453 52 136 -1 -1 -1 -1
70 10 1002 439 34 87 -1 -1 -1 -1
70 11 1157 437 35 87 -1 -1 -1 -1
70 19 1300 425 46 115 -1 -1 -1 -1
70 33 1542 423 49 123 -1 -1 -1 -1
71 1 604 445 108 269 -1 -1 -1 -1
71 4 513 447 127 311 -1 -1 -1 -1
71 5 1256 443 40 99 -1 -1 -1 -1
71 6 760 460 40 98 -1 -1 -1 -1
71 7 686 461 84 210 -1 -1 -1 -1
71 9 1083 453 52 136 -1 -1 -1 -1
71 10 1002 439 35 88 -1 -1 -1 -1
71 11 1157 437 35 87 -1 -1 -1 -1
71 12 927 438 36 84 -1 -1 -1 -1
71 13 805 460 32 82 -1 -1 -1 -1
71 19 1300 426 46 115 -1 -1 -1 -1
71 33 1543 424 48 121 -1 -1 -1 -1
72 1 602 446 107 266 -1 -1 -1 -1
72 4 516 445 128 319 -1 -1 -1 -1
72 5 1256 442 40 99 -1 -1 -1 -1
72 6 762 461 39 99 -1 -1 -1 -1
72 7 686 460 87 210 -1 -1 -1 -1
72 9 1084 444 53 141 -1 -1 -1 -1
72 10 1001 438 36 91 -1 -1 -1 -1
72 11 1157 437 35 87 -1 -1 -1 -1
72 19 1300 425 46 116 -1 -1 -1 -1
72 33 1542 424 48 122 -1 -1 -1 -1
72 44 1091 435 45 108 -1 -1 -1 -1
73 1 601 448 108 266 -1 -1 -1 -1
73 4 518 446 129 318 -1 -1 -1 -1
73 5 1256 442 40 99 -1 -1 -1 -1
73 6 764 461 39 98 -1 -1 -1 -1
73 7 688 462 85 207 -1 -1 -1 -1
73 8 505 453 101 246 -1 -1 -1 -1
73 9 1082 444 55 144 -1 -1 -1 -1
73 10 999 438 39 99 -1 -1 -1 -1
73 19 1300 426 46 115 -1 -1 -1 -1
73 33 1542 423 49 123 -1 -1 -1 -1
73 44 1088 437 48 115 -1 -1 -1 -1
74 1 603 447 109 269 -1 -1 -1 -1
74 4 521 446 128 313 -1 -1 -1 -1
74 5 1257 442 39 99 -1 -1 -1 -1
74 6 764 452 42 106 -1 -1 -1 -1
74 7 688 458 86 211 -1 -1 -1 -1
74 8 501 452 106 258 -1 -1 -1 -1
74 9 1082 444 56 145 -1 -1 -1 -1
74 10 1000 438 37 93 -1 -1 -1 -1
74 19 1300 424 47 117 -1 -1 -1 -1
74 33 1543 423 49 121 -1 -1 -1 -1
75 1 604 446 108 270 -1 -1 -1 -1
75 4 525 446 127 313 -1 -1 -1 -1
75 5 1256 441 40 101 -1 -1 -1 -1
75 6 767 450 43 110 -1 -1 -1 -1
75 7 688 460 86 209 -1 -1 -1 -1
75 8 501 451 107 260 -1 -1 -1 -1
75 9 1079 440 59 150 -1 -1 -1 -1
75 10 1000 439 36 91 -1 -1 -1 -1
75 19 1300 424 47 117 -1 -1 -1 -1
75 22 466 444 46 118 -1 -1 -1 -1
76 1 600 445 114 276 -1 -1 -1 -1
76 4 528 444 130 316 -1 -1 -1 -1
76 5 1256 441 41 100 -1 -1 -1 -1
76 7 689 463 85 206 -1 -1 -1 -1
76 8 501 450 108 264 -1 -1 -1 -1
76 9 1079 438 60 152 -1 -1 -1 -1
76 10 999 437 38 94 -1 -1 -1 -1
76 11 1157 437 36 87 -1 -1 -1 -1
76 19 1300 423 47 118 -1 -1 -1 -1
76 44 1088 434 49 117 -1 -1 -1 -1
77 1 605 446 109 270 -1 -1 -1 -1
77 4 531 445 129 314 -1 -1 -1 -1
77 5 1256 441 41 100 -1 -1 -1 -1
77 7 689 459 87 211 -1 -1 -1 -1
77 8 504 451 107 261 -1 -1 -1 -1
77 9 1079 437 60 153 -1 -1 -1 -1
77 10 999 436 38 96 -1 -1 -1 -1
77 19 1300 423 47 117 -1 -1 -1 -1
77 22 462 443 47 121 -1 -1 -1 -1
77 44 1088 434 50 119 -1 -1 -1 -1
78 1 605 447 110 272 -1 -1 -1 -1
78 4 532 447 129 312 -1 -1 -1 -1
78 5 1257 443 40 98 -1 -1 -1 -1
78 7 693 460 84 210 -1 -1 -1 -1
78 8 504 448 108 264 -1 -1 -1 -1
78 9 1079 442 60 150 -1 -1 -1 -1
78 10 999 439 40 99 -1 -1 -1 -1
78 19 1300 424 47 118 -1 -1 -1 -1
78 22 461 447 46 117 -1 -1 -1 -1
78 45 1042 449 52 134 -1 -1 -1 -1
79 1 605 445 109 272 -1 -1 -1 -1
79 4 538 446 130 321 -1 -1 -1 -1
79 5 1258 443 39 98 -1 -1 -1 -1
79 7 697 461 84 209 -1 -1 -1 -1
79 8 504 448 113 272 -1 -1 -1 -1
79 9 1078 442 59 150 -1 -1 -1 -1
79 10 1000 440 37 94 -1 -1 -1 -1
79 19 1300 424 47 117 -1 -1 -1 -1
79 22 461 451 45 112 -1 -1 -1 -1
79 45 1043 450 52 135 -1 -1 -1 -1
80 1 605 445 110 272 -1 -1 -1 -1
80 4 540 447 131 323 -1 -1 -1 -1
80 5 1258 443 39 99 -1 -1 -1 -1
80 7 703 460 83 207 -1 -1 -1 -1
80 8 506 447 112 275 -1 -1 -1 -1
80 9 1078 441 60 151 -1 -1 -1 -1
80 10 1001 444 36 93 -1 -1 -1 -1
80 19 1300 424 48 118 -1 -1 -1 -1
80 22 462 453 43 109 -1 -1 -1 -1
80 45 1043 451 53 134 -1 -1 -1 -1
81 1 606 444 110 273 -1 -1 -1 -1
81 4 540 446 134 326 -1 -1 -1 -1
81 5 1258 443 39 99 -1 -1 -1 -1
81 7 705 460 85 210 -1 -1 -1 -1
81 8 505 447 114 279 -1 -1 -1 -1
81 9 1079 443 58 149 -1 -1 -1 -1
81 10 1001 445 36 93 -1 -1 -1 -1
81 19 1300 423 47 119 -1 -1 -1 -1
81 22 462 456 41 102 -1 -1 -1 -1
81 45 1044 451 52 135 -1 -1 -1 -1
82 1 605 445 112 273 -1 -1 -1 -1
82 4 541 447 133 325 -1 -1 -1 -1
82 5 1258 445 38 97 -1 -1 -1 -1
82 7 706 463 85 208 -1 -1 -1 -1
82 8 506 446 116 283 -1 -1 -1 -1
82 9 1079 445 58 147 -1 -1 -1 -1
82 10 1001 445 37 93 -1 -1 -1 -1
82 19 1300 423 48 119 -1 -1 -1 -1
82 22 463 458 39 98 -1 -1 -1 -1
83 1 606 443 113 275 -1 -1 -1 -1
83 4 546 448 129 318 -1 -1 -1 -1
83 5 1258 444 38 98 -1 -1 -1 -1
83 7 707 464 86 209 -1 -1 -1 -1
83 8 509 448 115 284 -1 -1 -1 -1
83 9 1079 450 56 140 -1 -1 -1 -1
83 10 1001 446 37 93 -1 -1 -1 -1
83 19 1299 425 48 118 -1 -1 -1 -1
84 1 608 445 113 273 -1 -1 -1 -1
84 4 547 448 131 319 -1 -1 -1 -1
84 5 1258 444 38 98 -1 -1 -1 -1
84 7 708 462 87 210 -1 -1 -1 -1
84 8 510 449 115 282 -1 -1 -1 -1
84 10 1002 447 35 89 -1 -1 -1 -1
84 19 1300 425 47 117 -1 -1 -1 -1
85 1 612 444 112 274 -1 -1 -1 -1
85 4 548 447 130 321 -1 -1 -1 -1
85 5 1258 443 38 99 -1 -1 -1 -1
85 7 709 462 87 212 -1 -1 -1 -1
85 8 509 449 116 284 -1 -1 -1 -1
85 10 1003 449 34 86 -1 -1 -1 -1
86 1 612 443 114 278 -1 -1 -1 -1
86 4 551 447 129 320 -1 -1 -1 -1
86 5 1258 444 38 97 -1 -1 -1 -1
86 7 712 458 88 215 -1 -1 -1 -1
86 8 510 449 116 285 -1 -1 -1 -1
86 10 1001 446 37 89 -1 -1 -1 -1
86 19 1299 425 48 118 -1 -1 -1 -1
87 1 613 443 114 277 -1 -1 -1 -1
87 4 549 446 136 327 -1 -1 -1 -1
87 5 1258 443 38 99 -1 -1 -1 -1
87 7 712 457 89 215 -1 -1 -1 -1
87 8 510 449 115 284 -1 -1 -1 -1
87 19 1299 423 49 121 -1 -1 -1 -1
88 1 613 442 113 278 -1 -1 -1 -1
88 4 552 447 133 323 -1 -1 -1 -1
88 5 1258 444 38 97 -1 -1 -1 -1
88 7 716 457 88 216 -1 -1 -1 -1
88 8 508 449 117 289 -1 -1 -1 -1
88 10 1004 446 32 83 -1 -1 -1 -1
89 1 615 443 113 278 -1 -1 -1 -1
89 4 553 448 132 320 -1 -1 -1 -1
89 5 1258 442 39 100 -1 -1 -1 -1
89 7 720 453 90 221 -1 -1 -1 -1
89 8 507 448 116 290 -1 -1 -1 -1
89 9 1078 459 53 133 -1 -1 -1 -1
89 10 1004 446 32 83 -1 -1 -1 -1
89 19 1299 421 50 123 -1 -1 -1 -1
90 1 616 444 113 278 -1 -1 -1 -1
90 4 553 448 133 326 -1 -1 -1 -1
90 5 1257 442 39 99 -1 -1 -1 -1
90 7 722 452 90 222 -1 -1 -1 -1
90 8 508 449 116 287 -1 -1 -1 -1
90 9 1078 458 53 135 -1 -1 -1 -1
90 10 1004 447 33 82 -1 -1 -1 -1
91 1 618 445 114 277 -1 -1 -1 -1
91 4 555 449 133 327 -1 -1 -1 -1
91 5 1257 444 38 97 -1 -1 -1 -1
91 7 726 451 89 221 -1 -1 -1 -1
91 8 507 449 117 288 -1 -1 -1 -1
91 9 1081 459 53 132 -1 -1 -1 -1
91 10 1005 447 31 80 -1 -1 -1 -1
92 1 618 444 114 278 -1 -1 -1 -1
92 4 556 448 134 333 -1 -1 -1 -1
92 5 1257 445 38 97 -1 -1 -1 -1
92 7 728 451 90 222 -1 -1 -1 -1
92 8 507 450 117 288 -1 -1 -1 -1
92 9 1082 459 53 132 -1 -1 -1 -1
92 10 1004 448 32 79 -1 -1 -1 -1
92 11 1158 438 34 86 -1 -1 -1 -1
93 1 620 444 114 280 -1 -1 -1 -1
93 4 555 450 135 334 -1 -1 -1 -1
93 5 1258 445 37 97 -1 -1 -1 -1
93 7 730 452 89 221 -1 -1 -1 -1
93 8 507 451 116 286 -1 -1 -1 -1
93 9 1081 460 52 131 -1 -1 -1 -1
94 1 620 445 114 281 -1 -1 -1 -1
94 4 556 450 135 335 -1 -1 -1 -1
94 5 1258 444 38 98 -1 -1 -1 -1
94 7 730 454 89 220 -1 -1 -1 -1
94 8 508 451 115 286 -1 -1 -1 -1
94 9 1081 461 51 131 -1 -1 -1 -1
95 1 623 446 115 281 -1 -1 -1 -1
95 4 555 450 135 335 -1 -1 -1 -1
95 5 1258 442 39 100 -1 -1 -1 -1
95 7 733 454 89 219 -1 -1 -1 -1
95 8 506 451 116 287 -1 -1 -1 -1
95 9 1079 461 51 131 -1 -1 -1 -1
96 1 624 446 116 280 -1 -1 -1 -1
96 4 556 450 135 334 -1 -1 -1 -1
96 5 1258 442 39 100 -1 -1 -1 -1
96 7 737 455 90 220 -1 -1 -1 -1
96 8 505 450 113 285 -1 -1 -1 -1
96 9 1078 461 52 131 -1 -1 -1 -1
97 1 627 446 115 280 -1 -1 -1 -1
97 4 554 449 135 334 -1 -1 -1 -1
97 5 1258 441 39 101 -1 -1 -1 -1
97 7 736 453 92 224 -1 -1 -1 -1
97 8 504 448 114 287 -1 -1 -1 -1
97 9 1078 462 51 130 -1 -1 -1 -1
98 1 628 443 119 287 -1 -1 -1 -1
98 4 554 449 135 333 -1 -1 -1 -1
98 5 1257 438 41 104 -1 -1 -1 -1
98 7 738 449 93 230 -1 -1 -1 -1
98 8 503 447 116 290 -1 -1 -1 -1
98 9 1079 458 52 132 -1 -1 -1 -1
98 10 1000 445 37 90 -1 -1 -1 -1
98 19 1300 424 48 120 -1 -1 -1 -1
98 49 684 458 81 197 -1 -1 -1 -1
99 1 632 444 116 287 -1 -1 -1 -1
99 4 555 449 135 335 -1 -1 -1 -1
99 5 1256 441 40 100 -1 -1 -1 -1
99 7 743 452 91 226 -1 -1 -1 -1
99 8 503 448 115 290 -1 -1 -1 -1
99 9 1081 457 52 132 -1 -1 -1 -1
99 10 1003 447 34 85 -1 -1 -1 -1
100 1 633 444 115 285 -1 -1 -1 -1
100 4 554 449 134 335 -1 -1 -1 -1
100 5 1256 442 39 99 -1 -1 -1 -1
100 7 744 452 93 227 -1 -1 -1 -1
100 8 502 447 117 292 -1 -1 -1 -1
100 9 1084 456 54 135 -1 -1 -1 -1
100 10 1003 448 34 85 -1 -1 -1 -1
101 1 636 444 116 285 -1 -1 -1 -1
101 4 555 449 135 338 -1 -1 -1 -1
101 5 1256 442 38 99 -1 -1 -1 -1
101 6 773 461 73 181 -1 -1 -1 -1
101 7 748 455 91 225 -1 -1 -1 -1
101 8 506 449 115 288 -1 -1 -1 -1
101 9 1083 456 55 135 -1 -1 -1 -1
101 10 1003 448 34 85 -1 -1 -1 -1
101 12 929 436 39 90 -1 -1 -1 -1
102 1 637 444 116 284 -1 -1 -1 -1
102 4 555 449 136 334 -1 -1 -1 -1
102 5 1254 442 39 99 -1 -1 -1 -1
102 6 773 459 73 183 -1 -1 -1 -1
102 7 748 456 92 226 -1 -1 -1 -1
102 8 505 448 117 292 -1 -1 -1 -1
102 9 1081 454 56 137 -1 -1 -1 -1
102 10 1002 447 36 88 -1 -1 -1 -1
102 11 1157 438 34 85 -1 -1 -1 -1
102 12 925 436 42 97 -1 -1 -1 -1
102 44 1090 453 50 121 -1 -1 -1 -1
103 1 639 444 117 285 -1 -1 -1 -1
103 4 553 449 136 335 -1 -1 -1 -1
103 5 1252 442 40 99 -1 -1 -1 -1
103 6 775 464 72 179 -1 -1 -1 -1
103 7 749 456 91 225 -1 -1 -1 -1
103 8 501 447 116 292 -1 -1 -1 -1
103 9 1080 457 54 134 -1 -1 -1 -1
103 10 1001 446 36 88 -1 -1 -1 -1
103 11 1156 438 35 85 -1 -1 -1 -1
103 45 1096 453 44 96 -1 -1 -1 -1
104 1 640 443 118 287 -1 -1 -1 -1
104 4 553 448 136 334 -1 -1 -1 -1
104 5 1252 441 40 99 -1 -1 -1 -1
104 6 774 463 73 184 -1 -1 -1 -1
104 7 750 455 92 228 -1 -1 -1 -1
104 8 503 449 115 289 -1 -1 -1 -1
104 9 1079 455 56 136 -1 -1 -1 -1
104 10 1002 446 34 84 -1 -1 -1 -1
104 11 1157 438 34 85 -1 -1 -1 -1
104 12 928 436 37 88 -1 -1 -1 -1
104 45 1096 452 43 95 -1 -1 -1 -1
105 1 642 441 118 290 -1 -1 -1 -1
105 4 553 445 138 338 -1 -1 -1 -1
105 5 1251 441 40 99 -1 -1 -1 -1
105 6 774 461 74 186 -1 -1 -1 -1
105 7 752 456 92 228 -1 -1 -1 -1
105 8 506 448 116 289 -1 -1 -1 -1
105 10 1000 446 36 88 -1 -1 -1 -1
105 11 1157 438 35 86 -1 -1 -1 -1
105 19 1301 426 47 118 -1 -1 -1 -1
105 45 1098 449 40 94 -1 -1 -1 -1
106 1 642 441 119 290 -1 -1 -1 -1
106 4 553 445 138 340 -1 -1 -1 -1
106 5 1249 440 42 102 -1 -1 -1 -1
106 6 775 462 75 189 -1 -1 -1 -1
106 7 752 456 92 230 -1 -1 -1 -1
106 8 506 447 118 291 -1 -1 -1 -1
106 9 1076 452 55 137 -1 -1 -1 -1
106 10 1000 446 37 89 -1 -1 -1 -1
106 11 1157 438 35 86 -1 -1 -1 -1
106 19 1300 424 49 121 -1 -1 -1 -1
107 1 645 443 118 292 -1 -1 -1 -1
107 4 554 447 137 337 -1 -1 -1 -1
107 5 1249 440 42 102 -1 -1 -1 -1
107 6 774 462 76 190 -1 -1 -1 -1
107 7 753 458 92 229 -1 -1 -1 -1
107 8 507 447 118 291 -1 -1 -1 -1
107 9 1075 452 54 137 -1 -1 -1 -1
107 10 1000 446 37 90 -1 -1 -1 -1
107 11 1157 437 35 87 -1 -1 -1 -1
107 12 927 436 39 89 -1 -1 -1 -1
107 19 1301 426 47 118 -1 -1 -1 -1
108 1 647 442 118 291 -1 -1 -1 -1
108 4 555 448 138 339 -1 -1 -1 -1
108 5 1249 441 41 101 -1 -1 -1 -1
108 7 752 456 92 232 -1 -1 -1 -1
108 8 510 450 117 288 -1 -1 -1 -1
108 9 1076 453 54 136 -1 -1 -1 -1
108 10 1001 448 34 84 -1 -1 -1 -1
108 11 1157 437 35 87 -1 -1 -1 -1
108 19 1301 427 47 117 -1 -1 -1 -1
109 1 649 441 119 294 -1 -1 -1 -1
109 4 557 447 138 342 -1 -1 -1 -1
109 5 1249 441 40 100 -1 -1 -1 -1
109 7 751 455 93 233 -1 -1 -1 -1
109 8 513 455 115 283 -1 -1 -1 -1
109 9 1076 454 53 135 -1 -1 -1 -1
109 10 1002 449 32 82 -1 -1 -1 -1
109 11 1157 438 35 86 -1 -1 -1 -1
109 19 1301 426 47 118 -1 -1 -1 -1
110 1 651 441 119 297 -1 -1 -1 -1
110 4 556 446 141 347 -1 -1 -1 -1
110 5 1248 440 41 101 -1 -1 -1 -1
110 7 751 456 93 233 -1 -1 -1 -1
110 8 512 452 115 286 -1 -1 -1 -1
110 9 1077 452 54 137 -1 -1 -1 -1
110 11 1157 439 35 85 -1 -1 -1 -1
110 19 1301 426 48 119 -1 -1 -1 -1
111 1 653 440 119 298 -1 -1 -1 -1
111 4 557 449 140 347 -1 -1 -1 -1
111 5 1247 439 41 103 -1 -1 -1 -1
111 7 752 454 93 235 -1 -1 -1 -1
111 8 513 451 117 287 -1 -1 -1 -1
111 9 1076 447 56 141 -1 -1 -1 -1
111 11 1157 438 35 86 -1 -1 -1 -1
111 19 1301 420 50 125 -1 -1 -1 -1
111 44 1086 445 52 114 -1 -1 -1 -1
112 1 655 440 119 299 -1 -1 -1 -1
112 4 557 450 141 347 -1 -1 -1 -1
112 5 1245 439 41 102 -1 -1 -1 -1
112 6 779 452 81 200 -1 -1 -1 -1
112 7 753 455 93 235 -1 -1 -1 -1
112 8 517 447 118 291 -1 -1 -1 -1
112 9 1076 450 55 138 -1 -1 -1 -1
112 11 1157 439 35 85 -1 -1 -1 -1
112 19 1300 423 51 121 -1 -1 -1 -1
112 45 1092 448 47 101 -1 -1 -1 -1
113 1 656 440 120 301 -1 -1 -1 -1
113 4 557 450 141 348 -1 -1 -1 -1
113 5 1245 441 39 101 -1 -1 -1 -1
113 6 779 449 84 206 -1 -1 -1 -1
113 7 754 456 93 234 -1 -1 -1 -1
113 8 520 445 119 293 -1 -1 -1 -1
113 9 1077 449 56 139 -1 -1 -1 -1
113 11 1157 439 34 85 -1 -1 -1 -1
113 12 931 436 38 94 -1 -1 -1 -1
113 44 1087 447 52 121 -1 -1 -1 -1
114 1 658 441 122 303 -1 -1 -1 -1
114 4 559 451 141 347 -1 -1 -1 -1
114 5 1245 443 38 99 -1 -1 -1 -1
114 6 781 444 87 211 -1 -1 -1 -1
114 7 755 454 94 236 -1 -1 -1 -1
114 8 519 447 118 291 -1 -1 -1 -1
114 9 1076 449 57 140 -1 -1 -1 -1
114 10 1005 451 32 81 -1 -1 -1 -1
114 11 1157 439 35 84 -1 -1 -1 -1
114 12 930 435 41 105 -1 -1 -1 -1
114 44 1090 447 50 114 -1 -1 -1 -1
115 1 659 440 122 304 -1 -1 -1 -1
115 4 559 448 142 349 -1 -1 -1 -1
115 5 1243 442 37 97 -1 -1 -1 -1
115 6 781 440 90 220 -1 -1 -1 -1
115 7 757 454 94 235 -1 -1 -1 -1
115 8 520 445 120 295 -1 -1 -1 -1
115 9 1080 445 57 143 -1 -1 -1 -1
115 10 1006 450 32 80 -1 -1 -1 -1
115 11 1157 438 35 85 -1 -1 -1 -1
115 44 1088 444 52 115 -1 -1 -1 -1
116 1 660 440 122 304 -1 -1 -1 -1
116 4 560 444 144 356 -1 -1 -1 -1
116 5 1242 444 36 94 -1 -1 -1 -1
116 6 782 439 92 226 -1 -1 -1 -1
116 7 758 454 95 236 -1 -1 -1 -1
116 8 520 445 119 294 -1 -1 -1 -1
116 9 1081 444 58 144 -1 -1 -1 -1
116 10 1006 448 32 81 -1 -1 -1 -1
116 11 1157 438 34 85 -1 -1 -1 -1
116 12 926 436 48 124 -1 -1 -1 -1
117 1 662 440 120 302 -1 -1 -1 -1
117 4 560 444 145 358 -1 -1 -1 -1
117 5 1242 445 35 93 -1 -1 -1 -1
117 7 761 454 96 237 -1 -1 -1 -1
117 8 523 441 122 298 -1 -1 -1 -1
117 9 1082 447 57 141 -1 -1 -1 -1
117 10 1006 449 31 79 -1 -1 -1 -1
117 12 925 436 51 132 -1 -1 -1 -1
118 1 662 439 122 304 -1 -1 -1 -1
118 4 561 445 146 359 -1 -1 -1 -1
118 5 1241 445 36 92 -1 -1 -1 -1
118 6 781 443 95 235 -1 -1 -1 -1
118 7 762 454 96 236 -1 -1 -1 -1
118 8 522 439 123 302 -1 -1 -1 -1
118 9 1081 443 59 145 -1 -1 -1 -1
118 10 1005 449 31 79 -1 -1 -1 -1
118 11 1157 438 35 85 -1 -1 -1 -1
118 12 922 436 54 137 -1 -1 -1 -1
119 1 661 439 124 307 -1 -1 -1 -1
119 4 563 447 144 360 -1 -1 -1 -1
119 5 1238 442 36 95 -1 -1 -1 -1
119 6 784 444 96 237 -1 -1 -1 -1
119 7 762 455 95 235 -1 -1 -1 -1
119 8 526 439 123 300 -1 -1 -1 -1
119 9 1082 444 58 144 -1 -1 -1 -1
119 10 1006 450 31 77 -1 -1 -1 -1
119 11 1157 437 35 86 -1 -1 -1 -1
119 12 924 436 52 135 -1 -1 -1 -1
120 1 662 440 123 307 -1 -1 -1 -1
120 4 563 447 146 363 -1 -1 -1 -1
120 5 1237 444 37 96 -1 -1 -1 -1
120 6 788 441 95 238 -1 -1 -1 -1
120 7 763 454 97 236 -1 -1 -1 -1
120 8 532 442 122 298 -1 -1 -1 -1
120 9 1080 442 58 145 -1 -1 -1 -1
120 10 1007 451 30 76 -1 -1 -1 -1
121 1 660 440 125 311 -1 -1 -1 -1
121 4 565 448 147 363 -1 -1 -1 -1
121 5 1236 442 37 98 -1 -1 -1 -1
121 6 797 444 92 232 -1 -1 -1 -1
121 7 766 456 95 234 -1 -1 -1 -1
121 8 538 444 121 305 -1 -1 -1 -1
121 9 1083 447 57 141 -1 -1 -1 -1
121 10 1007 451 30 75 -1 -1 -1 -1
121 11 1157 437 35 86 -1 -1 -1 -1
122 1 661 439 125 311 -1 -1 -1 -1
122 4 566 447 148 365 -1 -1 -1 -1
122 5 1235 446 37 94 -1 -1 -1 -1
122 6 800 443 90 232 -1 -1 -1 -1
122 7 769 457 95 233 -1 -1 -1 -1
122 8 536 444 122 305 -1 -1 -1 -1
122 10 1007 451 30 76 -1 -1 -1 -1
123 1 662 439 125 311 -1 -1 -1 -1
123 4 568 449 148 363 -1 -1 -1 -1
123 5 1235 447 36 94 -1 -1 -1 -1
123 6 802 446 90 225 -1 -1 -1 -1
123 7 772 458 94 233 -1 -1 -1 -1
123 9 1082 455 52 132 -1 -1 -1 -1
123 10 1007 451 31 76 -1 -1 -1 -1
123 51 535 449 93 226 -1 -1 -1 -1
124 1 662 439 126 313 -1 -1 -1 -1
124 4 571 450 147 361 -1 -1 -1 -1
124 5 1234 450 36 92 -1 -1 -1 -1
124 6 802 445 91 224 -1 -1 -1 -1
124 7 773 459 94 233 -1 -1 -1 -1
124 9 1083 458 51 129 -1 -1 -1 -1
124 10 1007 450 31 78 -1 -1 -1 -1
124 45 946 436 37 92 -1 -1 -1 -1
124 51 531 447 91 226 -1 -1 -1 -1
125 1 662 440 126 312 -1 -1 -1 -1
125 4 572 447 148 362 -1 -1 -1 -1
125 5 1232 449 38 95 -1 -1 -1 -1
125 6 807 445 89 218 -1 -1 -1 -1
125 7 776 461 93 230 -1 -1 -1 -1
125 9 1082 461 52 127 -1 -1 -1 -1
125 10 1007 450 30 79 -1 -1 -1 -1
125 45 943 435 38 95 -1 -1 -1 -1
125 51 530 453 89 221 -1 -1 -1 -1
126 1 663 439 125 312 -1 -1 -1 -1
126 4 574 448 149 364 -1 -1 -1 -1
126 5 1230 450 38 95 -1 -1 -1 -1
126 6 809 443 89 221 -1 -1 -1 -1
126 7 777 461 93 231 -1 -1 -1 -1
126 10 1006 451 31 78 -1 -1 -1 -1
126 45 943 436 37 92 -1 -1 -1 -1
126 51 537 459 89 215 -1 -1 -1 -1
127 1 662 439 126 313 -1 -1 -1 -1
127 4 574 447 150 366 -1 -1 -1 -1
127 5 1230 450 38 96 -1 -1 -1 -1
127 6 810 443 90 222 -1 -1 -1 -1
127 7 777 460 96 236 -1 -1 -1 -1
127 9 1083 461 51 128 -1 -1 -1 -1
127 10 1005 450 32 78 -1 -1 -1 -1
127 11 1157 436 35 88 -1 -1 -1 -1
127 19 915 449 51 133 -1 -1 -1 -1
127 45 944 436 37 94 -1 -1 -1 -1
128 1 662 438 127 315 -1 -1 -1 -1
128 4 576 445 151 370 -1 -1 -1 -1
128 6 810 445 91 221 -1 -1 -1 -1
128 7 778 458 98 240 -1 -1 -1 -1
128 8 546 450 123 307 -1 -1 -1 -1
128 9 1083 462 51 127 -1 -1 -1 -1
128 10 1006 448 30 78 -1 -1 -1 -1
128 11 1157 436 35 88 -1 -1 -1 -1
128 45 945 435 38 95 -1 -1 -1 -1
128 51 551 453 96 227 -1 -1 -1 -1
128 53 489 462 41 102 -1 -1 -1 -1
129 1 664 437 128 316 -1 -1 -1 -1
129 4 578 444 151 372 -1 -1 -1 -1
129 6 816 445 88 219 -1 -1 -1 -1
129 7 780 458 99 241 -1 -1 -1 -1
129 8 548 447 119 300 -1 -1 -1 -1
129 11 1157 436 36 88 -1 -1 -1 -1
129 45 946 437 38 93 -1 -1 -1 -1
129 51 552 452 98 231 -1 -1 -1 -1
129 53 490 461 40 102 -1 -1 -1 -1
130 1 664 435 130 319 -1 -1 -1 -1
130 4 579 444 151 374 -1 -1 -1 -1
130 5 1222 453 38 96 -1 -1 -1 -1
130 6 815 445 88 217 -1 -1 -1 -1
130 7 781 459 98 239 -1 -1 -1 -1
130 11 1157 436 35 88 -1 -1 -1 -1
130 45 946 438 40 95 -1 -1 -1 -1
130 51 555 452 95 230 -1 -1 -1 -1
131 1 666 436 129 319 -1 -1 -1 -1
131 4 578 444 153 376 -1 -1 -1 -1
131 7 784 454 102 248 -1 -1 -1 -1
131 8 550 449 124 313 -1 -1 -1 -1
131 10 1007 448 31 78 -1 -1 -1 -1
131 44 980 445 33 84 -1 -1 -1 -1
131 45 948 438 40 95 -1 -1 -1 -1
132 1 668 437 129 318 -1 -1 -1 -1
132 4 581 444 153 378 -1 -1 -1 -1
132 6 817 441 91 229 -1 -1 -1 -1
132 7 786 453 104 250 -1 -1 -1 -1
132 8 549 448 127 318 -1 -1 -1 -1
132 10 1008 449 30 77 -1 -1 -1 -1
132 44 979 445 32 79 -1 -1 -1 -1
132 45 950 439 38 90 -1 -1 -1 -1
132 51 554 449 104 245 -1 -1 -1 -1
133 1 669 438 128 318 -1 -1 -1 -1
133 4 580 445 155 377 -1 -1 -1 -1
133 5 1218 454 39 96 -1 -1 -1 -1
133 6 820 439 91 231 -1 -1 -1 -1
133 7 788 452 103 252 -1 -1 -1 -1
133 8 548 448 129 322 -1 -1 -1 -1
133 9 1086 455 54 133 -1 -1 -1 -1
133 10 1008 448 30 77 -1 -1 -1 -1
133 44 979 445 31 78 -1 -1 -1 -1
133 45 951 438 38 92 -1 -1 -1 -1
133 51 552 451 110 246 -1 -1 -1 -1
133 53 487 458 44 111 -1 -1 -1 -1
134 1 669 436 131 321 -1 -1 -1 -1
134 4 581 445 154 378 -1 -1 -1 -1
134 5 1217 449 40 101 -1 -1 -1 -1
134 7 790 452 102 250 -1 -1 -1 -1
134 8 547 446 134 329 -1 -1 -1 -1
134 9 1086 454 54 134 -1 -1 -1 -1
134 10 1005 444 33 81 -1 -1 -1 -1
134 11 1157 438 35 86 -1 -1 -1 -1
134 45 951 438 38 91 -1 -1 -1 -1
134 53 488 458 43 109 -1 -1 -1 -1
135 1 671 437 129 317 -1 -1 -1 -1
135 4 581 443 154 383 -1 -1 -1 -1
135 5 1215 444 42 105 -1 -1 -1 -1
135 6 828 440 89 220 -1 -1 -1 -1
135 7 791 456 97 241 -1 -1 -1 -1
135 8 547 445 134 331 -1 -1 -1 -1
135 9 1085 453 53 135 -1 -1 -1 -1
135 10 1006 444 31 80 -1 -1 -1 -1
135 11 1157 437 35 88 -1 -1 -1 -1
135 45 951 436 38 91 -1 -1 -1 -1
135 53 487 458 43 109 -1 -1 -1 -1
136 1 674 437 127 315 -1 -1 -1 -1
136 4 579 443 157 384 -1 -1 -1 -1
136 5 1214 444 43 105 -1 -1 -1 -1
136 6 831 438 92 221 -1 -1 -1 -1
136 7 794 453 99 246 -1 -1 -1 -1
136 8 549 444 133 327 -1 -1 -1 -1
136 11 1157 437 35 89 -1 -1 -1 -1
136 45 951 436 38 90 -1 -1 -1 -1
136 53 487 460 43 108 -1 -1 -1 -1
137 1 677 437 126 314 -1 -1 -1 -1
137 4 579 443 157 388 -1 -1 -1 -1
137 5 1214 445 42 104 -1 -1 -1 -1
137 6 835 442 92 219 -1 -1 -1 -1
137 7 797 453 98 245 -1 -1 -1 -1
137 8 549 444 134 330 -1 -1 -1 -1
137 10 1006 446 30 79 -1 -1 -1 -1
137 11 1157 438 35 87 -1 -1 -1 -1
137 45 951 436 38 90 -1 -1 -1 -1
137 53 487 462 42 105 -1 -1 -1 -1
138 1 679 437 128 316 -1 -1 -1 -1
138 4 578 445 157 388 -1 -1 -1 -1
138 5 1214 447 39 102 -1 -1 -1 -1
138 6 837 446 90 218 -1 -1 -1 -1
138 7 799 453 100 247 -1 -1 -1 -1
138 8 551 444 132 327 -1 -1 -1 -1
138 10 1005 445 32 80 -1 -1 -1 -1
138 11 1157 439 35 85 -1 -1 -1 -1
138 45 951 437 39 94 -1 -1 -1 -1
138 53 488 462 39 102 -1 -1 -1 -1
139 1 681 434 128 317 -1 -1 -1 -1
139 4 577 443 159 389 -1 -1 -1 -1
139 5 1213 444 41 105 -1 -1 -1 -1
139 6 847 443 85 218 -1 -1 -1 -1
139 7 800 450 102 250 -1 -1 -1 -1
139 8 548 443 136 334 -1 -1 -1 -1
139 10 1005 442 32 83 -1 -1 -1 -1
139 11 1157 439 34 85 -1 -1 -1 -1
139 45 951 437 39 94 -1 -1 -1 -1
140 1 682 435 128 317 -1 -1 -1 -1
140 4 575 443 159 392 -1 -1 -1 -1
140 5 1213 445 40 105 -1 -1 -1 -1
140 6 847 440 91 227 -1 -1 -1 -1
140 7 803 454 100 248 -1 -1 -1 -1
140 8 549 443 133 329 -1 -1 -1 -1
140 10 1006 446 30 79 -1 -1 -1 -1
140 45 951 437 40 97 -1 -1 -1 -1
141 1 684 436 129 315 -1 -1 -1 -1
141 4 575 445 158 391 -1 -1 -1 -1
141 5 1212 446 40 104 -1 -1 -1 -1
141 7 804 452 103 251 -1 -1 -1 -1
141 8 554 445 132 321 -1 -1 -1 -1
141 10 1006 448 30 77 -1 -1 -1 -1
141 45 953 439 37 91 -1 -1 -1 -1
142 1 686 437 129 315 -1 -1 -1 -1
142 4 573 444 160 393 -1 -1 -1 -1
142 5 1209 445 40 104 -1 -1 -1 -1
142 6 853 443 90 221 -1 -1 -1 -1
142 7 807 453 103 252 -1 -1 -1 -1
142 8 557 446 131 315 -1 -1 -1 -1
142 10 1006 448 31 78 -1 -1 -1 -1
142 45 954 439 36 91 -1 -1 -1 -1
143 1 688 439 128 313 -1 -1 -1 -1
143 4 570 444 165 400 -1 -1 -1 -1
143 5 1206 446 41 104 -1 -1 -1 -1
143 6 859 441 89 222 -1 -1 -1 -1
143 7 809 450 106 259 -1 -1 -1 -1
143 10 1006 449 30 76 -1 -1 -1 -1
143 11 1157 439 34 85 -1 -1 -1 -1
143 45 954 439 36 89 -1 -1 -1 -1
144 1 690 440 127 312 -1 -1 -1 -1
144 4 573 446 159 394 -1 -1 -1 -1
144 5 1205 446 41 104 -1 -1 -1 -1
144 6 862 443 92 225 -1 -1 -1 -1
144 7 811 455 102 253 -1 -1 -1 -1
144 10 1005 448 30 78 -1 -1 -1 -1
144 11 1157 438 33 86 -1 -1 -1 -1
144 44 1116 445 38 91 -1 -1 -1 -1
144 45 955 439 35 88 -1 -1 -1 -1
145 1 690 440 128 313 -1 -1 -1 -1
145 4 567 446 164 403 -1 -1 -1 -1
145 5 1203 442 43 109 -1 -1 -1 -1
145 6 865 442 93 227 -1 -1 -1 -1
145 7 811 454 103 255 -1 -1 -1 -1
145 10 1005 448 30 78 -1 -1 -1 -1
145 11 1157 438 33 86 -1 -1 -1 -1
145 44 1120 445 38 92 -1 -1 -1 -1
145 45 956 439 34 87 -1 -1 -1 -1
146 1 693 439 129 315 -1 -1 -1 -1
146 4 568 445 163 403 -1 -1 -1 -1
146 5 1204 444 40 105 -1 -1 -1 -1
146 6 869 438 93 231 -1 -1 -1 -1
146 7 814 453 103 254 -1 -1 -1 -1
146 10 1006 448 30 78 -1 -1 -1 -1
146 11 1158 438 35 87 -1 -1 -1 -1
146 12 796 449 41 103 -1 -1 -1 -1
146 44 1122 445 37 93 -1 -1 -1 -1
146 45 957 440 34 88 -1 -1 -1 -1
147 1 695 445 128 309 -1 -1 -1 -1
147 4 567 447 163 403 -1 -1 -1 -1
147 5 1202 443 41 106 -1 -1 -1 -1
147 6 870 438 94 230 -1 -1 -1 -1
147 7 816 453 102 253 -1 -1 -1 -1
147 10 1005 448 30 78 -1 -1 -1 -1
147 11 1158 437 33 88 -1 -1 -1 -1
147 12 794 450 42 103 -1 -1 -1 -1
147 44 1123 443 39 96 -1 -1 -1 -1
147 45 956 440 37 93 -1 -1 -1 -1
148 1 695 439 129 315 -1 -1 -1 -1
148 4 564 445 164 404 -1 -1 -1 -1
148 5 1202 443 41 106 -1 -1 -1 -1
148 6 874 441 92 228 -1 -1 -1 -1
148 7 817 455 101 253 -1 -1 -1 -1
148 9 1084 458 49 126 -1 -1 -1 -1
148 12 796 451 39 99 -1 -1 -1 -1
148 44 1124 446 38 93 -1 -1 -1 -1
149 1 697 438 129 316 -1 -1 -1 -1
149 4 547 442 174 426 -1 -1 -1 -1
149 5 1198 445 40 99 -1 -1 -1 -1
149 6 877 443 92 226 -1 -1 -1 -1
149 7 818 455 103 254 -1 -1 -1 -1
149 9 1083 457 52 128 -1 -1 -1 -1
149 10 1005 449 30 76 -1 -1 -1 -1
149 12 797 452 38 97 -1 -1 -1 -1
149 44 1126 451 36 88 -1 -1 -1 -1
149 45 956 440 36 89 -1 -1 -1 -1
149 53 497 460 37 97 -1 -1 -1 -1
150 1 701 438 130 321 -1 -1 -1 -1
150 4 550 443 172 422 -1 -1 -1 -1
150 5 1196 443 41 101 -1 -1 -1 -1
150 6 879 441 93 227 -1 -1 -1 -1
150 7 818 454 105 260 -1 -1 -1 -1
150 8 608 454 128 325 -1 -1 -1 -1
150 9 1081 457 51 129 -1 -1 -1 -1
150 10 1005 451 29 74 -1 -1 -1 -1
150 19 470 459 43 109 -1 -1 -1 -1
150 44 1127 454 34 84 -1 -1 -1 -1
150 45 957 441 34 84 -1 -1 -1 -1
150 53 496 459 38 98 -1 -1 -1 -1
151 1 705 437 129 320 -1 -1 -1 -1
151 4 545 443 174 426 -1 -1 -1 -1
151 5 1195 443 40 101 -1 -1 -1 -1
151 6 880 442 93 226 -1 -1 -1 -1
151 7 819 455 105 260 -1 -1 -1 -1
151 8 610 455 127 325 -1 -1 -1 -1
151 9 1080 458 53 131 -1 -1 -1 -1
151 19 466 460 43 108 -1 -1 -1 -1
151 44 1128 457 33 82 -1 -1 -1 -1
151 53 494 458 40 101 -1 -1 -1 -1
152 1 707 438 130 320 -1 -1 -1 -1
152 4 544 439 178 431 -1 -1 -1 -1
152 5 1194 442 40 102 -1 -1 -1 -1
152 6 879 439 95 230 -1 -1 -1 -1
152 7 820 453 106 265 -1 -1 -1 -1
152 8 612 452 136 326 -1 -1 -1 -1
152 10 1006 451 28 72 -1 -1 -1 -1
152 19 463 458 43 111 -1 -1 -1 -1
152 44 1128 455 33 83 -1 -1 -1 -1
152 53 494 457 41 101 -1 -1 -1 -1
153 1 708 436 132 322 -1 -1 -1 -1
153 4 545 436 179 433 -1 -1 -1 -1
153 5 1195 446 39 97 -1 -1 -1 -1
153 6 883 440 93 230 -1 -1 -1 -1
153 7 821 453 107 266 -1 -1 -1 -1
153 8 613 453 134 323 -1 -1 -1 -1
153 9 1083 453 52 133 -1 -1 -1 -1
153 44 1129 458 32 80 -1 -1 -1 -1
153 53 495 456 40 102 -1 -1 -1 -1
154 1 711 436 131 323 -1 -1 -1 -1
154 4 547 436 175 430 -1 -1 -1 -1
154 5 1194 446 39 97 -1 -1 -1 -1
154 6 885 440 93 230 -1 -1 -1 -1
154 7 821 450 109 271 -1 -1 -1 -1
154 8 615 450 136 325 -1 -1 -1 -1
154 19 462 452 46 118 -1 -1 -1 -1
154 44 1129 455 33 82 -1 -1 -1 -1
154 53 495 455 41 101 -1 -1 -1 -1
155 1 713 435 134 327 -1 -1 -1 -1
155 4 544 436 175 429 -1 -1 -1 -1
155 5 1193 447 39 97 -1 -1 -1 -1
155 6 885 440 93 232 -1 -1 -1 -1
155 7 821 451 111 272 -1 -1 -1 -1
155 8 617 447 136 329 -1 -1 -1 -1
155 10 1006 453 28 72 -1 -1 -1 -1
155 44 1130 455 33 82 -1 -1 -1 -1
156 1 715 436 131 323 -1 -1 -1 -1
156 4 545 435 176 430 -1 -1 -1 -1
156 5 1191 446 39 98 -1 -1 -1 -1
156 6 886 439 94 233 -1 -1 -1 -1
156 7 823 450 109 272 -1 -1 -1 -1
156 8 621 442 135 332 -1 -1 -1 -1
156 19 459 447 49 125 -1 -1 -1 -1
156 44 1130 454 34 85 -1 -1 -1 -1
157 1 718 435 131 324 -1 -1 -1 -1
157 4 548 436 175 425 -1 -1 -1 -1
157 5 1191 452 36 92 -1 -1 -1 -1
157 6 889 438 95 235 -1 -1 -1 -1
157 7 824 452 109 272 -1 -1 -1 -1
157 8 624 449 133 328 -1 -1 -1 -1
157 19 458 444 50 128 -1 -1 -1 -1
157 44 1131 455 34 83 -1 -1 -1 -1
158 1 721 436 130 322 -1 -1 -1 -1
158 4 549 435 176 426 -1 -1 -1 -1
158 5 1190 450 34 92 -1 -1 -1 -1
158 6 893 441 93 231 -1 -1 -1 -1
158 7 827 449 111 276 -1 -1 -1 -1
158 8 627 451 132 327 -1 -1 -1 -1
158 44 1130 450 35 88 -1 -1 -1 -1
159 1 723 435 132 327 -1 -1 -1 -1
159 4 550 436 175 427 -1 -1 -1 -1
159 5 1187 448 37 94 -1 -1 -1 -1
159 6 898 441 93 232 -1 -1 -1 -1
159 7 829 449 112 276 -1 -1 -1 -1
159 8 628 452 132 326 -1 -1 -1 -1
159 44 1131 446 36 91 -1 -1 -1 -1
160 1 725 435 131 327 -1 -1 -1 -1
160 4 550 437 176 428 -1 -1 -1 -1
160 5 1187 447 37 94 -1 -1 -1 -1
160 6 900 441 93 232 -1 -1 -1 -1
160 7 830 450 112 276 -1 -1 -1 -1
160 8 629 452 132 328 -1 -1 -1 -1
160 11 1151 440 36 93 -1 -1 -1 -1
160 44 1132 445 38 95 -1 -1 -1 -1
161 1 726 436 132 325 -1 -1 -1 -1
161 4 547 437 179 433 -1 -1 -1 -1
161 5 1186 448 37 92 -1 -1 -1 -1
161 6 903 442 94 231 -1 -1 -1 -1
161 7 834 453 110 271 -1 -1 -1 -1
161 8 630 451 134 332 -1 -1 -1 -1
161 11 1149 439 37 96 -1 -1 -1 -1
161 44 1133 442 39 100 -1 -1 -1 -1
161 53 464 457 44 114 -1 -1 -1 -1
162 1 729 435 133 328 -1 -1 -1 -1
162 4 547 436 178 436 -1 -1 -1 -1
162 5 1185 449 36 92 -1 -1 -1 -1
162 6 907 444 95 232 -1 -1 -1 -1
162 7 835 451 112 273 -1 -1 -1 -1
162 8 631 450 136 339 -1 -1 -1 -1
162 44 1135 439 39 101 -1 -1 -1 -1
162 45 1145 438 38 99 -1 -1 -1 -1
163 1 732 434 136 332 -1 -1 -1 -1
163 4 545 437 181 441 -1 -1 -1 -1
163 5 1185 446 37 95 -1 -1 -1 -1
163 6 909 444 95 234 -1 -1 -1 -1
163 7 836 451 111 274 -1 -1 -1 -1
163 8 631 449 139 344 -1 -1 -1 -1
163 9 1296 429 46 113 -1 -1 -1 -1
163 11 1147 437 39 100 -1 -1 -1 -1
163 44 1137 436 40 104 -1 -1 -1 -1
164 1 735 437 135 329 -1 -1 -1 -1
164 4 546 434 182 446 -1 -1 -1 -1
164 5 1183 443 38 98 -1 -1 -1 -1
164 6 910 444 97 239 -1 -1 -1 -1
164 7 840 451 110 274 -1 -1 -1 -1
164 8 634 452 140 347 -1 -1 -1 -1
164 9 1302 427 46 115 -1 -1 -1 -1
164 10 1000 443 33 82 -1 -1 -1 -1
164 11 1146 438 40 101 -1 -1 -1 -1
164 44 1139 436 41 104 -1 -1 -1 -1
165 1 736 436 137 333 -1 -1 -1 -1
165 4 549 437 182 444 -1 -1 -1 -1
165 5 1183 446 37 95 -1 -1 -1 -1
165 6 911 441 100 246 -1 -1 -1 -1
165 7 845 452 110 273 -1 -1 -1 -1
165 8 636 447 143 350 -1 -1 -1 -1
165 9 1304 427 46 115 -1 -1 -1 -1
165 10 999 444 34 82 -1 -1 -1 -1
165 44 1141 437 41 103 -1 -1 -1 -1
166 1 742 436 134 332 -1 -1 -1 -1
166 4 553 437 182 446 -1 -1 -1 -1
166 5 1181 446 37 96 -1 -1 -1 -1
166 6 917 442 98 241 -1 -1 -1 -1
166 7 847 450 112 275 -1 -1 -1 -1
166 8 642 454 138 337 -1 -1 -1 -1
166 9 1304 427 47 115 -1 -1 -1 -1
166 10 1000 444 32 82 -1 -1 -1 -1
166 44 1143 439 40 102 -1 -1 -1 -1
167 1 744 437 134 333 -1 -1 -1 -1
167 4 556 434 179 448 -1 -1 -1 -1
167 5 1179 450 36 94 -1 -1 -1 -1
167 6 922 441 97 241 -1 -1 -1 -1
167 7 851 453 109 273 -1 -1 -1 -1
167 8 643 453 140 341 -1 -1 -1 -1
167 9 1304 427 47 116 -1 -1 -1 -1
167 10 1000 444 33 82 -1 -1 -1 -1
167 44 1142 441 40 100 -1 -1 -1 -1
167 59 1080 444 57 141 -1 -1 -1 -1
168 1 744 438 137 337 -1 -1 -1 -1
168 4 558 437 180 439 -1 -1 -1 -1
168 6 925 442 98 240 -1 -1 -1 -1
168 7 852 452 110 273 -1 -1 -1 -1
168 8 645 451 138 341 -1 -1 -1 -1
168 44 1144 442 40 100 -1 -1 -1 -1
168 45 1181 445 37 96 -1 -1 -1 -1
168 59 1079 446 57 141 -1 -1 -1 -1
169 1 745 438 138 340 -1 -1 -1 -1
169 4 560 436 180 440 -1 -1 -1 -1
169 5 1172 444 39 98 -1 -1 -1 -1
169 6 929 441 97 238 -1 -1 -1 -1
169 7 852 451 112 275 -1 -1 -1 -1
169 8 645 451 138 339 -1 -1 -1 -1
169 9 1303 426 47 117 -1 -1 -1 -1
169 44 1144 440 39 100 -1 -1 -1 -1
169 53 463 454 45 115 -1 -1 -1 -1
169 59 1082 446 55 139 -1 -1 -1 -1
170 1 750 437 134 336 -1 -1 -1 -1
170 4 564 443 177 431 -1 -1 -1 -1
170 5 1177 441 38 99 -1 -1 -1 -1
170 6 931 439 98 240 -1 -1 -1 -1
170 7 856 451 112 275 -1 -1 -1 -1
170 8 644 450 141 346 -1 -1 -1 -1
170 44 1149 440 40 100 -1 -1 -1 -1
170 53 462 454 47 117 -1 -1 -1 -1
170 59 1080 444 58 142 -1 -1 -1 -1
171 1 751 437 136 338 -1 -1 -1 -1
171 4 566 440 178 437 -1 -1 -1 -1
171 5 1179 443 36 97 -1 -1 -1 -1
171 6 931 434 102 248 -1 -1 -1 -1
171 7 860 451 111 275 -1 -1 -1 -1
171 8 645 450 141 345 -1 -1 -1 -1
171 9 1302 423 49 122 -1 -1 -1 -1
171 44 1149 439 42 101 -1 -1 -1 -1
171 59 1080 443 58 143 -1 -1 -1 -1
172 1 753 437 134 333 -1 -1 -1 -1
172 4 568 439 179 442 -1 -1 -1 -1
172 6 935 435 101 248 -1 -1 -1 -1
172 7 864 451 110 276 -1 -1 -1 -1
172 8 646 449 141 346 -1 -1 -1 -1
172 9 1301 425 48 119 -1 -1 -1 -1
172 12 510 452 41 102 -1 -1 -1 -1
172 44 1148 439 42 101 -1 -1 -1 -1
172 53 461 453 47 119 -1 -1 -1 -1
172 59 1080 442 57 143 -1 -1 -1 -1
173 1 753 437 135 333 -1 -1 -1 -1
173 4 572 437 179 444 -1 -1 -1 -1
173 5 1181 447 35 94 -1 -1 -1 -1
173 6 939 436 99 245 -1 -1 -1 -1
173 7 867 452 111 276 -1 -1 -1 -1
173 8 644 451 140 344 -1 -1 -1 -1
173 9 1301 426 47 117 -1 -1 -1 -1
173 12 508 454 40 101 -1 -1 -1 -1
173 44 1148 438 42 103 -1 -1 -1 -1
173 45 1161 438 41 102 -1 -1 -1 -1
173 53 461 460 45 112 -1 -1 -1 -1
173 59 1084 445 52 131 -1 -1 -1 -1
174 1 754 441 134 327 -1 -1 -1 -1
174 4 573 437 183 451 -1 -1 -1 -1
174 5 1182 449 35 93 -1 -1 -1 -1
174 6 944 437 97 243 -1 -1 -1 -1
174 7 872 451 112 275 -1 -1 -1 -1
174 8 640 446 143 353 -1 -1 -1 -1
174 9 1301 425 47 118 -1 -1 -1 -1
174 12 509 454 40 101 -1 -1 -1 -1
174 44 1148 441 41 100 -1 -1 -1 -1
174 45 1160 440 41 100 -1 -1 -1 -1
174 53 461 462 45 111 -1 -1 -1 -1
175 1 755 439 134 329 -1 -1 -1 -1
175 4 579 433 183 453 -1 -1 -1 -1
175 6 947 435 99 247 -1 -1 -1 -1
175 7 875 450 113 280 -1 -1 -1 -1
175 8 637 441 145 354 -1 -1 -1 -1
175 9 1300 424 48 121 -1 -1 -1 -1
175 12 510 454 40 101 -1 -1 -1 -1
175 44 1152 439 42 103 -1 -1 -1 -1
175 53 461 458 46 115 -1 -1 -1 -1
175 59 1082 448 56 138 -1 -1 -1 -1
175 62 539 452 114 270 -1 -1 -1 -1
176 1 756 442 135 328 -1 -1 -1 -1
176 4 580 438 182 450 -1 -1 -1 -1
176 6 948 438 99 246 -1 -1 -1 -1
176 7 878 448 114 282 -1 -1 -1 -1
176 8 638 448 141 348 -1 -1 -1 -1
176 12 509 455 41 100 -1 -1 -1 -1
176 44 1154 440 42 103 -1 -1 -1 -1
176 53 461 460 45 113 -1 -1 -1 -1
176 59 1082 448 56 139 -1 -1 -1 -1
176 62 542 449 115 278 -1 -1 -1 -1
177 1 758 443 134 327 -1 -1 -1 -1
177 4 581 440 181 448 -1 -1 -1 -1
177 6 951 437 100 248 -1 -1 -1 -1
177 7 878 451 115 280 -1 -1 -1 -1
177 8 636 450 144 347 -1 -1 -1 -1
177 9 1300 425 48 118 -1 -1 -1 -1
177 12 509 457 40 98 -1 -1 -1 -1
177 44 1156 436 44 107 -1 -1 -1 -1
177 53 462 461 44 112 -1 -1 -1 -1
177 62 540 447 115 281 -1 -1 -1 -1
178 1 758 444 135 328 -1 -1 -1 -1
178 4 586 442 181 449 -1 -1 -1 -1
178 6 955 435 101 249 -1 -1 -1 -1
178 7 884 448 113 281 -1 -1 -1 -1
178 8 639 451 142 347 -1 -1 -1 -1
178 9 1300 425 47 118 -1 -1 -1 -1
178 10 873 448 42 104 -1 -1 -1 -1
178 12 508 453 42 103 -1 -1 -1 -1
178 44 1157 435 44 108 -1 -1 -1 -1
178 53 460 456 46 117 -1 -1 -1 -1
178 62 540 443 114 283 -1 -1 -1 -1
179 1 758 444 135 327 -1 -1 -1 -1
179 4 588 442 185 453 -1 -1 -1 -1
179 6 959 438 100 245 -1 -1 -1 -1
179 7 883 449 115 282 -1 -1 -1 -1
179 9 1298 425 48 120 -1 -1 -1 -1
179 10 869 448 45 108 -1 -1 -1 -1
179 12 508 451 42 105 -1 -1 -1 -1
179 44 1158 439 42 103 -1 -1 -1 -1
179 53 459 456 46 116 -1 -1 -1 -1
179 62 540 442 113 279 -1 -1 -1 -1
180 1 761 442 134 331 -1 -1 -1 -1
180 4 591 439 184 456 -1 -1 -1 -1
180 6 960 437 101 248 -1 -1 -1 -1
180 7 886 450 115 282 -1 -1 -1 -1
180 9 1298 426 48 121 -1 -1 -1 -1
180 12 507 448 44 108 -1 -1 -1 -1
180 44 1155 439 42 104 -1 -1 -1 -1
180 53 458 451 48 120 -1 -1 -1 -1
180 59 1083 449 56 139 -1 -1 -1 -1
180 62 541 441 114 282 -1 -1 -1 -1
181 1 760 440 137 338 -1 -1 -1 -1
181 4 592 433 187 461 -1 -1 -1 -1
181 5 1154 437 43 105 -1 -1 -1 -1
181 6 963 435 103 254 -1 -1 -1 -1
181 7 888 448 117 284 -1 -1 -1 -1
181 9 1298 426 48 119 -1 -1 -1 -1
181 12 507 447 44 109 -1 -1 -1 -1
181 45 1047 450 53 134 -1 -1 -1 -1
181 53 459 452 48 120 -1 -1 -1 -1
181 59 1082 446 57 142 -1 -1 -1 -1
181 62 545 439 106 263 -1 -1 -1 -1
182 1 760 439 139 343 -1 -1 -1 -1
182 4 597 436 187 459 -1 -1 -1 -1
182 5 1154 438 42 103 -1 -1 -1 -1
182 6 965 438 103 252 -1 -1 -1 -1
182 7 893 450 115 284 -1 -1 -1 -1
182 12 507 447 44 109 -1 -1 -1 -1
182 53 459 454 48 118 -1 -1 -1 -1
182 59 1080 443 58 146 -1 -1 -1 -1
183 1 764 439 140 347 -1 -1 -1 -1
183 4 599 436 188 459 -1 -1 -1 -1
183 5 1154 438 42 103 -1 -1 -1 -1
183 6 970 439 102 253 -1 -1 -1 -1
183 7 898 445 118 292 -1 -1 -1 -1
183 9 1298 426 48 119 -1 -1 -1 -1
183 12 507 448 45 109 -1 -1 -1 -1
183 53 459 452 48 121 -1 -1 -1 -1
183 59 1080 443 57 145 -1 -1 -1 -1
184 1 765 437 143 350 -1 -1 -1 -1
184 4 603 431 188 464 -1 -1 -1 -1
184 5 1154 438 42 104 -1 -1 -1 -1
184 6 974 437 104 260 -1 -1 -1 -1
184 7 901 444 120 293 -1 -1 -1 -1
184 9 1298 427 47 117 -1 -1 -1 -1
184 12 507 448 45 110 -1 -1 -1 -1
184 53 459 452 48 121 -1 -1 -1 -1
184 59 1080 440 58 148 -1 -1 -1 -1
185 1 766 436 144 354 -1 -1 -1 -1
185 4 602 433 193 466 -1 -1 -1 -1
185 5 1153 436 43 106 -1 -1 -1 -1
185 6 980 432 108 268 -1 -1 -1 -1
185 7 904 444 122 299 -1 -1 -1 -1
185 9 1297 426 48 119 -1 -1 -1 -1
185 10 867 447 51 127 -1 -1 -1 -1
185 12 507 447 45 112 -1 -1 -1 -1
185 53 459 450 49 123 -1 -1 -1 -1
185 59 1080 437 58 149 -1 -1 -1 -1
185 64 565 457 60 149 -1 -1 -1 -1
186 1 768 436 146 357 -1 -1 -1 -1
186 4 605 432 194 472 -1 -1 -1 -1
186 5 1154 437 43 105 -1 -1 -1 -1
186 6 983 430 109 270 -1 -1 -1 -1
186 7 907 446 123 303 -1 -1 -1 -1
186 9 1297 426 47 118 -1 -1 -1 -1
186 12 506 445 46 114 -1 -1 -1 -1
186 53 459 455 47 117 -1 -1 -1 -1
186 59 1081 438 56 145 -1 -1 -1 -1
186 64 566 458 60 149 -1 -1 -1 -1
187 1 766 435 147 360 -1 -1 -1 -1
187 4 609 431 195 474 -1 -1 -1 -1
187 5 1156 440 41 102 -1 -1 -1 -1
187 6 988 436 107 262 -1 -1 -1 -1
187 7 911 447 123 300 -1 -1 -1 -1
187 9 1297 426 47 117 -1 -1 -1 -1
187 12 507 443 45 115 -1 -1 -1 -1
187 53 460 457 46 115 -1 -1 -1 -1
187 59 1082 436 55 141 -1 -1 -1 -1
187 64 566 453 62 155 -1 -1 -1 -1
188 1 770 433 150 363 -1 -1 -1 -1
188 4 615 432 195 478 -1 -1 -1 -1
188 6 990 433 108 269 -1 -1 -1 -1
188 7 916 447 119 293 -1 -1 -1 -1
188 8 670 436 152 369 -1 -1 -1 -1
188 9 1297 426 48 119 -1 -1 -1 -1
188 12 507 446 45 113 -1 -1 -1 -1
188 44 1157 438 42 105 -1 -1 -1 -1
188 53 459 458 46 115 -1 -1 -1 -1
188 59 1082 434 57 147 -1 -1 -1 -1
188 64 564 449 65 158 -1 -1 -1 -1
189 1 774 435 146 360 -1 -1 -1 -1
189 4 620 434 196 481 -1 -1 -1 -1
189 6 989 431 109 270 -1 -1 -1 -1
189 7 920 448 121 295 -1 -1 -1 -1
189 9 1298 425 48 118 -1 -1 -1 -1
189 12 508 447 45 111 -1 -1 -1 -1
189 44 1156 436 42 107 -1 -1 -1 -1
189 45 867 446 60 151 -1 -1 -1 -1
189 53 459 456 47 117 -1 -1 -1 -1
189 59 1086 436 53 137 -1 -1 -1 -1
189 64 566 447 64 158 -1 -1 -1 -1
189 66 754 443 69 171 -1 -1 -1 -1
190 1 779 437 145 356 -1 -1 -1 -1
190 4 624 433 200 486 -1 -1 -1 -1
190 6 991 437 108 266 -1 -1 -1 -1
190 7 923 451 119 292 -1 -1 -1 -1
190 9 1298 424 49 121 -1 -1 -1 -1
190 10 871 447 50 130 -1 -1 -1 -1
190 12 509 448 44 110 -1 -1 -1 -1
190 44 1156 435 43 109 -1 -1 -1 -1
190 53 459 455 46 117 -1 -1 -1 -1
190 59 1086 437 52 128 -1 -1 -1 -1
190 64 566 449 62 156 -1 -1 -1 -1
190 66 756 445 68 168 -1 -1 -1 -1
191 1 782 437 143 351 -1 -1 -1 -1
191 4 629 435 203 488 -1 -1 -1 -1
191 5 1154 434 44 110 -1 -1 -1 -1
191 6 998 440 105 259 -1 -1 -1 -1
191 7 924 449 122 296 -1 -1 -1 -1
191 9 1298 422 49 122 -1 -1 -1 -1
191 10 908 449 48 121 -1 -1 -1 -1
191 12 509 449 44 109 -1 -1 -1 -1
191 44 1102 437 47 112 -1 -1 -1 -1
191 53 459 459 45 113 -1 -1 -1 -1
191 64 565 448 65 156 -1 -1 -1 -1
191 66 757 446 66 165 -1 -1 -1 -1
192 1 786 438 142 348 -1 -1 -1 -1
192 4 631 434 200 489 -1 -1 -1 -1
192 5 1157 438 43 105 -1 -1 -1 -1
192 6 1001 441 104 258 -1 -1 -1 -1
192 7 928 450 121 297 -1 -1 -1 -1
192 10 916 446 51 125 -1 -1 -1 -1
192 11 1091 438 45 101 -1 -1 -1 -1
192 12 509 452 43 106 -1 -1 -1 -1
192 44 1139 441 43 103 -1 -1 -1 -1
192 53 459 463 44 109 -1 -1 -1 -1
192 59 1086 438 53 135 -1 -1 -1 -1
192 64 565 449 64 159 -1 -1 -1 -1
193 1 789 437 142 350 -1 -1 -1 -1
193 4 636 435 203 497 -1 -1 -1 -1
193 5 1159 440 42 102 -1 -1 -1 -1
193 6 1003 442 103 256 -1 -1 -1 -1
193 7 933 452 120 293 -1 -1 -1 -1
193 8 685 441 151 369 -1 -1 -1 -1
193 10 924 444 45 116 -1 -1 -1 -1
193 11 1093 438 42 102 -1 -1 -1 -1
193 12 508 451 43 107 -1 -1 -1 -1
193 44 1144 443 42 101 -1 -1 -1 -1
193 53 456 451 47 119 -1 -1 -1 -1
193 59 1087 439 52 128 -1 -1 -1 -1
193 64 565 452 63 155 -1 -1 -1 -1
194 1 793 438 142 351 -1 -1 -1 -1
194 4 638 434 207 507 -1 -1 -1 -1
194 5 1165 443 40 98 -1 -1 -1 -1
194 6 1006 441 105 257 -1 -1 -1 -1
194 7 936 449 121 298 -1 -1 -1 -1
194 9 1297 424 48 120 -1 -1 -1 -1
194 11 1094 440 42 100 -1 -1 -1 -1
194 12 508 453 42 105 -1 -1 -1 -1
194 44 1144 444 41 100 -1 -1 -1 -1
194 53 456 448 47 122 -1 -1 -1 -1
194 59 1088 439 51 131 -1 -1 -1 -1
194 64 567 453 62 155 -1 -1 -1 -1
195 1 798 436 144 355 -1 -1 -1 -1
195 4 639 431 208 514 -1 -1 -1 -1
195 5 1170 444 39 97 -1 -1 -1 -1
195 6 1010 441 104 257 -1 -1 -1 -1
195 7 936 451 121 296 -1 -1 -1 -1
195 8 686 436 156 378 -1 -1 -1 -1
195 11 1095 442 41 100 -1 -1 -1 -1
195 12 508 452 44 107 -1 -1 -1 -1
195 44 1143 442 40 102 -1 -1 -1 -1
195 53 455 452 46 119 -1 -1 -1 -1
195 64 567 455 63 154 -1 -1 -1 -1
196 1 801 434 145 355 -1 -1 -1 -1
196 4 640 431 209 512 -1 -1 -1 -1
196 5 1170 445 39 97 -1 -1 -1 -1
196 6 1014 438 106 262 -1 -1 -1 -1
196 7 943 452 120 295 -1 -1 -1 -1
196 11 1096 442 41 94 -1 -1 -1 -1
196 12 507 452 44 107 -1 -1 -1 -1
196 44 1147 441 41 101 -1 -1 -1 -1
196 53 454 453 46 117 -1 -1 -1 -1
196 59 1073 441 62 145 -1 -1 -1 -1
196 64 570 454 62 155 -1 -1 -1 -1
197 1 802 435 147 357 -1 -1 -1 -1
197 4 648 433 207 506 -1 -1 -1 -1
197 5 1173 445 38 97 -1 -1 -1 -1
197 6 1022 443 103 254 -1 -1 -1 -1
197 7 946 452 119 293 -1 -1 -1 -1
197 9 1159 439 42 103 -1 -1 -1 -1
197 11 1096 442 40 93 -1 -1 -1 -1
197 12 507 453 43 106 -1 -1 -1 -1
197 44 1143 445 39 99 -1 -1 -1 -1
197 53 454 455 46 116 -1 -1 -1 -1
197 64 571 455 62 154 -1 -1 -1 -1
198 1 806 436 146 358 -1 -1 -1 -1
198 4 654 438 200 487 -1 -1 -1 -1
198 5 1175 446 38 96 -1 -1 -1 -1
198 6 1026 441 105 257 -1 -1 -1 -1
198 7 949 451 121 293 -1 -1 -1 -1
198 8 690 440 157 381 -1 -1 -1 -1
198 9 1141 443 39 101 -1 -1 -1 -1
198 11 1099 443 37 92 -1 -1 -1 -1
198 12 508 451 43 107 -1 -1 -1 -1
198 44 1146 441 40 101 -1 -1 -1 -1
198 53 453 456 46 114 -1 -1 -1 -1
198 64 572 454 61 153 -1 -1 -1 -1
199 1 810 437 148 359 -1 -1 -1 -1
199 4 659 432 202 497 -1 -1 -1 -1
199 5 1177 445 38 98 -1 -1 -1 -1
199 6 1027 441 104 257 -1 -1 -1 -1
199 7 953 449 123 299 -1 -1 -1 -1
199 11 1098 442 40 94 -1 -1 -1 -1
199 12 508 450 43 108 -1 -1 -1 -1
199 44 1142 438 40 106 -1 -1 -1 -1
199 53 453 459 45 112 -1 -1 -1 -1
199 64 571 454 64 153 -1 -1 -1 -1
200 1 813 438 146 360 -1 -1 -1 -1
200 4 662 431 204 502 -1 -1 -1 -1
200 5 1177 444 39 99 -1 -1 -1 -1
200 6 1030 439 105 260 -1 -1 -1 -1
200 7 959 448 126 307 -1 -1 -1 -1
200 12 507 449 44 110 -1 -1 -1 -1
200 44 1140 438 39 105 -1 -1 -1 -1
200 53 455 470 39 101 -1 -1 -1 -1
200 64 570 456 65 153 -1 -1 -1 -1
201 1 812 438 148 361 -1 -1 -1 -1
201 4 665 433 206 502 -1 -1 -1 -1
201 5 1179 443 38 99 -1 -1 -1 -1
201 6 1034 436 107 265 -1 -1 -1 -1
201 7 961 446 126 308 -1 -1 -1 -1
201 12 506 449 44 110 -1 -1 -1 -1
201 44 1137 439 40 104 -1 -1 -1 -1
201 64 570 455 65 155 -1 -1 -1 -1
202 1 815 441 147 360 -1 -1 -1 -1
202 4 668 432 207 506 -1 -1 -1 -1
202 5 1180 443 38 98 -1 -1 -1 -1
202 6 1038 437 107 266 -1 -1 -1 -1
202 7 968 449 123 305 -1 -1 -1 -1
202 11 1132 438 40 104 -1 -1 -1 -1
202 12 506 447 46 112 -1 -1 -1 -1
202 44 1141 439 42 104 -1 -1 -1 -1
202 53 471 455 44 111 -1 -1 -1 -1
202 64 574 452 64 157 -1 -1 -1 -1
202 70 659 463 31 79 -1 -1 -1 -1
203 1 819 441 147 359 -1 -1 -1 -1
203 4 667 434 211 513 -1 -1 -1 -1
203 5 1181 443 39 99 -1 -1 -1 -1
203 6 1038 435 112 274 -1 -1 -1 -1
203 7 972 450 122 304 -1 -1 -1 -1
203 9 1289 428 46 115 -1 -1 -1 -1
203 12 507 450 44 109 -1 -1 -1 -1
203 44 1132 435 43 107 -1 -1 -1 -1
203 53 475 455 43 108 -1 -1 -1 -1
203 64 578 464 58 144 -1 -1 -1 -1
203 70 660 465 29 74 -1 -1 -1 -1
204 1 827 437 146 361 -1 -1 -1 -1
204 4 669 434 211 514 -1 -1 -1 -1
204 5 1183 443 39 98 -1 -1 -1 -1
204 6 1042 427 115 278 -1 -1 -1 -1
204 7 974 450 123 303 -1 -1 -1 -1
204 9 1297 427 46 116 -1 -1 -1 -1
204 12 507 448 45 110 -1 -1 -1 -1
204 44 1131 435 43 106 -1 -1 -1 -1
204 53 475 454 44 108 -1 -1 -1 -1
204 64 578 464 58 144 -1 -1 -1 -1
204 70 659 464 30 76 -1 -1 -1 -1
205 1 827 435 150 367 -1 -1 -1 -1
205 4 669 433 212 517 -1 -1 -1 -1
205 5 1184 439 40 104 -1 -1 -1 -1
205 6 1050 440 110 266 -1 -1 -1 -1
205 7 979 447 124 306 -1 -1 -1 -1
205 9 1298 426 48 117 -1 -1 -1 -1
205 12 506 446 46 112 -1 -1 -1 -1
205 44 1131 435 42 105 -1 -1 -1 -1
205 53 472 450 46 113 -1 -1 -1 -1
205 64 578 461 61 150 -1 -1 -1 -1
205 70 659 463 30 76 -1 -1 -1 -1
206 1 829 434 149 367 -1 -1 -1 -1
206 4 667 432 215 525 -1 -1 -1 -1
206 5 1185 444 40 100 -1 -1 -1 -1
206 6 1053 440 110 269 -1 -1 -1 -1
206 7 982 446 127 309 -1 -1 -1 -1
206 9 1299 425 47 118 -1 -1 -1 -1
206 12 506 446 46 112 -1 -1 -1 -1
206 44 1130 434 43 106 -1 -1 -1 -1
206 53 471 448 47 115 -1 -1 -1 -1
206 64 579 460 62 151 -1 -1 -1 -1
206 70 659 461 31 78 -1 -1 -1 -1
207 1 832 435 150 366 -1 -1 -1 -1
207 4 665 432 219 534 -1 -1 -1 -1
207 5 1189 445 40 101 -1 -1 -1 -1
207 6 1053 438 112 274 -1 -1 -1 -1
207 7 989 448 124 306 -1 -1 -1 -1
207 9 1299 424 48 119 -1 -1 -1 -1
207 12 508 446 46 112 -1 -1 -1 -1
207 44 1130 435 41 105 -1 -1 -1 -1
207 53 472 448 46 113 -1 -1 -1 -1
207 64 578 453 67 162 -1 -1 -1 -1
207 70 660 463 30 76 -1 -1 -1 -1
208 1 839 438 147 361 -1 -1 -1 -1
208 4 667 431 219 536 -1 -1 -1 -1
208 5 1190 446 41 101 -1 -1 -1 -1
208 6 1055 437 115 280 -1 -1 -1 -1
208 7 995 446 126 309 -1 -1 -1 -1
208 9 1299 424 48 119 -1 -1 -1 -1
208 12 508 447 46 111 -1 -1 -1 -1
208 44 1129 436 42 106 -1 -1 -1 -1
208 53 474 449 45 110 -1 -1 -1 -1
208 64 581 454 64 158 -1 -1 -1 -1
209 1 842 438 147 361 -1 -1 -1 -1
209 4 669 424 218 540 -1 -1 -1 -1
209 5 1191 448 40 99 -1 -1 -1 -1
209 6 1061 437 113 276 -1 -1 -1 -1
209 7 1000 445 128 311 -1 -1 -1 -1
209 9 1299 424 47 119 -1 -1 -1 -1
209 12 508 447 46 111 -1 -1 -1 -1
209 53 474 449 44 109 -1 -1 -1 -1
209 64 580 449 66 163 -1 -1 -1 -1
210 1 846 437 147 362 -1 -1 -1 -1
210 4 673 427 218 533 -1 -1 -1 -1
210 5 1192 447 40 99 -1 -1 -1 -1
210 6 1061 434 120 294 -1 -1 -1 -1
210 7 1005 445 126 312 -1 -1 -1 -1
210 9 1298 424 48 119 -1 -1 -1 -1
210 12 507 445 46 113 -1 -1 -1 -1
210 59 943 447 72 179 -1 -1 -1 -1
210 64 582 452 64 161 -1 -1 -1 -1
211 1 851 435 147 365 -1 -1 -1 -1
211 4 675 425 220 537 -1 -1 -1 -1
211 5 1193 446 40 99 -1 -1 -1 -1
211 6 1064 436 121 299 -1 -1 -1 -1
211 7 1007 446 130 316 -1 -1 -1 -1
211 9 1298 424 48 120 -1 -1 -1 -1
211 12 507 445 47 113 -1 -1 -1 -1
211 64 582 452 65 161 -1 -1 -1 -1
212 1 853 436 147 365 -1 -1 -1 -1
212 4 680 424 221 541 -1 -1 -1 -1
212 5 1193 444 42 103 -1 -1 -1 -1
212 6 1075 432 115 278 -1 -1 -1 -1
212 7 1016 450 125 307 -1 -1 -1 -1
212 9 1298 425 47 118 -1 -1 -1 -1
212 11 1149 437 37 87 -1 -1 -1 -1
212 12 507 444 47 114 -1 -1 -1 -1
212 53 445 460 42 107 -1 -1 -1 -1
212 64 584 450 65 162 -1 -1 -1 -1
213 1 856 435 150 368 -1 -1 -1 -1
213 4 689 424 224 550 -1 -1 -1 -1
213 5 1195 446 39 100 -1 -1 -1 -1
213 6 1081 434 113 277 -1 -1 -1 -1
213 7 1018 451 125 308 -1 -1 -1 -1
213 9 1298 426 47 117 -1 -1 -1 -1
213 11 1153 436 35 89 -1 -1 -1 -1
213 12 507 444 47 114 -1 -1 -1 -1
213 53 440 461 43 109 -1 -1 -1 -1
213 64 584 449 67 165 -1 -1 -1 -1
214 1 858 434 152 370 -1 -1 -1 -1
214 4 691 427 223 549 -1 -1 -1 -1
214 5 1196 446 40 102 -1 -1 -1 -1
214 6 1082 435 117 286 -1 -1 -1 -1
214 7 1022 448 126 311 -1 -1 -1 -1
214 9 1298 426 47 116 -1 -1 -1 -1
214 12 507 445 46 114 -1 -1 -1 -1
214 45 1018 447 50 127 -1 -1 -1 -1
214 53 440 462 42 108 -1 -1 -1 -1
214 64 585 451 67 165 -1 -1 -1 -1
215 1 861 435 152 372 -1 -1 -1 -1
215 4 694 424 222 548 -1 -1 -1 -1
215 5 1197 442 42 107 -1 -1 -1 -1
215 6 1087 429 121 295 -1 -1 -1 -1
215 7 1028 450 127 311 -1 -1 -1 -1
215 9 1299 425 46 115 -1 -1 -1 -1
215 12 507 445 46 114 -1 -1 -1 -1
215 45 1024 444 50 126 -1 -1 -1 -1
215 53 441 462 42 106 -1 -1 -1 -1
215 64 589 455 64 157 -1 -1 -1 -1
216 1 864 435 152 374 -1 -1 -1 -1
216 4 699 425 222 547 -1 -1 -1 -1
216 5 1198 438 45 114 -1 -1 -1 -1
216 6 1097 430 118 290 -1 -1 -1 -1
216 7 1034 448 128 315 -1 -1 -1 -1
216 9 1298 423 47 118 -1 -1 -1 -1
216 10 584 444 40 103 -1 -1 -1 -1
216 12 507 445 46 114 -1 -1 -1 -1
216 45 1029 441 48 119 -1 -1 -1 -1
216 53 441 462 42 107 -1 -1 -1 -1
216 64 590 457 67 164 -1 -1 -1 -1
217 1 864 435 153 377 -1 -1 -1 -1
217 4 704 425 222 544 -1 -1 -1 -1
217 5 1200 440 44 112 -1 -1 -1 -1
217 6 1099 425 119 293 -1 -1 -1 -1
217 7 1038 449 127 312 -1 -1 -1 -1
217 9 1299 423 46 118 -1 -1 -1 -1
217 10 580 445 41 103 -1 -1 -1 -1
217 12 507 446 46 112 -1 -1 -1 -1
217 45 1035 439 49 120 -1 -1 -1 -1
217 53 441 461 43 109 -1 -1 -1 -1
217 64 590 452 70 171 -1 -1 -1 -1
218 1 869 434 152 378 -1 -1 -1 -1
218 4 709 415 222 548 -1 -1 -1 -1
218 5 1202 442 42 109 -1 -1 -1 -1
218 6 1102 434 118 287 -1 -1 -1 -1
218 7 1043 447 128 316 -1 -1 -1 -1
218 9 1298 424 47 117 -1 -1 -1 -1
218 12 506 447 46 112 -1 -1 -1 -1
218 45 1037 439 52 132 -1 -1 -1 -1
218 53 440 463 43 107 -1 -1 -1 -1
218 64 596 459 63 157 -1 -1 -1 -1
219 1 873 435 154 380 -1 -1 -1 -1
219 4 716 417 222 541 -1 -1 -1 -1
219 5 1202 442 43 108 -1 -1 -1 -1
219 6 1102 434 121 298 -1 -1 -1 -1
219 7 1048 444 130 319 -1 -1 -1 -1
219 9 1298 425 46 115 -1 -1 -1 -1
219 12 506 446 46 113 -1 -1 -1 -1
219 45 1036 438 56 139 -1 -1 -1 -1
219 53 439 465 42 105 -1 -1 -1 -1
219 64 596 460 66 163 -1 -1 -1 -1
220 1 874 432 156 385 -1 -1 -1 -1
220 4 716 414 227 550 -1 -1 -1 -1
220 6 1111 439 120 290 -1 -1 -1 -1
220 7 1055 447 129 316 -1 -1 -1 -1
220 12 504 446 45 112 -1 -1 -1 -1
220 44 1205 447 40 101 -1 -1 -1 -1
220 45 1038 439 56 140 -1 -1 -1 -1
220 53 438 464 42 106 -1 -1 -1 -1
220 64 597 458 66 162 -1 -1 -1 -1
221 1 878 433 154 381 -1 -1 -1 -1
221 4 720 414 226 550 -1 -1 -1 -1
221 5 1208 447 41 101 -1 -1 -1 -1
221 6 1120 435 118 292 -1 -1 -1 -1
221 7 1057 447 129 316 -1 -1 -1 -1
221 11 881 450 39 100 -1 -1 -1 -1
221 12 506 444 46 115 -1 -1 -1 -1
221 45 1037 440 57 139 -1 -1 -1 -1
221 53 435 458 44 112 -1 -1 -1 -1
221 64 599 459 64 157 -1 -1 -1 -1
222 1 883 432 155 380 -1 -1 -1 -1
222 4 723 415 227 554 -1 -1 -1 -1
222 5 1209 446 41 101 -1 -1 -1 -1
222 6 1128 429 117 289 -1 -1 -1 -1
222 7 1063 446 129 315 -1 -1 -1 -1
222 9 1299 426 45 114 -1 -1 -1 -1
222 10 585 443 41 105 -1 -1 -1 -1
222 12 507 442 47 117 -1 -1 -1 -1
222 45 1038 441 56 138 -1 -1 -1 -1
222 53 434 457 45 112 -1 -1 -1 -1
222 64 599 458 67 166 -1 -1 -1 -1
222 66 964 444 75 191 -1 -1 -1 -1
223 1 886 434 155 383 -1 -1 -1 -1
223 4 730 410 228 561 -1 -1 -1 -1
223 5 1210 446 41 101 -1 -1 -1 -1
223 6 1130 432 121 291 -1 -1 -1 -1
223 7 1070 443 129 318 -1 -1 -1 -1
223 9 1299 425 45 116 -1 -1 -1 -1
223 10 586 442 42 107 -1 -1 -1 -1
223 12 508 441 47 118 -1 -1 -1 -1
223 45 1038 441 56 140 -1 -1 -1 -1
223 53 433 456 45 112 -1 -1 -1 -1
223 64 598 457 69 170 -1 -1 -1 -1
223 76 467 445 44 111 -1 -1 -1 -1
224 1 887 434 155 383 -1 -1 -1 -1
224 4 733 406 232 569 -1 -1 -1 -1
224 5 1214 446 42 100 -1 -1 -1 -1
224 6 1135 432 120 291 -1 -1 -1 -1
224 7 1073 442 133 322 -1 -1 -1 -1
224 10 587 441 42 108 -1 -1 -1 -1
224 12 507 440 49 119 -1 -1 -1 -1
224 45 1039 443 54 137 -1 -1 -1 -1
224 64 600 459 68 167 -1 -1 -1 -1
224 76 466 444 44 110 -1 -1 -1 -1
225 1 888 436 154 381 -1 -1 -1 -1
225 4 742 409 233 569 -1 -1 -1 -1
225 5 1218 447 40 98 -1 -1 -1 -1
225 6 1138 434 119 289 -1 -1 -1 -1
225 7 1078 443 135 330 -1 -1 -1 -1
225 10 587 443 39 98 -1 -1 -1 -1
225 12 508 441 48 118 -1 -1 -1 -1
225 45 1039 443 55 139 -1 -1 -1 -1
225 64 601 458 67 167 -1 -1 -1 -1
225 76 466 444 45 111 -1 -1 -1 -1
226 1 888 435 154 382 -1 -1 -1 -1
226 4 748 405 234 574 -1 -1 -1 -1
226 5 1219 446 42 98 -1 -1 -1 -1
226 6 1144 432 117 289 -1 -1 -1 -1
226 7 1086 447 133 327 -1 -1 -1 -1
226 10 587 442 41 105 -1 -1 -1 -1
226 12 507 441 48 118 -1 -1 -1 -1
226 45 1040 444 54 138 -1 -1 -1 -1
226 53 428 457 45 110 -1 -1 -1 -1
226 64 601 455 69 171 -1 -1 -1 -1
226 76 465 443 45 112 -1 -1 -1 -1
227 1 887 433 157 382 -1 -1 -1 -1
227 4 752 405 233 572 -1 -1 -1 -1
227 5 1221 446 41 95 -1 -1 -1 -1
227 6 1145 430 118 292 -1 -1 -1 -1
227 7 1089 445 133 329 -1 -1 -1 -1
227 8 701 442 168 403 -1 -1 -1 -1
227 9 1298 426 47 113 -1 -1 -1 -1
227 12 506 441 48 118 -1 -1 -1 -1
227 45 1039 443 56 138 -1 -1 -1 -1
227 53 427 460 44 108 -1 -1 -1 -1
227 64 601 452 70 173 -1 -1 -1 -1
227 76 467 445 45 112 -1 -1 -1 -1
228 1 887 434 155 382 -1 -1 -1 -1
228 4 758 407 234 571 -1 -1 -1 -1
228 5 1224 449 37 90 -1 -1 -1 -1
228 6 1148 433 117 289 -1 -1 -1 -1
228 7 1094 443 135 331 -1 -1 -1 -1
228 8 705 441 166 401 -1 -1 -1 -1
228 12 507 442 47 117 -1 -1 -1 -1
228 44 1217 446 47 101 -1 -1 -1 -1
228 45 1040 443 56 137 -1 -1 -1 -1
228 53 425 460 45 109 -1 -1 -1 -1
228 64 601 452 71 176 -1 -1 -1 -1
228 76 464 442 46 113 -1 -1 -1 -1
228 77 670 458 57 144 -1 -1 -1 -1
229 1 888 433 155 383 -1 -1 -1 -1
229 4 763 408 234 573 -1 -1 -1 -1
229 5 1224 447 39 94 -1 -1 -1 -1
229 6 1152 430 120 294 -1 -1 -1 -1
229 7 1101 443 135 331 -1 -1 -1 -1
229 8 704 440 165 401 -1 -1 -1 -1
229 12 507 443 47 115 -1 -1 -1 -1
229 45 1041 442 56 138 -1 -1 -1 -1
229 53 425 459 45 111 -1 -1 -1 -1
229 64 601 451 71 178 -1 -1 -1 -1
229 76 463 441 45 113 -1 -1 -1 -1
229 77 672 461 55 140 -1 -1 -1 -1
230 1 889 434 159 390 -1 -1 -1 -1
230 4 768 415 231 566 -1 -1 -1 -1
230 6 1157 429 120 295 -1 -1 -1 -1
230 7 1107 450 130 321 -1 -1 -1 -1
230 8 702 435 171 412 -1 -1 -1 -1
230 12 506 444 47 114 -1 -1 -1 -1
230 53 425 459 45 111 -1 -1 -1 -1
230 64 601 449 74 184 -1 -1 -1 -1
230 76 467 443 45 112 -1 -1 -1 -1
230 77 672 461 55 137 -1 -1 -1 -1
231 1 892 433 160 393 -1 -1 -1 -1
231 4 774 421 226 560 -1 -1 -1 -1
231 6 1159 426 123 298 -1 -1 -1 -1
231 7 1112 447 131 323 -1 -1 -1 -1
231 8 706 435 168 406 -1 -1 -1 -1
231 12 506 443 48 116 -1 -1 -1 -1
231 45 1045 441 57 139 -1 -1 -1 -1
231 53 425 460 44 109 -1 -1 -1 -1
231 59 1069 441 60 150 -1 -1 -1 -1
231 64 602 449 74 182 -1 -1 -1 -1
231 76 468 443 44 111 -1 -1 -1 -1
231 77 671 458 58 145 -1 -1 -1 -1
232 1 893 434 160 394 -1 -1 -1 -1
232 4 776 416 231 567 -1 -1 -1 -1
232 6 1166 426 125 303 -1 -1 -1 -1
232 7 1116 447 136 333 -1 -1 -1 -1
232 8 710 435 168 410 -1 -1 -1 -1
232 9 1114 435 43 103 -1 -1 -1 -1
232 12 506 443 47 116 -1 -1 -1 -1
232 44 1116 431 45 112 -1 -1 -1 -1
232 45 1047 440 56 139 -1 -1 -1 -1
232 53 425 460 44 109 -1 -1 -1 -1
232 59 1069 438 61 152 -1 -1 -1 -1
232 64 606 449 71 177 -1 -1 -1 -1
232 76 468 443 45 113 -1 -1 -1 -1
232 77 672 457 56 142 -1 -1 -1 -1
233 1 895 436 160 394 -1 -1 -1 -1
233 4 780 422 230 561 -1 -1 -1 -1
233 6 1171 430 124 299 -1 -1 -1 -1
233 7 1121 445 136 335 -1 -1 -1 -1
233 8 714 436 173 418 -1 -1 -1 -1
233 12 506 443 47 116 -1 -1 -1 -1
233 45 1057 441 59 143 -1 -1 -1 -1
233 53 424 459 44 110 -1 -1 -1 -1
233 59 1070 440 61 150 -1 -1 -1 -1
233 64 609 450 70 174 -1 -1 -1 -1
233 76 469 444 45 113 -1 -1 -1 -1
233 77 671 455 55 139 -1 -1 -1 -1
234 1 897 433 162 399 -1 -1 -1 -1
234 4 781 419 233 566 -1 -1 -1 -1
234 6 1175 430 126 302 -1 -1 -1 -1
234 7 1127 447 137 337 -1 -1 -1 -1
234 8 722 438 172 416 -1 -1 -1 -1
234 12 506 443 47 116 -1 -1 -1 -1
234 45 1060 441 59 144 -1 -1 -1 -1
234 53 422 458 45 111 -1 -1 -1 -1
234 64 611 453 70 170 -1 -1 -1 -1
234 76 467 444 46 112 -1 -1 -1 -1
234 77 671 455 56 140 -1 -1 -1 -1
235 1 900 434 161 397 -1 -1 -1 -1
235 4 785 420 238 566 -1 -1 -1 -1
235 6 1181 433 122 296 -1 -1 -1 -1
235 7 1133 451 137 334 -1 -1 -1 -1
235 8 732 440 169 413 -1 -1 -1 -1
235 12 505 439 49 120 -1 -1 -1 -1
235 44 1107 433 44 109 -1 -1 -1 -1
235 45 1061 440 59 147 -1 -1 -1 -1
235 53 421 458 45 111 -1 -1 -1 -1
235 64 611 453 70 169 -1 -1 -1 -1
235 76 468 445 45 109 -1 -1 -1 -1
235 77 671 456 56 137 -1 -1 -1 -1
236 1 902 435 161 396 -1 -1 -1 -1
236 4 796 419 235 568 -1 -1 -1 -1
236 6 1187 431 120 297 -1 -1 -1 -1
236 7 1135 448 138 335 -1 -1 -1 -1
236 8 736 442 170 415 -1 -1 -1 -1
236 12 505 439 48 120 -1 -1 -1 -1
236 44 1107 434 44 107 -1 -1 -1 -1
236 45 1061 440 60 147 -1 -1 -1 -1
236 53 420 458 45 111 -1 -1 -1 -1
236 64 614 451 69 173 -1 -1 -1 -1
236 76 464 443 44 110 -1 -1 -1 -1
236 77 671 456 55 139 -1 -1 -1 -1
237 1 904 436 160 391 -1 -1 -1 -1
237 4 798 416 236 571 -1 -1 -1 -1
237 5 1157 435 38 95 -1 -1 -1 -1
237 6 1192 430 123 299 -1 -1 -1 -1
237 7 1139 448 135 332 -1 -1 -1 -1
237 8 740 444 171 413 -1 -1 -1 -1
237 9 1290 427 45 110 -1 -1 -1 -1
237 12 505 441 47 118 -1 -1 -1 -1
237 44 1107 435 43 105 -1 -1 -1 -1
237 45 1050 438 58 142 -1 -1 -1 -1
237 53 418 458 44 111 -1 -1 -1 -1
237 59 1064 434 62 155 -1 -1 -1 -1
237 64 615 452 70 172 -1 -1 -1 -1
237 76 462 445 43 109 -1 -1 -1 -1
237 77 671 455 56 139 -1 -1 -1 -1
238 1 905 432 161 395 -1 -1 -1 -1
238 4 800 411 239 575 -1 -1 -1 -1
238 5 1155 436 38 94 -1 -1 -1 -1
238 6 1200 433 125 307 -1 -1 -1 -1
238 7 1142 444 136 336 -1 -1 -1 -1
238 8 746 444 173 417 -1 -1 -1 -1
238 9 1300 427 45 110 -1 -1 -1 -1
238 12 505 442 47 117 -1 -1 -1 -1
238 44 1108 435 43 105 -1 -1 -1 -1
238 45 1061 437 60 149 -1 -1 -1 -1
238 53 418 458 44 113 -1 -1 -1 -1
238 64 617 456 68 170 -1 -1 -1 -1
238 76 463 447 42 107 -1 -1 -1 -1
238 77 671 454 55 139 -1 -1 -1 -1
239 1 907 431 163 399 -1 -1 -1 -1
239 4 806 414 237 573 -1 -1 -1 -1
239 5 1155 436 36 90 -1 -1 -1 -1
239 6 1204 434 124 305 -1 -1 -1 -1
239 7 1146 444 137 339 -1 -1 -1 -1
239 8 746 446 170 412 -1 -1 -1 -1
239 9 1301 427 45 110 -1 -1 -1 -1
239 12 505 442 47 117 -1 -1 -1 -1
239 44 1109 437 42 103 -1 -1 -1 -1
239 45 1048 439 56 142 -1 -1 -1 -1
239 53 417 458 44 113 -1 -1 -1 -1
239 64 621 458 67 167 -1 -1 -1 -1
239 76 463 445 43 109 -1 -1 -1 -1
239 77 671 455 56 138 -1 -1 -1 -1
240 1 907 428 165 400 -1 -1 -1 -1
240 4 817 425 232 559 -1 -1 -1 -1
240 5 1155 438 35 87 -1 -1 -1 -1
240 6 1210 434 124 305 -1 -1 -1 -1
240 7 1154 442 140 342 -1 -1 -1 -1
240 8 747 444 180 426 -1 -1 -1 -1
240 12 505 442 47 117 -1 -1 -1 -1
240 44 1111 440 39 99 -1 -1 -1 -1
240 45 1042 437 57 142 -1 -1 -1 -1
240 53 416 457 45 114 -1 -1 -1 -1
240 59 1072 443 59 148 -1 -1 -1 -1
240 64 624 460 67 163 -1 -1 -1 -1
240 76 463 445 44 109 -1 -1 -1 -1
240 77 670 455 56 136 -1 -1 -1 -1
241 1 913 428 165 401 -1 -1 -1 -1
241 4 827 424 222 558 -1 -1 -1 -1
241 5 1155 437 35 86 -1 -1 -1 -1
241 6 1213 428 127 311 -1 -1 -1 -1
241 7 1160 441 140 346 -1 -1 -1 -1
241 8 736 447 168 413 -1 -1 -1 -1
241 9 1301 423 46 115 -1 -1 -1 -1
241 12 505 442 47 117 -1 -1 -1 -1
241 44 1111 436 41 103 -1 -1 -1 -1
241 45 1041 439 56 141 -1 -1 -1 -1
241 59 1072 443 58 147 -1 -1 -1 -1
241 64 625 458 66 167 -1 -1 -1 -1
241 76 464 444 44 111 -1 -1 -1 -1
241 77 673 460 54 131 -1 -1 -1 -1
242 1 917 426 165 402 -1 -1 -1 -1
242 4 829 424 221 557 -1 -1 -1 -1
242 5 1155 436 35 88 -1 -1 -1 -1
242 6 1217 434 126 306 -1 -1 -1 -1
242 7 1165 439 143 353 -1 -1 -1 -1
242 8 740 448 168 410 -1 -1 -1 -1
242 12 505 443 47 116 -1 -1 -1 -1
242 44 1111 437 41 102 -1 -1 -1 -1
242 45 1040 439 57 139 -1 -1 -1 -1
242 53 417 457 44 113 -1 -1 -1 -1
242 59 1071 443 60 146 -1 -1 -1 -1
242 64 627 461 66 162 -1 -1 -1 -1
242 76 463 446 43 110 -1 -1 -1 -1
242 77 672 455 56 136 -1 -1 -1 -1
242 87 772 441 220 546 -1 -1 -1 -1
243 1 915 425 168 402 -1 -1 -1 -1
243 4 825 419 233 567 -1 -1 -1 -1
243 6 1217 431 129 311 -1 -1 -1 -1
243 7 1168 441 140 349 -1 -1 -1 -1
243 8 751 446 171 418 -1 -1 -1 -1
243 12 505 443 46 117 -1 -1 -1 -1
243 44 1112 440 40 99 -1 -1 -1 -1
243 45 1041 441 55 135 -1 -1 -1 -1
243 53 416 457 44 112 -1 -1 -1 -1
243 59 1071 443 60 146 -1 -1 -1 -1
243 64 631 459 66 164 -1 -1 -1 -1
243 76 462 446 44 111 -1 -1 -1 -1
243 77 672 451 56 141 -1 -1 -1 -1
244 1 913 424 173 407 -1 -1 -1 -1
244 4 834 424 231 564 -1 -1 -1 -1
244 5 1155 437 35 86 -1 -1 -1 -1
244 6 1217 426 132 317 -1 -1 -1 -1
244 7 1172 441 141 355 -1 -1 -1 -1
244 8 752 446 171 417 -1 -1 -1 -1
244 10 719 471 58 141 -1 -1 -1 -1
244 11 1087 441 48 105 -1 -1 -1 -1
244 12 505 443 47 117 -1 -1 -1 -1
244 44 1112 441 40 99 -1 -1 -1 -1
244 45 1044 442 53 135 -1 -1 -1 -1
244 53 413 455 47 116 -1 -1 -1 -1
244 59 1073 442 58 142 -1 -1 -1 -1
244 64 630 460 67 165 -1 -1 -1 -1
244 76 463 445 45 112 -1 -1 -1 -1
244 77 672 452 56 140 -1 -1 -1 -1
245 1 919 424 169 406 -1 -1 -1 -1
245 4 841 425 230 567 -1 -1 -1 -1
245 6 1218 421 136 327 -1 -1 -1 -1
245 7 1181 443 143 351 -1 -1 -1 -1
245 8 755 445 170 416 -1 -1 -1 -1
245 12 506 443 46 117 -1 -1 -1 -1
245 44 1112 441 39 100 -1 -1 -1 -1
245 53 413 455 46 116 -1 -1 -1 -1
245 59 1071 444 58 146 -1 -1 -1 -1
245 64 630 459 68 167 -1 -1 -1 -1
245 76 463 443 44 112 -1 -1 -1 -1
245 77 673 453 55 137 -1 -1 -1 -1
246 1 923 423 171 411 -1 -1 -1 -1
246 4 842 416 235 581 -1 -1 -1 -1
246 6 1223 416 137 335 -1 -1 -1 -1
246 7 1185 441 144 358 -1 -1 -1 -1
246 8 758 444 170 416 -1 -1 -1 -1
246 12 506 443 46 116 -1 -1 -1 -1
246 44 1112 438 40 102 -1 -1 -1 -1
246 53 413 457 45 114 -1 -1 -1 -1
246 59 1072 444 58 145 -1 -1 -1 -1
246 64 633 460 67 166 -1 -1 -1 -1
246 76 462 443 45 115 -1 -1 -1 -1
246 77 673 456 55 134 -1 -1 -1 -1
247 1 932 427 166 403 -1 -1 -1 -1
247 4 849 419 236 577 -1 -1 -1 -1
247 6 1224 415 143 346 -1 -1 -1 -1
247 7 1192 442 143 351 -1 -1 -1 -1
247 8 764 441 172 419 -1 -1 -1 -1
247 10 723 471 49 123 -1 -1 -1 -1
247 12 505 442 48 118 -1 -1 -1 -1
247 53 412 456 46 113 -1 -1 -1 -1
247 59 1073 444 57 146 -1 -1 -1 -1
247 64 634 458 68 170 -1 -1 -1 -1
247 76 460 442 46 118 -1 -1 -1 -1
247 77 678 463 53 130 -1 -1 -1 -1
248 1 942 431 164 401 -1 -1 -1 -1
248 4 855 421 237 581 -1 -1 -1 -1
248 7 1201 441 145 353 -1 -1 -1 -1
248 8 768 442 170 423 -1 -1 -1 -1
248 10 723 472 47 120 -1 -1 -1 -1
248 12 506 443 47 117 -1 -1 -1 -1
248 44 1110 439 40 101 -1 -1 -1 -1
248 53 413 457 45 113 -1 -1 -1 -1
248 59 1075 445 56 146 -1 -1 -1 -1
248 64 635 457 69 170 -1 -1 -1 -1
248 76 459 441 48 120 -1 -1 -1 -1
248 77 681 472 50 123 -1 -1 -1 -1
249 1 944 429 164 403 -1 -1 -1 -1
249 4 860 416 242 594 -1 -1 -1 -1
249 6 1239 425 148 361 -1 -1 -1 -1
249 7 1209 439 146 357 -1 -1 -1 -1
249 8 770 441 172 427 -1 -1 -1 -1
249 10 726 473 46 119 -1 -1 -1 -1
249 12 506 443 47 117 -1 -1 -1 -1
249 44 1109 442 40 99 -1 -1 -1 -1
249 53 412 458 45 112 -1 -1 -1 -1
249 59 1074 446 58 146 -1 -1 -1 -1
249 64 636 454 70 174 -1 -1 -1 -1
249 76 460 442 47 118 -1 -1 -1 -1
249 77 683 477 48 117 -1 -1 -1 -1
250 1 949 429 168 406 -1 -1 -1 -1
250 4 860 414 245 601 -1 -1 -1 -1
250 7 1218 439 147 360 -1 -1 -1 -1
250 8 773 438 175 432 -1 -1 -1 -1
250 10 727 475 45 117 -1 -1 -1 -1
250 12 507 443 48 117 -1 -1 -1 -1
250 44 1111 442 40 100 -1 -1 -1 -1
250 53 412 458 45 112 -1 -1 -1 -1
250 59 1076 442 60 150 -1 -1 -1 -1
250 64 639 453 71 175 -1 -1 -1 -1
250 76 460 443 47 117 -1 -1 -1 -1
250 77 686 478 46 115 -1 -1 -1 -1
251 1 952 433 169 404 -1 -1 -1 -1
251 4 866 421 241 591 -1 -1 -1 -1
251 7 1227 440 145 358 -1 -1 -1 -1
251 8 774 440 176 431 -1 -1 -1 -1
251 10 728 490 39 102 -1 -1 -1 -1
251 12 507 444 47 116 -1 -1 -1 -1
251 44 1112 441 41 102 -1 -1 -1 -1
251 45 1068 453 57 138 -1 -1 -1 -1
251 53 412 459 45 110 -1 -1 -1 -1
251 59 1076 441 60 151 -1 -1 -1 -1
251 64 642 452 71 175 -1 -1 -1 -1
251 76 460 445 45 113 -1 -1 -1 -1
252 4 874 417 243 595 -1 -1 -1 -1
252 7 1236 440 145 360 -1 -1 -1 -1
252 8 778 438 174 431 -1 -1 -1 -1
252 10 728 492 38 100 -1 -1 -1 -1
252 12 507 446 46 115 -1 -1 -1 -1
252 44 1112 444 39 101 -1 -1 -1 -1
252 45 1064 457 54 136 -1 -1 -1 -1
252 53 412 460 44 109 -1 -1 -1 -1
252 64 646 454 69 173 -1 -1 -1 -1
252 76 460 445 45 113 -1 -1 -1 -1
253 4 877 410 245 601 -1 -1 -1 -1
253 5 1109 444 40 102 -1 -1 -1 -1
253 7 1239 438 148 362 -1 -1 -1 -1
253 8 782 441 176 426 -1 -1 -1 -1
253 9 1064 458 56 133 -1 -1 -1 -1
253 10 732 480 45 109 -1 -1 -1 -1
253 12 507 446 45 115 -1 -1 -1 -1
253 44 1101 444 43 102 -1 -1 -1 -1
253 53 410 462 44 106 -1 -1 -1 -1
253 64 647 454 70 173 -1 -1 -1 -1
253 76 460 444 47 116 -1 -1 -1 -1
253 77 725 479 43 113 -1 -1 -1 -1
253 92 1850 415 69 357 -1 -1 -1 -1
254 4 879 416 242 592 -1 -1 -1 -1
254 7 1242 443 147 358 -1 -1 -1 -1
254 8 783 439 176 430 -1 -1 -1 -1
254 10 729 480 43 112 -1 -1 -1 -1
254 12 507 447 45 114 -1 -1 -1 -1
254 44 1107 445 39 101 -1 -1 -1 -1
254 53 409 461 44 109 -1 -1 -1 -1
254 64 650 453 70 175 -1 -1 -1 -1
254 76 460 446 44 112 -1 -1 -1 -1
254 92 1838 395 82 373 -1 -1 -1 -1
254 93 567 457 25 59 -1 -1 -1 -1
255 4 880 421 238 586 -1 -1 -1 -1
255 5 1099 441 44 105 -1 -1 -1 -1
255 7 1247 442 147 363 -1 -1 -1 -1
255 8 783 437 180 433 -1 -1 -1 -1
255 10 728 482 42 111 -1 -1 -1 -1
255 12 507 447 45 115 -1 -1 -1 -1
255 45 1058 460 55 136 -1 -1 -1 -1
255 53 408 459 44 112 -1 -1 -1 -1
255 64 652 453 71 178 -1 -1 -1 -1
255 76 459 446 46 114 -1 -1 -1 -1
255 92 1840 417 79 351 -1 -1 -1 -1
255 93 566 456 26 60 -1 -1 -1 -1
255 94 591 461 24 56 -1 -1 -1 -1
256 4 881 420 239 588 -1 -1 -1 -1
256 5 1099 443 43 103 -1 -1 -1 -1
256 7 1255 437 147 364 -1 -1 -1 -1
256 8 787 439 178 436 -1 -1 -1 -1
256 9 1055 461 55 133 -1 -1 -1 -1
256 10 728 483 42 110 -1 -1 -1 -1
256 12 507 445 46 116 -1 -1 -1 -1
256 53 406 457 45 114 -1 -1 -1 -1
256 64 655 454 71 174 -1 -1 -1 -1
256 76 459 444 46 116 -1 -1 -1 -1
256 77 732 479 46 110 -1 -1 -1 -1
256 92 1826 402 94 364 -1 -1 -1 -1
256 94 591 461 24 56 -1 -1 -1 -1
257 4 881 422 240 587 -1 -1 -1 -1
257 7 1259 439 149 365 -1 -1 -1 -1
257 8 791 440 181 444 -1 -1 -1 -1
257 10 727 482 44 112 -1 -1 -1 -1
257 12 506 445 46 116 -1 -1 -1 -1
257 44 1099 442 45 107 -1 -1 -1 -1
257 53 404 457 46 115 -1 -1 -1 -1
257 64 656 454 71 174 -1 -1 -1 -1
257 76 459 443 47 118 -1 -1 -1 -1
257 92 1810 392 110 372 -1 -1 -1 -1
257 93 565 453 26 64 -1 -1 -1 -1
257 94 592 459 24 57 -1 -1 -1 -1
258 4 882 418 244 596 -1 -1 -1 -1
258 7 1266 442 148 362 -1 -1 -1 -1
258 8 792 436 184 452 -1 -1 -1 -1
258 10 723 478 47 118 -1 -1 -1 -1
258 12 507 444 46 117 -1 -1 -1 -1
258 44 1102 441 45 109 -1 -1 -1 -1
258 53 404 458 45 113 -1 -1 -1 -1
258 64 658 453 70 176 -1 -1 -1 -1
258 76 460 450 44 109 -1 -1 -1 -1
258 92 1790 394 129 376 -1 -1 -1 -1
258 94 592 460 24 56 -1 -1 -1 -1
259 4 884 410 246 605 -1 -1 -1 -1
259 7 1271 436 151 369 -1 -1 -1 -1
259 8 795 437 185 456 -1 -1 -1 -1
259 10 724 476 47 119 -1 -1 -1 -1
259 11 1283 447 38 99 -1 -1 -1 -1
259 12 506 443 48 118 -1 -1 -1 -1
259 44 1103 441 45 109 -1 -1 -1 -1
259 53 402 458 45 112 -1 -1 -1 -1
259 64 660 454 70 176 -1 -1 -1 -1
259 76 460 447 45 112 -1 -1 -1 -1
259 77 732 472 49 118 -1 -1 -1 -1
259 92 1771 405 144 359 -1 -1 -1 -1
260 4 881 410 246 603 -1 -1 -1 -1
260 7 1279 437 149 368 -1 -1 -1 -1
260 8 797 439 189 462 -1 -1 -1 -1
260 10 725 476 46 117 -1 -1 -1 -1
260 11 1289 445 39 99 -1 -1 -1 -1
260 12 506 442 48 120 -1 -1 -1 -1
260 44 1107 443 41 104 -1 -1 -1 -1
260 53 402 462 44 107 -1 -1 -1 -1
260 64 662 456 70 171 -1 -1 -1 -1
260 76 459 445 46 114 -1 -1 -1 -1
260 92 1753 401 148 361 -1 -1 -1 -1
261 4 882 410 247 604 -1 -1 -1 -1
261 6 1741 401 146 360 -1 -1 -1 -1
261 7 1286 433 151 370 -1 -1 -1 -1
261 8 800 441 187 462 -1 -1 -1 -1
261 10 724 478 46 117 -1 -1 -1 -1
261 11 1292 440 43 104 -1 -1 -1 -1
261 12 506 442 48 121 -1 -1 -1 -1
261 44 1109 444 41 103 -1 -1 -1 -1
261 53 401 461 44 107 -1 -1 -1 -1
261 64 663 454 72 175 -1 -1 -1 -1
261 76 459 448 43 110 -1 -1 -1 -1
262 4 882 410 249 603 -1 -1 -1 -1
262 6 1732 405 146 358 -1 -1 -1 -1
262 7 1293 430 151 373 -1 -1 -1 -1
262 8 798 438 189 465 -1 -1 -1 -1
262 10 722 478 48 119 -1 -1 -1 -1
262 11 1293 439 43 105 -1 -1 -1 -1
262 12 505 442 48 119 -1 -1 -1 -1
262 44 1108 443 42 105 -1 -1 -1 -1
262 53 402 458 43 109 -1 -1 -1 -1
262 64 665 455 71 175 -1 -1 -1 -1
262 76 458 448 43 110 -1 -1 -1 -1
262 77 733 470 48 120 -1 -1 -1 -1
263 1 1020 446 126 305 -1 -1 -1 -1
263 4 886 416 244 598 -1 -1 -1 -1
263 6 1723 412 143 355 -1 -1 -1 -1
263 7 1301 432 152 374 -1 -1 -1 -1
263 8 797 442 189 465 -1 -1 -1 -1
263 10 722 477 47 119 -1 -1 -1 -1
263 11 1294 439 42 104 -1 -1 -1 -1
263 12 505 442 48 119 -1 -1 -1 -1
263 53 402 457 44 109 -1 -1 -1 -1
263 64 666 456 71 175 -1 -1 -1 -1
263 76 457 447 44 111 -1 -1 -1 -1
263 77 732 472 48 118 -1 -1 -1 -1
264 1 1007 441 146 376 -1 -1 -1 -1
264 4 886 410 249 605 -1 -1 -1 -1
264 6 1712 418 136 340 -1 -1 -1 -1
264 7 1314 430 156 379 -1 -1 -1 -1
264 8 797 440 190 467 -1 -1 -1 -1
264 10 734 472 47 117 -1 -1 -1 -1
264 11 1297 440 44 106 -1 -1 -1 -1
264 12 505 443 48 119 -1 -1 -1 -1
264 44 1114 438 44 109 -1 -1 -1 -1
264 53 403 458 42 107 -1 -1 -1 -1
264 64 666 456 74 178 -1 -1 -1 -1
264 76 457 446 44 112 -1 -1 -1 -1
264 77 726 477 43 114 -1 -1 -1 -1
265 4 886 404 252 612 -1 -1 -1 -1
265 6 1701 421 135 335 -1 -1 -1 -1
265 7 1318 429 155 383 -1 -1 -1 -1
265 8 797 441 189 466 -1 -1 -1 -1
265 10 736 474 46 114 -1 -1 -1 -1
265 11 1299 439 44 109 -1 -1 -1 -1
265 12 505 443 48 119 -1 -1 -1 -1
265 44 1114 435 46 112 -1 -1 -1 -1
265 45 666 464 36 99 -1 -1 -1 -1
265 53 402 458 42 107 -1 -1 -1 -1
265 64 670 456 71 176 -1 -1 -1 -1
265 76 456 446 44 111 -1 -1 -1 -1
265 77 727 474 46 118 -1 -1 -1 -1
266 1 996 430 171 418 -1 -1 -1 -1
266 4 891 409 248 607 -1 -1 -1 -1
266 5 1155 437 35 90 -1 -1 -1 -1
266 6 1684 425 134 330 -1 -1 -1 -1
266 7 1323 429 155 382 -1 -1 -1 -1
266 8 796 439 190 469 -1 -1 -1 -1
266 10 735 471 48 117 -1 -1 -1 -1
266 11 1303 439 43 109 -1 -1 -1 -1
266 12 506 443 47 119 -1 -1 -1 -1
266 44 1115 437 45 109 -1 -1 -1 -1
266 53 401 458 43 108 -1 -1 -1 -1
266 64 674 454 72 178 -1 -1 -1 -1
266 76 457 447 43 109 -1 -1 -1 -1
267 4 890 413 247 603 -1 -1 -1 -1
267 6 1672 420 136 329 -1 -1 -1 -1
267 7 1334 430 153 380 -1 -1 -1 -1
267 8 796 440 190 469 -1 -1 -1 -1
267 10 732 472 48 117 -1 -1 -1 -1
267 11 1301 438 44 109 -1 -1 -1 -1
267 12 505 443 48 119 -1 -1 -1 -1
267 44 1117 436 44 109 -1 -1 -1 -1
267 53 401 459 43 108 -1 -1 -1 -1
267 64 674 452 73 181 -1 -1 -1 -1
267 76 456 448 43 108 -1 -1 -1 -1
268 1 995 427 174 424 -1 -1 -1 -1
268 4 890 407 250 608 -1 -1 -1 -1
268 5 1156 435 35 91 -1 -1 -1 -1
268 6 1662 420 133 329 -1 -1 -1 -1
268 7 1342 432 158 389 -1 -1 -1 -1
268 8 793 438 191 469 -1 -1 -1 -1
268 9 1298 430 46 116 -1 -1 -1 -1
268 10 733 473 48 116 -1 -1 -1 -1
268 12 505 442 48 119 -1 -1 -1 -1
268 44 1117 438 45 108 -1 -1 -1 -1
268 53 400 459 44 108 -1 -1 -1 -1
268 64 676 451 76 187 -1 -1 -1 -1
268 76 455 454 41 103 -1 -1 -1 -1
269 1 994 422 175 430 -1 -1 -1 -1
269 4 892 410 250 606 -1 -1 -1 -1
269 5 1157 435 34 91 -1 -1 -1 -1
269 6 1656 417 134 329 -1 -1 -1 -1
269 7 1353 435 158 386 -1 -1 -1 -1
269 8 793 437 192 470 -1 -1 -1 -1
269 9 1301 431 46 115 -1 -1 -1 -1
269 10 736 472 47 118 -1 -1 -1 -1
269 12 505 443 47 119 -1 -1 -1 -1
269 44 1118 437 45 109 -1 -1 -1 -1
269 53 397 460 44 108 -1 -1 -1 -1
269 64 677 451 76 184 -1 -1 -1 -1
269 76 454 461 39 96 -1 -1 -1 -1
270 1 994 420 177 431 -1 -1 -1 -1
270 4 896 405 249 610 -1 -1 -1 -1
270 5 1154 435 36 90 -1 -1 -1 -1
270 6 1644 415 136 330 -1 -1 -1 -1
270 7 1362 441 154 379 -1 -1 -1 -1
270 8 793 436 192 471 -1 -1 -1 -1
270 9 1303 435 45 113 -1 -1 -1 -1
270 10 738 473 46 118 -1 -1 -1 -1
270 12 506 445 47 117 -1 -1 -1 -1
270 44 1119 435 46 111 -1 -1 -1 -1
270 53 398 460 43 109 -1 -1 -1 -1
270 64 678 449 78 189 -1 -1 -1 -1
270 76 454 458 39 100 -1 -1 -1 -1
271 1 998 423 178 430 -1 -1 -1 -1
271 4 897 404 250 612 -1 -1 -1 -1
271 5 1154 434 36 91 -1 -1 -1 -1
271 6 1632 410 135 334 -1 -1 -1 -1
271 7 1366 437 157 387 -1 -1 -1 -1
271 8 794 436 192 471 -1 -1 -1 -1
271 9 1304 437 44 110 -1 -1 -1 -1
271 10 736 468 48 122 -1 -1 -1 -1
271 12 505 444 47 118 -1 -1 -1 -1
271 44 1121 434 45 110 -1 -1 -1 -1
271 53 395 460 43 109 -1 -1 -1 -1
271 64 681 448 79 192 -1 -1 -1 -1
271 76 454 454 41 105 -1 -1 -1 -1
272 1 1018 423 165 403 -1 -1 -1 -1
272 4 903 407 248 609 -1 -1 -1 -1
272 5 1154 433 36 93 -1 -1 -1 -1
272 6 1618 408 136 335 -1 -1 -1 -1
272 7 1372 438 157 389 -1 -1 -1 -1
272 8 794 435 193 473 -1 -1 -1 -1
272 9 1309 436 44 109 -1 -1 -1 -1
272 10 735 466 49 123 -1 -1 -1 -1
272 11 1299 430 48 118 -1 -1 -1 -1
272 12 505 447 47 114 -1 -1 -1 -1
272 44 1121 432 46 113 -1 -1 -1 -1
272 53 394 458 44 110 -1 -1 -1 -1
272 64 683 445 77 189 -1 -1 -1 -1
272 76 454 450 43 109 -1 -1 -1 -1
273 1 1029 419 161 390 -1 -1 -1 -1
273 4 908 411 246 606 -1 -1 -1 -1
273 6 1612 406 134 338 -1 -1 -1 -1
273 7 1379 441 156 387 -1 -1 -1 -1
273 8 793 434 196 475 -1 -1 -1 -1
273 9 1317 438 42 106 -1 -1 -1 -1
273 10 737 466 48 123 -1 -1 -1 -1
273 12 506 447 46 114 -1 -1 -1 -1
273 44 1125 434 43 110 -1 -1 -1 -1
273 53 393 458 44 110 -1 -1 -1 -1
273 64 683 444 80 193 -1 -1 -1 -1
273 76 453 452 43 106 -1 -1 -1 -1
273 77 671 448 52 140 -1 -1 -1 -1
274 1 1032 421 158 386 -1 -1 -1 -1
274 4 914 413 238 595 -1 -1 -1 -1
274 6 1598 403 136 332 -1 -1 -1 -1
274 7 1385 440 157 388 -1 -1 -1 -1
274 8 793 435 195 475 -1 -1 -1 -1
274 9 1320 437 42 107 -1 -1 -1 -1
274 10 737 466 47 123 -1 -1 -1 -1
274 12 505 447 46 114 -1 -1 -1 -1
274 44 1126 434 44 111 -1 -1 -1 -1
274 53 392 458 44 111 -1 -1 -1 -1
274 64 686 445 79 193 -1 -1 -1 -1
274 76 454 449 44 108 -1 -1 -1 -1
274 77 671 452 57 148 -1 -1 -1 -1
275 1 1035 420 158 383 -1 -1 -1 -1
275 4 912 409 245 604 -1 -1 -1 -1
275 5 1146 433 41 102 -1 -1 -1 -1
275 6 1591 402 132 331 -1 -1 -1 -1
275 7 1392 437 157 388 -1 -1 -1 -1
275 8 793 435 196 475 -1 -1 -1 -1
275 9 1322 437 42 105 -1 -1 -1 -1
275 11 1296 425 50 121 -1 -1 -1 -1
275 12 506 447 46 114 -1 -1 -1 -1
275 53 391 458 45 111 -1 -1 -1 -1
275 64 690 446 78 190 -1 -1 -1 -1
275 76 455 447 44 110 -1 -1 -1 -1
275 77 670 449 61 153 -1 -1 -1 -1
276 1 1037 419 158 383 -1 -1 -1 -1
276 4 911 413 248 605 -1 -1 -1 -1
276 5 1147 434 40 99 -1 -1 -1 -1
276 6 1579 408 132 326 -1 -1 -1 -1
276 7 1396 434 160 393 -1 -1 -1 -1
276 8 794 434 195 474 -1 -1 -1 -1
276 9 1325 439 40 103 -1 -1 -1 -1
276 10 744 467 47 118 -1 -1 -1 -1
276 11 1296 427 49 120 -1 -1 -1 -1
276 12 506 447 45 114 -1 -1 -1 -1
276 53 390 458 44 111 -1 -1 -1 -1
276 59 1308 434 46 112 -1 -1 -1 -1
276 64 695 450 73 183 -1 -1 -1 -1
276 76 456 449 42 107 -1 -1 -1 -1
276 77 670 450 59 151 -1 -1 -1 -1
277 1 1043 421 154 368 -1 -1 -1 -1
277 4 915 414 251 611 -1 -1 -1 -1
277 6 1571 416 128 315 -1 -1 -1 -1
277 7 1400 431 161 397 -1 -1 -1 -1
277 8 794 432 196 477 -1 -1 -1 -1
277 9 1327 443 40 99 -1 -1 -1 -1
277 10 743 467 48 116 -1 -1 -1 -1
277 11 1297 425 47 118 -1 -1 -1 -1
277 12 506 448 46 112 -1 -1 -1 -1
277 53 390 457 45 110 -1 -1 -1 -1
277 59 1315 438 43 106 -1 -1 -1 -1
277 64 696 449 77 188 -1 -1 -1 -1
277 76 456 448 42 108 -1 -1 -1 -1
277 77 671 451 58 149 -1 -1 -1 -1
278 1 1044 424 153 379 -1 -1 -1 -1
278 4 918 410 252 615 -1 -1 -1 -1
278 6 1563 427 124 302 -1 -1 -1 -1
278 7 1405 431 162 397 -1 -1 -1 -1
278 8 798 430 194 476 -1 -1 -1 -1
278 9 1330 443 40 99 -1 -1 -1 -1
278 11 1297 423 48 119 -1 -1 -1 -1
278 12 506 446 47 115 -1 -1 -1 -1
278 53 389 458 45 110 -1 -1 -1 -1
278 64 702 451 74 183 -1 -1 -1 -1
278 76 455 447 43 109 -1 -1 -1 -1
278 77 671 454 57 147 -1 -1 -1 -1
279 1 1045 422 155 371 -1 -1 -1 -1
279 4 921 409 251 614 -1 -1 -1 -1
279 6 1554 423 125 306 -1 -1 -1 -1
279 7 1414 425 163 404 -1 -1 -1 -1
279 8 799 432 195 473 -1 -1 -1 -1
279 9 1333 444 38 97 -1 -1 -1 -1
279 11 1295 422 48 119 -1 -1 -1 -1
279 12 506 445 47 116 -1 -1 -1 -1
279 53 389 459 43 110 -1 -1 -1 -1
279 64 706 450 74 185 -1 -1 -1 -1
279 77 673 468 54 134 -1 -1 -1 -1
280 1 1047 423 154 372 -1 -1 -1 -1
280 4 919 404 253 619 -1 -1 -1 -1
280 6 1543 420 127 308 -1 -1 -1 -1
280 7 1426 427 166 408 -1 -1 -1 -1
280 8 801 431 194 474 -1 -1 -1 -1
280 9 1334 444 38 97 -1 -1 -1 -1
280 10 678 459 48 108 -1 -1 -1 -1
280 11 1296 423 48 118 -1 -1 -1 -1
280 12 506 447 46 114 -1 -1 -1 -1
280 53 388 459 43 111 -1 -1 -1 -1
280 64 708 449 75 187 -1 -1 -1 -1
280 77 672 463 55 138 -1 -1 -1 -1
281 1 1055 430 146 352 -1 -1 -1 -1
281 4 923 408 252 615 -1 -1 -1 -1
281 5 1149 436 38 94 -1 -1 -1 -1
281 6 1535 421 129 312 -1 -1 -1 -1
281 7 1436 423 168 411 -1 -1 -1 -1
281 8 802 431 194 474 -1 -1 -1 -1
281 9 1336 445 38 96 -1 -1 -1 -1
281 11 1296 426 47 115 -1 -1 -1 -1
281 12 506 447 46 114 -1 -1 -1 -1
281 53 388 462 42 107 -1 -1 -1 -1
281 64 709 452 76 184 -1 -1 -1 -1
281 77 672 473 54 130 -1 -1 -1 -1
282 1 1055 434 144 348 -1 -1 -1 -1
282 4 924 407 251 616 -1 -1 -1 -1
282 5 1149 437 39 98 -1 -1 -1 -1
282 6 1524 417 126 315 -1 -1 -1 -1
282 7 1441 425 167 414 -1 -1 -1 -1
282 8 805 430 193 474 -1 -1 -1 -1
282 9 1337 443 39 98 -1 -1 -1 -1
282 11 1297 426 46 116 -1 -1 -1 -1
282 12 506 445 46 116 -1 -1 -1 -1
282 53 386 463 42 107 -1 -1 -1 -1
282 64 713 455 73 181 -1 -1 -1 -1
282 77 673 470 54 132 -1 -1 -1 -1
283 1 1057 436 141 343 -1 -1 -1 -1
283 4 925 407 251 614 -1 -1 -1 -1
283 5 1150 438 39 101 -1 -1 -1 -1
283 7 1446 421 170 420 -1 -1 -1 -1
283 8 810 429 193 475 -1 -1 -1 -1
283 9 1339 441 39 100 -1 -1 -1 -1
283 11 1297 425 46 117 -1 -1 -1 -1
283 12 505 445 47 116 -1 -1 -1 -1
283 53 385 461 43 110 -1 -1 -1 -1
283 64 715 455 75 181 -1 -1 -1 -1
283 77 671 463 56 137 -1 -1 -1 -1
283 92 1528 424 107 258 -1 -1 -1 -1
283 94 580 461 22 55 -1 -1 -1 -1
284 4 928 404 251 618 -1 -1 -1 -1
284 6 1452 417 142 345 -1 -1 -1 -1
284 7 1455 420 168 419 -1 -1 -1 -1
284 8 812 428 194 479 -1 -1 -1 -1
284 9 1340 441 41 101 -1 -1 -1 -1
284 11 1297 427 46 114 -1 -1 -1 -1
284 12 504 444 47 117 -1 -1 -1 -1
284 44 1148 438 43 107 -1 -1 -1 -1
284 53 385 460 44 111 -1 -1 -1 -1
284 64 717 452 75 188 -1 -1 -1 -1
284 76 447 449 42 106 -1 -1 -1 -1
284 77 672 456 56 143 -1 -1 -1 -1
285 4 925 408 249 612 -1 -1 -1 -1
285 5 1149 439 42 106 -1 -1 -1 -1
285 6 1440 420 141 346 -1 -1 -1 -1
285 7 1462 427 168 415 -1 -1 -1 -1
285 8 815 429 194 479 -1 -1 -1 -1
285 9 1342 442 42 103 -1 -1 -1 -1
285 11 1297 428 45 114 -1 -1 -1 -1
285 12 504 443 47 118 -1 -1 -1 -1
285 53 385 460 43 110 -1 -1 -1 -1
285 64 721 450 76 191 -1 -1 -1 -1
285 76 448 447 43 109 -1 -1 -1 -1
285 77 673 459 55 139 -1 -1 -1 -1
286 4 927 412 246 605 -1 -1 -1 -1
286 5 1149 439 42 105 -1 -1 -1 -1
286 6 1444 423 141 348 -1 -1 -1 -1
286 7 1476 434 166 407 -1 -1 -1 -1
286 8 819 432 191 473 -1 -1 -1 -1
286 9 1346 442 41 102 -1 -1 -1 -1
286 10 798 454 35 87 -1 -1 -1 -1
286 11 1297 429 45 114 -1 -1 -1 -1
286 12 503 444 47 117 -1 -1 -1 -1
286 53 383 460 44 110 -1 -1 -1 -1
286 64 723 449 77 193 -1 -1 -1 -1
286 76 448 448 42 107 -1 -1 -1 -1
286 77 672 456 56 140 -1 -1 -1 -1
287 4 932 416 247 599 -1 -1 -1 -1
287 5 1149 438 42 108 -1 -1 -1 -1
287 6 1451 422 142 350 -1 -1 -1 -1
287 7 1488 435 166 405 -1 -1 -1 -1
287 8 820 432 193 474 -1 -1 -1 -1
287 9 1347 442 40 102 -1 -1 -1 -1
287 10 802 451 36 90 -1 -1 -1 -1
287 11 1297 428 45 114 -1 -1 -1 -1
287 12 504 446 46 114 -1 -1 -1 -1
287 53 383 460 43 110 -1 -1 -1 -1
287 64 724 447 78 195 -1 -1 -1 -1
287 77 673 458 54 137 -1 -1 -1 -1
288 4 934 414 250 604 -1 -1 -1 -1
288 5 1149 437 44 109 -1 -1 -1 -1
288 6 1451 415 146 356 -1 -1 -1 -1
288 7 1495 434 167 409 -1 -1 -1 -1
288 8 821 429 196 480 -1 -1 -1 -1
288 9 1349 443 40 102 -1 -1 -1 -1
288 11 1297 428 46 115 -1 -1 -1 -1
288 12 504 448 45 113 -1 -1 -1 -1
288 53 382 460 44 110 -1 -1 -1 -1
288 64 726 447 79 196 -1 -1 -1 -1
288 77 674 459 53 135 -1 -1 -1 -1
289 4 936 409 253 611 -1 -1 -1 -1
289 5 1150 437 43 107 -1 -1 -1 -1
289 6 1453 411 145 359 -1 -1 -1 -1
289 7 1507 435 167 411 -1 -1 -1 -1
289 8 824 429 196 481 -1 -1 -1 -1
289 9 1352 444 40 101 -1 -1 -1 -1
289 11 1298 428 45 114 -1 -1 -1 -1
289 12 504 447 46 114 -1 -1 -1 -1
289 53 382 460 44 110 -1 -1 -1 -1
289 64 730 449 79 195 -1 -1 -1 -1
289 77 673 457 55 141 -1 -1 -1 -1
289 108 689 460 52 131 -1 -1 -1 -1
290 1 1442 413 135 332 -1 -1 -1 -1
290 4 936 413 252 608 -1 -1 -1 -1
290 5 1151 435 44 109 -1 -1 -1 -1
290 6 1469 415 148 361 -1 -1 -1 -1
290 7 1515 438 166 412 -1 -1 -1 -1
290 8 827 431 193 475 -1 -1 -1 -1
290 9 1357 445 39 99 -1 -1 -1 -1
290 11 1298 427 45 114 -1 -1 -1 -1
290 12 505 450 45 111 -1 -1 -1 -1
290 53 382 460 44 109 -1 -1 -1 -1
290 64 733 449 78 192 -1 -1 -1 -1
290 77 674 460 55 138 -1 -1 -1 -1
290 108 689 463 51 128 -1 -1 -1 -1
291 4 941 407 251 612 -1 -1 -1 -1
291 5 1151 435 46 115 -1 -1 -1 -1
291 7 1524 437 167 417 -1 -1 -1 -1
291 8 829 432 193 475 -1 -1 -1 -1
291 9 1359 444 40 100 -1 -1 -1 -1
291 11 1298 428 46 114 -1 -1 -1 -1
291 12 505 450 45 111 -1 -1 -1 -1
291 53 381 459 44 110 -1 -1 -1 -1
291 64 736 446 78 193 -1 -1 -1 -1
291 76 449 473 33 82 -1 -1 -1 -1
291 77 672 459 57 140 -1 -1 -1 -1
291 92 1448 423 116 287 -1 -1 -1 -1
292 4 941 408 247 608 -1 -1 -1 -1
292 5 1151 436 46 116 -1 -1 -1 -1
292 6 1482 418 143 354 -1 -1 -1 -1
292 7 1527 437 169 419 -1 -1 -1 -1
292 8 829 433 194 476 -1 -1 -1 -1
292 9 1361 443 39 99 -1 -1 -1 -1
292 11 1298 428 45 113 -1 -1 -1 -1
292 12 505 450 45 111 -1 -1 -1 -1
292 53 380 458 45 111 -1 -1 -1 -1
292 64 740 447 77 191 -1 -1 -1 -1
292 76 450 477 31 79 -1 -1 -1 -1
292 77 675 460 55 137 -1 -1 -1 -1
292 92 1443 428 113 279 -1 -1 -1 -1
292 94 581 460 21 55 -1 -1 -1 -1
293 4 940 415 245 598 -1 -1 -1 -1
293 6 1497 429 145 347 -1 -1 -1 -1
293 7 1536 442 168 412 -1 -1 -1 -1
293 8 831 432 195 477 -1 -1 -1 -1
293 9 1362 443 39 99 -1 -1 -1 -1
293 10 969 448 34 81 -1 -1 -1 -1
293 11 1299 430 44 112 -1 -1 -1 -1
293 12 504 446 46 115 -1 -1 -1 -1
293 44 1154 437 44 110 -1 -1 -1 -1
293 53 379 457 45 112 -1 -1 -1 -1
293 64 745 449 76 188 -1 -1 -1 -1
293 76 448 473 34 82 -1 -1 -1 -1
293 77 676 463 54 134 -1 -1 -1 -1
293 92 1427 430 113 273 -1 -1 -1 -1
293 94 576 459 22 55 -1 -1 -1 -1
293 108 726 465 52 128 -1 -1 -1 -1
294 4 940 400 248 611 -1 -1 -1 -1
294 6 1501 430 140 342 -1 -1 -1 -1
294 7 1543 439 169 420 -1 -1 -1 -1
294 8 834 433 197 476 -1 -1 -1 -1
294 9 1365 444 39 98 -1 -1 -1 -1
294 10 974 447 36 85 -1 -1 -1 -1
294 11 1299 429 45 114 -1 -1 -1 -1
294 12 505 449 44 112 -1 -1 -1 -1
294 44 1157 435 45 112 -1 -1 -1 -1
294 53 379 457 45 112 -1 -1 -1 -1
294 64 748 450 77 188 -1 -1 -1 -1
294 77 672 459 58 140 -1 -1 -1 -1
294 92 1421 429 110 268 -1 -1 -1 -1
294 94 579 460 22 55 -1 -1 -1 -1
294 108 731 465 54 130 -1 -1 -1 -1
295 4 943 408 246 604 -1 -1 -1 -1
295 6 1507 429 143 349 -1 -1 -1 -1
295 7 1550 436 171 426 -1 -1 -1 -1
295 8 836 431 197 478 -1 -1 -1 -1
295 9 1368 443 39 100 -1 -1 -1 -1
295 11 1299 429 45 114 -1 -1 -1 -1
295 12 505 450 44 110 -1 -1 -1 -1
295 44 1159 435 44 112 -1 -1 -1 -1
295 53 379 458 45 112 -1 -1 -1 -1
295 64 749 448 78 191 -1 -1 -1 -1
295 77 674 462 57 135 -1 -1 -1 -1
295 92 1409 425 112 273 -1 -1 -1 -1
295 94 576 460 21 53 -1 -1 -1 -1
295 108 732 466 54 128 -1 -1 -1 -1
296 4 952 408 242 599 -1 -1 -1 -1
296 5 1161 437 43 110 -1 -1 -1 -1
296 6 1516 419 147 360 -1 -1 -1 -1
296 7 1552 435 175 427 -1 -1 -1 -1
296 8 838 431 198 480 -1 -1 -1 -1
296 9 1371 444 40 97 -1 -1 -1 -1
296 11 1299 429 45 113 -1 -1 -1 -1
296 12 507 453 43 107 -1 -1 -1 -1
296 53 379 458 45 112 -1 -1 -1 -1
296 64 750 448 79 193 -1 -1 -1 -1
296 77 675 464 55 132 -1 -1 -1 -1
296 92 1401 425 115 283 -1 -1 -1 -1
296 94 575 459 22 54 -1 -1 -1 -1
296 108 732 469 49 124 -1 -1 -1 -1
297 4 954 409 239 592 -1 -1 -1 -1
297 5 1161 437 43 109 -1 -1 -1 -1
297 7 1564 431 176 434 -1 -1 -1 -1
297 8 841 426 199 488 -1 -1 -1 -1
297 9 1376 441 41 102 -1 -1 -1 -1
297 11 1299 428 45 114 -1 -1 -1 -1
297 12 506 450 44 111 -1 -1 -1 -1
297 53 379 458 45 112 -1 -1 -1 -1
297 64 752 448 80 196 -1 -1 -1 -1
297 77 677 468 53 128 -1 -1 -1 -1
297 92 1398 422 114 284 -1 -1 -1 -1
297 94 574 459 22 54 -1 -1 -1 -1
297 108 734 470 51 123 -1 -1 -1 -1
297 116 580 460 22 55 -1 -1 -1 -1
298 4 954 411 240 590 -1 -1 -1 -1
298 5 1162 438 42 106 -1 -1 -1 -1
298 6 1540 413 147 363 -1 -1 -1 -1
298 7 1574 433 174 430 -1 -1 -1 -1
298 8 843 426 199 489 -1 -1 -1 -1
298 9 1374 442 41 98 -1 -1 -1 -1
298 11 1299 428 46 113 -1 -1 -1 -1
298 12 507 448 45 113 -1 -1 -1 -1
298 53 379 458 45 113 -1 -1 -1 -1
298 64 757 448 79 197 -1 -1 -1 -1
298 77 676 466 54 129 -1 -1 -1 -1
298 92 1387 423 115 280 -1 -1 -1 -1
298 94 575 459 22 55 -1 -1 -1 -1
298 108 737 464 53 130 -1 -1 -1 -1
298 116 579 460 22 56 -1 -1 -1 -1
299 4 955 418 237 581 -1 -1 -1 -1
299 5 1162 438 42 105 -1 -1 -1 -1
299 6 1544 413 147 362 -1 -1 -1 -1
299 7 1586 425 178 435 -1 -1 -1 -1
299 8 847 425 200 490 -1 -1 -1 -1
299 9 1377 438 39 102 -1 -1 -1 -1
299 11 1299 427 46 115 -1 -1 -1 -1
299 12 506 447 44 113 -1 -1 -1 -1
299 53 379 457 46 114 -1 -1 -1 -1
299 64 758 447 79 196 -1 -1 -1 -1
299 77 677 469 53 127 -1 -1 -1 -1
299 92 1380 425 114 282 -1 -1 -1 -1
299 94 575 459 23 56 -1 -1 -1 -1
299 108 735 465 52 130 -1 -1 -1 -1
299 116 579 460 23 57 -1 -1 -1 -1
300 4 957 421 234 573 -1 -1 -1 -1
300 5 1179 443 37 98 -1 -1 -1 -1
300 6 1555 423 144 344 -1 -1 -1 -1
300 7 1603 429 177 434 -1 -1 -1 -1
300 8 849 426 199 491 -1 -1 -1 -1
300 11 1300 428 45 114 -1 -1 -1 -1
300 12 506 452 43 107 -1 -1 -1 -1
300 44 1161 438 43 106 -1 -1 -1 -1
300 53 380 459 45 112 -1 -1 -1 -1
300 64 761 447 78 196 -1 -1 -1 -1
300 77 680 482 48 114 -1 -1 -1 -1
300 92 1376 423 113 277 -1 -1 -1 -1
300 94 576 460 22 54 -1 -1 -1 -1
300 108 735 463 54 130 -1 -1 -1 -1
300 116 580 462 22 55 -1 -1 -1 -1
301 4 962 418 234 569 -1 -1 -1 -1
301 5 1182 445 38 100 -1 -1 -1 -1
301 6 1566 424 139 341 -1 -1 -1 -1
301 7 1609 427 179 440 -1 -1 -1 -1
301 8 854 425 199 492 -1 -1 -1 -1
301 11 1300 429 45 112 -1 -1 -1 -1
301 12 505 452 43 107 -1 -1 -1 -1
301 44 1161 439 43 106 -1 -1 -1 -1
301 53 380 458 45 113 -1 -1 -1 -1
301 59 743 458 52 131 -1 -1 -1 -1
301 64 763 450 79 191 -1 -1 -1 -1
301 77 678 472 52 125 -1 -1 -1 -1
301 92 1375 435 107 264 -1 -1 -1 -1
301 94 575 460 22 55 -1 -1 -1 -1
301 108 733 467 52 127 -1 -1 -1 -1
301 116 580 462 22 55 -1 -1 -1 -1
302 4 961 423 235 566 -1 -1 -1 -1
302 5 1183 445 39 100 -1 -1 -1 -1
302 6 1574 414 145 359 -1 -1 -1 -1
302 7 1618 425 181 445 -1 -1 -1 -1
302 8 852 424 202 500 -1 -1 -1 -1
302 11 1300 428 45 113 -1 -1 -1 -1
302 12 505 455 42 104 -1 -1 -1 -1
302 44 1161 440 41 104 -1 -1 -1 -1
302 53 380 458 45 112 -1 -1 -1 -1
302 59 740 461 53 130 -1 -1 -1 -1
302 64 768 454 75 188 -1 -1 -1 -1
302 77 678 472 51 124 -1 -1 -1 -1
302 92 1360 421 114 280 -1 -1 -1 -1
302 94 575 461 22 53 -1 -1 -1 -1
302 108 733 468 50 124 -1 -1 -1 -1
302 116 581 463 21 54 -1 -1 -1 -1
303 4 964 412 236 572 -1 -1 -1 -1
303 5 1165 441 41 101 -1 -1 -1 -1
303 6 1582 414 155 376 -1 -1 -1 -1
303 7 1626 419 186 459 -1 -1 -1 -1
303 8 854 424 204 501 -1 -1 -1 -1
303 9 1187 442 40 102 -1 -1 -1 -1
303 11 1301 428 45 114 -1 -1 -1 -1
303 12 505 453 42 105 -1 -1 -1 -1
303 44 1166 440 43 103 -1 -1 -1 -1
303 53 379 457 46 114 -1 -1 -1 -1
303 64 770 457 76 185 -1 -1 -1 -1
303 77 678 477 51 121 -1 -1 -1 -1
303 92 1353 415 114 283 -1 -1 -1 -1
303 94 575 461 21 54 -1 -1 -1 -1
303 108 733 469 51 124 -1 -1 -1 -1
303 116 580 463 22 54 -1 -1 -1 -1
304 4 965 413 235 570 -1 -1 -1 -1
304 5 1159 441 40 97 -1 -1 -1 -1
304 6 1586 412 150 367 -1 -1 -1 -1
304 7 1632 425 184 454 -1 -1 -1 -1
304 8 852 425 207 505 -1 -1 -1 -1
304 9 1169 441 40 101 -1 -1 -1 -1
304 11 1301 429 45 111 -1 -1 -1 -1
304 12 505 452 43 106 -1 -1 -1 -1
304 44 1181 442 41 102 -1 -1 -1 -1
304 53 378 457 46 113 -1 -1 -1 -1
304 59 740 465 53 128 -1 -1 -1 -1
304 64 771 455 76 190 -1 -1 -1 -1
304 77 679 476 50 121 -1 -1 -1 -1
304 92 1347 422 111 271 -1 -1 -1 -1
304 94 575 461 22 54 -1 -1 -1 -1
304 108 735 471 49 122 -1 -1 -1 -1
304 116 580 462 22 55 -1 -1 -1 -1
305 4 967 408 236 574 -1 -1 -1 -1
305 5 1180 444 40 99 -1 -1 -1 -1
305 6 1592 411 153 378 -1 -1 -1 -1
305 7 1645 429 182 447 -1 -1 -1 -1
305 8 851 425 207 506 -1 -1 -1 -1
305 11 1300 427 47 115 -1 -1 -1 -1
305 12 505 454 42 105 -1 -1 -1 -1
305 53 378 457 46 113 -1 -1 -1 -1
305 64 774 455 76 190 -1 -1 -1 -1
305 77 679 477 50 120 -1 -1 -1 -1
305 92 1336 418 110 272 -1 -1 -1 -1
305 94 575 461 22 54 -1 -1 -1 -1
305 108 736 472 49 120 -1 -1 -1 -1
305 116 580 462 22 55 -1 -1 -1 -1
305 121 0 447 67 400 -1 -1 -1 -1
306 4 971 411 234 568 -1 -1 -1 -1
306 5 1183 444 39 99 -1 -1 -1 -1
306 6 1599 409 159 384 -1 -1 -1 -1
306 7 1657 429 183 452 -1 -1 -1 -1
306 8 852 425 206 505 -1 -1 -1 -1
306 10 849 452 33 92 -1 -1 -1 -1
306 11 1295 422 55 135 -1 -1 -1 -1
306 12 504 456 41 103 -1 -1 -1 -1
306 53 379 457 45 113 -1 -1 -1 -1
306 64 777 453 77 189 -1 -1 -1 -1
306 77 679 479 50 121 -1 -1 -1 -1
306 92 1329 419 109 271 -1 -1 -1 -1
306 94 578 461 22 55 -1 -1 -1 -1
306 108 737 471 49 121 -1 -1 -1 -1
306 121 0 429 65 422 -1 -1 -1 -1
307 4 977 424 228 553 -1 -1 -1 -1
307 5 1183 440 41 103 -1 -1 -1 -1
307 6 1609 409 158 383 -1 -1 -1 -1
307 7 1670 429 185 457 -1 -1 -1 -1
307 8 851 425 206 504 -1 -1 -1 -1
307 11 1294 422 53 132 -1 -1 -1 -1
307 12 501 456 41 102 -1 -1 -1 -1
307 53 378 457 46 113 -1 -1 -1 -1
307 64 780 453 78 189 -1 -1 -1 -1
307 77 679 473 51 124 -1 -1 -1 -1
307 92 1325 423 109 269 -1 -1 -1 -1
307 94 575 458 22 56 -1 -1 -1 -1
307 108 738 471 49 120 -1 -1 -1 -1
307 116 579 459 22 56 -1 -1 -1 -1
308 4 981 416 232 562 -1 -1 -1 -1
308 5 1186 441 40 102 -1 -1 -1 -1
308 6 1620 410 157 385 -1 -1 -1 -1
308 7 1680 434 182 448 -1 -1 -1 -1
308 8 851 424 206 504 -1 -1 -1 -1
308 10 843 451 35 90 -1 -1 -1 -1
308 11 1295 419 51 128 -1 -1 -1 -1
308 12 500 456 41 102 -1 -1 -1 -1
308 53 379 457 45 113 -1 -1 -1 -1
308 64 782 450 80 193 -1 -1 -1 -1
308 77 680 470 51 126 -1 -1 -1 -1
308 92 1318 425 108 266 -1 -1 -1 -1
308 94 575 456 21 57 -1 -1 -1 -1
308 108 738 474 47 117 -1 -1 -1 -1
308 116 579 457 22 58 -1 -1 -1 -1
308 122 0 401 109 448 -1 -1 -1 -1
309 4 984 416 232 562 -1 -1 -1 -1
309 5 1188 440 41 105 -1 -1 -1 -1
309 6 1628 413 156 380 -1 -1 -1 -1
309 7 1692 431 184 455 -1 -1 -1 -1
309 8 850 425 206 504 -1 -1 -1 -1
309 9 1292 424 44 113 -1 -1 -1 -1
309 12 498 454 43 103 -1 -1 -1 -1
309 53 378 456 46 114 -1 -1 -1 -1
309 64 783 446 82 199 -1 -1 -1 -1
309 77 678 465 53 131 -1 -1 -1 -1
309 92 1310 425 109 263 -1 -1 -1 -1
309 94 578 456 22 57 -1 -1 -1 -1
309 108 738 472 48 119 -1 -1 -1 -1
309 122 0 401 118 444 -1 -1 -1 -1
310 4 987 414 232 567 -1 -1 -1 -1
310 5 1189 442 40 102 -1 -1 -1 -1
310 6 1633 413 155 380 -1 -1 -1 -1
310 7 1704 433 183 450 -1 -1 -1 -1
310 8 850 425 205 504 -1 -1 -1 -1
310 10 846 451 35 92 -1 -1 -1 -1
310 12 496 454 42 104 -1 -1 -1 -1
310 53 377 456 46 113 -1 -1 -1 -1
310 64 786 445 82 202 -1 -1 -1 -1
310 77 674 461 56 137 -1 -1 -1 -1
310 92 1305 427 106 260 -1 -1 -1 -1
310 94 556 453 25 61 -1 -1 -1 -1
310 108 735 471 48 120 -1 -1 -1 -1
310 116 578 457 23 57 -1 -1 -1 -1
310 122 0 398 130 446 -1 -1 -1 -1
311 4 987 419 232 561 -1 -1 -1 -1
311 5 1190 443 40 101 -1 -1 -1 -1
311 6 1643 411 156 386 -1 -1 -1 -1
311 7 1709 438 185 453 -1 -1 -1 -1
311 8 851 425 206 505 -1 -1 -1 -1
311 10 848 452 34 89 -1 -1 -1 -1
311 12 495 452 43 106 -1 -1 -1 -1
311 44 1160 439 32 85 -1 -1 -1 -1
311 53 376 454 47 116 -1 -1 -1 -1
311 64 785 444 84 205 -1 -1 -1 -1
311 77 677 476 52 125 -1 -1 -1 -1
311 92 1295 426 105 259 -1 -1 -1 -1
311 108 734 470 48 120 -1 -1 -1 -1
311 122 0 400 131 447 -1 -1 -1 -1
312 4 986 418 233 562 -1 -1 -1 -1
312 5 1192 441 41 106 -1 -1 -1 -1
312 6 1649 416 160 385 -1 -1 -1 -1
312 7 1721 436 185 457 -1 -1 -1 -1
312 8 852 425 206 505 -1 -1 -1 -1
312 12 494 452 43 107 -1 -1 -1 -1
312 53 376 455 46 114 -1 -1 -1 -1
312 64 790 446 83 202 -1 -1 -1 -1
312 77 680 486 47 114 -1 -1 -1 -1
312 92 1288 427 104 254 -1 -1 -1 -1
312 108 734 467 50 123 -1 -1 -1 -1
312 122 0 404 146 442 -1 -1 -1 -1
313 4 987 414 235 567 -1 -1 -1 -1
313 5 1192 440 42 107 -1 -1 -1 -1
313 6 1663 413 161 396 -1 -1 -1 -1
313 7 1723 436 189 461 -1 -1 -1 -1
313 8 851 424 206 506 -1 -1 -1 -1
313 12 494 450 44 108 -1 -1 -1 -1
313 44 1014 441 36 87 -1 -1 -1 -1
313 53 376 454 46 116 -1 -1 -1 -1
313 59 421 458 42 106 -1 -1 -1 -1
313 64 795 444 82 204 -1 -1 -1 -1
313 77 676 465 55 133 -1 -1 -1 -1
313 92 1283 423 105 260 -1 -1 -1 -1
313 108 734 464 51 126 -1 -1 -1 -1
313 122 0 401 162 445 -1 -1 -1 -1
314 4 988 408 236 574 -1 -1 -1 -1
314 5 1192 439 44 108 -1 -1 -1 -1
314 6 1669 417 160 392 -1 -1 -1 -1
314 7 1729 429 188 471 -1 -1 -1 -1
314 8 851 424 206 506 -1 -1 -1 -1
314 12 494 450 45 109 -1 -1 -1 -1
314 44 1124 438 34 85 -1 -1 -1 -1
314 53 376 455 47 114 -1 -1 -1 -1
314 64 798 446 81 202 -1 -1 -1 -1
314 77 674 460 57 139 -1 -1 -1 -1
314 92 1277 421 106 263 -1 -1 -1 -1
314 108 734 470 49 121 -1 -1 -1 -1
314 122 1 404 174 440 -1 -1 -1 -1
315 4 996 416 231 566 -1 -1 -1 -1
315 5 1194 440 42 107 -1 -1 -1 -1
315 6 1674 415 161 395 -1 -1 -1 -1
315 7 1745 430 175 477 -1 -1 -1 -1
315 8 851 424 206 507 -1 -1 -1 -1
315 9 1418 438 41 106 -1 -1 -1 -1
315 12 494 450 44 109 -1 -1 -1 -1
315 53 376 454 47 116 -1 -1 -1 -1
315 64 800 444 82 203 -1 -1 -1 -1
315 77 675 460 55 136 -1 -1 -1 -1
315 92 1271 425 105 256 -1 -1 -1 -1
315 108 729 470 48 122 -1 -1 -1 -1
315 122 9 401 178 436 -1 -1 -1 -1
316 4 998 422 229 560 -1 -1 -1 -1
316 5 1196 442 41 105 -1 -1 -1 -1
316 6 1686 411 162 391 -1 -1 -1 -1
316 7 1778 427 141 494 -1 -1 -1 -1
316 8 851 425 206 506 -1 -1 -1 -1
316 9 1422 438 42 106 -1 -1 -1 -1
316 12 494 450 44 109 -1 -1 -1 -1
316 53 376 454 47 116 -1 -1 -1 -1
316 59 412 462 39 101 -1 -1 -1 -1
316 64 803 445 82 203 -1 -1 -1 -1
316 77 674 457 56 139 -1 -1 -1 -1
316 92 1265 425 106 257 -1 -1 -1 -1
316 108 730 468 49 124 -1 -1 -1 -1
316 122 21 406 175 431 -1 -1 -1 -1
317 4 995 415 232 566 -1 -1 -1 -1
317 5 1197 441 42 105 -1 -1 -1 -1
317 6 1692 404 183 451 -1 -1 -1 -1
317 7 1789 425 131 496 -1 -1 -1 -1
317 8 852 426 205 504 -1 -1 -1 -1
317 9 1426 439 42 106 -1 -1 -1 -1
317 12 493 451 44 108 -1 -1 -1 -1
317 53 377 455 46 115 -1 -1 -1 -1
317 59 411 467 38 97 -1 -1 -1 -1
317 64 805 444 83 205 -1 -1 -1 -1
317 77 676 469 53 128 -1 -1 -1 -1
317 92 1262 438 98 241 -1 -1 -1 -1
317 94 549 451 25 61 -1 -1 -1 -1
317 108 730 470 48 122 -1 -1 -1 -1
317 122 30 404 174 432 -1 -1 -1 -1
318 4 998 413 232 568 -1 -1 -1 -1
318 5 1198 441 42 107 -1 -1 -1 -1
318 6 1697 406 184 451 -1 -1 -1 -1
318 7 1796 427 124 495 -1 -1 -1 -1
318 8 852 425 204 504 -1 -1 -1 -1
318 9 1429 437 43 109 -1 -1 -1 -1
318 10 1004 466 44 109 -1 -1 -1 -1
318 11 1671 436 56 142 -1 -1 -1 -1
318 12 493 453 44 106 -1 -1 -1 -1
318 44 1155 436 36 88 -1 -1 -1 -1
318 53 377 455 46 115 -1 -1 -1 -1
318 59 412 472 37 91 -1 -1 -1 -1
318 64 807 444 83 205 -1 -1 -1 -1
318 77 679 482 48 116 -1 -1 -1 -1
318 92 1256 432 103 246 -1 -1 -1 -1
318 94 549 451 25 62 -1 -1 -1 -1
318 108 729 472 48 121 -1 -1 -1 -1
318 122 42 405 175 430 -1 -1 -1 -1
319 4 1000 425 227 555 -1 -1 -1 -1
319 5 1200 442 42 107 -1 -1 -1 -1
319 6 1705 406 174 427 -1 -1 -1 -1
319 7 1797 423 123 495 -1 -1 -1 -1
319 8 852 424 205 505 -1 -1 -1 -1
319 9 1429 435 44 110 -1 -1 -1 -1
319 10 1010 466 44 110 -1 -1 -1 -1
319 11 1683 435 57 145 -1 -1 -1 -1
319 12 493 453 44 106 -1 -1 -1 -1
319 44 1151 435 43 108 -1 -1 -1 -1
319 53 377 455 46 115 -1 -1 -1 -1
319 59 413 472 36 92 -1 -1 -1 -1
319 64 808 444 84 204 -1 -1 -1 -1
319 77 678 475 50 121 -1 -1 -1 -1
319 92 1244 429 101 245 -1 -1 -1 -1
319 94 549 451 25 61 -1 -1 -1 -1
319 108 730 473 48 120 -1 -1 -1 -1
319 122 53 407 175 426 -1 -1 -1 -1
320 4 1004 423 228 558 -1 -1 -1 -1
320 5 1201 443 42 105 -1 -1 -1 -1
320 6 1715 402 172 422 -1 -1 -1 -1
320 7 1809 421 111 498 -1 -1 -1 -1
320 8 852 426 205 504 -1 -1 -1 -1
320 9 1432 435 43 110 -1 -1 -1 -1
320 12 494 453 44 106 -1 -1 -1 -1
320 53 377 456 46 114 -1 -1 -1 -1
320 59 413 472 36 92 -1 -1 -1 -1
320 64 811 447 84 203 -1 -1 -1 -1
320 77 678 482 49 116 -1 -1 -1 -1
320 92 1242 434 98 241 -1 -1 -1 -1
320 108 730 472 48 121 -1 -1 -1 -1
320 122 65 408 170 421 -1 -1 -1 -1
321 4 1007 419 230 563 -1 -1 -1 -1
321 5 1205 445 40 99 -1 -1 -1 -1
321 6 1723 401 173 424 -1 -1 -1 -1
321 7 1819 419 100 503 -1 -1 -1 -1
321 8 853 426 204 504 -1 -1 -1 -1
321 9 1436 436 42 109 -1 -1 -1 -1
321 12 493 450 43 108 -1 -1 -1 -1
321 44 1283 425 43 111 -1 -1 -1 -1
321 53 377 457 47 114 -1 -1 -1 -1
321 59 414 472 36 92 -1 -1 -1 -1
321 64 814 447 83 203 -1 -1 -1 -1
321 77 678 483 49 115 -1 -1 -1 -1
321 92 1239 448 95 228 -1 -1 -1 -1
321 108 730 469 50 124 -1 -1 -1 -1
321 122 75 413 168 415 -1 -1 -1 -1
322 4 1008 415 230 565 -1 -1 -1 -1
322 5 1231 449 37 98 -1 -1 -1 -1
322 6 1725 398 175 431 -1 -1 -1 -1
322 7 1823 412 97 514 -1 -1 -1 -1
322 8 853 426 204 503 -1 -1 -1 -1
322 9 1436 436 44 108 -1 -1 -1 -1
322 12 492 448 43 110 -1 -1 -1 -1
322 44 1298 423 47 115 -1 -1 -1 -1
322 53 377 458 47 113 -1 -1 -1 -1
322 59 415 477 35 88 -1 -1 -1 -1
322 64 816 448 82 201 -1 -1 -1 -1
322 77 679 483 48 114 -1 -1 -1 -1
322 92 1230 437 98 238 -1 -1 -1 -1
322 108 732 471 49 121 -1 -1 -1 -1
322 122 88 413 168 414 -1 -1 -1 -1
323 4 1009 414 230 565 -1 -1 -1 -1
323 5 1208 445 40 99 -1 -1 -1 -1
323 6 1730 398 175 430 -1 -1 -1 -1
323 7 1825 424 95 494 -1 -1 -1 -1
323 8 852 425 204 504 -1 -1 -1 -1
323 9 1440 438 42 106 -1 -1 -1 -1
323 12 492 448 43 110 -1 -1 -1 -1
323 44 1302 425 46 112 -1 -1 -1 -1
323 53 376 458 47 113 -1 -1 -1 -1
323 64 820 449 81 200 -1 -1 -1 -1
323 77 679 481 49 115 -1 -1 -1 -1
323 92 1221 437 96 236 -1 -1 -1 -1
323 108 733 472 48 121 -1 -1 -1 -1
323 122 92 413 169 413 -1 -1 -1 -1
324 4 1012 417 231 563 -1 -1 -1 -1
324 5 1212 446 37 94 -1 -1 -1 -1
324 6 1743 404 173 422 -1 -1 -1 -1
324 7 1834 439 86 479 -1 -1 -1 -1
324 8 853 423 204 506 -1 -1 -1 -1
324 9 1442 437 43 106 -1 -1 -1 -1
324 12 491 450 43 108 -1 -1 -1 -1
324 44 1305 425 46 113 -1 -1 -1 -1
324 53 377 458 46 113 -1 -1 -1 -1
324 59 415 477 36 88 -1 -1 -1 -1
324 64 824 450 80 199 -1 -1 -1 -1
324 77 681 488 45 111 -1 -1 -1 -1
324 92 1217 438 96 235 -1 -1 -1 -1
324 108 732 471 50 121 -1 -1 -1 -1
324 122 102 414 169 410 -1 -1 -1 -1
325 4 1014 415 231 566 -1 -1 -1 -1
325 6 1750 408 168 415 -1 -1 -1 -1
325 7 1843 430 77 492 -1 -1 -1 -1
325 8 854 423 204 506 -1 -1 -1 -1
325 9 1448 438 41 104 -1 -1 -1 -1
325 12 491 452 42 106 -1 -1 -1 -1
325 44 1304 424 47 115 -1 -1 -1 -1
325 53 377 457 46 113 -1 -1 -1 -1
325 59 416 476 35 88 -1 -1 -1 -1
325 64 827 451 81 200 -1 -1 -1 -1
325 77 681 490 44 109 -1 -1 -1 -1
325 92 1215 436 96 239 -1 -1 -1 -1
325 108 733 475 48 117 -1 -1 -1 -1
325 122 113 410 165 409 -1 -1 -1 -1
326 4 1012 414 232 566 -1 -1 -1 -1
326 5 1209 453 37 95 -1 -1 -1 -1
326 6 1759 401 159 427 -1 -1 -1 -1
326 7 1848 423 72 503 -1 -1 -1 -1
326 8 854 423 204 505 -1 -1 -1 -1
326 9 1451 438 41 104 -1 -1 -1 -1
326 12 491 449 43 109 -1 -1 -1 -1
326 44 1304 424 47 116 -1 -1 -1 -1
326 53 377 456 46 115 -1 -1 -1 -1
326 59 417 481 35 85 -1 -1 -1 -1
326 64 832 449 83 204 -1 -1 -1 -1
326 77 681 492 43 106 -1 -1 -1 -1
326 92 1213 446 85 215 -1 -1 -1 -1
326 108 732 471 50 122 -1 -1 -1 -1
326 122 121 410 170 411 -1 -1 -1 -1
327 4 1014 408 233 574 -1 -1 -1 -1
327 6 1769 400 149 453 -1 -1 -1 -1
327 8 854 425 204 504 -1 -1 -1 -1
327 9 1453 439 42 103 -1 -1 -1 -1
327 12 490 451 43 107 -1 -1 -1 -1
327 44 1303 423 47 118 -1 -1 -1 -1
327 53 378 457 45 114 -1 -1 -1 -1
327 59 418 481 34 85 -1 -1 -1 -1
327 64 836 449 83 205 -1 -1 -1 -1
327 77 681 492 43 107 -1 -1 -1 -1
327 108 733 472 49 121 -1 -1 -1 -1
327 122 136 407 166 411 -1 -1 -1 -1
328 4 1017 410 236 573 -1 -1 -1 -1
328 7 1793 386 128 527 -1 -1 -1 -1
328 8 855 425 204 504 -1 -1 -1 -1
328 9 1455 438 42 104 -1 -1 -1 -1
328 12 489 450 44 109 -1 -1 -1 -1
328 44 1302 424 47 115 -1 -1 -1 -1
328 53 377 458 47 114 -1 -1 -1 -1
328 59 418 481 34 85 -1 -1 -1 -1
328 64 839 449 83 205 -1 -1 -1 -1
328 77 681 492 43 107 -1 -1 -1 -1
328 92 1194 441 89 219 -1 -1 -1 -1
328 94 551 454 25 59 -1 -1 -1 -1
328 108 732 472 49 121 -1 -1 -1 -1
328 122 137 407 171 410 -1 -1 -1 -1
329 4 1017 408 234 577 -1 -1 -1 -1
329 7 1792 390 128 510 -1 -1 -1 -1
329 8 857 425 202 503 -1 -1 -1 -1
329 9 1458 438 43 104 -1 -1 -1 -1
329 12 488 450 44 109 -1 -1 -1 -1
329 44 1301 423 48 117 -1 -1 -1 -1
329 53 378 458 45 113 -1 -1 -1 -1
329 59 417 480 35 86 -1 -1 -1 -1
329 64 844 448 83 209 -1 -1 -1 -1
329 77 680 491 43 108 -1 -1 -1 -1
329 94 552 454 24 59 -1 -1 -1 -1
329 108 731 471 50 123 -1 -1 -1 -1
329 116 581 461 21 53 -1 -1 -1 -1
329 122 147 406 167 409 -1 -1 -1 -1
330 4 1021 408 238 575 -1 -1 -1 -1
330 7 1801 392 119 490 -1 -1 -1 -1
330 8 856 425 203 504 -1 -1 -1 -1
330 9 1460 436 42 104 -1 -1 -1 -1
330 10 1039 449 55 137 -1 -1 -1 -1
330 12 489 451 43 107 -1 -1 -1 -1
330 44 1300 423 47 118 -1 -1 -1 -1
330 53 378 457 45 113 -1 -1 -1 -1
330 59 417 479 35 86 -1 -1 -1 -1
330 64 848 448 79 204 -1 -1 -1 -1
330 77 679 491 44 109 -1 -1 -1 -1
330 94 552 454 24 59 -1 -1 -1 -1
330 108 732 468 51 125 -1 -1 -1 -1
330 116 582 460 21 54 -1 -1 -1 -1
330 122 158 408 166 406 -1 -1 -1 -1
331 4 1021 410 236 573 -1 -1 -1 -1
331 7 1809 396 111 447 -1 -1 -1 -1
331 8 855 424 204 505 -1 -1 -1 -1
331 9 1461 436 43 105 -1 -1 -1 -1
331 10 1039 448 55 137 -1 -1 -1 -1
331 12 489 449 43 110 -1 -1 -1 -1
331 44 1300 423 46 117 -1 -1 -1 -1
331 53 378 457 45 113 -1 -1 -1 -1
331 59 416 475 36 89 -1 -1 -1 -1
331 77 677 491 45 110 -1 -1 -1 -1
331 94 551 452 24 61 -1 -1 -1 -1
331 108 732 469 51 123 -1 -1 -1 -1
331 116 581 458 22 56 -1 -1 -1 -1
331 122 174 408 162 400 -1 -1 -1 -1
332 4 1022 410 235 573 -1 -1 -1 -1
332 7 1808 395 112 442 -1 -1 -1 -1
332 8 858 424 203 504 -1 -1 -1 -1
332 9 1464 435 43 109 -1 -1 -1 -1
332 12 489 450 42 109 -1 -1 -1 -1
332 44 1301 424 46 116 -1 -1 -1 -1
332 53 378 459 47 113 -1 -1 -1 -1
332 59 418 475 35 89 -1 -1 -1 -1
332 77 677 491 45 109 -1 -1 -1 -1
332 94 550 453 23 60 -1 -1 -1 -1
332 108 733 470 49 122 -1 -1 -1 -1
332 116 581 458 22 56 -1 -1 -1 -1
332 121 0 416 52 364 -1 -1 -1 -1
332 122 185 409 162 401 -1 -1 -1 -1
332 136 699 480 43 108 -1 -1 -1 -1
333 4 1022 404 239 580 -1 -1 -1 -1
333 7 1805 389 115 451 -1 -1 -1 -1
333 8 860 424 203 503 -1 -1 -1 -1
333 9 1466 435 43 107 -1 -1 -1 -1
333 12 489 450 43 107 -1 -1 -1 -1
333 53 378 458 47 114 -1 -1 -1 -1
333 77 681 492 43 106 -1 -1 -1 -1
333 94 549 451 24 62 -1 -1 -1 -1
333 108 734 469 50 124 -1 -1 -1 -1
333 116 582 456 22 57 -1 -1 -1 -1
333 121 0 419 61 359 -1 -1 -1 -1
333 122 191 408 166 405 -1 -1 -1 -1
334 4 1024 405 239 580 -1 -1 -1 -1
334 5 1226 443 40 102 -1 -1 -1 -1
334 7 1811 395 109 441 -1 -1 -1 -1
334 8 861 424 203 503 -1 -1 -1 -1
334 9 1468 435 43 107 -1 -1 -1 -1
334 12 489 451 43 108 -1 -1 -1 -1
334 44 1301 421 48 120 -1 -1 -1 -1
334 53 379 458 46 114 -1 -1 -1 -1
334 77 683 492 41 104 -1 -1 -1 -1
334 94 551 453 24 59 -1 -1 -1 -1
334 108 735 473 49 119 -1 -1 -1 -1
334 116 582 456 21 57 -1 -1 -1 -1
334 121 0 416 65 360 -1 -1 -1 -1
334 122 205 406 164 402 -1 -1 -1 -1
335 4 1025 403 240 583 -1 -1 -1 -1
335 5 1228 446 39 98 -1 -1 -1 -1
335 7 1821 403 98 440 -1 -1 -1 -1
335 8 861 425 203 502 -1 -1 -1 -1
335 9 1470 436 43 106 -1 -1 -1 -1
335 12 490 451 42 106 -1 -1 -1 -1
335 44 1300 422 47 119 -1 -1 -1 -1
335 53 378 458 47 114 -1 -1 -1 -1
335 77 681 490 43 107 -1 -1 -1 -1
335 94 551 453 24 59 -1 -1 -1 -1
335 108 734 472 49 121 -1 -1 -1 -1
335 116 581 456 22 58 -1 -1 -1 -1
335 121 0 441 69 336 -1 -1 -1 -1
335 122 214 404 165 403 -1 -1 -1 -1
336 4 1027 404 239 581 -1 -1 -1 -1
336 7 1834 400 84 441 -1 -1 -1 -1
336 8 862 426 201 499 -1 -1 -1 -1
336 9 1472 437 43 105 -1 -1 -1 -1
336 12 490 450 42 107 -1 -1 -1 -1
336 53 378 459 45 112 -1 -1 -1 -1
336 77 678 487 46 112 -1 -1 -1 -1
336 94 569 455 23 58 -1 -1 -1 -1
336 108 735 469 50 123 -1 -1 -1 -1
336 116 581 457 22 57 -1 -1 -1 -1
336 121 0 446 77 329 -1 -1 -1 -1
336 122 219 402 163 401 -1 -1 -1 -1
337 4 1026 403 239 583 -1 -1 -1 -1
337 8 861 426 202 499 -1 -1 -1 -1
337 9 1474 437 43 105 -1 -1 -1 -1
337 12 488 449 42 109 -1 -1 -1 -1
337 53 379 460 43 109 -1 -1 -1 -1
337 77 677 488 47 112 -1 -1 -1 -1
337 94 557 453 23 60 -1 -1 -1 -1
337 108 733 463 53 130 -1 -1 -1 -1
337 116 580 457 22 56 -1 -1 -1 -1
337 121 0 441 91 338 -1 -1 -1 -1
337 122 231 405 161 398 -1 -1 -1 -1
337 145 1146 423 157 371 -1 -1 -1 -1
338 4 1027 408 238 577 -1 -1 -1 -1
338 8 862 424 202 501 -1 -1 -1 -1
338 9 1477 436 42 105 -1 -1 -1 -1
338 12 489 448 42 112 -1 -1 -1 -1
338 44 1300 422 48 117 -1 -1 -1 -1
338 53 378 459 45 111 -1 -1 -1 -1
338 77 678 490 46 109 -1 -1 -1 -1
338 94 551 452 24 61 -1 -1 -1 -1
338 108 732 469 49 125 -1 -1 -1 -1
338 116 580 457 22 56 -1 -1 -1 -1
338 121 0 447 94 321 -1 -1 -1 -1
338 122 238 404 161 397 -1 -1 -1 -1
338 145 1151 426 153 365 -1 -1 -1 -1
339 4 1028 410 237 575 -1 -1 -1 -1
339 8 863 425 202 500 -1 -1 -1 -1
339 9 1480 438 42 103 -1 -1 -1 -1
339 12 485 449 43 110 -1 -1 -1 -1
339 53 377 459 45 110 -1 -1 -1 -1
339 77 678 490 45 109 -1 -1 -1 -1
339 94 549 452 24 60 -1 -1 -1 -1
339 108 734 468 52 126 -1 -1 -1 -1
339 121 0 443 102 330 -1 -1 -1 -1
339 122 246 407 160 394 -1 -1 -1 -1
339 136 732 483 44 112 -1 -1 -1 -1
339 145 1147 422 158 379 -1 -1 -1 -1
340 4 1027 412 236 572 -1 -1 -1 -1
340 8 865 426 204 497 -1 -1 -1 -1
340 9 1483 439 41 102 -1 -1 -1 -1
340 12 484 448 44 111 -1 -1 -1 -1
340 53 377 459 45 110 -1 -1 -1 -1
340 77 679 492 44 107 -1 -1 -1 -1
340 94 548 451 25 61 -1 -1 -1 -1
340 108 732 476 48 119 -1 -1 -1 -1
340 116 579 457 22 56 -1 -1 -1 -1
340 121 0 447 112 325 -1 -1 -1 -1
340 122 250 413 158 387 -1 -1 -1 -1
340 145 1142 421 163 383 -1 -1 -1 -1
341 4 1029 408 237 576 -1 -1 -1 -1
341 6 1118 411 191 466 -1 -1 -1 -1
341 8 865 427 205 498 -1 -1 -1 -1
341 10 743 471 48 123 -1 -1 -1 -1
341 12 485 448 43 110 -1 -1 -1 -1
341 53 377 458 45 112 -1 -1 -1 -1
341 77 679 490 44 109 -1 -1 -1 -1
341 94 548 451 25 62 -1 -1 -1 -1
341 108 731 476 48 119 -1 -1 -1 -1
341 116 579 457 23 57 -1 -1 -1 -1
341 121 0 444 127 329 -1 -1 -1 -1
341 122 258 415 158 386 -1 -1 -1 -1
341 145 1145 417 162 394 -1 -1 -1 -1
342 4 1029 407 236 577 -1 -1 -1 -1
342 6 1112 411 192 471 -1 -1 -1 -1
342 8 866 425 203 499 -1 -1 -1 -1
342 10 734 472 48 122 -1 -1 -1 -1
342 44 1300 419 48 121 -1 -1 -1 -1
342 53 376 457 47 113 -1 -1 -1 -1
342 64 1053 460 50 128 -1 -1 -1 -1
342 77 677 492 44 108 -1 -1 -1 -1
342 94 549 451 25 61 -1 -1 -1 -1
342 108 731 479 46 115 -1 -1 -1 -1
342 116 580 457 22 56 -1 -1 -1 -1
342 121 1 446 130 324 -1 -1 -1 -1
342 122 264 419 155 381 -1 -1 -1 -1
343 4 1028 405 239 581 -1 -1 -1 -1
343 8 871 426 200 495 -1 -1 -1 -1
343 9 1502 433 44 109 -1 -1 -1 -1
343 44 1298 417 49 123 -1 -1 -1 -1
343 53 379 460 43 108 -1 -1 -1 -1
343 64 1058 459 50 127 -1 -1 -1 -1
343 77 679 491 42 108 -1 -1 -1 -1
343 94 547 451 25 61 -1 -1 -1 -1
343 108 731 477 47 117 -1 -1 -1 -1
343 116 580 457 22 56 -1 -1 -1 -1
343 121 2 443 135 331 -1 -1 -1 -1
343 122 271 414 156 386 -1 -1 -1 -1
343 136 700 485 41 106 -1 -1 -1 -1
343 145 1147 412 163 398 -1 -1 -1 -1
344 4 1031 406 237 581 -1 -1 -1 -1
344 8 871 426 200 495 -1 -1 -1 -1
344 10 735 475 46 118 -1 -1 -1 -1
344 44 1298 416 49 124 -1 -1 -1 -1
344 53 380 461 43 107 -1 -1 -1 -1
344 64 1058 459 51 128 -1 -1 -1 -1
344 77 679 491 43 109 -1 -1 -1 -1
344 108 730 476 47 118 -1 -1 -1 -1
344 116 580 458 21 54 -1 -1 -1 -1
344 121 5 442 137 332 -1 -1 -1 -1
344 122 279 413 157 385 -1 -1 -1 -1
344 136 697 485 41 106 -1 -1 -1 -1
344 145 1147 411 165 401 -1 -1 -1 -1
345 4 1031 407 236 582 -1 -1 -1 -1
345 8 873 427 199 492 -1 -1 -1 -1
345 9 1504 432 43 108 -1 -1 -1 -1
345 44 1298 417 49 124 -1 -1 -1 -1
345 53 380 462 43 103 -1 -1 -1 -1
345 64 1057 460 51 129 -1 -1 -1 -1
345 77 681 491 43 107 -1 -1 -1 -1
345 108 731 474 49 119 -1 -1 -1 -1
345 121 20 441 134 328 -1 -1 -1 -1
345 122 288 412 155 383 -1 -1 -1 -1
345 145 1147 411 164 402 -1 -1 -1 -1
346 4 1033 406 237 582 -1 -1 -1 -1
346 8 874 427 200 493 -1 -1 -1 -1
346 9 1504 432 43 108 -1 -1 -1 -1
346 64 1058 461 50 127 -1 -1 -1 -1
346 77 681 491 42 107 -1 -1 -1 -1
346 108 731 476 47 117 -1 -1 -1 -1
346 121 30 441 132 328 -1 -1 -1 -1
346 122 294 408 157 388 -1 -1 -1 -1
346 145 1147 412 164 399 -1 -1 -1 -1
347 4 1032 409 235 580 -1 -1 -1 -1
347 8 875 426 200 493 -1 -1 -1 -1
347 9 1503 433 44 108 -1 -1 -1 -1
347 44 1298 417 49 124 -1 -1 -1 -1
347 64 1059 461 51 126 -1 -1 -1 -1
347 77 682 491 42 104 -1 -1 -1 -1
347 108 732 479 46 114 -1 -1 -1 -1
347 121 41 440 134 331 -1 -1 -1 -1
347 122 297 408 159 389 -1 -1 -1 -1
347 145 1146 412 164 403 -1 -1 -1 -1
348 4 1033 407 236 582 -1 -1 -1 -1
348 8 875 425 199 494 -1 -1 -1 -1
348 9 1504 432 45 109 -1 -1 -1 -1
348 44 1298 421 48 120 -1 -1 -1 -1
348 77 679 489 44 109 -1 -1 -1 -1
348 108 732 472 49 121 -1 -1 -1 -1
348 121 54 441 134 334 -1 -1 -1 -1
348 122 304 409 157 386 -1 -1 -1 -1
348 145 1138 416 171 407 -1 -1 -1 -1
349 4 1034 407 236 579 -1 -1 -1 -1
349 6 1110 409 191 486 -1 -1 -1 -1
349 8 876 425 200 494 -1 -1 -1 -1
349 77 680 489 44 108 -1 -1 -1 -1
349 108 731 469 50 123 -1 -1 -1 -1
349 121 63 440 134 330 -1 -1 -1 -1
349 122 313 404 157 387 -1 -1 -1 -1
349 145 1141 413 166 404 -1 -1 -1 -1
350 4 1038 407 234 580 -1 -1 -1 -1
350 6 1112 410 190 487 -1 -1 -1 -1
350 8 877 425 200 495 -1 -1 -1 -1
350 44 1298 423 47 119 -1 -1 -1 -1
350 77 679 489 44 108 -1 -1 -1 -1
350 108 730 467 50 125 -1 -1 -1 -1
350 121 69 443 133 326 -1 -1 -1 -1
350 122 322 400 158 390 -1 -1 -1 -1
351 4 1040 412 231 574 -1 -1 -1 -1
351 8 877 425 200 494 -1 -1 -1 -1
351 44 1298 424 47 118 -1 -1 -1 -1
351 77 680 489 42 106 -1 -1 -1 -1
351 108 730 469 49 123 -1 -1 -1 -1
351 121 75 440 132 331 -1 -1 -1 -1
351 122 329 403 157 383 -1 -1 -1 -1
351 145 1125 411 180 449 -1 -1 -1 -1
352 4 1041 405 233 582 -1 -1 -1 -1
352 8 879 427 199 492 -1 -1 -1 -1
352 77 681 489 42 105 -1 -1 -1 -1
352 92 1046 458 73 181 -1 -1 -1 -1
352 108 730 466 51 127 -1 -1 -1 -1
352 121 87 446 132 321 -1 -1 -1 -1
352 122 335 402 159 388 -1 -1 -1 -1
352 150 0 457 59 389 -1 -1 -1 -1
353 4 1041 408 231 580 -1 -1 -1 -1
353 5 1243 447 36 91 -1 -1 -1 -1
353 8 881 426 199 494 -1 -1 -1 -1
353 9 1512 431 43 109 -1 -1 -1 -1
353 44 1298 426 46 116 -1 -1 -1 -1
353 64 1056 454 52 123 -1 -1 -1 -1
353 77 682 489 41 104 -1 -1 -1 -1
353 92 1040 453 76 187 -1 -1 -1 -1
353 108 732 471 49 122 -1 -1 -1 -1
353 121 94 441 133 323 -1 -1 -1 -1
353 122 345 404 154 381 -1 -1 -1 -1
353 150 0 452 68 386 -1 -1 -1 -1
354 4 1042 406 232 581 -1 -1 -1 -1
354 5 1242 447 38 94 -1 -1 -1 -1
354 8 881 428 200 492 -1 -1 -1 -1
354 10 729 492 41 102 -1 -1 -1 -1
354 77 685 491 41 101 -1 -1 -1 -1
354 92 1050 465 71 175 -1 -1 -1 -1
354 108 732 473 49 118 -1 -1 -1 -1
354 121 99 443 131 320 -1 -1 -1 -1
354 122 355 405 156 382 -1 -1 -1 -1
354 136 676 488 44 111 -1 -1 -1 -1
354 150 0 451 80 385 -1 -1 -1 -1
355 4 1044 405 234 583 -1 -1 -1 -1
355 8 885 428 198 491 -1 -1 -1 -1
355 10 731 490 41 104 -1 -1 -1 -1
355 77 684 491 40 101 -1 -1 -1 -1
355 92 1043 451 78 192 -1 -1 -1 -1
355 108 737 481 44 110 -1 -1 -1 -1
355 121 110 446 130 320 -1 -1 -1 -1
355 122 362 404 154 380 -1 -1 -1 -1
355 136 676 488 43 111 -1 -1 -1 -1
355 150 0 445 93 388 -1 -1 -1 -1
356 4 1045 407 232 580 -1 -1 -1 -1
356 5 1245 446 35 89 -1 -1 -1 -1
356 8 887 429 198 489 -1 -1 -1 -1
356 10 709 489 39 102 -1 -1 -1 -1
356 77 679 490 43 106 -1 -1 -1 -1
356 92 1043 437 82 206 -1 -1 -1 -1
356 108 736 482 45 111 -1 -1 -1 -1
356 121 114 438 134 322 -1 -1 -1 -1
356 122 369 407 153 377 -1 -1 -1 -1
356 150 0 454 104 376 -1 -1 -1 -1
357 4 1045 408 232 579 -1 -1 -1 -1
357 5 1244 446 37 93 -1 -1 -1 -1
357 8 890 427 197 490 -1 -1 -1 -1
357 12 487 455 39 101 -1 -1 -1 -1
357 77 680 488 43 107 -1 -1 -1 -1
357 92 1046 447 78 193 -1 -1 -1 -1
357 108 735 482 45 111 -1 -1 -1 -1
357 121 120 447 129 316 -1 -1 -1 -1
357 122 378 404 155 378 -1 -1 -1 -1
357 150 0 451 120 373 -1 -1 -1 -1
358 4 1045 407 232 580 -1 -1 -1 -1
358 5 1244 445 38 95 -1 -1 -1 -1
358 8 891 428 199 489 -1 -1 -1 -1
358 44 1298 424 47 118 -1 -1 -1 -1
358 77 680 486 44 109 -1 -1 -1 -1
358 92 1041 434 82 206 -1 -1 -1 -1
358 108 733 471 50 122 -1 -1 -1 -1
358 121 135 447 124 307 -1 -1 -1 -1
358 122 384 405 153 376 -1 -1 -1 -1
358 150 0 454 134 368 -1 -1 -1 -1
359 4 1044 407 233 580 -1 -1 -1 -1
359 5 1247 446 36 91 -1 -1 -1 -1
359 8 893 427 198 490 -1 -1 -1 -1
359 44 1298 424 46 117 -1 -1 -1 -1
359 59 874 446 38 96 -1 -1 -1 -1
359 77 678 486 45 111 -1 -1 -1 -1
359 92 1040 433 82 208 -1 -1 -1 -1
359 108 732 466 52 127 -1 -1 -1 -1
359 121 145 444 123 311 -1 -1 -1 -1
359 122 390 406 151 374 -1 -1 -1 -1
359 150 1 455 143 369 -1 -1 -1 -1
360 4 1045 414 230 572 -1 -1 -1 -1
360 5 1247 446 37 92 -1 -1 -1 -1
360 7 8 455 148 367 -1 -1 -1 -1
360 8 895 427 199 491 -1 -1 -1 -1
360 10 732 489 43 105 -1 -1 -1 -1
360 44 1298 425 47 115 -1 -1 -1 -1
360 59 882 445 36 94 -1 -1 -1 -1
360 77 674 488 44 112 -1 -1 -1 -1
360 92 1031 433 85 208 -1 -1 -1 -1
360 108 734 469 51 121 -1 -1 -1 -1
360 121 156 475 114 277 -1 -1 -1 -1
360 122 395 403 153 376 -1 -1 -1 -1
361 4 1044 416 230 571 -1 -1 -1 -1
361 5 1248 446 36 91 -1 -1 -1 -1
361 8 898 424 199 491 -1 -1 -1 -1
361 10 735 491 43 103 -1 -1 -1 -1
361 44 1298 423 46 117 -1 -1 -1 -1
361 77 671 489 45 112 -1 -1 -1 -1
361 92 1027 439 81 199 -1 -1 -1 -1
361 108 739 477 46 115 -1 -1 -1 -1
361 121 159 445 123 305 -1 -1 -1 -1
361 122 401 406 151 372 -1 -1 -1 -1
362 4 1045 421 230 566 -1 -1 -1 -1
362 5 1248 446 36 91 -1 -1 -1 -1
362 8 897 424 200 487 -1 -1 -1 -1
362 44 1297 424 46 117 -1 -1 -1 -1
362 77 670 489 46 111 -1 -1 -1 -1
362 92 1023 437 78 200 -1 -1 -1 -1
362 108 734 474 48 119 -1 -1 -1 -1
362 121 166 452 121 298 -1 -1 -1 -1
362 122 404 407 151 371 -1 -1 -1 -1
363 4 1046 425 229 562 -1 -1 -1 -1
363 5 1249 447 35 89 -1 -1 -1 -1
363 8 904 427 194 479 -1 -1 -1 -1
363 44 1297 424 46 116 -1 -1 -1 -1
363 77 670 486 46 114 -1 -1 -1 -1
363 92 1016 434 83 207 -1 -1 -1 -1
363 108 730 469 51 124 -1 -1 -1 -1
363 121 168 449 122 301 -1 -1 -1 -1
363 122 411 408 150 371 -1 -1 -1 -1
363 153 30 452 148 368 -1 -1 -1 -1
364 4 1046 426 228 561 -1 -1 -1 -1
364 5 1250 446 37 91 -1 -1 -1 -1
364 8 905 428 194 480 -1 -1 -1 -1
364 10 702 486 41 106 -1 -1 -1 -1
364 44 1296 424 48 117 -1 -1 -1 -1
364 64 1081 458 51 132 -1 -1 -1 -1
364 77 668 485 47 116 -1 -1 -1 -1
364 92 1010 432 89 211 -1 -1 -1 -1
364 108 731 472 50 122 -1 -1 -1 -1
364 121 179 457 119 295 -1 -1 -1 -1
364 122 416 412 150 369 -1 -1 -1 -1
364 153 41 452 149 368 -1 -1 -1 -1
365 4 1048 433 226 554 -1 -1 -1 -1
365 5 1250 445 38 93 -1 -1 -1 -1
365 8 908 430 193 479 -1 -1 -1 -1
365 10 699 486 42 104 -1 -1 -1 -1
365 44 1297 424 47 117 -1 -1 -1 -1
365 64 1080 459 51 131 -1 -1 -1 -1
365 77 667 486 47 115 -1 -1 -1 -1
365 92 1009 431 86 209 -1 -1 -1 -1
365 108 733 472 49 120 -1 -1 -1 -1
365 121 186 444 124 309 -1 -1 -1 -1
365 122 421 410 150 370 -1 -1 -1 -1
365 136 684 490 41 104 -1 -1 -1 -1
365 153 50 448 150 371 -1 -1 -1 -1
366 4 1048 440 223 546 -1 -1 -1 -1
366 5 1251 446 38 93 -1 -1 -1 -1
366 8 909 430 193 480 -1 -1 -1 -1
366 10 700 489 41 102 -1 -1 -1 -1
366 64 1079 461 51 129 -1 -1 -1 -1
366 77 669 489 45 111 -1 -1 -1 -1
366 108 734 475 47 117 -1 -1 -1 -1
366 121 194 453 125 308 -1 -1 -1 -1
366 122 430 411 151 367 -1 -1 -1 -1
366 153 54 448 150 370 -1 -1 -1 -1
367 4 1048 436 225 551 -1 -1 -1 -1
367 5 1251 447 37 92 -1 -1 -1 -1
367 8 906 428 197 482 -1 -1 -1 -1
367 10 700 485 42 104 -1 -1 -1 -1
367 44 1297 424 48 117 -1 -1 -1 -1
367 53 380 476 38 93 -1 -1 -1 -1
367 64 1063 462 51 126 -1 -1 -1 -1
367 77 668 485 46 114 -1 -1 -1 -1
367 108 733 473 49 120 -1 -1 -1 -1
367 121 204 441 126 311 -1 -1 -1 -1
367 122 436 412 148 363 -1 -1 -1 -1
367 153 63 443 152 373 -1 -1 -1 -1
368 4 1047 437 225 549 -1 -1 -1 -1
368 5 1252 447 37 92 -1 -1 -1 -1
368 8 908 426 195 484 -1 -1 -1 -1
368 9 921 445 53 135 -1 -1 -1 -1
368 10 700 484 41 104 -1 -1 -1 -1
368 44 1298 424 46 117 -1 -1 -1 -1
368 53 380 476 38 93 -1 -1 -1 -1
368 64 1061 462 52 127 -1 -1 -1 -1
368 77 665 484 46 115 -1 -1 -1 -1
368 108 732 474 49 121 -1 -1 -1 -1
368 121 214 442 125 310 -1 -1 -1 -1
368 122 443 408 148 365 -1 -1 -1 -1
368 153 77 445 149 367 -1 -1 -1 -1
369 4 1048 435 225 552 -1 -1 -1 -1
369 5 1253 446 37 93 -1 -1 -1 -1
369 8 909 424 197 485 -1 -1 -1 -1
369 10 699 482 42 105 -1 -1 -1 -1
369 44 1298 426 46 115 -1 -1 -1 -1
369 53 379 473 40 96 -1 -1 -1 -1
369 64 1060 461 53 129 -1 -1 -1 -1
369 77 666 485 44 114 -1 -1 -1 -1
369 108 730 469 51 125 -1 -1 -1 -1
369 121 220 448 122 300 -1 -1 -1 -1
369 122 446 405 149 366 -1 -1 -1 -1
369 153 88 445 148 364 -1 -1 -1 -1
370 4 1047 433 228 555 -1 -1 -1 -1
370 5 1253 446 38 93 -1 -1 -1 -1
370 8 909 425 198 484 -1 -1 -1 -1
370 9 913 445 55 136 -1 -1 -1 -1
370 10 699 481 41 105 -1 -1 -1 -1
370 12 417 482 36 86 -1 -1 -1 -1
370 44 1298 426 46 115 -1 -1 -1 -1
370 53 379 471 40 99 -1 -1 -1 -1
370 64 1060 461 54 129 -1 -1 -1 -1
370 77 663 485 47 115 -1 -1 -1 -1
370 108 731 473 49 121 -1 -1 -1 -1
370 121 229 446 124 303 -1 -1 -1 -1
370 122 451 408 147 359 -1 -1 -1 -1
370 153 103 444 147 363 -1 -1 -1 -1
371 4 1047 436 226 552 -1 -1 -1 -1
371 5 1253 445 38 94 -1 -1 -1 -1
371 8 910 423 199 489 -1 -1 -1 -1
371 9 913 447 55 136 -1 -1 -1 -1
371 10 699 482 40 104 -1 -1 -1 -1
371 44 1299 426 46 115 -1 -1 -1 -1
371 53 379 472 40 98 -1 -1 -1 -1
371 64 1060 461 53 129 -1 -1 -1 -1
371 77 660 479 49 122 -1 -1 -1 -1
371 108 731 474 48 120 -1 -1 -1 -1
371 121 234 442 125 307 -1 -1 -1 -1
371 122 457 413 145 353 -1 -1 -1 -1
371 153 110 443 148 364 -1 -1 -1 -1
371 157 0 453 34 354 -1 -1 -1 -1
372 4 1046 435 227 552 -1 -1 -1 -1
372 5 1253 444 39 95 -1 -1 -1 -1
372 8 913 422 198 489 -1 -1 -1 -1
372 9 913 454 53 130 -1 -1 -1 -1
372 10 700 482 39 103 -1 -1 -1 -1
372 44 1298 424 47 117 -1 -1 -1 -1
372 53 378 471 41 99 -1 -1 -1 -1
372 64 1059 461 55 131 -1 -1 -1 -1
372 77 660 480 49 121 -1 -1 -1 -1
372 108 730 474 48 120 -1 -1 -1 -1
372 121 243 438 126 310 -1 -1 -1 -1
372 122 463 410 143 351 -1 -1 -1 -1
372 153 123 444 146 364 -1 -1 -1 -1
372 157 0 473 35 329 -1 -1 -1 -1
372 160 0 431 50 367 -1 -1 -1 -1
373 4 1047 430 227 557 -1 -1 -1 -1
373 5 1253 442 39 98 -1 -1 -1 -1
373 8 917 423 198 489 -1 -1 -1 -1
373 9 915 454 53 131 -1 -1 -1 -1
373 10 701 482 38 101 -1 -1 -1 -1
373 44 1298 423 47 118 -1 -1 -1 -1
373 53 377 460 45 111 -1 -1 -1 -1
373 64 1059 460 56 133 -1 -1 -1 -1
373 77 659 476 49 123 -1 -1 -1 -1
373 108 730 472 50 123 -1 -1 -1 -1
373 121 250 447 123 299 -1 -1 -1 -1
373 122 469 408 144 351 -1 -1 -1 -1
373 153 134 446 146 359 -1 -1 -1 -1
373 160 0 437 55 365 -1 -1 -1 -1
374 4 1048 432 227 555 -1 -1 -1 -1
374 5 1254 443 39 98 -1 -1 -1 -1
374 8 921 423 196 489 -1 -1 -1 -1
374 53 378 461 45 109 -1 -1 -1 -1
374 64 1060 459 56 135 -1 -1 -1 -1
374 77 655 468 53 132 -1 -1 -1 -1
374 108 729 470 51 125 -1 -1 -1 -1
374 121 259 451 118 290 -1 -1 -1 -1
374 122 472 406 145 354 -1 -1 -1 -1
374 153 144 444 147 361 -1 -1 -1 -1
374 160 0 450 58 353 -1 -1 -1 -1
375 4 1048 436 225 551 -1 -1 -1 -1
375 5 1256 445 38 96 -1 -1 -1 -1
375 8 922 425 197 488 -1 -1 -1 -1
375 10 698 479 40 103 -1 -1 -1 -1
375 44 1298 424 47 118 -1 -1 -1 -1
375 53 377 460 46 111 -1 -1 -1 -1
375 64 1059 460 55 134 -1 -1 -1 -1
375 77 654 466 53 133 -1 -1 -1 -1
375 108 730 471 50 124 -1 -1 -1 -1
375 121 269 458 112 275 -1 -1 -1 -1
375 122 480 408 141 347 -1 -1 -1 -1
375 153 156 445 143 356 -1 -1 -1 -1
375 160 0 448 64 356 -1 -1 -1 -1
376 4 1047 430 228 557 -1 -1 -1 -1
376 5 1256 446 38 94 -1 -1 -1 -1
376 8 924 427 196 486 -1 -1 -1 -1
376 53 376 461 46 110 -1 -1 -1 -1
376 64 1059 458 56 134 -1 -1 -1 -1
376 77 653 463 53 135 -1 -1 -1 -1
376 108 731 471 50 124 -1 -1 -1 -1
376 121 274 450 117 286 -1 -1 -1 -1
376 122 486 402 144 354 -1 -1 -1 -1
376 153 167 447 145 355 -1 -1 -1 -1
376 160 0 451 74 353 -1 -1 -1 -1
377 4 1048 431 227 556 -1 -1 -1 -1
377 5 1255 444 39 96 -1 -1 -1 -1
377 7 -1 439 87 363 -1 -1 -1 -1
377 8 926 425 196 488 -1 -1 -1 -1
377 44 1298 423 48 118 -1 -1 -1 -1
377 53 376 460 47 112 -1 -1 -1 -1
377 64 1061 457 50 127 -1 -1 -1 -1
377 108 731 472 49 122 -1 -1 -1 -1
377 121 283 454 114 282 -1 -1 -1 -1
377 122 490 401 145 358 -1 -1 -1 -1
377 153 170 447 144 354 -1 -1 -1 -1
378 4 1048 430 228 557 -1 -1 -1 -1
378 5 1256 444 39 96 -1 -1 -1 -1
378 7 0 437 105 361 -1 -1 -1 -1
378 8 929 427 198 488 -1 -1 -1 -1
378 12 417 482 34 84 -1 -1 -1 -1
378 44 1298 422 49 119 -1 -1 -1 -1
378 53 376 460 46 113 -1 -1 -1 -1
378 64 1061 458 52 127 -1 -1 -1 -1
378 108 732 477 47 117 -1 -1 -1 -1
378 121 286 444 119 291 -1 -1 -1 -1
378 122 499 404 145 358 -1 -1 -1 -1
378 153 179 449 142 352 -1 -1 -1 -1
379 4 1049 425 229 560 -1 -1 -1 -1
379 5 1257 444 38 95 -1 -1 -1 -1
379 7 0 441 114 355 -1 -1 -1 -1
379 8 935 426 199 491 -1 -1 -1 -1
379 12 418 482 34 83 -1 -1 -1 -1
379 44 1298 421 49 120 -1 -1 -1 -1
379 53 376 461 46 113 -1 -1 -1 -1
379 64 1061 458 54 135 -1 -1 -1 -1
379 108 732 478 47 115 -1 -1 -1 -1
379 121 293 443 118 293 -1 -1 -1 -1
379 122 508 406 142 348 -1 -1 -1 -1
379 153 187 452 141 350 -1 -1 -1 -1
380 4 1051 417 231 568 -1 -1 -1 -1
380 5 1258 445 37 94 -1 -1 -1 -1
380 7 0 446 122 351 -1 -1 -1 -1
380 8 937 424 199 491 -1 -1 -1 -1
380 10 654 487 46 112 -1 -1 -1 -1
380 53 377 460 45 114 -1 -1 -1 -1
380 64 1062 458 53 132 -1 -1 -1 -1
380 108 729 472 49 120 -1 -1 -1 -1
380 121 301 450 115 284 -1 -1 -1 -1
380 122 513 406 142 347 -1 -1 -1 -1
380 153 193 453 142 349 -1 -1 -1 -1
381 4 1051 424 230 561 -1 -1 -1 -1
381 5 1257 443 39 96 -1 -1 -1 -1
381 7 0 447 130 347 -1 -1 -1 -1
381 8 941 425 199 492 -1 -1 -1 -1
381 44 1298 420 50 123 -1 -1 -1 -1
381 77 652 486 47 113 -1 -1 -1 -1
381 108 728 465 52 126 -1 -1 -1 -1
381 121 309 443 118 291 -1 -1 -1 -1
381 122 520 405 142 350 -1 -1 -1 -1
381 136 693 477 43 105 -1 -1 -1 -1
381 153 202 447 139 345 -1 -1 -1 -1
382 4 1055 416 232 570 -1 -1 -1 -1
382 5 1258 444 38 94 -1 -1 -1 -1
382 7 2 453 131 342 -1 -1 -1 -1
382 8 942 424 199 492 -1 -1 -1 -1
382 10 648 471 51 128 -1 -1 -1 -1
382 44 1298 420 51 123 -1 -1 -1 -1
382 59 916 449 53 133 -1 -1 -1 -1
382 108 727 467 50 124 -1 -1 -1 -1
382 121 317 441 118 294 -1 -1 -1 -1
382 122 532 407 139 342 -1 -1 -1 -1
382 136 692 471 44 110 -1 -1 -1 -1
382 153 208 450 142 348 -1 -1 -1 -1
383 4 1054 418 232 568 -1 -1 -1 -1
383 5 1258 444 37 92 -1 -1 -1 -1
383 7 6 446 143 349 -1 -1 -1 -1
383 8 940 424 200 492 -1 -1 -1 -1
383 10 646 471 51 129 -1 -1 -1 -1
383 44 1299 418 50 125 -1 -1 -1 -1
383 59 916 446 55 135 -1 -1 -1 -1
383 108 729 470 51 123 -1 -1 -1 -1
383 121 329 448 115 284 -1 -1 -1 -1
383 122 536 409 140 342 -1 -1 -1 -1
383 136 695 470 43 111 -1 -1 -1 -1
383 153 216 449 142 347 -1 -1 -1 -1
384 4 1057 419 230 567 -1 -1 -1 -1
384 5 1259 443 37 93 -1 -1 -1 -1
384 7 18 447 140 343 -1 -1 -1 -1
384 8 941 423 200 492 -1 -1 -1 -1
384 10 674 463 51 125 -1 -1 -1 -1
384 44 1298 415 51 128 -1 -1 -1 -1
384 59 915 446 55 135 -1 -1 -1 -1
384 108 729 465 51 128 -1 -1 -1 -1
384 121 334 442 118 289 -1 -1 -1 -1
384 122 541 411 137 337 -1 -1 -1 -1
384 153 226 443 141 349 -1 -1 -1 -1
385 4 1055 412 233 575 -1 -1 -1 -1
385 5 1257 444 38 93 -1 -1 -1 -1
385 7 24 439 142 355 -1 -1 -1 -1
385 8 942 424 199 492 -1 -1 -1 -1
385 10 674 459 53 130 -1 -1 -1 -1
385 44 1298 415 51 129 -1 -1 -1 -1
385 59 916 451 53 131 -1 -1 -1 -1
385 108 728 461 53 133 -1 -1 -1 -1
385 121 338 440 119 291 -1 -1 -1 -1
385 122 542 409 137 337 -1 -1 -1 -1
385 136 689 466 47 117 -1 -1 -1 -1
385 153 229 441 146 351 -1 -1 -1 -1
386 4 1056 411 234 577 -1 -1 -1 -1
386 5 1256 445 38 92 -1 -1 -1 -1
386 7 35 444 143 349 -1 -1 -1 -1
386 8 944 426 199 490 -1 -1 -1 -1
386 9 915 456 51 126 -1 -1 -1 -1
386 10 663 468 50 126 -1 -1 -1 -1
386 44 1298 416 51 128 -1 -1 -1 -1
386 77 636 482 50 122 -1 -1 -1 -1
386 108 727 463 53 132 -1 -1 -1 -1
386 121 349 435 121 298 -1 -1 -1 -1
386 122 545 410 138 337 -1 -1 -1 -1
386 136 687 465 48 116 -1 -1 -1 -1
386 153 243 442 141 347 -1 -1 -1 -1
387 4 1057 414 233 574 -1 -1 -1 -1
387 5 1259 445 35 89 -1 -1 -1 -1
387 7 38 438 147 355 -1 -1 -1 -1
387 8 943 426 199 490 -1 -1 -1 -1
387 10 669 458 52 132 -1 -1 -1 -1
387 12 467 450 42 101 -1 -1 -1 -1
387 44 1298 416 50 126 -1 -1 -1 -1
387 59 916 447 53 136 -1 -1 -1 -1
387 108 724 451 58 145 -1 -1 -1 -1
387 121 359 444 119 290 -1 -1 -1 -1
387 122 547 411 139 341 -1 -1 -1 -1
387 136 682 456 52 126 -1 -1 -1 -1
387 153 251 443 138 340 -1 -1 -1 -1
388 4 1058 420 230 566 -1 -1 -1 -1
388 5 1258 446 35 87 -1 -1 -1 -1
388 7 46 436 146 356 -1 -1 -1 -1
388 8 946 426 198 493 -1 -1 -1 -1
388 9 915 451 53 131 -1 -1 -1 -1
388 10 667 457 54 136 -1 -1 -1 -1
388 12 471 451 42 102 -1 -1 -1 -1
388 44 1297 418 50 124 -1 -1 -1 -1
388 59 933 442 63 147 -1 -1 -1 -1
388 92 355 452 72 180 -1 -1 -1 -1
388 108 727 460 55 137 -1 -1 -1 -1
388 121 371 444 118 290 -1 -1 -1 -1
388 122 551 410 138 341 -1 -1 -1 -1
388 136 681 455 52 129 -1 -1 -1 -1
388 153 260 442 140 348 -1 -1 -1 -1
389 4 1057 418 231 569 -1 -1 -1 -1
389 7 57 435 145 355 -1 -1 -1 -1
389 8 947 425 198 494 -1 -1 -1 -1
389 9 911 453 52 130 -1 -1 -1 -1
389 12 471 452 42 103 -1 -1 -1 -1
389 44 1297 418 50 124 -1 -1 -1 -1
389 59 926 439 59 148 -1 -1 -1 -1
389 64 933 435 63 154 -1 -1 -1 -1
389 92 354 456 70 176 -1 -1 -1 -1
389 108 727 454 56 142 -1 -1 -1 -1
389 121 373 448 117 290 -1 -1 -1 -1
389 122 558 415 133 328 -1 -1 -1 -1
389 136 677 453 54 130 -1 -1 -1 -1
389 153 272 446 139 343 -1 -1 -1 -1
390 4 1057 416 233 572 -1 -1 -1 -1
390 7 68 432 145 356 -1 -1 -1 -1
390 8 947 424 199 496 -1 -1 -1 -1
390 9 910 452 53 130 -1 -1 -1 -1
390 12 476 452 39 97 -1 -1 -1 -1
390 59 929 434 63 158 -1 -1 -1 -1
390 108 727 456 58 144 -1 -1 -1 -1
390 121 379 452 117 283 -1 -1 -1 -1
390 122 564 415 134 327 -1 -1 -1 -1
390 136 678 452 53 133 -1 -1 -1 -1
390 153 276 444 140 343 -1 -1 -1 -1
390 168 549 443 80 195 -1 -1 -1 -1
390 169 1049 439 107 258 -1 -1 -1 -1
391 4 1057 418 233 571 -1 -1 -1 -1
391 7 78 436 141 350 -1 -1 -1 -1
391 8 947 425 199 495 -1 -1 -1 -1
391 12 459 450 54 132 -1 -1 -1 -1
391 59 927 437 61 153 -1 -1 -1 -1
391 108 728 463 55 136 -1 -1 -1 -1
391 121 388 447 116 284 -1 -1 -1 -1
391 122 570 416 135 328 -1 -1 -1 -1
391 136 679 454 53 130 -1 -1 -1 -1
391 153 286 445 139 341 -1 -1 -1 -1
391 169 1052 437 106 258 -1 -1 -1 -1
392 4 1057 423 231 567 -1 -1 -1 -1
392 7 90 438 142 346 -1 -1 -1 -1
392 8 948 423 200 497 -1 -1 -1 -1
392 12 456 450 56 141 -1 -1 -1 -1
392 59 923 435 66 161 -1 -1 -1 -1
392 108 728 461 54 136 -1 -1 -1 -1
392 121 394 448 116 286 -1 -1 -1 -1
392 122 575 413 134 329 -1 -1 -1 -1
392 136 681 455 50 128 -1 -1 -1 -1
392 153 296 444 137 339 -1 -1 -1 -1
392 168 564 454 69 168 -1 -1 -1 -1
392 169 1054 435 106 260 -1 -1 -1 -1
393 4 1054 411 236 580 -1 -1 -1 -1
393 7 98 438 142 347 -1 -1 -1 -1
393 8 947 423 200 497 -1 -1 -1 -1
393 59 919 434 68 171 -1 -1 -1 -1
393 108 728 461 54 137 -1 -1 -1 -1
393 121 401 447 116 281 -1 -1 -1 -1
393 122 582 412 131 325 -1 -1 -1 -1
393 136 678 456 51 126 -1 -1 -1 -1
393 153 302 447 134 332 -1 -1 -1 -1
393 168 569 456 63 156 -1 -1 -1 -1
393 169 1055 440 105 255 -1 -1 -1 -1
393 171 381 460 36 93 -1 -1 -1 -1
394 4 1054 420 233 569 -1 -1 -1 -1
394 5 1254 445 36 89 -1 -1 -1 -1
394 7 107 439 142 349 -1 -1 -1 -1
394 8 948 425 200 495 -1 -1 -1 -1
394 64 916 437 67 169 -1 -1 -1 -1
394 108 727 465 55 136 -1 -1 -1 -1
394 121 413 447 115 278 -1 -1 -1 -1
394 122 586 411 131 324 -1 -1 -1 -1
394 136 678 456 50 124 -1 -1 -1 -1
394 153 310 451 134 332 -1 -1 -1 -1
394 168 573 455 59 151 -1 -1 -1 -1
394 169 1058 441 104 254 -1 -1 -1 -1
395 4 1052 417 235 575 -1 -1 -1 -1
395 5 1254 443 36 90 -1 -1 -1 -1
395 7 118 437 140 345 -1 -1 -1 -1
395 8 949 425 200 495 -1 -1 -1 -1
395 44 1299 419 49 123 -1 -1 -1 -1
395 64 913 438 69 171 -1 -1 -1 -1
395 108 726 467 53 134 -1 -1 -1 -1
395 121 419 443 116 284 -1 -1 -1 -1
395 122 589 407 134 329 -1 -1 -1 -1
395 136 677 458 50 122 -1 -1 -1 -1
395 153 316 449 135 333 -1 -1 -1 -1
395 168 575 456 55 140 -1 -1 -1 -1
395 169 1063 439 104 255 -1 -1 -1 -1
396 4 1050 420 234 571 -1 -1 -1 -1
396 5 1253 444 35 87 -1 -1 -1 -1
396 7 126 436 141 345 -1 -1 -1 -1
396 8 949 424 201 496 -1 -1 -1 -1
396 44 1299 420 49 121 -1 -1 -1 -1
396 59 913 441 63 159 -1 -1 -1 -1
396 108 724 466 56 138 -1 -1 -1 -1
396 121 431 445 113 280 -1 -1 -1 -1
396 122 593 410 132 323 -1 -1 -1 -1
396 153 323 450 135 332 -1 -1 -1 -1
396 168 576 455 56 141 -1 -1 -1 -1
396 169 1064 438 105 257 -1 -1 -1 -1
397 4 1046 420 235 576 -1 -1 -1 -1
397 5 1252 443 35 88 -1 -1 -1 -1
397 7 136 439 139 341 -1 -1 -1 -1
397 8 949 424 201 498 -1 -1 -1 -1
397 44 1299 420 49 120 -1 -1 -1 -1
397 59 910 441 65 164 -1 -1 -1 -1
397 108 723 465 54 136 -1 -1 -1 -1
397 121 432 439 115 282 -1 -1 -1 -1
397 122 597 412 133 326 -1 -1 -1 -1
397 153 331 448 135 328 -1 -1 -1 -1
397 172 798 456 31 77 -1 -1 -1 -1
398 4 1047 414 235 581 -1 -1 -1 -1
398 5 1252 443 34 88 -1 -1 -1 -1
398 7 144 441 135 335 -1 -1 -1 -1
398 8 950 425 200 496 -1 -1 -1 -1
398 59 909 446 62 156 -1 -1 -1 -1
398 108 721 466 54 135 -1 -1 -1 -1
398 121 441 440 114 281 -1 -1 -1 -1
398 122 605 415 132 321 -1 -1 -1 -1
398 153 337 446 135 328 -1 -1 -1 -1
399 4 1046 425 232 569 -1 -1 -1 -1
399 5 1250 443 34 88 -1 -1 -1 -1
399 7 150 441 136 337 -1 -1 -1 -1
399 8 949 426 201 496 -1 -1 -1 -1
399 44 1298 418 50 122 -1 -1 -1 -1
399 59 905 443 62 156 -1 -1 -1 -1
399 108 720 460 56 141 -1 -1 -1 -1
399 121 448 432 116 289 -1 -1 -1 -1
399 122 609 408 129 326 -1 -1 -1 -1
399 153 345 448 130 324 -1 -1 -1 -1
400 4 1045 415 236 581 -1 -1 -1 -1
400 5 1247 444 36 90 -1 -1 -1 -1
400 7 156 441 136 334 -1 -1 -1 -1
400 8 949 426 201 497 -1 -1 -1 -1
400 59 904 447 63 155 -1 -1 -1 -1
400 108 717 464 56 138 -1 -1 -1 -1
400 121 451 432 117 288 -1 -1 -1 -1
400 122 611 407 132 328 -1 -1 -1 -1
400 153 348 444 132 325 -1 -1 -1 -1
401 4 1045 419 235 576 -1 -1 -1 -1
401 5 1247 443 35 88 -1 -1 -1 -1
401 7 167 438 135 333 -1 -1 -1 -1
401 8 949 427 201 496 -1 -1 -1 -1
401 10 596 429 71 176 -1 -1 -1 -1
401 59 901 443 64 156 -1 -1 -1 -1
401 108 718 466 55 135 -1 -1 -1 -1
401 121 455 434 118 290 -1 -1 -1 -1
401 122 615 409 132 322 -1 -1 -1 -1
401 153 353 444 132 325 -1 -1 -1 -1
402 4 1044 413 238 584 -1 -1 -1 -1
402 5 1247 444 34 86 -1 -1 -1 -1
402 7 174 439 136 335 -1 -1 -1 -1
402 8 949 428 201 496 -1 -1 -1 -1
402 59 900 446 64 155 -1 -1 -1 -1
402 77 599 450 65 158 -1 -1 -1 -1
402 108 718 466 54 134 -1 -1 -1 -1
402 121 464 435 117 286 -1 -1 -1 -1
402 122 620 408 132 324 -1 -1 -1 -1
402 153 359 445 132 324 -1 -1 -1 -1
402 172 799 461 29 71 -1 -1 -1 -1
403 4 1041 403 241 596 -1 -1 -1 -1
403 5 1242 443 35 87 -1 -1 -1 -1
403 7 183 446 133 324 -1 -1 -1 -1
403 8 950 428 201 496 -1 -1 -1 -1
403 9 1244 442 37 91 -1 -1 -1 -1
403 59 896 442 68 164 -1 -1 -1 -1
403 108 717 465 55 136 -1 -1 -1 -1
403 121 475 435 114 281 -1 -1 -1 -1
403 122 626 407 130 322 -1 -1 -1 -1
403 153 367 445 130 321 -1 -1 -1 -1
404 4 1042 404 241 595 -1 -1 -1 -1
404 5 1241 443 36 89 -1 -1 -1 -1
404 7 188 444 132 322 -1 -1 -1 -1
404 8 950 427 201 496 -1 -1 -1 -1
404 59 893 444 67 163 -1 -1 -1 -1
404 108 715 464 56 139 -1 -1 -1 -1
404 121 485 439 111 276 -1 -1 -1 -1
404 122 630 409 129 318 -1 -1 -1 -1
404 153 371 446 130 322 -1 -1 -1 -1
404 172 799 460 29 71 -1 -1 -1 -1
405 4 1040 404 242 595 -1 -1 -1 -1
405 5 1241 445 34 86 -1 -1 -1 -1
405 7 195 442 131 323 -1 -1 -1 -1
405 8 950 426 201 497 -1 -1 -1 -1
405 59 889 444 66 161 -1 -1 -1 -1
405 108 715 465 55 137 -1 -1 -1 -1
405 121 489 438 114 278 -1 -1 -1 -1
405 122 631 403 130 324 -1 -1 -1 -1
405 153 381 443 130 317 -1 -1 -1 -1
405 172 798 458 30 74 -1 -1 -1 -1
406 4 1040 403 242 596 -1 -1 -1 -1
406 5 1240 445 35 86 -1 -1 -1 -1
406 7 200 439 133 330 -1 -1 -1 -1
406 8 950 426 201 498 -1 -1 -1 -1
406 59 884 440 66 163 -1 -1 -1 -1
406 108 713 463 56 137 -1 -1 -1 -1
406 121 492 434 116 282 -1 -1 -1 -1
406 122 636 409 131 320 -1 -1 -1 -1
406 153 387 443 127 315 -1 -1 -1 -1
407 4 1038 403 242 596 -1 -1 -1 -1
407 5 1244 444 35 88 -1 -1 -1 -1
407 7 207 442 133 322 -1 -1 -1 -1
407 8 952 426 201 498 -1 -1 -1 -1
407 12 550 433 72 182 -1 -1 -1 -1
407 44 1298 426 47 115 -1 -1 -1 -1
407 59 881 438 67 165 -1 -1 -1 -1
407 121 497 437 115 281 -1 -1 -1 -1
407 122 640 411 130 320 -1 -1 -1 -1
407 153 394 439 129 323 -1 -1 -1 -1
408 4 1036 405 243 592 -1 -1 -1 -1
408 5 1243 443 36 91 -1 -1 -1 -1
408 7 211 439 134 327 -1 -1 -1 -1
408 8 952 425 201 500 -1 -1 -1 -1
408 44 1299 424 47 116 -1 -1 -1 -1
408 59 879 442 65 158 -1 -1 -1 -1
408 121 502 434 116 283 -1 -1 -1 -1
408 122 647 415 128 315 -1 -1 -1 -1
408 153 401 443 129 318 -1 -1 -1 -1
408 172 798 453 32 80 -1 -1 -1 -1
409 4 1037 412 240 584 -1 -1 -1 -1
409 5 1239 441 37 94 -1 -1 -1 -1
409 7 221 437 132 325 -1 -1 -1 -1
409 8 952 425 201 500 -1 -1 -1 -1
409 59 877 442 63 155 -1 -1 -1 -1
409 121 510 435 115 280 -1 -1 -1 -1
409 122 651 415 127 312 -1 -1 -1 -1
409 153 405 439 132 321 -1 -1 -1 -1
410 4 1031 404 241 593 -1 -1 -1 -1
410 5 1237 440 38 96 -1 -1 -1 -1
410 7 233 433 132 325 -1 -1 -1 -1
410 8 953 425 202 501 -1 -1 -1 -1
410 10 495 422 83 204 -1 -1 -1 -1
410 59 875 441 64 159 -1 -1 -1 -1
410 121 518 438 112 276 -1 -1 -1 -1
410 122 656 415 126 311 -1 -1 -1 -1
410 153 411 439 132 328 -1 -1 -1 -1
411 4 1030 404 242 594 -1 -1 -1 -1
411 5 1237 441 38 95 -1 -1 -1 -1
411 7 241 433 133 328 -1 -1 -1 -1
411 8 953 423 202 503 -1 -1 -1 -1
411 59 872 440 64 160 -1 -1 -1 -1
411 64 511 434 56 136 -1 -1 -1 -1
411 121 527 438 111 274 -1 -1 -1 -1
411 122 656 410 130 320 -1 -1 -1 -1
411 153 421 441 130 320 -1 -1 -1 -1
412 4 1028 402 242 596 -1 -1 -1 -1
412 5 1236 442 37 92 -1 -1 -1 -1
412 7 249 431 136 333 -1 -1 -1 -1
412 8 953 422 204 499 -1 -1 -1 -1
412 59 870 439 65 161 -1 -1 -1 -1
412 121 533 436 112 271 -1 -1 -1 -1
412 122 662 412 128 316 -1 -1 -1 -1
412 153 429 440 130 319 -1 -1 -1 -1
413 4 1028 399 243 599 -1 -1 -1 -1
413 5 1236 443 35 89 -1 -1 -1 -1
413 7 255 434 135 331 -1 -1 -1 -1
413 8 954 423 204 498 -1 -1 -1 -1
413 12 527 433 76 183 -1 -1 -1 -1
413 59 866 436 68 165 -1 -1 -1 -1
413 121 540 429 113 279 -1 -1 -1 -1
413 122 667 410 128 315 -1 -1 -1 -1
413 153 433 441 129 318 -1 -1 -1 -1
414 4 1027 399 243 598 -1 -1 -1 -1
414 5 1234 441 37 94 -1 -1 -1 -1
414 7 264 438 129 322 -1 -1 -1 -1
414 8 954 422 205 499 -1 -1 -1 -1
414 12 527 439 76 178 -1 -1 -1 -1
414 59 866 438 63 161 -1 -1 -1 -1
414 108 647 456 52 131 -1 -1 -1 -1
414 121 545 433 110 271 -1 -1 -1 -1
414 122 672 415 127 312 -1 -1 -1 -1
414 153 438 446 127 314 -1 -1 -1 -1
415 4 1025 400 242 597 -1 -1 -1 -1
415 5 1233 443 36 89 -1 -1 -1 -1
415 7 273 435 129 322 -1 -1 -1 -1
415 8 953 421 205 500 -1 -1 -1 -1
415 59 864 438 65 161 -1 -1 -1 -1
415 121 550 433 110 271 -1 -1 -1 -1
415 122 674 410 126 311 -1 -1 -1 -1
415 136 648 467 49 122 -1 -1 -1 -1
415 153 443 449 125 310 -1 -1 -1 -1
416 4 1023 399 244 602 -1 -1 -1 -1
416 7 286 445 126 309 -1 -1 -1 -1
416 8 953 422 204 498 -1 -1 -1 -1
416 59 861 436 65 163 -1 -1 -1 -1
416 64 409 453 47 120 -1 -1 -1 -1
416 121 555 435 109 270 -1 -1 -1 -1
416 122 677 408 127 313 -1 -1 -1 -1
416 136 649 471 47 118 -1 -1 -1 -1
416 153 449 450 124 305 -1 -1 -1 -1
416 177 377 458 46 114 -1 -1 -1 -1
417 4 1024 405 241 594 -1 -1 -1 -1
417 7 287 439 130 320 -1 -1 -1 -1
417 8 953 421 205 499 -1 -1 -1 -1
417 59 858 433 66 165 -1 -1 -1 -1
417 64 405 455 45 113 -1 -1 -1 -1
417 121 562 435 109 273 -1 -1 -1 -1
417 122 681 409 126 310 -1 -1 -1 -1
417 136 650 466 49 124 -1 -1 -1 -1
417 153 453 449 125 305 -1 -1 -1 -1
417 177 378 457 46 114 -1 -1 -1 -1
418 4 1027 412 237 585 -1 -1 -1 -1
418 7 296 441 128 316 -1 -1 -1 -1
418 8 957 423 202 500 -1 -1 -1 -1
418 59 855 432 66 166 -1 -1 -1 -1
418 64 405 455 44 115 -1 -1 -1 -1
418 121 572 434 109 272 -1 -1 -1 -1
418 122 683 406 127 313 -1 -1 -1 -1
418 153 459 448 125 305 -1 -1 -1 -1
418 177 378 457 46 116 -1 -1 -1 -1
418 179 918 441 54 139 -1 -1 -1 -1
418 180 1117 429 191 465 -1 -1 -1 -1
419 4 1023 413 238 585 -1 -1 -1 -1
419 7 304 443 127 313 -1 -1 -1 -1
419 8 958 423 201 499 -1 -1 -1 -1
419 59 854 431 67 168 -1 -1 -1 -1
419 64 407 455 45 112 -1 -1 -1 -1
419 77 679 446 71 175 -1 -1 -1 -1
419 92 442 441 78 196 -1 -1 -1 -1
419 121 578 433 111 276 -1 -1 -1 -1
419 122 688 406 128 313 -1 -1 -1 -1
419 153 464 448 124 306 -1 -1 -1 -1
419 177 377 457 46 114 -1 -1 -1 -1
419 179 916 441 55 139 -1 -1 -1 -1
419 180 1108 419 196 478 -1 -1 -1 -1
420 4 1022 414 237 582 -1 -1 -1 -1
420 7 309 444 127 313 -1 -1 -1 -1
420 8 960 425 199 494 -1 -1 -1 -1
420 44 1299 423 48 119 -1 -1 -1 -1
420 59 851 428 68 172 -1 -1 -1 -1
420 64 406 454 46 114 -1 -1 -1 -1
420 92 445 442 74 187 -1 -1 -1 -1
420 121 584 434 109 274 -1 -1 -1 -1
420 122 691 404 128 314 -1 -1 -1 -1
420 153 470 445 124 307 -1 -1 -1 -1
420 179 917 441 54 139 -1 -1 -1 -1
420 180 1112 418 192 472 -1 -1 -1 -1
421 4 1023 417 236 580 -1 -1 -1 -1
421 7 319 445 124 312 -1 -1 -1 -1
421 8 964 424 200 494 -1 -1 -1 -1
421 12 684 453 64 160 -1 -1 -1 -1
421 59 849 429 67 169 -1 -1 -1 -1
421 92 444 441 77 195 -1 -1 -1 -1
421 121 588 435 111 277 -1 -1 -1 -1
421 122 695 405 127 312 -1 -1 -1 -1
421 153 472 443 126 306 -1 -1 -1 -1
421 179 916 442 55 138 -1 -1 -1 -1
421 180 1113 417 193 476 -1 -1 -1 -1
422 4 1022 417 236 581 -1 -1 -1 -1
422 7 326 440 126 313 -1 -1 -1 -1
422 8 962 422 200 486 -1 -1 -1 -1
422 59 847 427 67 170 -1 -1 -1 -1
422 92 447 441 76 192 -1 -1 -1 -1
422 121 597 436 109 269 -1 -1 -1 -1
422 122 699 403 129 315 -1 -1 -1 -1
422 153 482 443 122 304 -1 -1 -1 -1
422 179 917 442 55 138 -1 -1 -1 -1
422 180 1114 413 194 478 -1 -1 -1 -1
423 4 1020 420 238 582 -1 -1 -1 -1
423 7 332 441 126 312 -1 -1 -1 -1
423 8 965 424 200 484 -1 -1 -1 -1
423 12 697 454 65 161 -1 -1 -1 -1
423 59 845 436 65 160 -1 -1 -1 -1
423 121 605 437 108 268 -1 -1 -1 -1
423 122 704 404 128 316 -1 -1 -1 -1
423 153 487 442 123 303 -1 -1 -1 -1
423 179 917 443 54 136 -1 -1 -1 -1
423 180 1114 409 198 484 -1 -1 -1 -1
424 4 1019 413 242 591 -1 -1 -1 -1
424 7 340 440 125 311 -1 -1 -1 -1
424 8 961 441 192 468 -1 -1 -1 -1
424 59 842 438 65 159 -1 -1 -1 -1
424 121 609 439 108 266 -1 -1 -1 -1
424 122 707 407 126 313 -1 -1 -1 -1
424 153 491 438 125 309 -1 -1 -1 -1
424 179 916 443 54 136 -1 -1 -1 -1
424 180 1118 411 198 481 -1 -1 -1 -1
425 4 1016 407 246 600 -1 -1 -1 -1
425 7 345 439 125 310 -1 -1 -1 -1
425 8 960 430 195 479 -1 -1 -1 -1
425 12 680 463 60 148 -1 -1 -1 -1
425 59 844 439 60 153 -1 -1 -1 -1
425 108 701 456 63 155 -1 -1 -1 -1
425 121 613 442 107 266 -1 -1 -1 -1
425 122 711 408 126 309 -1 -1 -1 -1
425 153 498 438 124 303 -1 -1 -1 -1
425 179 916 443 54 137 -1 -1 -1 -1
425 180 1117 413 202 490 -1 -1 -1 -1
426 4 1015 406 246 602 -1 -1 -1 -1
426 7 351 437 125 310 -1 -1 -1 -1
426 8 963 427 198 487 -1 -1 -1 -1
426 12 680 464 61 149 -1 -1 -1 -1
426 59 840 439 61 156 -1 -1 -1 -1
426 121 618 440 108 263 -1 -1 -1 -1
426 122 716 408 125 308 -1 -1 -1 -1
426 153 505 437 120 301 -1 -1 -1 -1
426 179 916 444 54 136 -1 -1 -1 -1
426 180 1109 416 215 513 -1 -1 -1 -1
427 4 1014 405 245 599 -1 -1 -1 -1
427 7 354 434 126 310 -1 -1 -1 -1
427 8 966 428 198 486 -1 -1 -1 -1
427 59 838 438 62 155 -1 -1 -1 -1
427 121 626 446 105 258 -1 -1 -1 -1
427 122 716 408 125 307 -1 -1 -1 -1
427 136 790 457 46 116 -1 -1 -1 -1
427 153 512 441 122 301 -1 -1 -1 -1
427 179 916 444 54 135 -1 -1 -1 -1
427 180 1104 414 223 534 -1 -1 -1 -1
427 185 1209 431 135 329 -1 -1 -1 -1
428 4 1017 402 247 603 -1 -1 -1 -1
428 7 363 435 122 306 -1 -1 -1 -1
428 8 967 425 199 482 -1 -1 -1 -1
428 59 835 439 62 155 -1 -1 -1 -1
428 121 632 442 105 261 -1 -1 -1 -1
428 122 722 410 123 304 -1 -1 -1 -1
428 136 793 455 47 121 -1 -1 -1 -1
428 153 517 437 124 307 -1 -1 -1 -1
428 179 916 444 53 135 -1 -1 -1 -1
428 180 1129 418 200 487 -1 -1 -1 -1
428 185 1215 432 131 321 -1 -1 -1 -1
429 4 1015 400 251 614 -1 -1 -1 -1
429 7 371 433 123 306 -1 -1 -1 -1
429 8 968 425 199 485 -1 -1 -1 -1
429 44 1285 420 64 160 -1 -1 -1 -1
429 59 833 439 61 157 -1 -1 -1 -1
429 121 637 444 105 258 -1 -1 -1 -1
429 122 724 409 124 304 -1 -1 -1 -1
429 153 522 439 123 303 -1 -1 -1 -1
429 179 915 445 54 135 -1 -1 -1 -1
429 180 1131 416 199 484 -1 -1 -1 -1
429 185 1215 428 133 327 -1 -1 -1 -1
430 4 1017 400 256 623 -1 -1 -1 -1
430 7 375 432 123 306 -1 -1 -1 -1
430 8 969 426 199 484 -1 -1 -1 -1
430 44 1284 411 67 169 -1 -1 -1 -1
430 59 831 438 61 156 -1 -1 -1 -1
430 121 641 437 106 262 -1 -1 -1 -1
430 122 728 409 123 304 -1 -1 -1 -1
430 153 531 439 122 300 -1 -1 -1 -1
430 179 915 444 54 136 -1 -1 -1 -1
430 180 1136 415 199 481 -1 -1 -1 -1
430 185 1217 428 136 330 -1 -1 -1 -1
431 4 1020 397 257 633 -1 -1 -1 -1
431 7 383 439 123 301 -1 -1 -1 -1
431 8 972 425 199 485 -1 -1 -1 -1
431 59 830 437 60 154 -1 -1 -1 -1
431 121 647 440 107 266 -1 -1 -1 -1
431 122 732 410 121 300 -1 -1 -1 -1
431 153 536 440 121 299 -1 -1 -1 -1
431 179 915 444 54 136 -1 -1 -1 -1
431 180 1138 414 195 472 -1 -1 -1 -1
431 185 1221 427 134 327 -1 -1 -1 -1
432 4 1020 401 247 607 -1 -1 -1 -1
432 7 392 437 123 306 -1 -1 -1 -1
432 8 971 422 198 487 -1 -1 -1 -1
432 12 866 447 44 110 -1 -1 -1 -1
432 59 827 438 61 153 -1 -1 -1 -1
432 108 721 442 67 160 -1 -1 -1 -1
432 121 652 440 106 259 -1 -1 -1 -1
432 122 733 414 120 300 -1 -1 -1 -1
432 153 541 440 123 303 -1 -1 -1 -1
432 179 915 445 54 135 -1 -1 -1 -1
432 180 1171 422 149 363 -1 -1 -1 -1
432 185 1223 426 136 335 -1 -1 -1 -1
433 4 1024 409 237 588 -1 -1 -1 -1
433 7 401 442 120 298 -1 -1 -1 -1
433 8 972 421 199 487 -1 -1 -1 -1
433 59 826 438 61 152 -1 -1 -1 -1
433 121 660 438 104 261 -1 -1 -1 -1
433 122 736 413 121 296 -1 -1 -1 -1
433 153 544 441 122 300 -1 -1 -1 -1
433 179 914 444 55 137 -1 -1 -1 -1
433 180 1174 421 146 357 -1 -1 -1 -1
433 185 1223 423 141 348 -1 -1 -1 -1
433 188 645 455 70 173 -1 -1 -1 -1
434 4 1047 406 210 520 -1 -1 -1 -1
434 7 407 444 119 293 -1 -1 -1 -1
434 8 970 421 200 493 -1 -1 -1 -1
434 10 516 433 39 89 -1 -1 -1 -1
434 59 823 435 63 154 -1 -1 -1 -1
434 121 668 438 105 258 -1 -1 -1 -1
434 122 737 412 122 297 -1 -1 -1 -1
434 153 548 441 122 300 -1 -1 -1 -1
434 179 914 443 55 139 -1 -1 -1 -1
434 180 1179 417 148 370 -1 -1 -1 -1
434 185 1241 426 125 307 -1 -1 -1 -1
434 188 649 453 72 174 -1 -1 -1 -1
435 4 1058 416 200 486 -1 -1 -1 -1
435 7 412 440 122 298 -1 -1 -1 -1
435 8 973 418 197 484 -1 -1 -1 -1
435 10 513 395 49 131 -1 -1 -1 -1
435 59 821 435 62 154 -1 -1 -1 -1
435 92 526 445 74 176 -1 -1 -1 -1
435 108 661 451 71 176 -1 -1 -1 -1
435 121 669 437 105 259 -1 -1 -1 -1
435 122 741 412 122 299 -1 -1 -1 -1
435 153 554 441 121 296 -1 -1 -1 -1
435 179 914 443 55 139 -1 -1 -1 -1
435 180 1182 415 153 381 -1 -1 -1 -1
435 185 1247 422 125 308 -1 -1 -1 -1
436 4 1077 417 194 474 -1 -1 -1 -1
436 7 419 444 119 294 -1 -1 -1 -1
436 8 989 420 193 477 -1 -1 -1 -1
436 10 516 421 42 101 -1 -1 -1 -1
436 59 818 435 62 155 -1 -1 -1 -1
436 77 644 464 63 156 -1 -1 -1 -1
436 92 530 448 69 168 -1 -1 -1 -1
436 108 664 452 67 167 -1 -1 -1 -1
436 121 681 437 106 262 -1 -1 -1 -1
436 122 744 412 121 299 -1 -1 -1 -1
436 153 559 441 120 296 -1 -1 -1 -1
436 177 378 459 42 104 -1 -1 -1 -1
436 180 1183 418 162 399 -1 -1 -1 -1
436 185 1250 422 132 323 -1 -1 -1 -1
437 4 1085 419 189 446 -1 -1 -1 -1
437 7 421 442 120 299 -1 -1 -1 -1
437 8 999 424 193 473 -1 -1 -1 -1
437 59 816 438 62 154 -1 -1 -1 -1
437 77 640 465 64 159 -1 -1 -1 -1
437 92 533 453 66 160 -1 -1 -1 -1
437 121 685 439 105 261 -1 -1 -1 -1
437 122 750 414 119 296 -1 -1 -1 -1
437 153 562 440 121 298 -1 -1 -1 -1
437 180 1184 413 158 394 -1 -1 -1 -1
438 4 1079 422 181 436 -1 -1 -1 -1
438 7 427 442 119 293 -1 -1 -1 -1
438 8 999 427 190 466 -1 -1 -1 -1
438 59 820 445 58 146 -1 -1 -1 -1
438 77 641 465 61 155 -1 -1 -1 -1
438 121 692 438 107 263 -1 -1 -1 -1
438 122 755 413 118 292 -1 -1 -1 -1
438 153 566 445 119 294 -1 -1 -1 -1
439 7 437 441 117 291 -1 -1 -1 -1
439 8 998 422 205 501 -1 -1 -1 -1
439 59 821 447 56 142 -1 -1 -1 -1
439 121 699 440 107 263 -1 -1 -1 -1
439 122 759 414 118 290 -1 -1 -1 -1
439 153 568 443 120 296 -1 -1 -1 -1
440 7 440 449 112 281 -1 -1 -1 -1
440 8 1001 426 190 466 -1 -1 -1 -1
440 121 706 444 106 260 -1 -1 -1 -1
440 122 761 416 116 286 -1 -1 -1 -1
440 153 574 441 119 297 -1 -1 -1 -1
441 7 446 442 115 284 -1 -1 -1 -1
441 121 711 440 104 258 -1 -1 -1 -1
441 122 763 411 116 289 -1 -1 -1 -1
441 153 580 440 117 294 -1 -1 -1 -1
442 7 452 433 117 290 -1 -1 -1 -1
442 121 713 439 106 262 -1 -1 -1 -1
442 122 770 410 117 289 -1 -1 -1 -1
442 153 585 438 118 293 -1 -1 -1 -1
442 185 1285 434 123 305 -1 -1 -1 -1
443 7 453 425 121 297 -1 -1 -1 -1
443 64 413 454 44 111 -1 -1 -1 -1
443 121 716 440 106 262 -1 -1 -1 -1
443 122 774 410 113 281 -1 -1 -1 -1
443 153 587 437 120 295 -1 -1 -1 -1
443 177 379 456 46 117 -1 -1 -1 -1
443 185 1293 433 124 306 -1 -1 -1 -1
444 7 462 436 116 285 -1 -1 -1 -1
444 64 413 456 45 111 -1 -1 -1 -1
444 121 719 441 107 265 -1 -1 -1 -1
444 122 771 409 119 290 -1 -1 -1 -1
444 153 591 437 118 292 -1 -1 -1 -1
444 177 379 459 45 112 -1 -1 -1 -1
444 180 1166 423 180 441 -1 -1 -1 -1
444 185 1298 433 125 307 -1 -1 -1 -1
444 193 946 364 291 703 -1 -1 -1 -1
445 5 910 450 53 129 -1 -1 -1 -1
445 7 468 438 115 284 -1 -1 -1 -1
445 64 414 457 44 110 -1 -1 -1 -1
445 121 724 437 106 264 -1 -1 -1 -1
445 122 774 412 117 287 -1 -1 -1 -1
445 153 596 437 118 292 -1 -1 -1 -1
445 177 379 457 45 113 -1 -1 -1 -1
445 180 1156 424 180 442 -1 -1 -1 -1
445 185 1302 433 126 309 -1 -1 -1 -1
445 193 912 358 297 706 -1 -1 -1 -1
446 7 472 435 115 283 -1 -1 -1 -1
446 64 413 456 46 112 -1 -1 -1 -1
446 92 587 454 78 192 -1 -1 -1 -1
446 121 728 440 104 262 -1 -1 -1 -1
446 122 778 412 114 284 -1 -1 -1 -1
446 153 602 438 117 288 -1 -1 -1 -1
446 177 378 456 45 113 -1 -1 -1 -1
446 180 1176 428 193 470 -1 -1 -1 -1
446 185 1308 429 130 321 -1 -1 -1 -1
446 193 857 343 295 724 -1 -1 -1 -1
447 7 474 434 115 285 -1 -1 -1 -1
447 64 414 454 45 113 -1 -1 -1 -1
447 92 589 456 75 189 -1 -1 -1 -1
447 121 733 439 106 262 -1 -1 -1 -1
447 122 784 411 113 279 -1 -1 -1 -1
447 153 603 435 122 296 -1 -1 -1 -1
447 177 378 456 45 113 -1 -1 -1 -1
447 180 1166 422 201 501 -1 -1 -1 -1
447 185 1314 430 132 325 -1 -1 -1 -1
447 193 810 338 304 729 -1 -1 -1 -1
448 7 483 437 115 281 -1 -1 -1 -1
448 8 1025 426 212 518 -1 -1 -1 -1
448 64 415 457 43 108 -1 -1 -1 -1
448 92 588 467 72 176 -1 -1 -1 -1
448 121 738 440 100 248 -1 -1 -1 -1
448 122 786 437 100 242 -1 -1 -1 -1
448 153 614 437 119 295 -1 -1 -1 -1
448 177 379 456 45 113 -1 -1 -1 -1
448 185 1323 429 130 322 -1 -1 -1 -1
448 193 774 331 313 736 -1 -1 -1 -1
448 195 1106 419 257 637 -1 -1 -1 -1
449 7 489 434 113 279 -1 -1 -1 -1
449 8 1024 426 210 518 -1 -1 -1 -1
449 64 416 460 41 105 -1 -1 -1 -1
449 92 591 467 70 173 -1 -1 -1 -1
449 153 619 438 122 299 -1 -1 -1 -1
449 177 380 458 44 112 -1 -1 -1 -1
449 185 1327 428 130 320 -1 -1 -1 -1
449 193 738 333 297 731 -1 -1 -1 -1
449 195 1114 419 258 636 -1 -1 -1 -1
450 7 491 431 116 286 -1 -1 -1 -1
450 8 1032 427 209 516 -1 -1 -1 -1
450 59 470 458 37 92 -1 -1 -1 -1
450 64 415 458 44 107 -1 -1 -1 -1
450 92 589 471 71 173 -1 -1 -1 -1
450 153 623 439 119 292 -1 -1 -1 -1
450 177 380 458 44 111 -1 -1 -1 -1
450 185 1333 424 133 321 -1 -1 -1 -1
450 193 706 338 302 723 -1 -1 -1 -1
450 195 1121 418 256 623 -1 -1 -1 -1
451 7 496 432 116 283 -1 -1 -1 -1
451 8 1037 426 209 516 -1 -1 -1 -1
451 64 415 457 44 108 -1 -1 -1 -1
451 92 588 470 69 173 -1 -1 -1 -1
451 153 627 438 121 300 -1 -1 -1 -1
451 177 381 459 43 110 -1 -1 -1 -1
451 185 1337 422 135 330 -1 -1 -1 -1
451 193 681 345 292 712 -1 -1 -1 -1
451 195 1130 421 255 621 -1 -1 -1 -1
452 7 503 432 115 283 -1 -1 -1 -1
452 8 1039 427 211 514 -1 -1 -1 -1
452 64 415 459 44 107 -1 -1 -1 -1
452 177 381 458 43 111 -1 -1 -1 -1
452 185 1345 421 134 330 -1 -1 -1 -1
452 193 651 358 287 699 -1 -1 -1 -1
452 195 1146 424 252 617 -1 -1 -1 -1
453 7 506 433 115 285 -1 -1 -1 -1
453 8 1045 425 210 516 -1 -1 -1 -1
453 64 416 459 43 107 -1 -1 -1 -1
453 92 578 477 67 166 -1 -1 -1 -1
453 177 381 459 44 110 -1 -1 -1 -1
453 185 1350 420 133 331 -1 -1 -1 -1
453 193 621 368 284 690 -1 -1 -1 -1
453 195 1154 421 252 621 -1 -1 -1 -1
453 196 468 454 36 92 -1 -1 -1 -1
454 7 505 436 120 289 -1 -1 -1 -1
454 8 1048 425 212 518 -1 -1 -1 -1
454 64 417 463 41 103 -1 -1 -1 -1
454 121 803 413 114 283 -1 -1 -1 -1
454 177 382 459 44 111 -1 -1 -1 -1
454 185 1358 423 134 332 -1 -1 -1 -1
454 193 592 379 277 678 -1 -1 -1 -1
454 195 1163 418 255 627 -1 -1 -1 -1
454 196 467 454 35 90 -1 -1 -1 -1
455 7 508 439 111 276 -1 -1 -1 -1
455 8 1053 423 213 521 -1 -1 -1 -1
455 64 417 462 41 104 -1 -1 -1 -1
455 121 800 410 118 291 -1 -1 -1 -1
455 177 382 458 44 112 -1 -1 -1 -1
455 185 1362 423 134 332 -1 -1 -1 -1
455 193 559 395 271 663 -1 -1 -1 -1
455 195 1159 426 254 621 -1 -1 -1 -1
456 8 1055 424 212 519 -1 -1 -1 -1
456 10 726 447 31 81 -1 -1 -1 -1
456 64 417 460 42 107 -1 -1 -1 -1
456 121 795 409 119 291 -1 -1 -1 -1
456 177 382 456 45 114 -1 -1 -1 -1
456 180 1214 436 189 458 -1 -1 -1 -1
456 185 1367 420 137 336 -1 -1 -1 -1
456 193 515 405 267 652 -1 -1 -1 -1
456 195 1147 438 247 611 -1 -1 -1 -1
456 196 462 452 37 99 -1 -1 -1 -1
457 8 1067 431 210 516 -1 -1 -1 -1
457 64 417 461 43 106 -1 -1 -1 -1
457 77 316 447 48 120 -1 -1 -1 -1
457 121 798 409 118 289 -1 -1 -1 -1
457 177 382 457 45 114 -1 -1 -1 -1
457 180 1217 429 197 487 -1 -1 -1 -1
457 185 1374 425 135 332 -1 -1 -1 -1
457 193 482 401 271 662 -1 -1 -1 -1
457 195 1168 448 244 605 -1 -1 -1 -1
457 196 464 451 40 103 -1 -1 -1 -1
458 8 1072 425 210 517 -1 -1 -1 -1
458 64 418 465 40 102 -1 -1 -1 -1
458 108 1048 430 49 128 -1 -1 -1 -1
458 121 803 410 116 285 -1 -1 -1 -1
458 122 780 421 105 262 -1 -1 -1 -1
458 153 672 440 116 286 -1 -1 -1 -1
458 177 382 457 45 113 -1 -1 -1 -1
458 180 1226 427 197 487 -1 -1 -1 -1
458 185 1384 426 139 340 -1 -1 -1 -1
458 193 439 397 271 666 -1 -1 -1 -1
458 195 1167 443 244 607 -1 -1 -1 -1
459 8 1077 426 208 513 -1 -1 -1 -1
459 64 413 465 39 100 -1 -1 -1 -1
459 108 1053 429 51 131 -1 -1 -1 -1
459 121 800 409 115 282 -1 -1 -1 -1
459 153 674 437 116 287 -1 -1 -1 -1
459 177 382 457 45 113 -1 -1 -1 -1
459 180 1210 434 220 551 -1 -1 -1 -1
459 185 1394 427 136 337 -1 -1 -1 -1
459 193 402 389 275 674 -1 -1 -1 -1
459 195 1166 453 241 597 -1 -1 -1 -1
460 8 1078 426 210 514 -1 -1 -1 -1
460 121 798 408 116 283 -1 -1 -1 -1
460 153 676 438 115 286 -1 -1 -1 -1
460 185 1399 431 140 337 -1 -1 -1 -1
460 193 354 382 281 682 -1 -1 -1 -1
460 195 1175 443 242 601 -1 -1 -1 -1
461 7 551 433 123 301 -1 -1 -1 -1
461 8 1078 428 211 520 -1 -1 -1 -1
461 121 802 409 113 279 -1 -1 -1 -1
461 153 679 441 114 285 -1 -1 -1 -1
461 185 1403 431 139 340 -1 -1 -1 -1
461 193 323 371 281 691 -1 -1 -1 -1
461 195 1192 444 238 601 -1 -1 -1 -1
462 7 563 434 108 266 -1 -1 -1 -1
462 8 1082 429 213 522 -1 -1 -1 -1
462 108 1053 434 50 127 -1 -1 -1 -1
462 121 804 410 113 278 -1 -1 -1 -1
462 153 685 441 115 283 -1 -1 -1 -1
462 185 1409 432 138 341 -1 -1 -1 -1
462 193 297 369 283 691 -1 -1 -1 -1
462 195 1204 424 244 621 -1 -1 -1 -1
462 199 773 438 56 137 -1 -1 -1 -1
463 7 567 434 106 265 -1 -1 -1 -1
463 8 1087 425 213 527 -1 -1 -1 -1
463 108 1048 433 53 130 -1 -1 -1 -1
463 121 809 408 115 279 -1 -1 -1 -1
463 153 687 440 116 284 -1 -1 -1 -1
463 185 1415 433 139 341 -1 -1 -1 -1
463 193 259 363 283 696 -1 -1 -1 -1
463 195 1215 413 252 624 -1 -1 -1 -1
463 199 771 435 57 142 -1 -1 -1 -1
464 7 567 432 107 266 -1 -1 -1 -1
464 8 1087 423 216 531 -1 -1 -1 -1
464 121 812 408 117 283 -1 -1 -1 -1
464 153 690 438 115 286 -1 -1 -1 -1
464 185 1420 429 143 344 -1 -1 -1 -1
464 193 226 357 286 703 -1 -1 -1 -1
464 195 1217 411 255 627 -1 -1 -1 -1
464 199 769 437 56 141 -1 -1 -1 -1
465 7 567 432 109 270 -1 -1 -1 -1
465 8 1095 428 211 520 -1 -1 -1 -1
465 108 1048 436 52 129 -1 -1 -1 -1
465 121 821 419 113 277 -1 -1 -1 -1
465 153 696 438 115 284 -1 -1 -1 -1
465 179 1094 436 60 143 -1 -1 -1 -1
465 185 1427 426 143 352 -1 -1 -1 -1
465 193 199 359 286 703 -1 -1 -1 -1
465 195 1223 403 261 640 -1 -1 -1 -1
465 199 766 434 60 150 -1 -1 -1 -1
466 7 571 431 110 266 -1 -1 -1 -1
466 8 1097 429 211 523 -1 -1 -1 -1
466 121 822 416 113 280 -1 -1 -1 -1
466 153 703 438 116 285 -1 -1 -1 -1
466 179 1096 433 60 149 -1 -1 -1 -1
466 185 1434 423 144 361 -1 -1 -1 -1
466 193 176 363 284 701 -1 -1 -1 -1
466 195 1231 406 259 640 -1 -1 -1 -1
466 199 762 437 64 152 -1 -1 -1 -1
467 7 578 433 107 265 -1 -1 -1 -1
467 8 1100 426 216 530 -1 -1 -1 -1
467 92 507 467 71 177 -1 -1 -1 -1
467 121 821 411 115 288 -1 -1 -1 -1
467 153 709 436 116 287 -1 -1 -1 -1
467 179 1096 433 60 147 -1 -1 -1 -1
467 180 1225 419 200 487 -1 -1 -1 -1
467 185 1439 419 148 365 -1 -1 -1 -1
467 193 151 374 278 689 -1 -1 -1 -1
467 195 1247 411 256 633 -1 -1 -1 -1
468 7 580 433 107 264 -1 -1 -1 -1
468 8 1105 429 215 529 -1 -1 -1 -1
468 121 817 408 119 291 -1 -1 -1 -1
468 153 713 435 118 290 -1 -1 -1 -1
468 179 1094 434 61 148 -1 -1 -1 -1
468 180 1223 424 198 480 -1 -1 -1 -1
468 185 1440 417 151 367 -1 -1 -1 -1
468 193 126 381 278 684 -1 -1 -1 -1
468 195 1257 410 256 633 -1 -1 -1 -1
469 7 582 431 110 267 -1 -1 -1 -1
469 8 1103 431 217 526 -1 -1 -1 -1
469 92 497 446 78 189 -1 -1 -1 -1
469 108 1040 434 50 128 -1 -1 -1 -1
469 121 818 408 118 290 -1 -1 -1 -1
469 153 719 434 116 287 -1 -1 -1 -1
469 179 1092 433 60 152 -1 -1 -1 -1
469 180 1228 423 197 487 -1 -1 -1 -1
469 185 1452 417 149 368 -1 -1 -1 -1
469 193 97 385 275 679 -1 -1 -1 -1
469 195 1260 407 259 636 -1 -1 -1 -1
470 7 586 433 110 270 -1 -1 -1 -1
470 8 1101 428 220 534 -1 -1 -1 -1
470 92 497 466 73 176 -1 -1 -1 -1
470 108 1038 438 50 127 -1 -1 -1 -1
470 121 822 409 117 291 -1 -1 -1 -1
470 153 726 435 116 285 -1 -1 -1 -1
470 179 1091 429 62 155 -1 -1 -1 -1
470 180 1235 417 198 492 -1 -1 -1 -1
470 185 1456 416 150 372 -1 -1 -1 -1
470 193 76 396 272 669 -1 -1 -1 -1
470 195 1262 400 263 645 -1 -1 -1 -1
471 7 591 432 110 269 -1 -1 -1 -1
471 8 1103 427 221 545 -1 -1 -1 -1
471 108 1037 437 52 128 -1 -1 -1 -1
471 121 824 414 112 275 -1 -1 -1 -1
471 153 729 436 116 285 -1 -1 -1 -1
471 179 1093 432 62 154 -1 -1 -1 -1
471 180 1241 412 201 488 -1 -1 -1 -1
471 185 1461 418 151 370 -1 -1 -1 -1
471 193 53 403 272 665 -1 -1 -1 -1
471 195 1268 400 262 649 -1 -1 -1 -1
472 7 595 434 109 267 -1 -1 -1 -1
472 8 1104 426 223 549 -1 -1 -1 -1
472 92 478 468 72 177 -1 -1 -1 -1
472 108 1036 434 53 131 -1 -1 -1 -1
472 121 824 410 116 286 -1 -1 -1 -1
472 153 734 437 113 281 -1 -1 -1 -1
472 179 1091 436 59 148 -1 -1 -1 -1
472 180 1244 412 200 486 -1 -1 -1 -1
472 185 1467 418 150 369 -1 -1 -1 -1
472 193 18 402 271 665 -1 -1 -1 -1
472 195 1270 397 267 656 -1 -1 -1 -1
473 7 598 433 108 267 -1 -1 -1 -1
473 8 1104 425 222 551 -1 -1 -1 -1
473 92 474 469 71 179 -1 -1 -1 -1
473 108 1036 435 51 127 -1 -1 -1 -1
473 121 825 409 116 283 -1 -1 -1 -1
473 153 735 437 113 280 -1 -1 -1 -1
473 179 1093 437 60 149 -1 -1 -1 -1
473 180 1250 414 202 488 -1 -1 -1 -1
473 185 1477 416 149 371 -1 -1 -1 -1
473 193 1 401 262 667 -1 -1 -1 -1
473 195 1279 398 270 658 -1 -1 -1 -1
474 7 600 434 107 266 -1 -1 -1 -1
474 8 1104 421 225 557 -1 -1 -1 -1
474 10 994 442 36 88 -1 -1 -1 -1
474 108 1042 435 48 114 -1 -1 -1 -1
474 121 822 408 118 286 -1 -1 -1 -1
474 153 736 441 113 276 -1 -1 -1 -1
474 179 1092 432 62 154 -1 -1 -1 -1
474 180 1258 409 202 501 -1 -1 -1 -1
474 185 1484 418 149 367 -1 -1 -1 -1
474 193 0 401 239 664 -1 -1 -1 -1
474 195 1282 400 265 652 -1 -1 -1 -1
475 5 1159 431 36 89 -1 -1 -1 -1
475 7 603 433 107 265 -1 -1 -1 -1
475 8 1110 422 227 555 -1 -1 -1 -1
475 10 998 439 36 89 -1 -1 -1 -1
475 108 1041 432 42 108 -1 -1 -1 -1
475 121 823 407 119 285 -1 -1 -1 -1
475 122 873 437 94 230 -1 -1 -1 -1
475 153 741 438 114 280 -1 -1 -1 -1
475 179 1092 429 63 156 -1 -1 -1 -1
475 180 1265 410 204 502 -1 -1 -1 -1
475 185 1489 415 153 374 -1 -1 -1 -1
475 193 0 400 216 664 -1 -1 -1 -1
475 195 1292 402 266 655 -1 -1 -1 -1
476 5 1162 432 36 87 -1 -1 -1 -1
476 7 605 435 107 264 -1 -1 -1 -1
476 8 1113 419 226 561 -1 -1 -1 -1
476 10 999 439 37 91 -1 -1 -1 -1
476 92 450 473 77 188 -1 -1 -1 -1
476 108 1036 431 50 129 -1 -1 -1 -1
476 121 824 408 118 284 -1 -1 -1 -1
476 122 876 434 93 231 -1 -1 -1 -1
476 153 744 436 115 283 -1 -1 -1 -1
476 179 1092 426 62 157 -1 -1 -1 -1
476 185 1497 414 153 379 -1 -1 -1 -1
476 193 0 392 183 672 -1 -1 -1 -1
476 195 1305 402 267 655 -1 -1 -1 -1
477 5 1161 434 36 85 -1 -1 -1 -1
477 7 608 436 106 261 -1 -1 -1 -1
477 8 1112 421 229 562 -1 -1 -1 -1
477 92 442 473 78 190 -1 -1 -1 -1
477 121 825 407 117 285 -1 -1 -1 -1
477 122 878 437 94 234 -1 -1 -1 -1
477 153 747 436 115 283 -1 -1 -1 -1
477 179 1092 430 63 155 -1 -1 -1 -1
477 180 1276 410 200 491 -1 -1 -1 -1
477 185 1501 416 158 382 -1 -1 -1 -1
477 193 0 382 157 685 -1 -1 -1 -1
477 195 1314 407 266 648 -1 -1 -1 -1
477 205 1271 411 46 114 -1 -1 -1 -1
478 5 1159 433 36 89 -1 -1 -1 -1
478 7 611 436 106 260 -1 -1 -1 -1
478 8 1117 421 230 564 -1 -1 -1 -1
478 121 826 406 117 289 -1 -1 -1 -1
478 122 882 439 94 232 -1 -1 -1 -1
478 153 751 436 115 282 -1 -1 -1 -1
478 179 1092 432 63 153 -1 -1 -1 -1
478 180 1274 413 202 504 -1 -1 -1 -1
478 185 1506 415 156 384 -1 -1 -1 -1
478 193 -1 378 143 686 -1 -1 -1 -1
478 195 1320 401 269 658 -1 -1 -1 -1
478 205 1273 412 44 112 -1 -1 -1 -1
478 206 529 460 27 65 -1 -1 -1 -1
479 5 1159 432 37 90 -1 -1 -1 -1
479 7 613 435 106 262 -1 -1 -1 -1
479 8 1125 419 229 565 -1 -1 -1 -1
479 121 827 408 118 288 -1 -1 -1 -1
479 122 882 436 96 238 -1 -1 -1 -1
479 153 756 435 116 284 -1 -1 -1 -1
479 179 1091 431 64 154 -1 -1 -1 -1
479 180 1277 414 204 504 -1 -1 -1 -1
479 185 1512 419 157 383 -1 -1 -1 -1
479 193 0 344 121 720 -1 -1 -1 -1
479 195 1320 394 270 662 -1 -1 -1 -1
479 205 1272 411 45 115 -1 -1 -1 -1
479 206 529 459 27 66 -1 -1 -1 -1
480 5 1159 430 37 93 -1 -1 -1 -1
480 7 615 435 108 265 -1 -1 -1 -1
480 8 1126 420 230 563 -1 -1 -1 -1
480 92 420 475 81 198 -1 -1 -1 -1
480 121 827 409 115 286 -1 -1 -1 -1
480 122 889 436 96 238 -1 -1 -1 -1
480 153 759 435 115 280 -1 -1 -1 -1
480 179 1092 430 63 154 -1 -1 -1 -1
480 180 1280 412 213 528 -1 -1 -1 -1
480 185 1520 423 157 387 -1 -1 -1 -1
480 195 1327 399 268 657 -1 -1 -1 -1
480 205 1295 421 46 115 -1 -1 -1 -1
480 206 530 458 27 67 -1 -1 -1 -1
481 5 1158 428 39 94 -1 -1 -1 -1
481 7 617 434 107 263 -1 -1 -1 -1
481 8 1131 420 229 562 -1 -1 -1 -1
481 121 828 409 116 286 -1 -1 -1 -1
481 122 893 437 96 236 -1 -1 -1 -1
481 153 765 434 114 279 -1 -1 -1 -1
481 179 1092 430 63 154 -1 -1 -1 -1
481 180 1285 413 212 524 -1 -1 -1 -1
481 185 1527 423 159 391 -1 -1 -1 -1
481 195 1335 401 269 656 -1 -1 -1 -1
481 205 1299 418 49 121 -1 -1 -1 -1
481 206 529 455 29 69 -1 -1 -1 -1
481 209 562 452 31 75 -1 -1 -1 -1
482 5 1157 429 38 94 -1 -1 -1 -1
482 7 622 435 106 259 -1 -1 -1 -1
482 8 1137 421 228 562 -1 -1 -1 -1
482 64 744 455 47 119 -1 -1 -1 -1
482 108 1055 435 48 119 -1 -1 -1 -1
482 121 829 409 115 283 -1 -1 -1 -1
482 122 895 456 87 216 -1 -1 -1 -1
482 153 772 434 113 278 -1 -1 -1 -1
482 179 1093 432 62 152 -1 -1 -1 -1
482 180 1288 415 209 523 -1 -1 -1 -1
482 185 1536 425 157 387 -1 -1 -1 -1
482 195 1343 399 272 660 -1 -1 -1 -1
482 205 1301 415 51 126 -1 -1 -1 -1
482 206 529 454 29 69 -1 -1 -1 -1
482 209 563 451 30 76 -1 -1 -1 -1
483 7 624 434 107 258 -1 -1 -1 -1
483 8 1144 420 231 564 -1 -1 -1 -1
483 10 708 461 37 97 -1 -1 -1 -1
483 64 743 452 49 120 -1 -1 -1 -1
483 121 828 407 116 286 -1 -1 -1 -1
483 122 898 450 90 218 -1 -1 -1 -1
483 153 776 435 115 282 -1 -1 -1 -1
483 179 1096 432 61 152 -1 -1 -1 -1
483 180 1289 419 209 514 -1 -1 -1 -1
483 185 1545 425 161 393 -1 -1 -1 -1
483 195 1345 400 271 657 -1 -1 -1 -1
483 205 1301 418 49 122 -1 -1 -1 -1
483 206 529 454 29 70 -1 -1 -1 -1
483 209 569 453 30 75 -1 -1 -1 -1
484 7 629 433 104 258 -1 -1 -1 -1
484 8 1149 416 233 567 -1 -1 -1 -1
484 10 695 452 43 110 -1 -1 -1 -1
484 64 738 447 51 128 -1 -1 -1 -1
484 121 828 410 115 283 -1 -1 -1 -1
484 122 905 460 86 212 -1 -1 -1 -1
484 153 779 433 117 285 -1 -1 -1 -1
484 179 1097 433 61 151 -1 -1 -1 -1
484 180 1295 420 206 511 -1 -1 -1 -1
484 185 1551 426 159 395 -1 -1 -1 -1
484 195 1348 403 272 651 -1 -1 -1 -1
484 206 529 453 29 70 -1 -1 -1 -1
484 209 564 451 31 76 -1 -1 -1 -1
484 211 558 447 30 77 -1 -1 -1 -1
485 7 633 429 105 262 -1 -1 -1 -1
485 8 1155 423 227 562 -1 -1 -1 -1
485 64 736 448 52 126 -1 -1 -1 -1
485 108 1081 455 53 129 -1 -1 -1 -1
485 121 829 409 116 283 -1 -1 -1 -1
485 122 906 453 89 219 -1 -1 -1 -1
485 153 784 430 115 283 -1 -1 -1 -1
485 179 1098 434 59 150 -1 -1 -1 -1
485 180 1299 423 205 511 -1 -1 -1 -1
485 185 1558 421 162 396 -1 -1 -1 -1
485 195 1361 405 267 648 -1 -1 -1 -1
485 206 530 453 29 70 -1 -1 -1 -1
485 209 563 450 31 78 -1 -1 -1 -1
485 211 569 450 31 77 -1 -1 -1 -1
486 5 1188 445 31 81 -1 -1 -1 -1
486 7 637 430 107 262 -1 -1 -1 -1
486 8 1163 424 230 563 -1 -1 -1 -1
486 108 1086 446 58 141 -1 -1 -1 -1
486 121 830 408 116 283 -1 -1 -1 -1
486 122 910 439 94 232 -1 -1 -1 -1
486 153 790 434 112 279 -1 -1 -1 -1
486 179 1095 432 62 152 -1 -1 -1 -1
486 180 1303 418 212 520 -1 -1 -1 -1
486 185 1571 423 160 393 -1 -1 -1 -1
486 195 1367 421 261 632 -1 -1 -1 -1
486 199 734 449 51 124 -1 -1 -1 -1
486 206 530 455 29 70 -1 -1 -1 -1
486 209 564 450 31 78 -1 -1 -1 -1
486 211 571 452 31 76 -1 -1 -1 -1
487 5 1191 447 30 79 -1 -1 -1 -1
487 7 640 429 108 262 -1 -1 -1 -1
487 8 1169 425 230 562 -1 -1 -1 -1
487 108 1088 449 57 139 -1 -1 -1 -1
487 121 834 420 112 271 -1 -1 -1 -1
487 122 916 436 95 236 -1 -1 -1 -1
487 153 797 433 112 277 -1 -1 -1 -1
487 179 1097 434 60 149 -1 -1 -1 -1
487 180 1310 421 210 511 -1 -1 -1 -1
487 185 1580 420 162 401 -1 -1 -1 -1
487 195 1366 404 264 650 -1 -1 -1 -1
487 199 733 449 50 122 -1 -1 -1 -1
487 206 531 457 28 68 -1 -1 -1 -1
487 209 565 450 31 79 -1 -1 -1 -1
487 211 572 452 30 77 -1 -1 -1 -1
488 5 1191 447 30 80 -1 -1 -1 -1
488 7 642 431 106 259 -1 -1 -1 -1
488 8 1174 427 229 561 -1 -1 -1 -1
488 108 1088 440 59 145 -1 -1 -1 -1
488 121 841 422 104 257 -1 -1 -1 -1
488 122 922 437 95 236 -1 -1 -1 -1
488 153 805 439 111 274 -1 -1 -1 -1
488 179 1098 435 60 146 -1 -1 -1 -1
488 180 1315 416 210 522 -1 -1 -1 -1
488 185 1585 413 170 417 -1 -1 -1 -1
488 195 1373 403 267 657 -1 -1 -1 -1
488 199 731 445 50 124 -1 -1 -1 -1
488 206 532 456 28 68 -1 -1 -1 -1
488 209 565 451 31 78 -1 -1 -1 -1
488 211 573 452 29 77 -1 -1 -1 -1
489 7 646 436 105 255 -1 -1 -1 -1
489 8 1176 425 230 563 -1 -1 -1 -1
489 64 907 451 52 127 -1 -1 -1 -1
489 108 1088 439 59 148 -1 -1 -1 -1
489 121 842 419 102 252 -1 -1 -1 -1
489 122 926 430 98 242 -1 -1 -1 -1
489 153 808 440 110 271 -1 -1 -1 -1
489 179 1097 434 61 149 -1 -1 -1 -1
489 180 1319 418 210 522 -1 -1 -1 -1
489 185 1586 413 173 421 -1 -1 -1 -1
489 195 1377 403 270 661 -1 -1 -1 -1
489 199 730 443 50 125 -1 -1 -1 -1
489 206 533 456 27 68 -1 -1 -1 -1
489 209 565 451 31 77 -1 -1 -1 -1
489 211 572 452 30 76 -1 -1 -1 -1
490 7 650 437 103 255 -1 -1 -1 -1
490 8 1181 425 231 564 -1 -1 -1 -1
490 108 1086 440 59 147 -1 -1 -1 -1
490 121 844 416 99 247 -1 -1 -1 -1
490 122 929 431 97 240 -1 -1 -1 -1
490 153 810 442 110 267 -1 -1 -1 -1
490 179 1097 434 61 149 -1 -1 -1 -1
490 180 1318 416 214 530 -1 -1 -1 -1
490 185 1599 412 169 416 -1 -1 -1 -1
490 195 1381 400 270 662 -1 -1 -1 -1
490 199 728 441 51 127 -1 -1 -1 -1
490 206 532 456 28 68 -1 -1 -1 -1
490 209 565 451 31 76 -1 -1 -1 -1
490 211 573 452 29 75 -1 -1 -1 -1
490 217 541 451 29 73 -1 -1 -1 -1
491 7 650 437 105 255 -1 -1 -1 -1
491 8 1187 426 231 566 -1 -1 -1 -1
491 92 337 482 79 194 -1 -1 -1 -1
491 108 1079 439 58 148 -1 -1 -1 -1
491 121 848 413 97 240 -1 -1 -1 -1
491 122 936 432 97 240 -1 -1 -1 -1
491 153 816 440 111 272 -1 -1 -1 -1
491 179 1100 435 57 144 -1 -1 -1 -1
491 180 1330 417 208 523 -1 -1 -1 -1
491 185 1606 412 171 421 -1 -1 -1 -1
491 195 1389 395 273 663 -1 -1 -1 -1
491 199 727 441 53 131 -1 -1 -1 -1
491 206 533 456 27 68 -1 -1 -1 -1
491 209 566 452 31 75 -1 -1 -1 -1
491 211 573 452 29 75 -1 -1 -1 -1
491 217 541 452 29 72 -1 -1 -1 -1
492 7 652 435 106 259 -1 -1 -1 -1
492 8 1195 426 230 565 -1 -1 -1 -1
492 92 332 482 80 195 -1 -1 -1 -1
492 108 1080 436 60 151 -1 -1 -1 -1
492 122 940 432 97 240 -1 -1 -1 -1
492 153 823 441 109 272 -1 -1 -1 -1
492 179 1098 434 61 148 -1 -1 -1 -1
492 180 1340 417 202 500 -1 -1 -1 -1
492 185 1616 411 170 424 -1 -1 -1 -1
492 195 1392 398 265 651 -1 -1 -1 -1
492 199 725 440 51 127 -1 -1 -1 -1
492 206 533 458 27 67 -1 -1 -1 -1
492 209 566 452 31 75 -1 -1 -1 -1
492 211 573 453 29 74 -1 -1 -1 -1
492 217 541 454 28 71 -1 -1 -1 -1
492 218 419 470 38 95 -1 -1 -1 -1
493 7 657 436 104 257 -1 -1 -1 -1
493 8 1199 425 232 566 -1 -1 -1 -1
493 64 1017 448 51 124 -1 -1 -1 -1
493 108 1081 436 60 151 -1 -1 -1 -1
493 122 944 431 96 242 -1 -1 -1 -1
493 153 830 443 110 267 -1 -1 -1 -1
493 179 1097 434 61 148 -1 -1 -1 -1
493 180 1348 414 196 470 -1 -1 -1 -1
493 185 1618 411 173 428 -1 -1 -1 -1
493 195 1398 401 258 641 -1 -1 -1 -1
493 199 724 441 50 127 -1 -1 -1 -1
493 206 533 460 27 65 -1 -1 -1 -1
493 211 569 454 30 74 -1 -1 -1 -1
493 217 541 456 27 69 -1 -1 -1 -1
493 218 419 472 38 93 -1 -1 -1 -1
494 7 658 436 104 258 -1 -1 -1 -1
494 8 1201 424 232 568 -1 -1 -1 -1
494 92 314 481 77 197 -1 -1 -1 -1
494 108 1081 440 59 148 -1 -1 -1 -1
494 122 947 431 97 239 -1 -1 -1 -1
494 153 831 444 111 267 -1 -1 -1 -1
494 179 1097 434 61 149 -1 -1 -1 -1
494 180 1354 414 198 491 -1 -1 -1 -1
494 185 1612 410 181 445 -1 -1 -1 -1
494 195 1399 396 270 658 -1 -1 -1 -1
494 199 722 443 51 128 -1 -1 -1 -1
494 206 533 462 26 63 -1 -1 -1 -1
494 209 546 458 26 67 -1 -1 -1 -1
494 211 568 455 30 72 -1 -1 -1 -1
494 218 419 473 39 92 -1 -1 -1 -1
494 219 383 462 43 107 -1 -1 -1 -1
495 7 660 438 105 255 -1 -1 -1 -1
495 8 1205 425 231 566 -1 -1 -1 -1
495 64 965 458 46 119 -1 -1 -1 -1
495 92 305 479 83 207 -1 -1 -1 -1
495 108 1082 442 57 146 -1 -1 -1 -1
495 122 953 436 95 236 -1 -1 -1 -1
495 153 836 440 112 273 -1 -1 -1 -1
495 179 1098 438 59 146 -1 -1 -1 -1
495 180 1363 414 195 476 -1 -1 -1 -1
495 185 1619 408 182 444 -1 -1 -1 -1
495 195 1409 388 271 667 -1 -1 -1 -1
495 199 723 446 49 121 -1 -1 -1 -1
495 206 533 460 26 64 -1 -1 -1 -1
495 209 542 456 27 68 -1 -1 -1 -1
495 211 568 453 30 76 -1 -1 -1 -1
495 218 420 476 37 89 -1 -1 -1 -1
495 219 384 464 43 106 -1 -1 -1 -1
496 7 665 435 105 257 -1 -1 -1 -1
496 8 1214 430 229 561 -1 -1 -1 -1
496 10 636 454 31 79 -1 -1 -1 -1
496 122 958 437 95 234 -1 -1 -1 -1
496 153 840 442 112 273 -1 -1 -1 -1
496 179 1095 436 61 148 -1 -1 -1 -1
496 180 1370 419 194 479 -1 -1 -1 -1
496 185 1632 411 179 441 -1 -1 -1 -1
496 195 1415 395 271 666 -1 -1 -1 -1
496 206 533 459 27 65 -1 -1 -1 -1
496 209 540 455 28 69 -1 -1 -1 -1
496 211 568 452 30 76 -1 -1 -1 -1
496 218 419 476 37 90 -1 -1 -1 -1
496 219 385 464 42 106 -1 -1 -1 -1
497 7 668 436 106 256 -1 -1 -1 -1
497 8 1215 429 229 561 -1 -1 -1 -1
497 10 631 452 34 84 -1 -1 -1 -1
497 64 959 462 48 113 -1 -1 -1 -1
497 108 1085 437 58 150 -1 -1 -1 -1
497 122 964 438 95 234 -1 -1 -1 -1
497 153 847 445 110 271 -1 -1 -1 -1
497 179 1095 435 61 149 -1 -1 -1 -1
497 180 1366 415 204 511 -1 -1 -1 -1
497 185 1642 414 179 444 -1 -1 -1 -1
497 195 1415 391 274 669 -1 -1 -1 -1
497 206 534 456 28 67 -1 -1 -1 -1
497 209 540 453 28 71 -1 -1 -1 -1
497 211 567 451 31 77 -1 -1 -1 -1
497 218 418 471 38 94 -1 -1 -1 -1
497 219 385 464 42 106 -1 -1 -1 -1
498 7 675 434 104 259 -1 -1 -1 -1
498 8 1219 430 229 559 -1 -1 -1 -1
498 10 627 453 32 84 -1 -1 -1 -1
498 108 1073 440 53 131 -1 -1 -1 -1
498 122 967 434 97 237 -1 -1 -1 -1
498 153 852 449 107 264 -1 -1 -1 -1
498 179 1095 433 62 151 -1 -1 -1 -1
498 180 1365 417 214 535 -1 -1 -1 -1
498 185 1656 413 180 445 -1 -1 -1 -1
498 195 1434 394 259 631 -1 -1 -1 -1
498 206 535 455 28 69 -1 -1 -1 -1
498 209 540 453 29 72 -1 -1 -1 -1
498 211 567 451 31 77 -1 -1 -1 -1
498 218 418 471 38 94 -1 -1 -1 -1
498 219 384 465 41 104 -1 -1 -1 -1
499 7 680 431 104 259 -1 -1 -1 -1
499 8 1224 427 231 562 -1 -1 -1 -1
499 10 625 452 34 87 -1 -1 -1 -1
499 64 1059 444 50 124 -1 -1 -1 -1
499 108 1084 437 56 145 -1 -1 -1 -1
499 122 971 436 94 236 -1 -1 -1 -1
499 153 852 450 110 270 -1 -1 -1 -1
499 179 1096 434 61 149 -1 -1 -1 -1
499 180 1370 417 213 530 -1 -1 -1 -1
499 185 1661 414 182 450 -1 -1 -1 -1
499 195 1438 387 268 661 -1 -1 -1 -1
499 206 535 455 28 70 -1 -1 -1 -1
499 209 539 453 29 73 -1 -1 -1 -1
499 211 567 452 31 76 -1 -1 -1 -1
499 218 418 472 37 93 -1 -1 -1 -1
499 219 385 468 40 101 -1 -1 -1 -1
500 7 681 432 105 262 -1 -1 -1 -1
500 8 1231 423 231 562 -1 -1 -1 -1
500 64 1072 442 48 120 -1 -1 -1 -1
500 92 255 483 87 213 -1 -1 -1 -1
500 108 1091 439 56 146 -1 -1 -1 -1
500 122 977 441 92 230 -1 -1 -1 -1
500 153 855 440 113 279 -1 -1 -1 -1
500 180 1384 420 208 510 -1 -1 -1 -1
500 185 1673 420 183 453 -1 -1 -1 -1
500 195 1475 395 218 539 -1 -1 -1 -1
500 209 539 453 30 74 -1 -1 -1 -1
500 211 568 452 31 76 -1 -1 -1 -1
500 218 417 468 38 96 -1 -1 -1 -1
500 219 384 466 41 104 -1 -1 -1 -1
501 5 834 463 34 89 -1 -1 -1 -1
501 7 683 433 105 261 -1 -1 -1 -1
501 8 1238 423 230 562 -1 -1 -1 -1
501 10 627 452 35 88 -1 -1 -1 -1
501 64 1075 442 50 123 -1 -1 -1 -1
501 108 1079 442 57 141 -1 -1 -1 -1
501 122 978 446 90 225 -1 -1 -1 -1
501 153 850 427 119 292 -1 -1 -1 -1
501 179 1098 435 60 148 -1 -1 -1 -1
501 180 1387 420 211 518 -1 -1 -1 -1
501 185 1679 417 185 458 -1 -1 -1 -1
501 195 1481 394 217 532 -1 -1 -1 -1
501 209 539 452 30 75 -1 -1 -1 -1
501 211 569 451 30 78 -1 -1 -1 -1
501 218 417 468 39 96 -1 -1 -1 -1
501 219 384 466 41 104 -1 -1 -1 -1
502 5 829 464 36 90 -1 -1 -1 -1
502 7 688 434 106 261 -1 -1 -1 -1
502 8 1250 422 231 563 -1 -1 -1 -1
502 64 1076 442 50 124 -1 -1 -1 -1
502 121 841 405 115 287 -1 -1 -1 -1
502 122 984 445 92 227 -1 -1 -1 -1
502 153 869 438 113 281 -1 -1 -1 -1
502 179 1098 433 61 150 -1 -1 -1 -1
502 180 1391 419 213 521 -1 -1 -1 -1
502 185 1687 416 189 466 -1 -1 -1 -1
502 195 1500 395 219 531 -1 -1 -1 -1
502 209 539 453 30 74 -1 -1 -1 -1
502 211 568 452 31 78 -1 -1 -1 -1
502 218 417 467 39 97 -1 -1 -1 -1
502 219 384 466 41 103 -1 -1 -1 -1
503 7 690 433 107 262 -1 -1 -1 -1
503 8 1253 425 233 568 -1 -1 -1 -1
503 10 626 447 37 94 -1 -1 -1 -1
503 64 1073 439 51 126 -1 -1 -1 -1
503 121 843 407 116 286 -1 -1 -1 -1
503 122 987 429 97 242 -1 -1 -1 -1
503 153 880 442 111 271 -1 -1 -1 -1
503 179 1095 433 62 151 -1 -1 -1 -1
503 180 1394 415 211 519 -1 -1 -1 -1
503 185 1695 419 185 458 -1 -1 -1 -1
503 195 1487 393 236 567 -1 -1 -1 -1
503 209 539 453 30 75 -1 -1 -1 -1
503 211 568 451 32 79 -1 -1 -1 -1
503 218 417 468 39 96 -1 -1 -1 -1
503 219 384 467 40 102 -1 -1 -1 -1
504 7 693 433 108 264 -1 -1 -1 -1
504 8 1256 422 235 575 -1 -1 -1 -1
504 64 1073 437 47 118 -1 -1 -1 -1
504 121 847 415 112 276 -1 -1 -1 -1
504 122 993 458 85 213 -1 -1 -1 -1
504 153 884 439 112 271 -1 -1 -1 -1
504 179 1093 432 62 154 -1 -1 -1 -1
504 180 1402 412 210 523 -1 -1 -1 -1
504 185 1703 415 189 465 -1 -1 -1 -1
504 195 1495 395 228 548 -1 -1 -1 -1
504 205 1302 416 51 126 -1 -1 -1 -1
504 209 539 454 29 75 -1 -1 -1 -1
504 211 568 450 32 80 -1 -1 -1 -1
504 218 417 470 39 95 -1 -1 -1 -1
504 219 384 469 40 99 -1 -1 -1 -1
505 7 698 435 105 262 -1 -1 -1 -1
505 8 1263 421 237 580 -1 -1 -1 -1
505 10 625 448 35 88 -1 -1 -1 -1
505 64 1071 437 49 124 -1 -1 -1 -1
505 121 850 411 113 280 -1 -1 -1 -1
505 122 998 448 91 223 -1 -1 -1 -1
505 153 895 441 109 266 -1 -1 -1 -1
505 179 1094 432 63 154 -1 -1 -1 -1
505 180 1409 415 212 524 -1 -1 -1 -1
505 185 1710 413 191 470 -1 -1 -1 -1
505 195 1513 396 214 532 -1 -1 -1 -1
505 205 1302 415 52 126 -1 -1 -1 -1
505 209 539 454 30 76 -1 -1 -1 -1
505 211 569 451 31 78 -1 -1 -1 -1
505 218 418 472 38 93 -1 -1 -1 -1
505 219 384 468 40 100 -1 -1 -1 -1
506 7 702 434 106 262 -1 -1 -1 -1
506 8 1269 425 241 587 -1 -1 -1 -1
506 10 627 451 33 83 -1 -1 -1 -1
506 64 1069 438 52 129 -1 -1 -1 -1
506 121 852 415 110 273 -1 -1 -1 -1
506 122 1003 442 91 227 -1 -1 -1 -1
506 153 900 443 107 265 -1 -1 -1 -1
506 179 1093 431 64 156 -1 -1 -1 -1
506 180 1416 422 209 518 -1 -1 -1 -1
506 185 1721 414 188 466 -1 -1 -1 -1
506 195 1538 402 202 508 -1 -1 -1 -1
506 205 1300 410 56 138 -1 -1 -1 -1
506 209 539 455 30 74 -1 -1 -1 -1
506 211 570 452 31 76 -1 -1 -1 -1
506 218 418 470 38 95 -1 -1 -1 -1
506 219 384 468 40 100 -1 -1 -1 -1
507 7 705 430 106 262 -1 -1 -1 -1
507 8 1276 422 243 590 -1 -1 -1 -1
507 10 632 455 33 82 -1 -1 -1 -1
507 64 1071 439 49 125 -1 -1 -1 -1
507 121 850 414 112 278 -1 -1 -1 -1
507 122 1005 444 89 223 -1 -1 -1 -1
507 153 905 446 107 264 -1 -1 -1 -1
507 179 1093 431 63 155 -1 -1 -1 -1
507 180 1420 425 210 516 -1 -1 -1 -1
507 185 1725 406 192 473 -1 -1 -1 -1
507 195 1548 398 206 516 -1 -1 -1 -1
507 205 1301 417 52 132 -1 -1 -1 -1
507 209 540 456 29 73 -1 -1 -1 -1
507 211 570 454 31 75 -1 -1 -1 -1
507 218 417 469 38 95 -1 -1 -1 -1
507 219 384 467 40 101 -1 -1 -1 -1
508 7 711 432 105 257 -1 -1 -1 -1
508 8 1285 432 237 579 -1 -1 -1 -1
508 10 632 455 35 85 -1 -1 -1 -1
508 121 854 413 113 278 -1 -1 -1 -1
508 122 1008 438 93 229 -1 -1 -1 -1
508 153 912 445 108 266 -1 -1 -1 -1
508 179 1095 434 60 153 -1 -1 -1 -1
508 180 1449 418 213 526 -1 -1 -1 -1
508 185 1735 407 184 471 -1 -1 -1 -1
508 195 1557 399 209 514 -1 -1 -1 -1
508 199 696 443 50 127 -1 -1 -1 -1
508 205 1300 419 51 124 -1 -1 -1 -1
508 209 539 455 30 74 -1 -1 -1 -1
508 211 569 449 32 80 -1 -1 -1 -1
508 218 417 471 38 93 -1 -1 -1 -1
508 219 384 467 40 102 -1 -1 -1 -1
509 7 714 435 104 255 -1 -1 -1 -1
509 8 1293 423 241 594 -1 -1 -1 -1
509 10 632 454 35 88 -1 -1 -1 -1
509 121 854 409 113 280 -1 -1 -1 -1
509 122 1013 435 96 235 -1 -1 -1 -1
509 153 917 441 110 275 -1 -1 -1 -1
509 179 1096 433 60 154 -1 -1 -1 -1
509 180 1441 421 214 529 -1 -1 -1 -1
509 185 1742 404 178 474 -1 -1 -1 -1
509 195 1492 403 221 544 -1 -1 -1 -1
509 199 696 445 50 124 -1 -1 -1 -1
509 205 1301 420 50 125 -1 -1 -1 -1
509 209 539 455 30 74 -1 -1 -1 -1
509 211 569 449 32 80 -1 -1 -1 -1
509 218 418 475 37 90 -1 -1 -1 -1
509 219 384 468 40 100 -1 -1 -1 -1
510 7 719 435 104 256 -1 -1 -1 -1
510 8 1301 422 241 594 -1 -1 -1 -1
510 10 634 453 35 87 -1 -1 -1 -1
510 108 1005 436 52 133 -1 -1 -1 -1
510 121 856 411 111 276 -1 -1 -1 -1
510 122 1017 442 93 226 -1 -1 -1 -1
510 153 923 446 107 268 -1 -1 -1 -1
510 179 1094 433 60 153 -1 -1 -1 -1
510 180 1440 422 209 515 -1 -1 -1 -1
510 185 1752 401 167 476 -1 -1 -1 -1
510 195 1484 401 222 549 -1 -1 -1 -1
510 199 697 448 49 122 -1 -1 -1 -1
510 205 1302 420 50 124 -1 -1 -1 -1
510 209 539 455 30 74 -1 -1 -1 -1
510 211 569 449 31 79 -1 -1 -1 -1
510 218 419 478 36 87 -1 -1 -1 -1
510 219 385 471 39 98 -1 -1 -1 -1
511 7 718 434 106 259 -1 -1 -1 -1
511 8 1306 421 244 601 -1 -1 -1 -1
511 10 634 452 35 87 -1 -1 -1 -1
511 108 1005 434 54 135 -1 -1 -1 -1
511 121 860 410 110 277 -1 -1 -1 -1
511 122 1024 445 91 221 -1 -1 -1 -1
511 153 926 448 108 265 -1 -1 -1 -1
511 179 1095 434 60 151 -1 -1 -1 -1
511 180 1444 420 210 518 -1 -1 -1 -1
511 185 1759 401 160 482 -1 -1 -1 -1
511 195 1529 387 242 605 -1 -1 -1 -1
511 199 697 454 46 115 -1 -1 -1 -1
511 205 1302 420 50 123 -1 -1 -1 -1
511 206 665 460 32 77 -1 -1 -1 -1
511 209 539 454 30 74 -1 -1 -1 -1
511 211 569 449 31 79 -1 -1 -1 -1
511 218 418 477 36 88 -1 -1 -1 -1
511 219 383 469 41 100 -1 -1 -1 -1
511 232 672 459 33 79 -1 -1 -1 -1
512 7 721 434 106 259 -1 -1 -1 -1
512 8 1310 421 245 605 -1 -1 -1 -1
512 10 630 450 34 86 -1 -1 -1 -1
512 108 1007 437 53 130 -1 -1 -1 -1
512 121 862 410 109 274 -1 -1 -1 -1
512 122 1029 447 89 219 -1 -1 -1 -1
512 153 929 449 108 265 -1 -1 -1 -1
512 179 1093 433 62 152 -1 -1 -1 -1
512 180 1444 421 209 514 -1 -1 -1 -1
512 185 1765 398 155 483 -1 -1 -1 -1
512 195 1530 387 254 630 -1 -1 -1 -1
512 199 694 460 43 109 -1 -1 -1 -1
512 205 1300 422 49 121 -1 -1 -1 -1
512 209 538 453 31 76 -1 -1 -1 -1
512 211 568 450 32 79 -1 -1 -1 -1
512 218 416 473 37 92 -1 -1 -1 -1
512 219 381 465 42 103 -1 -1 -1 -1
512 232 670 460 31 75 -1 -1 -1 -1
513 7 726 434 104 255 -1 -1 -1 -1
513 8 1314 419 245 603 -1 -1 -1 -1
513 10 636 455 34 85 -1 -1 -1 -1
513 108 1010 444 49 123 -1 -1 -1 -1
513 121 860 413 111 271 -1 -1 -1 -1
513 122 1032 446 89 220 -1 -1 -1 -1
513 153 934 448 107 265 -1 -1 -1 -1
513 179 1096 435 60 151 -1 -1 -1 -1
513 180 1443 419 208 513 -1 -1 -1 -1
513 185 1776 395 143 489 -1 -1 -1 -1
513 195 1532 385 267 665 -1 -1 -1 -1
513 199 690 456 46 113 -1 -1 -1 -1
513 209 538 452 31 77 -1 -1 -1 -1
513 211 568 450 32 79 -1 -1 -1 -1
513 218 415 472 38 93 -1 -1 -1 -1
513 219 381 464 42 104 -1 -1 -1 -1
513 232 669 459 31 75 -1 -1 -1 -1
514 5 802 460 34 87 -1 -1 -1 -1
514 7 730 436 103 255 -1 -1 -1 -1
514 8 1314 424 241 598 -1 -1 -1 -1
514 10 637 454 34 87 -1 -1 -1 -1
514 121 862 413 110 271 -1 -1 -1 -1
514 122 1033 447 90 221 -1 -1 -1 -1
514 153 939 448 109 265 -1 -1 -1 -1
514 179 1096 435 60 150 -1 -1 -1 -1
514 180 1450 420 209 514 -1 -1 -1 -1
514 185 1783 394 136 487 -1 -1 -1 -1
514 195 1534 385 258 644 -1 -1 -1 -1
514 199 689 454 46 114 -1 -1 -1 -1
514 209 539 452 30 77 -1 -1 -1 -1
514 211 568 449 32 80 -1 -1 -1 -1
514 218 415 472 38 93 -1 -1 -1 -1
514 219 381 464 42 104 -1 -1 -1 -1
514 232 670 458 30 78 -1 -1 -1 -1
515 7 734 437 101 250 -1 -1 -1 -1
515 8 1322 427 243 595 -1 -1 -1 -1
515 10 639 454 34 88 -1 -1 -1 -1
515 121 863 412 111 274 -1 -1 -1 -1
515 122 1036 455 87 215 -1 -1 -1 -1
515 153 945 445 108 266 -1 -1 -1 -1
515 179 1096 437 60 148 -1 -1 -1 -1
515 180 1452 416 212 523 -1 -1 -1 -1
515 185 1792 392 128 500 -1 -1 -1 -1
515 195 1545 386 257 646 -1 -1 -1 -1
515 199 686 449 49 121 -1 -1 -1 -1
515 209 539 451 31 78 -1 -1 -1 -1
515 211 569 450 32 80 -1 -1 -1 -1
515 218 415 472 39 94 -1 -1 -1 -1
515 219 382 464 41 104 -1 -1 -1 -1
515 232 668 457 32 79 -1 -1 -1 -1
516 7 737 436 102 249 -1 -1 -1 -1
516 8 1325 428 245 597 -1 -1 -1 -1
516 10 639 454 36 88 -1 -1 -1 -1
516 121 865 410 112 277 -1 -1 -1 -1
516 122 1042 452 90 219 -1 -1 -1 -1
516 153 953 452 105 257 -1 -1 -1 -1
516 179 1096 434 61 150 -1 -1 -1 -1
516 180 1454 420 216 531 -1 -1 -1 -1
516 185 1797 396 123 498 -1 -1 -1 -1
516 195 1563 386 262 654 -1 -1 -1 -1
516 199 684 447 49 124 -1 -1 -1 -1
516 205 1300 420 49 123 -1 -1 -1 -1
516 206 670 458 34 87 -1 -1 -1 -1
516 209 540 450 31 78 -1 -1 -1 -1
516 211 571 449 32 81 -1 -1 -1 -1
516 218 416 473 39 93 -1 -1 -1 -1
516 219 382 463 42 106 -1 -1 -1 -1
517 7 740 434 101 251 -1 -1 -1 -1
517 8 1332 429 242 594 -1 -1 -1 -1
517 10 641 454 35 89 -1 -1 -1 -1
517 121 866 411 113 281 -1 -1 -1 -1
517 122 1042 442 94 229 -1 -1 -1 -1
517 153 959 452 105 257 -1 -1 -1 -1
517 179 1096 432 62 154 -1 -1 -1 -1
517 180 1461 415 225 541 -1 -1 -1 -1
517 185 1811 394 108 499 -1 -1 -1 -1
517 195 1565 383 267 663 -1 -1 -1 -1
517 199 683 446 49 126 -1 -1 -1 -1
517 209 539 449 32 79 -1 -1 -1 -1
517 211 571 450 32 82 -1 -1 -1 -1
517 218 417 472 38 94 -1 -1 -1 -1
517 219 382 463 42 106 -1 -1 -1 -1
518 7 745 433 103 252 -1 -1 -1 -1
518 8 1336 422 244 599 -1 -1 -1 -1
518 10 642 453 35 90 -1 -1 -1 -1
518 64 880 442 55 139 -1 -1 -1 -1
518 121 867 410 114 282 -1 -1 -1 -1
518 122 1046 448 92 222 -1 -1 -1 -1
518 153 961 450 104 261 -1 -1 -1 -1
518 179 1098 432 61 154 -1 -1 -1 -1
518 180 1476 417 223 543 -1 -1 -1 -1
518 185 1815 399 104 485 -1 -1 -1 -1
518 195 1567 383 262 655 -1 -1 -1 -1
518 199 681 444 51 128 -1 -1 -1 -1
518 206 713 447 35 89 -1 -1 -1 -1
518 209 540 448 31 79 -1 -1 -1 -1
518 211 572 449 32 81 -1 -1 -1 -1
518 218 418 475 37 91 -1 -1 -1 -1
518 219 382 464 42 105 -1 -1 -1 -1
518 236 615 434 34 83 -1 -1 -1 -1
519 7 749 431 102 253 -1 -1 -1 -1
519 8 1341 419 246 603 -1 -1 -1 -1
519 10 643 452 36 91 -1 -1 -1 -1
519 64 873 442 58 147 -1 -1 -1 -1
519 121 870 407 113 281 -1 -1 -1 -1
519 122 1049 457 88 212 -1 -1 -1 -1
519 153 961 448 108 264 -1 -1 -1 -1
519 179 1097 431 61 152 -1 -1 -1 -1
519 180 1486 419 216 531 -1 -1 -1 -1
519 185 1821 405 99 486 -1 -1 -1 -1
519 195 1577 398 258 640 -1 -1 -1 -1
519 199 680 443 51 129 -1 -1 -1 -1
519 206 719 447 34 86 -1 -1 -1 -1
519 209 540 450 30 77 -1 -1 -1 -1
519 211 573 450 31 80 -1 -1 -1 -1
519 218 417 473 38 93 -1 -1 -1 -1
519 219 382 463 42 106 -1 -1 -1 -1
519 236 616 433 33 82 -1 -1 -1 -1
520 7 751 428 104 256 -1 -1 -1 -1
520 8 1349 420 243 601 -1 -1 -1 -1
520 10 644 452 35 90 -1 -1 -1 -1
520 121 869 408 114 283 -1 -1 -1 -1
520 122 1050 456 87 211 -1 -1 -1 -1
520 153 962 447 110 267 -1 -1 -1 -1
520 179 1098 433 61 152 -1 -1 -1 -1
520 180 1496 424 212 520 -1 -1 -1 -1
520 185 1832 401 88 490 -1 -1 -1 -1
520 195 1585 397 255 637 -1 -1 -1 -1
520 199 678 442 52 130 -1 -1 -1 -1
520 206 720 445 35 87 -1 -1 -1 -1
520 209 540 449 31 78 -1 -1 -1 -1
520 211 571 447 33 82 -1 -1 -1 -1
520 218 418 475 38 91 -1 -1 -1 -1
520 219 381 462 43 107 -1 -1 -1 -1
520 236 616 432 31 80 -1 -1 -1 -1
521 7 755 431 102 250 -1 -1 -1 -1
521 8 1351 422 243 600 -1 -1 -1 -1
521 10 644 453 35 90 -1 -1 -1 -1
521 121 868 408 118 289 -1 -1 -1 -1
521 122 1051 437 94 232 -1 -1 -1 -1
521 153 966 439 112 274 -1 -1 -1 -1
521 179 1099 432 60 150 -1 -1 -1 -1
521 180 1496 427 215 518 -1 -1 -1 -1
521 185 1845 405 75 482 -1 -1 -1 -1
521 195 1588 394 261 651 -1 -1 -1 -1
521 199 678 442 51 127 -1 -1 -1 -1
521 206 720 443 35 89 -1 -1 -1 -1
521 209 541 451 30 77 -1 -1 -1 -1
521 211 572 450 31 79 -1 -1 -1 -1
521 218 417 471 38 94 -1 -1 -1 -1
521 219 381 461 43 108 -1 -1 -1 -1
521 236 616 434 32 80 -1 -1 -1 -1
522 7 760 432 100 245 -1 -1 -1 -1
522 8 1354 423 244 603 -1 -1 -1 -1
522 10 644 453 35 89 -1 -1 -1 -1
522 121 872 407 116 288 -1 -1 -1 -1
522 122 1055 434 95 234 -1 -1 -1 -1
522 153 967 437 111 277 -1 -1 -1 -1
522 180 1497 423 220 527 -1 -1 -1 -1
522 185 1840 411 81 498 -1 -1 -1 -1
522 195 1592 390 266 659 -1 -1 -1 -1
522 199 677 443 50 127 -1 -1 -1 -1
522 206 718 444 34 87 -1 -1 -1 -1
522 209 540 453 31 76 -1 -1 -1 -1
522 211 573 452 30 77 -1 -1 -1 -1
522 218 417 470 38 95 -1 -1 -1 -1
522 219 381 461 43 108 -1 -1 -1 -1
522 236 616 434 32 80 -1 -1 -1 -1
523 7 767 433 101 246 -1 -1 -1 -1
523 8 1362 424 246 605 -1 -1 -1 -1
523 10 646 455 33 86 -1 -1 -1 -1
523 108 1123 435 47 124 -1 -1 -1 -1
523 121 876 408 116 287 -1 -1 -1 -1
523 122 1057 437 96 232 -1 -1 -1 -1
523 153 969 435 113 279 -1 -1 -1 -1
523 180 1501 426 219 529 -1 -1 -1 -1
523 195 1614 385 260 659 -1 -1 -1 -1
523 199 676 446 49 123 -1 -1 -1 -1
523 206 720 447 33 86 -1 -1 -1 -1
523 209 541 453 30 75 -1 -1 -1 -1
523 211 574 452 29 77 -1 -1 -1 -1
523 218 417 473 38 92 -1 -1 -1 -1
523 219 382 463 42 106 -1 -1 -1 -1
524 5 874 445 42 104 -1 -1 -1 -1
524 7 768 430 104 255 -1 -1 -1 -1
524 8 1369 422 247 611 -1 -1 -1 -1
524 10 648 457 32 80 -1 -1 -1 -1
524 108 1130 437 43 106 -1 -1 -1 -1
524 121 879 407 116 288 -1 -1 -1 -1
524 122 1059 446 91 221 -1 -1 -1 -1
524 153 975 438 112 277 -1 -1 -1 -1
524 180 1506 427 222 533 -1 -1 -1 -1
524 195 1632 397 251 635 -1 -1 -1 -1
524 199 674 445 51 125 -1 -1 -1 -1
524 206 717 446 33 87 -1 -1 -1 -1
524 209 541 453 30 76 -1 -1 -1 -1
524 211 574 453 30 77 -1 -1 -1 -1
524 218 417 474 38 92 -1 -1 -1 -1
524 219 382 463 42 106 -1 -1 -1 -1
525 5 877 444 43 107 -1 -1 -1 -1
525 7 772 431 102 252 -1 -1 -1 -1
525 8 1377 419 249 619 -1 -1 -1 -1
525 121 881 409 118 288 -1 -1 -1 -1
525 122 1067 450 90 219 -1 -1 -1 -1
525 153 979 438 112 276 -1 -1 -1 -1
525 180 1513 420 237 580 -1 -1 -1 -1
525 185 1832 404 89 512 -1 -1 -1 -1
525 195 1642 394 264 657 -1 -1 -1 -1
525 199 674 447 49 121 -1 -1 -1 -1
525 206 714 448 35 88 -1 -1 -1 -1
525 209 540 454 30 77 -1 -1 -1 -1
525 211 574 453 31 77 -1 -1 -1 -1
525 218 417 473 38 93 -1 -1 -1 -1
525 219 381 462 42 106 -1 -1 -1 -1
526 5 878 444 42 108 -1 -1 -1 -1
526 7 776 434 102 249 -1 -1 -1 -1
526 8 1383 421 249 615 -1 -1 -1 -1
526 121 885 406 119 294 -1 -1 -1 -1
526 122 1070 449 89 218 -1 -1 -1 -1
526 153 983 431 115 284 -1 -1 -1 -1
526 180 1505 420 243 600 -1 -1 -1 -1
526 195 1649 383 263 667 -1 -1 -1 -1
526 199 672 450 47 117 -1 -1 -1 -1
526 206 714 450 34 87 -1 -1 -1 -1
526 209 540 454 30 77 -1 -1 -1 -1
526 211 573 453 32 78 -1 -1 -1 -1
526 218 417 472 39 95 -1 -1 -1 -1
526 219 380 462 43 106 -1 -1 -1 -1
527 7 782 432 102 249 -1 -1 -1 -1
527 8 1390 422 248 612 -1 -1 -1 -1
527 121 887 405 120 294 -1 -1 -1 -1
527 122 1071 449 89 217 -1 -1 -1 -1
527 153 988 437 113 282 -1 -1 -1 -1
527 180 1508 428 235 577 -1 -1 -1 -1
527 195 1675 394 229 557 -1 -1 -1 -1
527 199 671 454 45 115 -1 -1 -1 -1
527 206 714 451 34 86 -1 -1 -1 -1
527 209 540 454 30 77 -1 -1 -1 -1
527 211 573 454 30 76 -1 -1 -1 -1
527 218 417 473 39 94 -1 -1 -1 -1
527 219 381 462 42 106 -1 -1 -1 -1
528 7 787 433 100 245 -1 -1 -1 -1
528 8 1399 418 254 622 -1 -1 -1 -1
528 121 893 407 119 294 -1 -1 -1 -1
528 122 1072 440 93 226 -1 -1 -1 -1
528 153 994 442 113 275 -1 -1 -1 -1
528 180 1527 427 226 553 -1 -1 -1 -1
528 195 1703 401 214 540 -1 -1 -1 -1
528 199 669 453 46 114 -1 -1 -1 -1
528 206 712 451 34 87 -1 -1 -1 -1
528 209 540 453 31 78 -1 -1 -1 -1
528 211 573 454 30 74 -1 -1 -1 -1
528 218 419 471 38 95 -1 -1 -1 -1
528 219 383 466 41 102 -1 -1 -1 -1
529 7 791 432 101 246 -1 -1 -1 -1
529 8 1407 419 254 624 -1 -1 -1 -1
529 108 1157 440 42 106 -1 -1 -1 -1
529 121 895 409 118 292 -1 -1 -1 -1
529 122 1073 441 92 225 -1 -1 -1 -1
529 153 997 442 112 271 -1 -1 -1 -1
529 180 1544 424 231 561 -1 -1 -1 -1
529 195 1715 392 204 545 -1 -1 -1 -1
529 199 668 453 45 114 -1 -1 -1 -1
529 206 713 451 34 87 -1 -1 -1 -1
529 209 540 453 31 79 -1 -1 -1 -1
529 211 574 454 29 75 -1 -1 -1 -1
529 218 419 473 38 93 -1 -1 -1 -1
529 219 383 467 41 102 -1 -1 -1 -1
530 7 795 433 100 244 -1 -1 -1 -1
530 8 1420 416 252 622 -1 -1 -1 -1
530 121 895 408 119 292 -1 -1 -1 -1
530 122 1075 435 93 232 -1 -1 -1 -1
530 153 1001 437 114 276 -1 -1 -1 -1
530 179 1150 440 48 120 -1 -1 -1 -1
530 180 1551 428 231 560 -1 -1 -1 -1
530 195 1713 389 206 581 -1 -1 -1 -1
530 199 665 453 46 114 -1 -1 -1 -1
530 206 713 451 34 86 -1 -1 -1 -1
530 209 540 453 31 78 -1 -1 -1 -1
530 211 574 455 30 76 -1 -1 -1 -1
530 218 418 471 38 94 -1 -1 -1 -1
530 219 382 466 41 103 -1 -1 -1 -1
531 7 796 432 101 246 -1 -1 -1 -1
531 8 1422 417 253 623 -1 -1 -1 -1
531 10 644 455 32 80 -1 -1 -1 -1
531 121 896 408 119 291 -1 -1 -1 -1
531 122 1075 436 95 233 -1 -1 -1 -1
531 153 1005 433 114 280 -1 -1 -1 -1
531 179 1153 439 48 120 -1 -1 -1 -1
531 180 1554 425 235 574 -1 -1 -1 -1
531 195 1725 394 194 589 -1 -1 -1 -1
531 199 665 453 45 113 -1 -1 -1 -1
531 206 713 451 33 83 -1 -1 -1 -1
531 209 540 453 30 78 -1 -1 -1 -1
531 211 574 456 30 76 -1 -1 -1 -1
531 218 416 467 39 98 -1 -1 -1 -1
531 219 381 465 42 103 -1 -1 -1 -1
532 7 801 434 99 243 -1 -1 -1 -1
532 8 1431 419 253 623 -1 -1 -1 -1
532 121 900 407 118 291 -1 -1 -1 -1
532 122 1076 434 97 236 -1 -1 -1 -1
532 153 1010 439 110 273 -1 -1 -1 -1
532 179 1156 440 47 119 -1 -1 -1 -1
532 180 1558 423 236 578 -1 -1 -1 -1
532 195 1742 392 177 594 -1 -1 -1 -1
532 199 663 449 46 117 -1 -1 -1 -1
532 206 713 451 34 85 -1 -1 -1 -1
532 209 539 453 31 79 -1 -1 -1 -1
532 211 575 456 29 76 -1 -1 -1 -1
532 218 415 463 41 102 -1 -1 -1 -1
532 219 381 463 42 105 -1 -1 -1 -1
533 7 804 437 99 240 -1 -1 -1 -1
533 8 1435 419 254 626 -1 -1 -1 -1
533 108 1157 439 42 109 -1 -1 -1 -1
533 121 903 407 118 289 -1 -1 -1 -1
533 122 1085 443 92 227 -1 -1 -1 -1
533 153 1012 438 110 274 -1 -1 -1 -1
533 180 1557 425 237 578 -1 -1 -1 -1
533 195 1736 386 184 641 -1 -1 -1 -1
533 199 662 449 46 116 -1 -1 -1 -1
533 206 713 451 35 89 -1 -1 -1 -1
533 209 540 452 31 78 -1 -1 -1 -1
533 211 575 455 31 77 -1 -1 -1 -1
533 218 416 466 40 99 -1 -1 -1 -1
533 219 381 463 42 105 -1 -1 -1 -1
534 7 808 435 99 243 -1 -1 -1 -1
534 8 1435 419 256 630 -1 -1 -1 -1
534 108 1155 438 40 102 -1 -1 -1 -1
534 121 907 407 117 287 -1 -1 -1 -1
534 122 1088 446 91 222 -1 -1 -1 -1
534 153 1020 443 109 269 -1 -1 -1 -1
534 180 1555 426 242 588 -1 -1 -1 -1
534 195 1746 392 174 648 -1 -1 -1 -1
534 199 661 448 47 117 -1 -1 -1 -1
534 206 713 451 35 89 -1 -1 -1 -1
534 209 541 452 31 79 -1 -1 -1 -1
534 211 577 455 31 77 -1 -1 -1 -1
534 218 417 469 39 96 -1 -1 -1 -1
534 219 382 463 41 106 -1 -1 -1 -1
535 5 880 444 39 98 -1 -1 -1 -1
535 7 811 441 98 238 -1 -1 -1 -1
535 8 1443 422 254 624 -1 -1 -1 -1
535 64 912 444 56 138 -1 -1 -1 -1
535 108 1160 442 40 99 -1 -1 -1 -1
535 121 912 406 116 289 -1 -1 -1 -1
535 122 1092 449 89 217 -1 -1 -1 -1
535 153 1019 445 111 268 -1 -1 -1 -1
535 180 1573 425 240 588 -1 -1 -1 -1
535 195 1743 393 177 649 -1 -1 -1 -1
535 199 661 449 45 115 -1 -1 -1 -1
535 206 713 450 36 92 -1 -1 -1 -1
535 209 542 453 31 80 -1 -1 -1 -1
535 211 580 454 31 77 -1 -1 -1 -1
535 218 419 470 38 95 -1 -1 -1 -1
535 219 382 462 42 107 -1 -1 -1 -1
536 7 816 435 98 241 -1 -1 -1 -1
536 8 1451 422 254 624 -1 -1 -1 -1
536 64 912 451 54 133 -1 -1 -1 -1
536 108 1161 443 39 100 -1 -1 -1 -1
536 121 916 408 117 290 -1 -1 -1 -1
536 122 1091 447 89 218 -1 -1 -1 -1
536 153 1021 445 111 268 -1 -1 -1 -1
536 180 1571 423 240 591 -1 -1 -1 -1
536 195 1744 396 176 640 -1 -1 -1 -1
536 199 660 449 45 115 -1 -1 -1 -1
536 206 713 450 35 88 -1 -1 -1 -1
536 209 541 452 32 81 -1 -1 -1 -1
536 211 578 454 31 78 -1 -1 -1 -1
536 218 419 472 38 94 -1 -1 -1 -1
536 219 382 463 42 106 -1 -1 -1 -1
537 5 883 448 37 97 -1 -1 -1 -1
537 7 819 432 99 243 -1 -1 -1 -1
537 8 1454 423 253 621 -1 -1 -1 -1
537 10 687 452 31 76 -1 -1 -1 -1
537 64 912 457 53 129 -1 -1 -1 -1
537 108 1163 443 38 98 -1 -1 -1 -1
537 121 918 409 117 290 -1 -1 -1 -1
537 122 1094 451 87 214 -1 -1 -1 -1
537 153 1026 445 108 265 -1 -1 -1 -1
537 180 1575 426 237 586 -1 -1 -1 -1
537 195 1753 390 166 667 -1 -1 -1 -1
537 199 659 448 45 115 -1 -1 -1 -1
537 206 713 448 36 92 -1 -1 -1 -1
537 209 542 452 31 81 -1 -1 -1 -1
537 211 580 454 31 79 -1 -1 -1 -1
537 218 418 471 38 94 -1 -1 -1 -1
537 219 382 463 42 106 -1 -1 -1 -1
538 7 824 433 99 243 -1 -1 -1 -1
538 8 1466 419 252 621 -1 -1 -1 -1
538 10 688 453 30 75 -1 -1 -1 -1
538 64 914 459 51 125 -1 -1 -1 -1
538 108 1162 443 38 97 -1 -1 -1 -1
538 121 920 413 116 285 -1 -1 -1 -1
538 122 1097 452 87 212 -1 -1 -1 -1
538 153 1031 445 107 264 -1 -1 -1 -1
538 180 1581 426 238 586 -1 -1 -1 -1
538 195 1759 391 161 665 -1 -1 -1 -1
538 199 657 450 45 114 -1 -1 -1 -1
538 205 1302 423 48 120 -1 -1 -1 -1
538 206 713 449 35 90 -1 -1 -1 -1
538 209 542 454 30 79 -1 -1 -1 -1
538 211 580 455 32 79 -1 -1 -1 -1
538 218 418 471 38 94 -1 -1 -1 -1
538 219 382 464 42 105 -1 -1 -1 -1
538 238 1001 453 49 119 -1 -1 -1 -1
539 7 828 433 98 241 -1 -1 -1 -1
539 8 1470 417 252 622 -1 -1 -1 -1
539 64 917 452 54 130 -1 -1 -1 -1
539 108 1161 442 38 98 -1 -1 -1 -1
539 121 924 411 116 285 -1 -1 -1 -1
539 122 1097 448 88 216 -1 -1 -1 -1
539 153 1032 440 109 270 -1 -1 -1 -1
539 180 1585 421 236 582 -1 -1 -1 -1
539 195 1753 393 167 671 -1 -1 -1 -1
539 199 654 452 46 113 -1 -1 -1 -1
539 206 712 449 36 93 -1 -1 -1 -1
539 209 542 455 30 78 -1 -1 -1 -1
539 211 580 455 32 80 -1 -1 -1 -1
539 218 418 472 38 93 -1 -1 -1 -1
539 219 382 465 42 104 -1 -1 -1 -1
539 238 1005 451 50 122 -1 -1 -1 -1
540 7 832 435 97 237 -1 -1 -1 -1
540 8 1472 414 254 628 -1 -1 -1 -1
540 64 919 450 57 137 -1 -1 -1 -1
540 108 1165 446 36 93 -1 -1 -1 -1
540 121 926 412 117 284 -1 -1 -1 -1
540 122 1097 446 90 218 -1 -1 -1 -1
540 153 1036 435 110 276 -1 -1 -1 -1
540 180 1594 427 233 569 -1 -1 -1 -1
540 195 1770 394 149 659 -1 -1 -1 -1
540 199 653 454 44 110 -1 -1 -1 -1
540 206 711 449 34 89 -1 -1 -1 -1
540 209 542 456 29 77 -1 -1 -1 -1
540 211 580 456 31 78 -1 -1 -1 -1
540 218 417 472 38 94 -1 -1 -1 -1
540 219 382 466 42 103 -1 -1 -1 -1
541 7 835 430 98 243 -1 -1 -1 -1
541 8 1473 411 255 630 -1 -1 -1 -1
541 64 918 452 56 135 -1 -1 -1 -1
541 108 1166 445 38 96 -1 -1 -1 -1
541 121 930 413 115 281 -1 -1 -1 -1
541 122 1097 448 88 217 -1 -1 -1 -1
541 153 1037 436 111 276 -1 -1 -1 -1
541 180 1593 425 236 575 -1 -1 -1 -1
541 195 1770 394 150 674 -1 -1 -1 -1
541 199 653 454 43 111 -1 -1 -1 -1
541 206 710 450 35 93 -1 -1 -1 -1
541 209 542 458 29 75 -1 -1 -1 -1
541 211 581 457 31 78 -1 -1 -1 -1
541 218 416 470 38 96 -1 -1 -1 -1
541 219 383 467 40 102 -1 -1 -1 -1
542 7 840 430 99 243 -1 -1 -1 -1
542 8 1479 411 254 628 -1 -1 -1 -1
542 64 919 451 55 134 -1 -1 -1 -1
542 108 1168 444 37 96 -1 -1 -1 -1
542 121 933 412 114 280 -1 -1 -1 -1
542 122 1101 457 85 207 -1 -1 -1 -1
542 153 1040 433 112 278 -1 -1 -1 -1
542 180 1601 423 234 575 -1 -1 -1 -1
542 195 1783 390 136 681 -1 -1 -1 -1
542 199 653 456 42 109 -1 -1 -1 -1
542 206 710 451 35 93 -1 -1 -1 -1
542 209 542 458 29 75 -1 -1 -1 -1
542 211 580 456 32 78 -1 -1 -1 -1
542 218 416 471 38 94 -1 -1 -1 -1
542 219 383 468 41 100 -1 -1 -1 -1
543 7 843 429 98 242 -1 -1 -1 -1
543 8 1486 412 253 627 -1 -1 -1 -1
543 121 937 409 116 284 -1 -1 -1 -1
543 122 1099 439 92 226 -1 -1 -1 -1
543 153 1044 434 111 276 -1 -1 -1 -1
543 179 1005 457 45 112 -1 -1 -1 -1
543 180 1604 422 234 578 -1 -1 -1 -1
543 195 1791 394 128 676 -1 -1 -1 -1
543 199 652 454 43 111 -1 -1 -1 -1
543 206 709 450 36 95 -1 -1 -1 -1
543 209 542 457 29 76 -1 -1 -1 -1
543 211 580 457 31 77 -1 -1 -1 -1
543 218 416 471 38 95 -1 -1 -1 -1
543 219 383 469 41 99 -1 -1 -1 -1
544 7 844 433 98 240 -1 -1 -1 -1
544 8 1493 410 254 630 -1 -1 -1 -1
544 64 931 454 57 142 -1 -1 -1 -1
544 121 941 411 113 280 -1 -1 -1 -1
544 122 1102 437 95 231 -1 -1 -1 -1
544 153 1049 435 112 275 -1 -1 -1 -1
544 180 1614 421 236 580 -1 -1 -1 -1
544 195 1792 390 128 682 -1 -1 -1 -1
544 199 652 453 43 111 -1 -1 -1 -1
544 206 710 450 36 95 -1 -1 -1 -1
544 209 542 453 31 79 -1 -1 -1 -1
544 211 581 459 30 76 -1 -1 -1 -1
544 218 418 475 37 91 -1 -1 -1 -1
544 219 383 468 41 100 -1 -1 -1 -1
545 5 830 463 34 88 -1 -1 -1 -1
545 7 851 438 96 232 -1 -1 -1 -1
545 8 1499 410 252 624 -1 -1 -1 -1
545 10 684 454 31 77 -1 -1 -1 -1
545 121 944 411 113 280 -1 -1 -1 -1
545 122 1103 438 95 230 -1 -1 -1 -1
545 153 1053 433 113 279 -1 -1 -1 -1
545 180 1612 422 241 586 -1 -1 -1 -1
545 185 1569 418 244 592 -1 -1 -1 -1
545 195 1805 408 114 656 -1 -1 -1 -1
545 199 652 452 43 110 -1 -1 -1 -1
545 206 711 451 36 96 -1 -1 -1 -1
545 209 543 452 30 81 -1 -1 -1 -1
545 211 580 460 31 76 -1 -1 -1 -1
545 218 418 474 36 92 -1 -1 -1 -1
545 219 383 469 41 99 -1 -1 -1 -1
546 5 829 462 35 89 -1 -1 -1 -1
546 7 856 438 94 235 -1 -1 -1 -1
546 8 1514 405 255 630 -1 -1 -1 -1
546 10 684 454 31 77 -1 -1 -1 -1
546 121 946 412 114 280 -1 -1 -1 -1
546 122 1105 438 94 230 -1 -1 -1 -1
546 153 1061 433 111 278 -1 -1 -1 -1
546 180 1627 423 236 582 -1 -1 -1 -1
546 195 1818 421 101 645 -1 -1 -1 -1
546 199 651 451 44 110 -1 -1 -1 -1
546 206 710 451 38 99 -1 -1 -1 -1
546 209 544 450 31 83 -1 -1 -1 -1
546 211 580 458 31 78 -1 -1 -1 -1
546 218 417 473 37 93 -1 -1 -1 -1
546 219 383 466 41 102 -1 -1 -1 -1
546 238 1028 435 55 142 -1 -1 -1 -1
547 5 828 461 35 89 -1 -1 -1 -1
547 7 861 437 96 237 -1 -1 -1 -1
547 8 1534 405 251 635 -1 -1 -1 -1
547 10 684 455 32 77 -1 -1 -1 -1
547 64 924 447 51 130 -1 -1 -1 -1
547 121 947 412 114 280 -1 -1 -1 -1
547 122 1104 439 95 230 -1 -1 -1 -1
547 153 1067 434 113 280 -1 -1 -1 -1
547 180 1634 422 239 588 -1 -1 -1 -1
547 195 1823 422 97 647 -1 -1 -1 -1
547 199 651 453 42 107 -1 -1 -1 -1
547 206 710 452 37 97 -1 -1 -1 -1
547 209 544 451 31 81 -1 -1 -1 -1
547 211 581 457 30 78 -1 -1 -1 -1
547 218 418 474 37 92 -1 -1 -1 -1
547 219 383 467 41 101 -1 -1 -1 -1
548 5 829 462 35 89 -1 -1 -1 -1
548 7 862 436 96 238 -1 -1 -1 -1
548 8 1532 405 254 644 -1 -1 -1 -1
548 10 685 456 31 77 -1 -1 -1 -1
548 64 924 447 51 131 -1 -1 -1 -1
548 121 951 411 115 281 -1 -1 -1 -1
548 122 1112 440 93 226 -1 -1 -1 -1
548 153 1069 436 113 277 -1 -1 -1 -1
548 180 1644 422 239 587 -1 -1 -1 -1
548 195 1828 414 92 659 -1 -1 -1 -1
548 199 650 452 43 110 -1 -1 -1 -1
548 206 711 452 36 94 -1 -1 -1 -1
548 209 545 451 30 81 -1 -1 -1 -1
548 211 581 457 30 77 -1 -1 -1 -1
548 218 417 473 38 93 -1 -1 -1 -1
548 219 383 467 41 101 -1 -1 -1 -1
549 5 827 461 37 90 -1 -1 -1 -1
549 7 865 437 96 238 -1 -1 -1 -1
549 8 1543 404 245 643 -1 -1 -1 -1
549 10 684 455 31 77 -1 -1 -1 -1
549 64 946 444 54 134 -1 -1 -1 -1
549 121 959 413 113 278 -1 -1 -1 -1
549 122 1111 439 96 232 -1 -1 -1 -1
549 153 1070 438 112 276 -1 -1 -1 -1
549 179 926 449 47 121 -1 -1 -1 -1
549 180 1637 427 237 579 -1 -1 -1 -1
549 185 1824 395 83 677 -1 -1 -1 -1
549 195 1853 405 66 536 -1 -1 -1 -1
549 199 649 451 43 109 -1 -1 -1 -1
549 206 711 452 37 94 -1 -1 -1 -1
549 209 546 451 30 81 -1 -1 -1 -1
549 211 580 457 31 77 -1 -1 -1 -1
549 218 418 474 37 91 -1 -1 -1 -1
550 7 870 438 96 237 -1 -1 -1 -1
550 8 1533 403 254 640 -1 -1 -1 -1
550 10 684 454 31 77 -1 -1 -1 -1
550 108 1194 443 40 102 -1 -1 -1 -1
550 121 964 413 112 279 -1 -1 -1 -1
550 122 1108 438 98 234 -1 -1 -1 -1
550 153 1063 439 113 277 -1 -1 -1 -1
550 180 1641 426 238 575 -1 -1 -1 -1
550 199 648 451 43 108 -1 -1 -1 -1
550 205 1302 422 49 121 -1 -1 -1 -1
550 206 711 451 37 97 -1 -1 -1 -1
550 209 546 452 31 80 -1 -1 -1 -1
550 211 581 457 31 77 -1 -1 -1 -1
550 218 418 473 36 92 -1 -1 -1 -1
551 7 870 439 94 237 -1 -1 -1 -1
551 8 1550 404 244 646 -1 -1 -1 -1
551 10 684 453 31 78 -1 -1 -1 -1
551 108 1195 442 42 103 -1 -1 -1 -1
551 121 967 411 113 280 -1 -1 -1 -1
551 122 1116 434 96 238 -1 -1 -1 -1
551 153 1074 439 114 276 -1 -1 -1 -1
551 180 1661 421 237 578 -1 -1 -1 -1
551 199 647 450 44 110 -1 -1 -1 -1
551 205 1302 417 51 127 -1 -1 -1 -1
551 206 712 450 36 96 -1 -1 -1 -1
551 209 547 453 30 79 -1 -1 -1 -1
551 211 581 456 32 80 -1 -1 -1 -1
551 218 418 474 37 91 -1 -1 -1 -1
551 219 383 465 41 103 -1 -1 -1 -1
552 5 801 457 31 78 -1 -1 -1 -1
552 7 877 441 95 234 -1 -1 -1 -1
552 8 1569 405 228 644 -1 -1 -1 -1
552 10 684 453 31 77 -1 -1 -1 -1
552 108 1195 443 42 102 -1 -1 -1 -1
552 121 970 411 113 279 -1 -1 -1 -1
552 122 1118 439 94 231 -1 -1 -1 -1
552 153 1073 436 112 276 -1 -1 -1 -1
552 180 1664 421 239 587 -1 -1 -1 -1
552 199 646 448 45 113 -1 -1 -1 -1
552 206 712 450 36 92 -1 -1 -1 -1
552 209 546 451 31 80 -1 -1 -1 -1
552 211 580 454 33 83 -1 -1 -1 -1
552 218 420 476 37 90 -1 -1 -1 -1
552 219 383 468 41 100 -1 -1 -1 -1
553 7 881 442 95 232 -1 -1 -1 -1
553 8 1552 407 253 644 -1 -1 -1 -1
553 10 684 453 31 77 -1 -1 -1 -1
553 64 964 449 54 133 -1 -1 -1 -1
553 108 1196 439 43 106 -1 -1 -1 -1
553 121 971 412 112 274 -1 -1 -1 -1
553 122 1121 439 94 229 -1 -1 -1 -1
553 153 1080 439 111 272 -1 -1 -1 -1
553 180 1639 414 246 606 -1 -1 -1 -1
553 185 1681 414 237 600 -1 -1 -1 -1
553 199 645 446 46 114 -1 -1 -1 -1
553 205 1302 416 52 128 -1 -1 -1 -1
553 206 712 448 37 96 -1 -1 -1 -1
553 209 545 450 31 82 -1 -1 -1 -1
553 211 580 453 33 84 -1 -1 -1 -1
553 218 420 476 37 90 -1 -1 -1 -1
553 219 383 469 40 99 -1 -1 -1 -1
554 7 885 437 96 239 -1 -1 -1 -1
554 8 1547 407 259 644 -1 -1 -1 -1
554 10 684 453 31 77 -1 -1 -1 -1
554 108 1197 438 43 108 -1 -1 -1 -1
554 121 973 411 115 282 -1 -1 -1 -1
554 122 1126 433 99 236 -1 -1 -1 -1
554 153 1086 438 112 273 -1 -1 -1 -1
554 180 1671 415 240 602 -1 -1 -1 -1
554 199 644 447 45 112 -1 -1 -1 -1
554 205 1301 418 52 126 -1 -1 -1 -1
554 206 713 448 36 93 -1 -1 -1 -1
554 209 545 452 30 80 -1 -1 -1 -1
554 211 580 452 33 84 -1 -1 -1 -1
554 218 420 475 36 90 -1 -1 -1 -1
554 219 383 469 40 99 -1 -1 -1 -1
555 7 886 437 97 238 -1 -1 -1 -1
555 8 1544 404 262 647 -1 -1 -1 -1
555 10 685 455 29 75 -1 -1 -1 -1
555 108 1198 437 43 108 -1 -1 -1 -1
555 121 976 412 115 281 -1 -1 -1 -1
555 122 1122 437 98 238 -1 -1 -1 -1
555 153 1086 441 111 270 -1 -1 -1 -1
555 179 878 445 43 104 -1 -1 -1 -1
555 180 1679 415 239 605 -1 -1 -1 -1
555 199 651 453 39 105 -1 -1 -1 -1
555 205 1301 415 53 129 -1 -1 -1 -1
555 206 713 446 37 96 -1 -1 -1 -1
555 209 545 452 30 81 -1 -1 -1 -1
555 211 580 451 34 86 -1 -1 -1 -1
555 218 419 473 37 92 -1 -1 -1 -1
556 7 888 436 98 240 -1 -1 -1 -1
556 8 1549 407 262 645 -1 -1 -1 -1
556 10 686 455 28 75 -1 -1 -1 -1
556 108 1198 434 45 111 -1 -1 -1 -1
556 121 980 415 113 276 -1 -1 -1 -1
556 122 1123 438 100 237 -1 -1 -1 -1
556 153 1091 441 111 270 -1 -1 -1 -1
556 180 1677 420 240 593 -1 -1 -1 -1
556 199 662 455 33 100 -1 -1 -1 -1
556 205 1301 416 52 128 -1 -1 -1 -1
556 206 713 444 38 99 -1 -1 -1 -1
556 209 545 452 31 81 -1 -1 -1 -1
556 211 580 450 34 86 -1 -1 -1 -1
556 218 419 471 37 94 -1 -1 -1 -1
557 7 892 434 97 240 -1 -1 -1 -1
557 8 1554 408 262 645 -1 -1 -1 -1
557 10 686 455 30 76 -1 -1 -1 -1
557 108 1200 437 43 109 -1 -1 -1 -1
557 121 986 412 112 277 -1 -1 -1 -1
557 122 1123 436 100 238 -1 -1 -1 -1
557 153 1095 436 112 273 -1 -1 -1 -1
557 180 1681 418 237 590 -1 -1 -1 -1
557 199 643 448 44 110 -1 -1 -1 -1
557 205 1301 415 53 129 -1 -1 -1 -1
557 206 711 443 40 104 -1 -1 -1 -1
557 209 546 453 30 81 -1 -1 -1 -1
557 211 580 451 34 84 -1 -1 -1 -1
557 218 419 474 38 91 -1 -1 -1 -1
557 219 382 471 40 97 -1 -1 -1 -1
557 238 1072 430 56 144 -1 -1 -1 -1
557 242 614 433 30 76 -1 -1 -1 -1
558 7 896 437 97 236 -1 -1 -1 -1
558 8 1557 410 262 644 -1 -1 -1 -1
558 10 687 455 29 76 -1 -1 -1 -1
558 64 1090 428 56 144 -1 -1 -1 -1
558 108 1199 436 45 112 -1 -1 -1 -1
558 121 988 416 110 271 -1 -1 -1 -1
558 153 1097 438 113 271 -1 -1 -1 -1
558 180 1669 420 241 591 -1 -1 -1 -1
558 199 641 448 45 110 -1 -1 -1 -1
558 205 1300 412 54 132 -1 -1 -1 -1
558 206 712 444 40 104 -1 -1 -1 -1
558 209 546 452 31 81 -1 -1 -1 -1
558 211 580 451 34 84 -1 -1 -1 -1
558 218 419 471 38 94 -1 -1 -1 -1
558 238 1071 431 56 141 -1 -1 -1 -1
559 7 901 439 96 233 -1 -1 -1 -1
559 8 1562 407 263 647 -1 -1 -1 -1
559 10 687 455 31 76 -1 -1 -1 -1
559 64 1099 428 53 137 -1 -1 -1 -1
559 108 1201 437 43 111 -1 -1 -1 -1
559 121 992 416 110 273 -1 -1 -1 -1
559 153 1107 435 111 272 -1 -1 -1 -1
559 180 1677 415 240 597 -1 -1 -1 -1
559 199 640 447 44 111 -1 -1 -1 -1
559 205 1301 416 52 128 -1 -1 -1 -1
559 206 712 444 40 103 -1 -1 -1 -1
559 209 547 452 31 80 -1 -1 -1 -1
559 211 581 451 33 84 -1 -1 -1 -1
559 218 419 471 38 94 -1 -1 -1 -1
559 238 1071 432 55 137 -1 -1 -1 -1
559 244 670 458 32 90 -1 -1 -1 -1
560 7 903 436 96 235 -1 -1 -1 -1
560 8 1568 407 263 650 -1 -1 -1 -1
560 10 687 455 30 74 -1 -1 -1 -1
560 64 1103 428 51 133 -1 -1 -1 -1
560 108 1203 437 44 111 -1 -1 -1 -1
560 121 995 413 111 275 -1 -1 -1 -1
560 153 1116 438 109 267 -1 -1 -1 -1
560 180 1675 411 243 598 -1 -1 -1 -1
560 199 639 446 44 109 -1 -1 -1 -1
560 205 1301 421 50 123 -1 -1 -1 -1
560 206 713 444 40 102 -1 -1 -1 -1
560 209 547 453 32 80 -1 -1 -1 -1
560 211 581 452 33 82 -1 -1 -1 -1
560 218 419 472 38 94 -1 -1 -1 -1
560 238 1071 432 54 136 -1 -1 -1 -1
560 244 674 458 30 81 -1 -1 -1 -1
561 7 905 435 94 234 -1 -1 -1 -1
561 8 1570 409 262 646 -1 -1 -1 -1
561 10 690 456 29 74 -1 -1 -1 -1
561 64 1106 429 48 123 -1 -1 -1 -1
561 108 1209 439 43 107 -1 -1 -1 -1
561 121 997 413 111 274 -1 -1 -1 -1
561 153 1118 436 109 272 -1 -1 -1 -1
561 180 1685 415 233 597 -1 -1 -1 -1
561 199 639 448 42 107 -1 -1 -1 -1
561 206 713 447 39 97 -1 -1 -1 -1
561 209 548 453 31 81 -1 -1 -1 -1
561 211 581 453 32 79 -1 -1 -1 -1
561 238 1072 431 55 137 -1 -1 -1 -1
561 244 674 458 29 78 -1 -1 -1 -1
562 5 797 454 32 78 -1 -1 -1 -1
562 7 909 436 94 231 -1 -1 -1 -1
562 8 1576 409 264 647 -1 -1 -1 -1
562 10 691 457 28 73 -1 -1 -1 -1
562 108 1212 440 43 105 -1 -1 -1 -1
562 121 999 418 111 271 -1 -1 -1 -1
562 153 1119 435 112 272 -1 -1 -1 -1
562 180 1690 417 229 603 -1 -1 -1 -1
562 199 639 450 41 106 -1 -1 -1 -1
562 205 1302 422 48 121 -1 -1 -1 -1
562 206 715 448 37 94 -1 -1 -1 -1
562 209 548 455 31 79 -1 -1 -1 -1
562 211 581 453 32 79 -1 -1 -1 -1
562 238 1071 433 55 138 -1 -1 -1 -1
562 244 669 457 30 79 -1 -1 -1 -1
563 5 798 453 31 78 -1 -1 -1 -1
563 7 913 437 94 232 -1 -1 -1 -1
563 8 1588 412 264 644 -1 -1 -1 -1
563 10 690 456 28 72 -1 -1 -1 -1
563 108 1214 440 42 105 -1 -1 -1 -1
563 121 1002 419 111 268 -1 -1 -1 -1
563 153 1121 434 111 271 -1 -1 -1 -1
563 179 903 456 50 124 -1 -1 -1 -1
563 180 1696 421 224 606 -1 -1 -1 -1
563 199 639 450 41 104 -1 -1 -1 -1
563 205 1302 420 49 123 -1 -1 -1 -1
563 206 716 448 38 94 -1 -1 -1 -1
563 209 548 453 31 81 -1 -1 -1 -1
563 211 582 452 32 82 -1 -1 -1 -1
563 218 421 479 37 87 -1 -1 -1 -1
563 238 1072 431 56 142 -1 -1 -1 -1
563 244 665 456 35 89 -1 -1 -1 -1
564 5 798 454 31 78 -1 -1 -1 -1
564 7 917 435 93 232 -1 -1 -1 -1
564 8 1596 409 266 647 -1 -1 -1 -1
564 10 690 455 28 72 -1 -1 -1 -1
564 108 1217 443 42 104 -1 -1 -1 -1
564 121 1003 420 114 273 -1 -1 -1 -1
564 153 1127 433 110 266 -1 -1 -1 -1
564 179 906 463 48 119 -1 -1 -1 -1
564 180 1711 421 208 603 -1 -1 -1 -1
564 199 639 450 41 104 -1 -1 -1 -1
564 205 1302 421 49 122 -1 -1 -1 -1
564 206 716 448 39 95 -1 -1 -1 -1
564 209 548 451 32 82 -1 -1 -1 -1
564 211 583 454 33 80 -1 -1 -1 -1
564 218 421 479 37 87 -1 -1 -1 -1
564 238 1069 434 56 141 -1 -1 -1 -1
564 244 665 455 35 93 -1 -1 -1 -1
565 5 798 454 31 78 -1 -1 -1 -1
565 7 920 436 92 231 -1 -1 -1 -1
565 8 1601 410 267 649 -1 -1 -1 -1
565 10 690 455 29 72 -1 -1 -1 -1
565 64 1074 434 53 138 -1 -1 -1 -1
565 108 1219 444 42 104 -1 -1 -1 -1
565 121 1011 419 110 271 -1 -1 -1 -1
565 153 1133 433 108 265 -1 -1 -1 -1
565 179 908 462 49 120 -1 -1 -1 -1
565 180 1709 424 210 610 -1 -1 -1 -1
565 199 639 450 41 105 -1 -1 -1 -1
565 205 1303 421 49 122 -1 -1 -1 -1
565 206 716 447 39 97 -1 -1 -1 -1
565 209 548 451 31 82 -1 -1 -1 -1
565 211 584 454 33 80 -1 -1 -1 -1
565 218 421 479 37 87 -1 -1 -1 -1
565 238 1006 441 58 144 -1 -1 -1 -1
565 244 664 455 38 96 -1 -1 -1 -1
566 5 798 455 31 77 -1 -1 -1 -1
566 7 924 439 93 228 -1 -1 -1 -1
566 8 1605 408 268 654 -1 -1 -1 -1
566 10 690 456 28 71 -1 -1 -1 -1
566 108 1222 445 40 102 -1 -1 -1 -1
566 121 1013 419 111 272 -1 -1 -1 -1
566 153 1132 432 110 271 -1 -1 -1 -1
566 179 978 450 49 126 -1 -1 -1 -1
566 180 1737 417 181 607 -1 -1 -1 -1
566 199 639 449 41 106 -1 -1 -1 -1
566 205 1302 422 49 122 -1 -1 -1 -1
566 206 716 448 39 95 -1 -1 -1 -1
566 209 548 453 31 79 -1 -1 -1 -1
566 211 584 454 33 81 -1 -1 -1 -1
566 218 421 477 37 88 -1 -1 -1 -1
566 219 381 469 40 99 -1 -1 -1 -1
566 244 664 454 38 97 -1 -1 -1 -1
567 7 927 435 93 232 -1 -1 -1 -1
567 8 1607 407 268 659 -1 -1 -1 -1
567 10 690 456 29 73 -1 -1 -1 -1
567 64 1103 428 54 141 -1 -1 -1 -1
567 108 1220 439 45 112 -1 -1 -1 -1
567 121 1014 418 109 272 -1 -1 -1 -1
567 122 1152 435 104 250 -1 -1 -1 -1
567 153 1132 432 111 275 -1 -1 -1 -1
567 179 927 452 51 127 -1 -1 -1 -1
567 180 1755 419 164 603 -1 -1 -1 -1
567 199 638 449 42 106 -1 -1 -1 -1
567 205 1302 421 49 124 -1 -1 -1 -1
567 206 716 445 40 98 -1 -1 -1 -1
567 209 548 452 31 79 -1 -1 -1 -1
567 211 584 453 33 82 -1 -1 -1 -1
567 218 421 477 37 88 -1 -1 -1 -1
567 219 382 470 39 98 -1 -1 -1 -1
567 244 661 453 40 99 -1 -1 -1 -1
568 7 929 433 95 234 -1 -1 -1 -1
568 8 1615 404 270 661 -1 -1 -1 -1
568 10 690 456 28 72 -1 -1 -1 -1
568 64 1106 427 58 146 -1 -1 -1 -1
568 108 1224 442 42 106 -1 -1 -1 -1
568 121 1016 419 110 273 -1 -1 -1 -1
568 122 1133 437 100 239 -1 -1 -1 -1
568 153 1142 436 109 271 -1 -1 -1 -1
568 179 917 450 53 131 -1 -1 -1 -1
568 180 1755 422 164 605 -1 -1 -1 -1
568 199 636 450 42 106 -1 -1 -1 -1
568 206 716 444 40 100 -1 -1 -1 -1
568 209 548 452 32 81 -1 -1 -1 -1
568 211 584 452 34 85 -1 -1 -1 -1
568 218 420 475 37 90 -1 -1 -1 -1
568 219 383 470 39 99 -1 -1 -1 -1
568 238 992 447 54 134 -1 -1 -1 -1
568 244 660 453 41 100 -1 -1 -1 -1
569 7 932 434 95 234 -1 -1 -1 -1
569 8 1624 403 272 660 -1 -1 -1 -1
569 10 690 455 29 74 -1 -1 -1 -1
569 64 1105 427 59 146 -1 -1 -1 -1
569 108 1227 442 43 108 -1 -1 -1 -1
569 121 1019 425 112 271 -1 -1 -1 -1
569 122 1131 438 100 235 -1 -1 -1 -1
569 153 1147 436 111 273 -1 -1 -1 -1
569 179 914 449 53 133 -1 -1 -1 -1
569 180 1764 405 155 629 -1 -1 -1 -1
569 199 636 449 42 105 -1 -1 -1 -1
569 206 716 442 41 102 -1 -1 -1 -1
569 209 548 451 33 84 -1 -1 -1 -1
569 211 584 452 35 85 -1 -1 -1 -1
569 218 420 473 37 92 -1 -1 -1 -1
569 219 383 467 40 102 -1 -1 -1 -1
569 238 991 448 53 133 -1 -1 -1 -1
569 244 661 453 40 99 -1 -1 -1 -1
570 7 935 433 95 235 -1 -1 -1 -1
570 8 1633 401 271 657 -1 -1 -1 -1
570 10 689 455 30 75 -1 -1 -1 -1
570 64 1104 427 60 146 -1 -1 -1 -1
570 108 1228 445 42 104 -1 -1 -1 -1
570 121 1022 416 112 275 -1 -1 -1 -1
570 153 1146 434 112 275 -1 -1 -1 -1
570 180 1770 396 149 613 -1 -1 -1 -1
570 199 635 454 41 101 -1 -1 -1 -1
570 206 716 441 41 104 -1 -1 -1 -1
570 209 548 451 33 84 -1 -1 -1 -1
570 211 584 452 35 85 -1 -1 -1 -1
570 218 420 476 37 90 -1 -1 -1 -1
570 219 382 468 41 101 -1 -1 -1 -1
570 244 660 453 41 101 -1 -1 -1 -1
571 7 938 433 96 236 -1 -1 -1 -1
571 8 1642 401 268 658 -1 -1 -1 -1
571 10 688 455 31 74 -1 -1 -1 -1
571 64 1105 427 59 144 -1 -1 -1 -1
571 108 1228 443 43 104 -1 -1 -1 -1
571 121 1023 417 113 273 -1 -1 -1 -1
571 153 1148 432 112 276 -1 -1 -1 -1
571 180 1780 414 140 575 -1 -1 -1 -1
571 199 634 453 41 104 -1 -1 -1 -1
571 206 715 440 42 105 -1 -1 -1 -1
571 209 548 451 33 84 -1 -1 -1 -1
571 211 584 453 34 85 -1 -1 -1 -1
571 218 418 469 39 96 -1 -1 -1 -1
571 219 381 466 42 104 -1 -1 -1 -1
571 244 661 453 41 103 -1 -1 -1 -1
572 7 942 432 97 239 -1 -1 -1 -1
572 8 1646 404 268 662 -1 -1 -1 -1
572 10 688 455 32 75 -1 -1 -1 -1
572 64 1105 425 59 146 -1 -1 -1 -1
572 108 1227 437 45 111 -1 -1 -1 -1
572 121 1030 417 110 271 -1 -1 -1 -1
572 153 1148 433 111 273 -1 -1 -1 -1
572 179 915 447 54 133 -1 -1 -1 -1
572 180 1786 420 134 549 -1 -1 -1 -1
572 199 633 455 40 100 -1 -1 -1 -1
572 206 714 440 44 106 -1 -1 -1 -1
572 209 550 452 32 83 -1 -1 -1 -1
572 211 583 453 35 84 -1 -1 -1 -1
572 218 418 468 39 97 -1 -1 -1 -1
572 219 382 468 41 102 -1 -1 -1 -1
572 244 661 453 41 104 -1 -1 -1 -1
573 7 945 432 97 240 -1 -1 -1 -1
573 8 1654 404 263 665 -1 -1 -1 -1
573 10 689 454 33 77 -1 -1 -1 -1
573 64 1105 425 60 146 -1 -1 -1 -1
573 121 1033 419 108 266 -1 -1 -1 -1
573 122 1165 435 109 266 -1 -1 -1 -1
573 153 1144 435 110 270 -1 -1 -1 -1
573 180 1798 421 122 494 -1 -1 -1 -1
573 199 634 454 39 99 -1 -1 -1 -1
573 206 716 439 42 105 -1 -1 -1 -1
573 209 551 451 33 85 -1 -1 -1 -1
573 211 584 453 34 84 -1 -1 -1 -1
573 218 418 467 39 97 -1 -1 -1 -1
573 219 383 470 39 99 -1 -1 -1 -1
573 244 662 453 40 102 -1 -1 -1 -1
574 5 698 448 34 83 -1 -1 -1 -1
574 7 948 430 98 241 -1 -1 -1 -1
574 8 1664 404 255 664 -1 -1 -1 -1
574 10 691 452 32 77 -1 -1 -1 -1
574 64 1105 427 59 146 -1 -1 -1 -1
574 108 1238 444 38 93 -1 -1 -1 -1
574 121 1039 413 109 274 -1 -1 -1 -1
574 122 1162 433 110 274 -1 -1 -1 -1
574 153 1146 434 107 259 -1 -1 -1 -1
574 180 1787 413 133 595 -1 -1 -1 -1
574 199 634 453 39 99 -1 -1 -1 -1
574 206 716 439 43 106 -1 -1 -1 -1
574 209 550 450 34 86 -1 -1 -1 -1
574 211 584 453 34 84 -1 -1 -1 -1
574 218 419 469 38 96 -1 -1 -1 -1
574 219 382 469 40 101 -1 -1 -1 -1
574 244 663 454 39 101 -1 -1 -1 -1
575 5 696 448 33 83 -1 -1 -1 -1
575 7 952 434 96 234 -1 -1 -1 -1
575 8 1675 404 244 664 -1 -1 -1 -1
575 10 691 452 32 77 -1 -1 -1 -1
575 64 1106 428 59 145 -1 -1 -1 -1
575 108 1245 440 35 89 -1 -1 -1 -1
575 121 1041 414 111 274 -1 -1 -1 -1
575 122 1176 439 108 268 -1 -1 -1 -1
575 153 1143 440 98 239 -1 -1 -1 -1
575 199 633 454 39 97 -1 -1 -1 -1
575 206 716 442 42 102 -1 -1 -1 -1
575 209 551 450 34 85 -1 -1 -1 -1
575 211 584 452 35 85 -1 -1 -1 -1
575 218 420 474 37 91 -1 -1 -1 -1
575 219 382 469 41 101 -1 -1 -1 -1
575 244 663 455 39 99 -1 -1 -1 -1
576 5 695 448 33 81 -1 -1 -1 -1
576 7 955 435 95 235 -1 -1 -1 -1
576 8 1680 403 239 666 -1 -1 -1 -1
576 10 691 453 32 75 -1 -1 -1 -1
576 64 1107 428 58 143 -1 -1 -1 -1
576 108 1245 438 41 100 -1 -1 -1 -1
576 121 1042 415 110 272 -1 -1 -1 -1
576 122 1175 440 108 266 -1 -1 -1 -1
576 180 1792 409 128 636 -1 -1 -1 -1
576 199 633 455 37 95 -1 -1 -1 -1
576 205 1303 421 48 122 -1 -1 -1 -1
576 206 717 442 41 102 -1 -1 -1 -1
576 209 552 452 33 83 -1 -1 -1 -1
576 211 584 452 35 84 -1 -1 -1 -1
576 218 420 477 38 90 -1 -1 -1 -1
576 219 382 469 41 101 -1 -1 -1 -1
576 244 663 454 38 101 -1 -1 -1 -1
577 5 695 448 33 82 -1 -1 -1 -1
577 7 959 436 93 232 -1 -1 -1 -1
577 8 1684 401 235 666 -1 -1 -1 -1
577 10 692 452 32 77 -1 -1 -1 -1
577 64 1107 426 58 145 -1 -1 -1 -1
577 108 1248 438 41 99 -1 -1 -1 -1
577 121 1045 424 106 263 -1 -1 -1 -1
577 122 1178 441 108 265 -1 -1 -1 -1
577 199 631 453 40 99 -1 -1 -1 -1
577 206 717 442 41 104 -1 -1 -1 -1
577 209 553 452 33 84 -1 -1 -1 -1
577 211 584 453 34 83 -1 -1 -1 -1
577 218 420 475 38 91 -1 -1 -1 -1
577 219 382 468 41 102 -1 -1 -1 -1
577 238 1032 425 61 153 -1 -1 -1 -1
577 244 663 454 39 100 -1 -1 -1 -1
578 5 694 449 34 83 -1 -1 -1 -1
578 7 962 440 91 225 -1 -1 -1 -1
578 8 1687 403 233 665 -1 -1 -1 -1
578 10 690 454 33 76 -1 -1 -1 -1
578 64 1110 429 53 138 -1 -1 -1 -1
578 108 1250 439 41 98 -1 -1 -1 -1
578 121 1047 431 104 254 -1 -1 -1 -1
578 122 1183 442 106 264 -1 -1 -1 -1
578 179 1033 431 56 138 -1 -1 -1 -1
578 199 630 454 39 98 -1 -1 -1 -1
578 206 716 443 42 103 -1 -1 -1 -1
578 209 553 452 33 84 -1 -1 -1 -1
578 211 584 454 34 82 -1 -1 -1 -1
578 218 420 477 38 89 -1 -1 -1 -1
578 219 382 470 40 100 -1 -1 -1 -1
578 244 662 455 38 98 -1 -1 -1 -1
578 249 574 453 32 82 -1 -1 -1 -1
579 5 694 449 34 84 -1 -1 -1 -1
579 7 962 443 91 222 -1 -1 -1 -1
579 8 1693 402 224 668 -1 -1 -1 -1
579 10 690 454 32 76 -1 -1 -1 -1
579 64 1111 431 53 134 -1 -1 -1 -1
579 121 1052 421 109 263 -1 -1 -1 -1
579 122 1187 441 106 264 -1 -1 -1 -1
579 153 1153 446 88 219 -1 -1 -1 -1
579 199 629 456 38 96 -1 -1 -1 -1
579 206 716 444 41 102 -1 -1 -1 -1
579 209 553 452 33 84 -1 -1 -1 -1
579 211 585 456 33 79 -1 -1 -1 -1
579 218 420 478 37 88 -1 -1 -1 -1
579 219 382 470 40 99 -1 -1 -1 -1
579 244 661 456 38 97 -1 -1 -1 -1
579 249 576 454 32 81 -1 -1 -1 -1
580 7 967 435 93 229 -1 -1 -1 -1
580 8 1696 407 221 664 -1 -1 -1 -1
580 10 691 454 33 76 -1 -1 -1 -1
580 64 1113 431 52 132 -1 -1 -1 -1
580 108 1166 431 40 101 -1 -1 -1 -1
580 121 1057 426 107 259 -1 -1 -1 -1
580 122 1188 437 108 267 -1 -1 -1 -1
580 153 1158 450 83 207 -1 -1 -1 -1
580 199 629 455 39 98 -1 -1 -1 -1
580 206 717 445 41 101 -1 -1 -1 -1
580 209 553 455 32 81 -1 -1 -1 -1
580 211 585 456 33 79 -1 -1 -1 -1
580 218 420 476 37 89 -1 -1 -1 -1
580 219 382 470 39 98 -1 -1 -1 -1
580 238 1048 439 59 138 -1 -1 -1 -1
580 244 661 455 38 99 -1 -1 -1 -1
581 7 971 435 94 231 -1 -1 -1 -1
581 8 1713 412 206 662 -1 -1 -1 -1
581 10 691 454 34 78 -1 -1 -1 -1
581 64 1112 429 55 137 -1 -1 -1 -1
581 108 1153 430 42 106 -1 -1 -1 -1
581 121 1061 425 107 261 -1 -1 -1 -1
581 122 1189 440 107 264 -1 -1 -1 -1
581 153 1160 452 84 212 -1 -1 -1 -1
581 179 931 444 54 135 -1 -1 -1 -1
581 199 629 454 39 97 -1 -1 -1 -1
581 206 718 444 41 103 -1 -1 -1 -1
581 209 553 455 32 82 -1 -1 -1 -1
581 211 586 456 32 79 -1 -1 -1 -1
581 218 419 467 39 97 -1 -1 -1 -1
581 219 381 471 40 98 -1 -1 -1 -1
581 238 1052 443 54 134 -1 -1 -1 -1
581 244 660 456 40 99 -1 -1 -1 -1
581 249 581 454 31 81 -1 -1 -1 -1
582 7 974 436 92 228 -1 -1 -1 -1
582 8 1716 407 204 664 -1 -1 -1 -1
582 10 691 455 33 76 -1 -1 -1 -1
582 108 1153 430 41 109 -1 -1 -1 -1
582 121 1064 426 106 263 -1 -1 -1 -1
582 122 1196 441 109 267 -1 -1 -1 -1
582 153 1162 456 86 211 -1 -1 -1 -1
582 179 922 445 53 134 -1 -1 -1 -1
582 199 628 454 39 98 -1 -1 -1 -1
582 206 718 444 42 106 -1 -1 -1 -1
582 209 552 456 32 80 -1 -1 -1 -1
582 211 586 456 32 79 -1 -1 -1 -1
582 218 418 464 41 100 -1 -1 -1 -1
582 219 381 472 39 97 -1 -1 -1 -1
582 238 1049 439 56 137 -1 -1 -1 -1
582 244 658 455 41 100 -1 -1 -1 -1
583 5 696 449 33 84 -1 -1 -1 -1
583 7 976 436 92 226 -1 -1 -1 -1
583 8 1725 404 194 665 -1 -1 -1 -1
583 10 690 454 33 78 -1 -1 -1 -1
583 64 1055 437 55 137 -1 -1 -1 -1
583 108 1154 430 40 105 -1 -1 -1 -1
583 121 1065 421 109 269 -1 -1 -1 -1
583 122 1200 439 108 266 -1 -1 -1 -1
583 153 1159 441 95 231 -1 -1 -1 -1
583 179 917 446 53 134 -1 -1 -1 -1
583 199 628 454 39 98 -1 -1 -1 -1
583 206 719 444 41 102 -1 -1 -1 -1
583 209 551 454 33 81 -1 -1 -1 -1
583 211 586 455 32 80 -1 -1 -1 -1
583 218 418 465 40 99 -1 -1 -1 -1
583 219 381 472 39 97 -1 -1 -1 -1
583 244 657 453 42 102 -1 -1 -1 -1
583 249 579 454 32 82 -1 -1 -1 -1
584 5 693 452 36 85 -1 -1 -1 -1
584 7 980 435 91 227 -1 -1 -1 -1
584 8 1735 412 185 658 -1 -1 -1 -1
584 10 688 454 34 79 -1 -1 -1 -1
584 108 1152 431 41 103 -1 -1 -1 -1
584 121 1072 421 109 267 -1 -1 -1 -1
584 122 1206 438 106 264 -1 -1 -1 -1
584 153 1160 445 93 229 -1 -1 -1 -1
584 199 627 453 40 99 -1 -1 -1 -1
584 206 720 443 41 103 -1 -1 -1 -1
584 209 552 454 32 79 -1 -1 -1 -1
584 211 587 455 32 80 -1 -1 -1 -1
584 218 417 458 42 106 -1 -1 -1 -1
584 219 380 472 40 97 -1 -1 -1 -1
584 238 1051 443 54 134 -1 -1 -1 -1
584 244 657 454 42 100 -1 -1 -1 -1
585 5 695 453 34 85 -1 -1 -1 -1
585 7 984 433 92 228 -1 -1 -1 -1
585 8 1740 410 179 661 -1 -1 -1 -1
585 10 690 454 33 78 -1 -1 -1 -1
585 64 1053 439 56 137 -1 -1 -1 -1
585 108 1154 434 39 101 -1 -1 -1 -1
585 121 1074 418 111 271 -1 -1 -1 -1
585 122 1208 437 108 268 -1 -1 -1 -1
585 153 1161 436 94 233 -1 -1 -1 -1
585 199 628 455 38 97 -1 -1 -1 -1
585 206 722 443 40 103 -1 -1 -1 -1
585 209 550 452 33 82 -1 -1 -1 -1
585 211 586 456 33 80 -1 -1 -1 -1
585 218 417 463 42 102 -1 -1 -1 -1
585 244 658 453 42 103 -1 -1 -1 -1
586 7 988 430 93 230 -1 -1 -1 -1
586 8 1752 410 167 661 -1 -1 -1 -1
586 10 691 454 34 80 -1 -1 -1 -1
586 64 1055 436 55 134 -1 -1 -1 -1
586 108 1155 437 39 94 -1 -1 -1 -1
586 121 1076 415 111 273 -1 -1 -1 -1
586 122 1212 431 110 271 -1 -1 -1 -1
586 153 1170 454 86 213 -1 -1 -1 -1
586 199 628 455 38 96 -1 -1 -1 -1
586 206 722 442 41 106 -1 -1 -1 -1
586 209 550 449 34 86 -1 -1 -1 -1
586 211 586 456 33 80 -1 -1 -1 -1
586 218 418 467 41 99 -1 -1 -1 -1
586 219 380 469 41 101 -1 -1 -1 -1
586 244 660 455 40 101 -1 -1 -1 -1
586 249 577 453 31 83 -1 -1 -1 -1
587 7 991 429 94 233 -1 -1 -1 -1
587 8 1763 408 156 658 -1 -1 -1 -1
587 10 691 453 34 82 -1 -1 -1 -1
587 121 1081 416 109 270 -1 -1 -1 -1
587 122 1216 431 111 272 -1 -1 -1 -1
587 153 1175 459 83 206 -1 -1 -1 -1
587 199 628 453 38 98 -1 -1 -1 -1
587 206 722 442 41 107 -1 -1 -1 -1
587 209 550 448 35 88 -1 -1 -1 -1
587 211 586 455 34 80 -1 -1 -1 -1
587 218 418 462 41 104 -1 -1 -1 -1
587 244 661 454 40 101 -1 -1 -1 -1
588 7 994 429 94 232 -1 -1 -1 -1
588 8 1775 403 144 659 -1 -1 -1 -1
588 10 691 453 35 84 -1 -1 -1 -1
588 121 1084 412 110 274 -1 -1 -1 -1
588 122 1222 435 109 271 -1 -1 -1 -1
588 153 1171 450 87 217 -1 -1 -1 -1
588 199 627 452 38 98 -1 -1 -1 -1
588 206 722 441 42 109 -1 -1 -1 -1
588 209 551 448 35 88 -1 -1 -1 -1
588 211 586 455 33 81 -1 -1 -1 -1
588 218 416 456 43 110 -1 -1 -1 -1
588 244 662 455 40 100 -1 -1 -1 -1
588 249 570 452 31 85 -1 -1 -1 -1
589 7 998 434 91 225 -1 -1 -1 -1
589 8 1793 388 126 673 -1 -1 -1 -1
589 10 692 453 34 81 -1 -1 -1 -1
589 121 1084 411 111 273 -1 -1 -1 -1
589 122 1223 435 110 271 -1 -1 -1 -1
589 153 1172 448 88 219 -1 -1 -1 -1
589 199 626 452 39 98 -1 -1 -1 -1
589 206 722 442 42 110 -1 -1 -1 -1
589 209 551 450 34 86 -1 -1 -1 -1
589 211 585 454 34 84 -1 -1 -1 -1
589 244 662 455 40 100 -1 -1 -1 -1
590 7 1003 440 88 220 -1 -1 -1 -1
590 8 1808 388 111 672 -1 -1 -1 -1
590 10 692 453 34 79 -1 -1 -1 -1
590 121 1088 415 109 269 -1 -1 -1 -1
590 122 1228 440 108 264 -1 -1 -1 -1
590 153 1171 452 89 218 -1 -1 -1 -1
590 199 625 451 40 99 -1 -1 -1 -1
590 206 721 441 43 110 -1 -1 -1 -1
590 209 550 446 36 91 -1 -1 -1 -1
590 211 584 453 35 84 -1 -1 -1 -1
590 244 662 455 40 100 -1 -1 -1 -1
590 249 576 450 34 88 -1 -1 -1 -1
591 5 697 450 33 84 -1 -1 -1 -1
591 7 1006 441 89 222 -1 -1 -1 -1
591 10 692 453 33 78 -1 -1 -1 -1
591 121 1090 414 110 270 -1 -1 -1 -1
591 122 1232 439 107 265 -1 -1 -1 -1
591 153 1175 444 92 225 -1 -1 -1 -1
591 180 1830 421 89 604 -1 -1 -1 -1
591 199 625 451 39 98 -1 -1 -1 -1
591 206 720 443 44 108 -1 -1 -1 -1
591 209 549 446 36 90 -1 -1 -1 -1
591 211 584 453 35 84 -1 -1 -1 -1
591 244 662 454 40 101 -1 -1 -1 -1
591 249 578 450 34 89 -1 -1 -1 -1
592 7 1008 440 89 221 -1 -1 -1 -1
592 10 692 454 32 76 -1 -1 -1 -1
592 121 1091 414 110 270 -1 -1 -1 -1
592 122 1235 438 108 266 -1 -1 -1 -1
592 153 1175 445 92 224 -1 -1 -1 -1
592 180 1834 427 85 606 -1 -1 -1 -1
592 199 624 450 40 99 -1 -1 -1 -1
592 206 720 443 43 108 -1 -1 -1 -1
592 209 549 447 36 89 -1 -1 -1 -1
592 211 583 452 36 86 -1 -1 -1 -1
592 244 661 454 41 102 -1 -1 -1 -1
593 5 695 452 35 87 -1 -1 -1 -1
593 7 1011 441 89 221 -1 -1 -1 -1
593 10 692 454 32 77 -1 -1 -1 -1
593 121 1092 412 111 273 -1 -1 -1 -1
593 122 1239 434 111 270 -1 -1 -1 -1
593 153 1176 451 90 218 -1 -1 -1 -1
593 180 1838 421 81 615 -1 -1 -1 -1
593 199 624 451 40 99 -1 -1 -1 -1
593 206 720 443 44 109 -1 -1 -1 -1
593 209 548 448 35 87 -1 -1 -1 -1
593 211 583 452 35 85 -1 -1 -1 -1
593 244 662 455 40 102 -1 -1 -1 -1
594 5 695 453 35 86 -1 -1 -1 -1
594 7 1014 442 88 219 -1 -1 -1 -1
594 10 691 455 33 76 -1 -1 -1 -1
594 121 1095 413 111 272 -1 -1 -1 -1
594 122 1245 436 109 268 -1 -1 -1 -1
594 153 1178 448 91 222 -1 -1 -1 -1
594 199 624 451 40 99 -1 -1 -1 -1
594 206 720 444 44 108 -1 -1 -1 -1
594 209 549 448 35 87 -1 -1 -1 -1
594 211 582 451 36 87 -1 -1 -1 -1
594 219 380 471 41 100 -1 -1 -1 -1
594 244 661 454 40 104 -1 -1 -1 -1
594 252 1842 420 77 454 -1 -1 -1 -1
595 5 695 453 36 87 -1 -1 -1 -1
595 7 1019 446 86 215 -1 -1 -1 -1
595 10 692 455 32 77 -1 -1 -1 -1
595 121 1096 414 112 269 -1 -1 -1 -1
595 122 1248 437 109 268 -1 -1 -1 -1
595 153 1179 442 93 229 -1 -1 -1 -1
595 199 632 450 34 102 -1 -1 -1 -1
595 206 720 443 44 111 -1 -1 -1 -1
595 209 548 446 36 90 -1 -1 -1 -1
595 211 582 451 36 87 -1 -1 -1 -1
595 219 379 470 41 101 -1 -1 -1 -1
595 244 660 455 40 103 -1 -1 -1 -1
595 252 1849 416 70 445 -1 -1 -1 -1
596 5 695 453 36 87 -1 -1 -1 -1
596 7 1022 449 85 211 -1 -1 -1 -1
596 10 692 455 32 77 -1 -1 -1 -1
596 121 1100 411 112 274 -1 -1 -1 -1
596 122 1249 439 109 267 -1 -1 -1 -1
596 153 1181 442 92 229 -1 -1 -1 -1
596 199 623 451 40 98 -1 -1 -1 -1
596 206 721 443 44 112 -1 -1 -1 -1
596 209 548 446 35 90 -1 -1 -1 -1
596 211 581 451 35 88 -1 -1 -1 -1
596 244 659 454 41 104 -1 -1 -1 -1
596 252 1855 411 64 457 -1 -1 -1 -1
597 5 695 453 36 87 -1 -1 -1 -1
597 7 1024 448 86 212 -1 -1 -1 -1
597 10 692 455 32 78 -1 -1 -1 -1
597 121 1104 413 111 271 -1 -1 -1 -1
597 122 1252 442 107 263 -1 -1 -1 -1
597 153 1183 450 89 220 -1 -1 -1 -1
597 199 624 452 39 97 -1 -1 -1 -1
597 206 721 445 43 108 -1 -1 -1 -1
597 209 548 448 35 88 -1 -1 -1 -1
597 211 581 451 34 88 -1 -1 -1 -1
597 219 380 472 40 99 -1 -1 -1 -1
597 244 658 454 41 103 -1 -1 -1 -1
597 252 1860 410 59 459 -1 -1 -1 -1
598 5 694 453 36 88 -1 -1 -1 -1
598 7 1026 449 86 211 -1 -1 -1 -1
598 10 691 454 33 79 -1 -1 -1 -1
598 121 1107 418 107 264 -1 -1 -1 -1
598 122 1256 442 106 262 -1 -1 -1 -1
598 153 1187 453 88 219 -1 -1 -1 -1
598 199 625 453 38 96 -1 -1 -1 -1
598 206 721 445 44 109 -1 -1 -1 -1
598 209 548 449 35 88 -1 -1 -1 -1
598 211 581 451 35 88 -1 -1 -1 -1
598 219 380 471 40 100 -1 -1 -1 -1
598 244 658 454 41 102 -1 -1 -1 -1
598 249 646 451 38 102 -1 -1 -1 -1
599 5 694 453 36 87 -1 -1 -1 -1
599 7 1028 446 87 216 -1 -1 -1 -1
599 10 692 454 32 79 -1 -1 -1 -1
599 64 1108 432 55 139 -1 -1 -1 -1
599 121 1114 420 105 260 -1 -1 -1 -1
599 122 1259 439 108 265 -1 -1 -1 -1
599 153 1186 459 88 215 -1 -1 -1 -1
599 199 625 454 38 95 -1 -1 -1 -1
599 206 722 445 43 107 -1 -1 -1 -1
599 209 548 448 34 88 -1 -1 -1 -1
599 211 582 451 36 86 -1 -1 -1 -1
599 219 379 471 41 100 -1 -1 -1 -1
599 244 657 454 42 102 -1 -1 -1 -1
599 249 646 451 35 102 -1 -1 -1 -1
600 7 1030 446 87 214 -1 -1 -1 -1
600 10 691 454 32 76 -1 -1 -1 -1
600 64 1109 434 53 136 -1 -1 -1 -1
600 121 1117 422 105 259 -1 -1 -1 -1
600 122 1261 435 109 269 -1 -1 -1 -1
600 153 1188 464 84 209 -1 -1 -1 -1
600 199 626 454 37 95 -1 -1 -1 -1
600 206 722 445 43 107 -1 -1 -1 -1
600 209 549 453 33 82 -1 -1 -1 -1
600 211 582 452 34 86 -1 -1 -1 -1
600 219 380 471 40 100 -1 -1 -1 -1
600 244 657 455 41 101 -1 -1 -1 -1
600 249 639 451 34 101 -1 -1 -1 -1
