1 1 1615 562 42 106 -1 -1 -1 -1 
2 1 1620 561 43 107 -1 -1 -1 -1 
3 1 1626 553 45 109 -1 -1 -1 -1 
4 1 1634 554 47 114 -1 -1 -1 -1 
5 1 1642 565 46 117 -1 -1 -1 -1 
6 1 1650 577 47 114 -1 -1 -1 -1 
7 1 1657 572 46 117 -1 -1 -1 -1 
8 1 1665 584 47 118 -1 -1 -1 -1 
9 1 1673 590 47 118 -1 -1 -1 -1 
10 1 1679 605 47 119 -1 -1 -1 -1 
11 1 1688 588 48 119 -1 -1 -1 -1 
12 1 1694 591 49 122 -1 -1 -1 -1 
13 1 1699 592 49 123 -1 -1 -1 -1 
14 1 1708 587 50 123 -1 -1 -1 -1 
15 1 1717 591 49 123 -1 -1 -1 -1 
16 1 1725 594 50 126 -1 -1 -1 -1 
17 1 1732 591 52 130 -1 -1 -1 -1 
18 1 1741 595 52 130 -1 -1 -1 -1 
19 1 1751 597 52 129 -1 -1 -1 -1 
20 1 1760 601 51 126 -1 -1 -1 -1 
21 1 1768 604 51 128 -1 -1 -1 -1 
22 1 1777 604 53 130 -1 -1 -1 -1 
23 1 1786 604 54 133 -1 -1 -1 -1 
24 1 1793 600 56 136 -1 -1 -1 -1 
25 1 1802 607 56 139 -1 -1 -1 -1 
26 1 1811 610 57 142 -1 -1 -1 -1 
27 1 1819 610 60 146 -1 -1 -1 -1 
28 1 1829 609 62 151 -1 -1 -1 -1 
29 1 1839 622 59 149 -1 -1 -1 -1 
30 1 1848 622 60 148 -1 -1 -1 -1 
31 1 1859 624 59 146 -1 -1 -1 -1 
32 1 1870 631 51 145 -1 -1 -1 -1 
33 1 1880 621 43 151 -1 -1 -1 -1 
34 1 1888 618 35 157 -1 -1 -1 -1 
1 2 1526 566 41 102 -1 -1 -1 -1 
2 2 1532 573 39 96 -1 -1 -1 -1 
3 2 1539 562 41 103 -1 -1 -1 -1 
4 2 1546 560 43 107 -1 -1 -1 -1 
5 2 1553 574 42 104 -1 -1 -1 -1 
6 2 1563 583 43 106 -1 -1 -1 -1 
7 2 1568 574 44 110 -1 -1 -1 -1 
8 2 1574 586 45 111 -1 -1 -1 -1 
9 2 1580 593 46 113 -1 -1 -1 -1 
10 2 1587 609 45 110 -1 -1 -1 -1 
11 2 1595 596 46 110 -1 -1 -1 -1 
12 2 1603 603 44 110 -1 -1 -1 -1 
13 2 1605 603 45 111 -1 -1 -1 -1 
14 2 1612 591 47 118 -1 -1 -1 -1 
15 2 1619 596 48 118 -1 -1 -1 -1 
16 2 1626 601 47 116 -1 -1 -1 -1 
17 2 1636 598 48 117 -1 -1 -1 -1 
18 2 1646 600 48 118 -1 -1 -1 -1 
19 2 1654 603 48 119 -1 -1 -1 -1 
20 2 1660 603 50 120 -1 -1 -1 -1 
21 2 1666 602 52 127 -1 -1 -1 -1 
22 2 1673 605 51 127 -1 -1 -1 -1 
23 2 1680 604 53 134 -1 -1 -1 -1 
24 2 1687 602 55 136 -1 -1 -1 -1 
25 2 1697 613 54 134 -1 -1 -1 -1 
26 2 1705 615 55 138 -1 -1 -1 -1 
27 2 1711 614 57 143 -1 -1 -1 -1 
28 2 1723 621 56 138 -1 -1 -1 -1 
29 2 1728 627 57 143 -1 -1 -1 -1 
30 2 1739 627 56 143 -1 -1 -1 -1 
31 2 1748 629 59 149 -1 -1 -1 -1 
32 2 1754 633 60 151 -1 -1 -1 -1 
33 2 1763 620 64 158 -1 -1 -1 -1 
34 2 1772 621 63 155 -1 -1 -1 -1 
35 2 1782 621 62 155 -1 -1 -1 -1 
36 2 1792 618 64 158 -1 -1 -1 -1 
37 2 1804 622 65 160 -1 -1 -1 -1 
38 2 1814 618 67 164 -1 -1 -1 -1 
39 2 1827 629 64 161 -1 -1 -1 -1 
40 2 1837 626 65 163 -1 -1 -1 -1 
41 2 1850 633 65 165 -1 -1 -1 -1 
42 2 1858 637 64 167 -1 -1 -1 -1 
43 2 1869 645 54 162 -1 -1 -1 -1 
44 2 1882 642 41 167 -1 -1 -1 -1 
1 3 0 672 51 201 -1 -1 -1 -1 
2 3 0 669 37 198 -1 -1 -1 -1 
3 3 0 708 33 182 -1 -1 -1 -1 
1 4 1367 518 38 91 -1 -1 -1 -1 
2 4 1372 514 37 94 -1 -1 -1 -1 
3 4 1373 513 40 96 -1 -1 -1 -1 
4 4 1379 509 39 100 -1 -1 -1 -1 
5 4 1382 517 39 103 -1 -1 -1 -1 
6 4 1388 530 37 98 -1 -1 -1 -1 
7 4 1390 524 36 93 -1 -1 -1 -1 
8 4 1393 531 39 99 -1 -1 -1 -1 
9 4 1393 533 41 103 -1 -1 -1 -1 
10 4 1397 544 40 102 -1 -1 -1 -1 
11 4 1398 529 42 104 -1 -1 -1 -1 
12 4 1401 535 40 101 -1 -1 -1 -1 
13 4 1404 529 40 102 -1 -1 -1 -1 
14 4 1406 527 41 100 -1 -1 -1 -1 
15 4 1410 531 40 97 -1 -1 -1 -1 
16 4 1413 532 40 98 -1 -1 -1 -1 
17 4 1416 531 39 100 -1 -1 -1 -1 
18 4 1420 532 41 102 -1 -1 -1 -1 
19 4 1422 531 41 104 -1 -1 -1 -1 
20 4 1424 529 43 108 -1 -1 -1 -1 
21 4 1427 530 42 108 -1 -1 -1 -1 
22 4 1430 533 42 105 -1 -1 -1 -1 
23 4 1433 535 40 102 -1 -1 -1 -1 
24 4 1434 532 42 105 -1 -1 -1 -1 
25 4 1438 538 43 108 -1 -1 -1 -1 
26 4 1441 541 42 106 -1 -1 -1 -1 
27 4 1444 542 42 106 -1 -1 -1 -1 
28 4 1448 543 42 106 -1 -1 -1 -1 
29 4 1451 549 43 108 -1 -1 -1 -1 
30 4 1452 550 45 108 -1 -1 -1 -1 
31 4 1455 555 46 110 -1 -1 -1 -1 
32 4 1459 558 45 111 -1 -1 -1 -1 
33 4 1462 545 47 114 -1 -1 -1 -1 
34 4 1467 549 46 115 -1 -1 -1 -1 
35 4 1473 546 45 113 -1 -1 -1 -1 
36 4 1475 541 47 118 -1 -1 -1 -1 
37 4 1479 540 46 120 -1 -1 -1 -1 
38 4 1482 537 47 119 -1 -1 -1 -1 
39 4 1486 542 46 114 -1 -1 -1 -1 
40 4 1490 540 47 116 -1 -1 -1 -1 
41 4 1496 545 47 115 -1 -1 -1 -1 
42 4 1499 547 47 116 -1 -1 -1 -1 
43 4 1503 549 48 118 -1 -1 -1 -1 
44 4 1508 548 49 122 -1 -1 -1 -1 
45 4 1515 555 48 120 -1 -1 -1 -1 
46 4 1518 552 51 127 -1 -1 -1 -1 
47 4 1522 555 51 128 -1 -1 -1 -1 
48 4 1525 556 52 129 -1 -1 -1 -1 
49 4 1530 563 50 127 -1 -1 -1 -1 
50 4 1534 559 53 131 -1 -1 -1 -1 
51 4 1538 562 54 133 -1 -1 -1 -1 
52 4 1543 563 53 133 -1 -1 -1 -1 
53 4 1547 563 53 133 -1 -1 -1 -1 
54 4 1551 562 54 135 -1 -1 -1 -1 
55 4 1554 558 57 142 -1 -1 -1 -1 
56 4 1558 559 57 143 -1 -1 -1 -1 
57 4 1565 558 58 143 -1 -1 -1 -1 
58 4 1569 551 61 149 -1 -1 -1 -1 
59 4 1575 551 60 150 -1 -1 -1 -1 
60 4 1577 553 60 149 -1 -1 -1 -1 
61 4 1582 553 61 146 -1 -1 -1 -1 
62 4 1588 561 59 143 -1 -1 -1 -1 
63 4 1594 547 61 143 -1 -1 -1 -1 
64 4 1600 565 58 144 -1 -1 -1 -1 
65 4 1607 566 57 138 -1 -1 -1 -1 
66 4 1615 565 56 135 -1 -1 -1 -1 
67 4 1616 574 57 142 -1 -1 -1 -1 
68 4 1618 564 60 145 -1 -1 -1 -1 
69 4 1623 574 60 146 -1 -1 -1 -1 
70 4 1626 568 62 150 -1 -1 -1 -1 
71 4 1630 575 61 149 -1 -1 -1 -1 
72 4 1635 571 62 151 -1 -1 -1 -1 
73 4 1638 574 62 153 -1 -1 -1 -1 
74 4 1642 573 63 154 -1 -1 -1 -1 
75 4 1644 578 62 156 -1 -1 -1 -1 
76 4 1646 578 64 157 -1 -1 -1 -1 
77 4 1650 581 63 157 -1 -1 -1 -1 
78 4 1654 582 63 157 -1 -1 -1 -1 
79 4 1658 583 61 156 -1 -1 -1 -1 
80 4 1661 584 61 155 -1 -1 -1 -1 
81 4 1664 584 63 157 -1 -1 -1 -1 
82 4 1665 584 65 161 -1 -1 -1 -1 
83 4 1668 584 66 163 -1 -1 -1 -1 
84 4 1670 582 67 166 -1 -1 -1 -1 
85 4 1672 584 67 167 -1 -1 -1 -1 
86 4 1675 583 68 169 -1 -1 -1 -1 
87 4 1677 587 68 168 -1 -1 -1 -1 
88 4 1680 589 69 169 -1 -1 -1 -1 
89 4 1683 592 71 172 -1 -1 -1 -1 
90 4 1686 594 71 173 -1 -1 -1 -1 
91 4 1689 597 70 174 -1 -1 -1 -1 
92 4 1691 601 70 174 -1 -1 -1 -1 
93 4 1693 604 70 176 -1 -1 -1 -1 
94 4 1694 604 71 179 -1 -1 -1 -1 
95 4 1696 607 73 182 -1 -1 -1 -1 
96 4 1698 609 74 183 -1 -1 -1 -1 
97 4 1701 612 75 184 -1 -1 -1 -1 
98 4 1705 612 75 186 -1 -1 -1 -1 
99 4 1708 614 75 189 -1 -1 -1 -1 
100 4 1710 613 78 193 -1 -1 -1 -1 
101 4 1713 616 78 195 -1 -1 -1 -1 
102 4 1716 616 79 198 -1 -1 -1 -1 
103 4 1719 616 80 201 -1 -1 -1 -1 
104 4 1720 620 81 203 -1 -1 -1 -1 
105 4 1723 621 83 203 -1 -1 -1 -1 
106 4 1727 627 82 203 -1 -1 -1 -1 
107 4 1730 626 82 203 -1 -1 -1 -1 
108 4 1733 631 81 204 -1 -1 -1 -1 
109 4 1736 632 82 205 -1 -1 -1 -1 
110 4 1737 635 82 205 -1 -1 -1 -1 
111 4 1738 634 85 210 -1 -1 -1 -1 
112 4 1739 635 86 213 -1 -1 -1 -1 
113 4 1742 635 88 217 -1 -1 -1 -1 
114 4 1743 635 89 219 -1 -1 -1 -1 
115 4 1747 639 89 218 -1 -1 -1 -1 
116 4 1749 636 90 224 -1 -1 -1 -1 
117 4 1751 638 91 226 -1 -1 -1 -1 
118 4 1754 639 92 228 -1 -1 -1 -1 
119 4 1756 640 95 233 -1 -1 -1 -1 
120 4 1760 643 95 232 -1 -1 -1 -1 
121 4 1764 645 94 233 -1 -1 -1 -1 
122 4 1766 646 96 236 -1 -1 -1 -1 
123 4 1769 649 97 237 -1 -1 -1 -1 
124 4 1773 651 97 238 -1 -1 -1 -1 
125 4 1776 650 98 243 -1 -1 -1 -1 
126 4 1780 653 99 246 -1 -1 -1 -1 
127 4 1783 654 101 250 -1 -1 -1 -1 
128 4 1788 656 101 254 -1 -1 -1 -1 
129 4 1793 656 104 258 -1 -1 -1 -1 
130 4 1797 663 105 258 -1 -1 -1 -1 
131 4 1801 663 107 264 -1 -1 -1 -1 
132 4 1807 663 108 270 -1 -1 -1 -1 
133 4 1811 667 109 275 -1 -1 -1 -1 
134 4 1816 670 105 279 -1 -1 -1 -1 
135 4 1822 673 100 279 -1 -1 -1 -1 
136 4 1827 677 95 280 -1 -1 -1 -1 
137 4 1831 682 90 281 -1 -1 -1 -1 
138 4 1838 684 83 280 -1 -1 -1 -1 
139 4 1844 688 77 281 -1 -1 -1 -1 
140 4 1851 689 70 281 -1 -1 -1 -1 
141 4 1859 685 62 281 -1 -1 -1 -1 
142 4 1863 688 57 265 -1 -1 -1 -1 
143 4 1868 687 52 277 -1 -1 -1 -1 
1 5 1482 509 29 75 -1 -1 -1 -1 
2 5 1488 519 26 66 -1 -1 -1 -1 
3 5 1491 513 26 67 -1 -1 -1 -1 
4 5 1493 501 29 75 -1 -1 -1 -1 
5 5 1497 508 31 76 -1 -1 -1 -1 
6 5 1501 518 30 79 -1 -1 -1 -1 
7 5 1505 520 28 72 -1 -1 -1 -1 
8 5 1512 529 27 73 -1 -1 -1 -1 
9 5 1512 527 30 79 -1 -1 -1 -1 
10 5 1512 535 31 83 -1 -1 -1 -1 
11 5 1515 524 31 78 -1 -1 -1 -1 
18 5 1546 525 32 83 -1 -1 -1 -1 
19 5 1550 529 32 80 -1 -1 -1 -1 
20 5 1556 532 29 78 -1 -1 -1 -1 
21 5 1560 535 30 79 -1 -1 -1 -1 
22 5 1564 538 30 78 -1 -1 -1 -1 
23 5 1567 535 31 83 -1 -1 -1 -1 
24 5 1570 530 33 85 -1 -1 -1 -1 
25 5 1577 547 28 74 -1 -1 -1 -1 
26 5 1582 554 25 68 -1 -1 -1 -1 
27 5 1584 549 28 75 -1 -1 -1 -1 
28 5 1586 544 31 80 -1 -1 -1 -1 
29 5 1587 535 35 89 -1 -1 -1 -1 
30 5 1589 532 35 91 -1 -1 -1 -1 
31 5 1593 537 36 92 -1 -1 -1 -1 
32 5 1600 555 32 83 -1 -1 -1 -1 
33 5 1605 542 32 83 -1 -1 -1 -1 
34 5 1610 549 30 82 -1 -1 -1 -1 
3 6 106 723 38 95 -1 -1 -1 -1 
4 6 94 719 39 95 -1 -1 -1 -1 
5 6 78 714 39 97 -1 -1 -1 -1 
6 6 65 730 40 98 -1 -1 -1 -1 
7 6 52 731 40 102 -1 -1 -1 -1 
8 6 36 741 40 102 -1 -1 -1 -1 
9 6 17 740 42 106 -1 -1 -1 -1 
10 6 0 728 39 108 -1 -1 -1 -1 
11 6 -2 750 32 114 -1 -1 -1 -1 
3 7 500 551 35 86 -1 -1 -1 -1 
4 7 501 549 33 85 -1 -1 -1 -1 
5 7 497 542 34 88 -1 -1 -1 -1 
6 7 497 553 35 91 -1 -1 -1 -1 
7 7 495 547 36 93 -1 -1 -1 -1 
8 7 491 549 38 97 -1 -1 -1 -1 
9 7 490 549 37 95 -1 -1 -1 -1 
10 7 486 541 38 97 -1 -1 -1 -1 
11 7 484 548 40 98 -1 -1 -1 -1 
12 7 481 548 39 100 -1 -1 -1 -1 
13 7 480 537 38 95 -1 -1 -1 -1 
14 7 479 548 37 93 -1 -1 -1 -1 
15 7 478 545 37 93 -1 -1 -1 -1 
16 7 476 542 39 95 -1 -1 -1 -1 
17 7 474 546 38 95 -1 -1 -1 -1 
18 7 473 547 37 94 -1 -1 -1 -1 
19 7 471 546 39 96 -1 -1 -1 -1 
20 7 468 546 40 100 -1 -1 -1 -1 
21 7 466 545 40 101 -1 -1 -1 -1 
22 7 462 543 43 105 -1 -1 -1 -1 
23 7 461 543 43 107 -1 -1 -1 -1 
24 7 458 545 44 108 -1 -1 -1 -1 
25 7 456 545 44 112 -1 -1 -1 -1 
26 7 455 548 44 110 -1 -1 -1 -1 
27 7 453 553 44 109 -1 -1 -1 -1 
28 7 452 559 42 104 -1 -1 -1 -1 
29 7 449 560 40 102 -1 -1 -1 -1 
30 7 445 568 41 104 -1 -1 -1 -1 
31 7 442 575 44 110 -1 -1 -1 -1 
32 7 438 570 43 108 -1 -1 -1 -1 
33 7 436 562 43 107 -1 -1 -1 -1 
34 7 434 570 43 104 -1 -1 -1 -1 
35 7 433 560 42 103 -1 -1 -1 -1 
36 7 430 560 43 102 -1 -1 -1 -1 
37 7 429 558 41 100 -1 -1 -1 -1 
38 7 425 557 43 103 -1 -1 -1 -1 
39 7 424 544 44 109 -1 -1 -1 -1 
40 7 421 540 46 116 -1 -1 -1 -1 
41 7 418 536 48 119 -1 -1 -1 -1 
42 7 416 540 47 117 -1 -1 -1 -1 
43 7 414 543 48 117 -1 -1 -1 -1 
44 7 412 545 47 118 -1 -1 -1 -1 
45 7 414 541 46 118 -1 -1 -1 -1 
46 7 411 546 46 116 -1 -1 -1 -1 
47 7 410 546 45 115 -1 -1 -1 -1 
48 7 406 545 48 121 -1 -1 -1 -1 
49 7 404 549 47 117 -1 -1 -1 -1 
50 7 401 552 46 113 -1 -1 -1 -1 
51 7 398 555 46 111 -1 -1 -1 -1 
52 7 396 557 44 111 -1 -1 -1 -1 
53 7 393 557 46 114 -1 -1 -1 -1 
54 7 390 557 45 114 -1 -1 -1 -1 
55 7 385 555 47 116 -1 -1 -1 -1 
56 7 381 553 48 120 -1 -1 -1 -1 
57 7 378 551 49 121 -1 -1 -1 -1 
58 7 374 551 48 119 -1 -1 -1 -1 
59 7 371 550 47 118 -1 -1 -1 -1 
60 7 367 548 48 122 -1 -1 -1 -1 
61 7 361 551 49 122 -1 -1 -1 -1 
62 7 359 547 48 121 -1 -1 -1 -1 
63 7 356 565 50 121 -1 -1 -1 -1 
64 7 351 548 49 121 -1 -1 -1 -1 
65 7 345 553 50 124 -1 -1 -1 -1 
66 7 342 561 52 124 -1 -1 -1 -1 
67 7 339 547 50 126 -1 -1 -1 -1 
68 7 336 556 51 127 -1 -1 -1 -1 
69 7 334 550 50 127 -1 -1 -1 -1 
70 7 331 552 50 128 -1 -1 -1 -1 
71 7 328 551 50 125 -1 -1 -1 -1 
72 7 321 553 52 128 -1 -1 -1 -1 
73 7 316 550 50 126 -1 -1 -1 -1 
74 7 310 551 52 129 -1 -1 -1 -1 
75 7 305 552 50 125 -1 -1 -1 -1 
76 7 299 550 50 126 -1 -1 -1 -1 
77 7 294 554 49 123 -1 -1 -1 -1 
78 7 285 549 52 129 -1 -1 -1 -1 
79 7 280 549 51 126 -1 -1 -1 -1 
80 7 273 547 52 129 -1 -1 -1 -1 
81 7 267 550 51 127 -1 -1 -1 -1 
82 7 261 552 50 125 -1 -1 -1 -1 
83 7 254 552 52 129 -1 -1 -1 -1 
84 7 245 551 53 131 -1 -1 -1 -1 
85 7 239 558 51 125 -1 -1 -1 -1 
86 7 233 558 51 127 -1 -1 -1 -1 
87 7 227 556 52 130 -1 -1 -1 -1 
88 7 221 563 51 128 -1 -1 -1 -1 
89 7 215 564 50 128 -1 -1 -1 -1 
90 7 207 570 51 126 -1 -1 -1 -1 
91 7 200 570 53 129 -1 -1 -1 -1 
92 7 192 569 54 135 -1 -1 -1 -1 
93 7 185 571 55 137 -1 -1 -1 -1 
94 7 178 576 55 133 -1 -1 -1 -1 
95 7 171 576 54 133 -1 -1 -1 -1 
96 7 163 578 55 137 -1 -1 -1 -1 
97 7 156 577 54 135 -1 -1 -1 -1 
98 7 147 582 54 136 -1 -1 -1 -1 
99 7 140 581 54 134 -1 -1 -1 -1 
100 7 134 585 51 131 -1 -1 -1 -1 
101 7 125 582 53 132 -1 -1 -1 -1 
102 7 116 583 54 134 -1 -1 -1 -1 
103 7 107 582 55 137 -1 -1 -1 -1 
104 7 96 579 55 138 -1 -1 -1 -1 
105 7 88 582 54 139 -1 -1 -1 -1 
106 7 78 578 57 141 -1 -1 -1 -1 
107 7 68 578 56 142 -1 -1 -1 -1 
108 7 59 575 57 143 -1 -1 -1 -1 
109 7 50 578 57 143 -1 -1 -1 -1 
110 7 42 576 57 144 -1 -1 -1 -1 
111 7 34 577 57 143 -1 -1 -1 -1 
112 7 24 579 57 144 -1 -1 -1 -1 
113 7 13 581 57 144 -1 -1 -1 -1 
114 7 5 583 58 144 -1 -1 -1 -1 
115 7 0 583 56 144 -1 -1 -1 -1 
116 7 -3 586 49 145 -1 -1 -1 -1 
117 7 -3 586 42 145 -1 -1 -1 -1 
118 7 -3 590 34 145 -1 -1 -1 -1 
119 7 -2 596 26 142 -1 -1 -1 -1 
5 8 1458 499 31 81 -1 -1 -1 -1 
6 8 1461 511 31 77 -1 -1 -1 -1 
7 8 1464 507 29 75 -1 -1 -1 -1 
8 8 1469 519 28 73 -1 -1 -1 -1 
9 8 1470 521 30 75 -1 -1 -1 -1 
10 8 1474 529 29 76 -1 -1 -1 -1 
11 8 1475 513 31 78 -1 -1 -1 -1 
12 8 1478 519 30 78 -1 -1 -1 -1 
13 8 1480 515 30 81 -1 -1 -1 -1 
9 9 219 622 47 120 -1 -1 -1 -1 
10 9 206 612 49 121 -1 -1 -1 -1 
11 9 196 600 59 148 -1 -1 -1 -1 
12 9 184 592 64 161 -1 -1 -1 -1 
13 9 172 571 65 168 -1 -1 -1 -1 
14 9 159 581 69 172 -1 -1 -1 -1 
15 9 149 578 68 172 -1 -1 -1 -1 
16 9 138 576 71 177 -1 -1 -1 -1 
11 10 523 551 38 94 -1 -1 -1 -1 
12 10 522 551 38 96 -1 -1 -1 -1 
13 10 521 537 37 95 -1 -1 -1 -1 
14 10 518 548 38 92 -1 -1 -1 -1 
15 10 518 542 37 93 -1 -1 -1 -1 
16 10 515 541 38 95 -1 -1 -1 -1 
17 10 514 546 38 95 -1 -1 -1 -1 
18 10 514 546 38 95 -1 -1 -1 -1 
19 10 513 546 38 96 -1 -1 -1 -1 
20 10 507 545 39 99 -1 -1 -1 -1 
21 10 502 544 40 102 -1 -1 -1 -1 
22 10 499 546 42 103 -1 -1 -1 -1 
23 10 497 545 42 105 -1 -1 -1 -1 
24 10 496 550 42 104 -1 -1 -1 -1 
25 10 495 553 42 104 -1 -1 -1 -1 
26 10 496 557 40 101 -1 -1 -1 -1 
27 10 492 558 41 103 -1 -1 -1 -1 
28 10 491 560 40 102 -1 -1 -1 -1 
29 10 489 559 41 103 -1 -1 -1 -1 
30 10 487 566 42 104 -1 -1 -1 -1 
31 10 485 579 42 105 -1 -1 -1 -1 
32 10 480 573 42 104 -1 -1 -1 -1 
33 10 478 563 41 105 -1 -1 -1 -1 
34 10 476 569 42 104 -1 -1 -1 -1 
35 10 475 560 41 104 -1 -1 -1 -1 
36 10 474 561 41 102 -1 -1 -1 -1 
37 10 473 556 41 101 -1 -1 -1 -1 
38 10 471 558 41 100 -1 -1 -1 -1 
39 10 469 544 44 108 -1 -1 -1 -1 
40 10 464 542 46 113 -1 -1 -1 -1 
41 10 463 539 46 115 -1 -1 -1 -1 
42 10 461 542 45 113 -1 -1 -1 -1 
43 10 459 547 44 110 -1 -1 -1 -1 
44 10 454 550 45 110 -1 -1 -1 -1 
45 10 453 546 44 112 -1 -1 -1 -1 
46 10 452 555 42 109 -1 -1 -1 -1 
47 10 450 552 44 112 -1 -1 -1 -1 
48 10 447 557 44 112 -1 -1 -1 -1 
49 10 444 558 45 113 -1 -1 -1 -1 
50 10 442 559 44 111 -1 -1 -1 -1 
51 10 442 561 43 110 -1 -1 -1 -1 
52 10 438 562 45 111 -1 -1 -1 -1 
53 10 434 562 45 112 -1 -1 -1 -1 
54 10 429 561 46 112 -1 -1 -1 -1 
55 10 426 558 46 115 -1 -1 -1 -1 
56 10 424 559 46 116 -1 -1 -1 -1 
57 10 420 558 47 117 -1 -1 -1 -1 
58 10 418 559 46 115 -1 -1 -1 -1 
59 10 416 561 45 111 -1 -1 -1 -1 
60 10 413 560 46 112 -1 -1 -1 -1 
61 10 409 561 46 113 -1 -1 -1 -1 
62 10 408 558 44 112 -1 -1 -1 -1 
63 10 405 570 47 114 -1 -1 -1 -1 
64 10 401 555 45 114 -1 -1 -1 -1 
65 10 399 563 45 112 -1 -1 -1 -1 
66 10 398 570 46 112 -1 -1 -1 -1 
67 10 392 557 46 114 -1 -1 -1 -1 
68 10 388 565 47 114 -1 -1 -1 -1 
69 10 380 558 48 117 -1 -1 -1 -1 
70 10 377 559 48 119 -1 -1 -1 -1 
71 10 373 558 47 119 -1 -1 -1 -1 
72 10 368 558 49 122 -1 -1 -1 -1 
73 10 365 559 47 117 -1 -1 -1 -1 
74 10 358 558 48 119 -1 -1 -1 -1 
75 10 352 557 49 121 -1 -1 -1 -1 
76 10 348 557 49 122 -1 -1 -1 -1 
77 10 344 559 48 121 -1 -1 -1 -1 
78 10 338 558 48 122 -1 -1 -1 -1 
79 10 332 556 48 123 -1 -1 -1 -1 
80 10 326 556 50 125 -1 -1 -1 -1 
81 10 321 558 49 122 -1 -1 -1 -1 
82 10 314 561 49 119 -1 -1 -1 -1 
83 10 307 561 49 122 -1 -1 -1 -1 
84 10 301 561 49 123 -1 -1 -1 -1 
85 10 294 562 50 125 -1 -1 -1 -1 
86 10 287 564 50 125 -1 -1 -1 -1 
87 10 280 564 51 126 -1 -1 -1 -1 
88 10 274 568 51 126 -1 -1 -1 -1 
89 10 269 568 50 125 -1 -1 -1 -1 
90 10 261 572 50 125 -1 -1 -1 -1 
91 10 254 573 51 127 -1 -1 -1 -1 
92 10 246 577 52 128 -1 -1 -1 -1 
93 10 239 578 52 130 -1 -1 -1 -1 
94 10 232 581 52 130 -1 -1 -1 -1 
95 10 224 582 52 130 -1 -1 -1 -1 
96 10 216 584 54 133 -1 -1 -1 -1 
97 10 209 583 53 133 -1 -1 -1 -1 
98 10 201 584 54 136 -1 -1 -1 -1 
99 10 194 582 55 138 -1 -1 -1 -1 
100 10 186 586 55 136 -1 -1 -1 -1 
101 10 177 584 55 138 -1 -1 -1 -1 
102 10 168 583 56 141 -1 -1 -1 -1 
103 10 159 586 55 139 -1 -1 -1 -1 
104 10 150 584 55 139 -1 -1 -1 -1 
105 10 141 586 56 139 -1 -1 -1 -1 
106 10 132 585 55 139 -1 -1 -1 -1 
107 10 124 585 55 139 -1 -1 -1 -1 
108 10 114 582 57 141 -1 -1 -1 -1 
109 10 106 583 57 143 -1 -1 -1 -1 
110 10 97 583 57 141 -1 -1 -1 -1 
111 10 88 582 57 143 -1 -1 -1 -1 
112 10 80 583 57 144 -1 -1 -1 -1 
113 10 71 586 57 142 -1 -1 -1 -1 
114 10 60 585 58 144 -1 -1 -1 -1 
115 10 53 586 58 144 -1 -1 -1 -1 
116 10 43 588 59 146 -1 -1 -1 -1 
117 10 33 587 59 147 -1 -1 -1 -1 
118 10 25 589 59 147 -1 -1 -1 -1 
119 10 9 587 63 152 -1 -1 -1 -1 
120 10 0 585 61 157 -1 -1 -1 -1 
121 10 -2 589 53 154 -1 -1 -1 -1 
122 10 -3 587 47 158 -1 -1 -1 -1 
123 10 -2 590 39 158 -1 -1 -1 -1 
124 10 -2 596 30 158 -1 -1 -1 -1 
12 11 76 594 62 153 -1 -1 -1 -1 
13 11 63 576 61 157 -1 -1 -1 -1 
14 11 48 587 66 165 -1 -1 -1 -1 
15 11 33 580 68 170 -1 -1 -1 -1 
16 11 19 580 69 171 -1 -1 -1 -1 
17 11 7 588 70 171 -1 -1 -1 -1 
18 11 0 588 64 173 -1 -1 -1 -1 
19 11 -3 590 59 174 -1 -1 -1 -1 
20 11 -4 600 48 170 -1 -1 -1 -1 
21 11 -3 625 36 149 -1 -1 -1 -1 
28 12 1533 520 34 84 -1 -1 -1 -1 
29 12 1536 526 33 85 -1 -1 -1 -1 
30 12 1539 526 34 86 -1 -1 -1 -1 
31 12 1544 530 34 86 -1 -1 -1 -1 
32 12 1548 533 32 84 -1 -1 -1 -1 
33 12 1552 522 33 84 -1 -1 -1 -1 
34 12 1557 524 33 84 -1 -1 -1 -1 
35 12 1562 523 32 81 -1 -1 -1 -1 
36 12 1566 517 33 84 -1 -1 -1 -1 
37 12 1570 514 34 88 -1 -1 -1 -1 
38 12 1573 506 36 90 -1 -1 -1 -1 
39 12 1578 510 36 90 -1 -1 -1 -1 
40 12 1583 507 36 89 -1 -1 -1 -1 
41 12 1589 512 34 90 -1 -1 -1 -1 
42 12 1593 510 36 93 -1 -1 -1 -1 
43 12 1597 515 35 90 -1 -1 -1 -1 
44 12 1600 514 36 91 -1 -1 -1 -1 
45 12 1607 524 35 88 -1 -1 -1 -1 
46 12 1610 522 36 90 -1 -1 -1 -1 
47 12 1617 525 33 90 -1 -1 -1 -1 
48 12 1621 529 33 86 -1 -1 -1 -1 
49 12 1625 535 33 85 -1 -1 -1 -1 
50 12 1631 533 32 82 -1 -1 -1 -1 
51 12 1634 538 33 82 -1 -1 -1 -1 
52 12 1640 537 32 84 -1 -1 -1 -1 
53 12 1644 536 32 85 -1 -1 -1 -1 
54 12 1647 534 34 87 -1 -1 -1 -1 
55 12 1652 534 35 88 -1 -1 -1 -1 
56 12 1655 532 36 91 -1 -1 -1 -1 
57 12 1658 527 37 93 -1 -1 -1 -1 
58 12 1663 521 38 97 -1 -1 -1 -1 
59 12 1667 520 38 97 -1 -1 -1 -1 
60 12 1670 519 39 98 -1 -1 -1 -1 
61 12 1672 517 38 94 -1 -1 -1 -1 
62 12 1677 527 36 89 -1 -1 -1 -1 
63 12 1685 517 34 83 -1 -1 -1 -1 
64 12 1690 532 33 87 -1 -1 -1 -1 
65 12 1693 524 34 89 -1 -1 -1 -1 
66 12 1697 520 34 86 -1 -1 -1 -1 
67 12 1699 536 34 86 -1 -1 -1 -1 
68 12 1701 526 34 87 -1 -1 -1 -1 
69 12 1703 539 35 86 -1 -1 -1 -1 
70 12 1706 539 34 84 -1 -1 -1 -1 
71 12 1707 544 33 82 -1 -1 -1 -1 
72 12 1708 541 34 83 -1 -1 -1 -1 
73 12 1709 543 34 85 -1 -1 -1 -1 
74 12 1711 540 34 84 -1 -1 -1 -1 
75 12 1711 541 35 87 -1 -1 -1 -1 
76 12 1713 540 35 87 -1 -1 -1 -1 
77 12 1713 541 36 88 -1 -1 -1 -1 
78 12 1715 541 34 86 -1 -1 -1 -1 
79 12 1715 542 35 86 -1 -1 -1 -1 
80 12 1714 539 36 86 -1 -1 -1 -1 
81 12 1714 538 36 88 -1 -1 -1 -1 
82 12 1713 538 36 89 -1 -1 -1 -1 
83 12 1712 537 37 89 -1 -1 -1 -1 
84 12 1712 533 38 94 -1 -1 -1 -1 
85 12 1711 536 39 95 -1 -1 -1 -1 
86 12 1710 535 39 97 -1 -1 -1 -1 
95 12 1695 546 41 94 -1 -1 -1 -1 
96 12 1694 545 39 95 -1 -1 -1 -1 
97 12 1692 547 39 95 -1 -1 -1 -1 
98 12 1689 548 39 96 -1 -1 -1 -1 
99 12 1688 550 38 97 -1 -1 -1 -1 
100 12 1686 550 39 97 -1 -1 -1 -1 
101 12 1684 550 39 99 -1 -1 -1 -1 
102 12 1682 549 39 100 -1 -1 -1 -1 
103 12 1680 549 41 101 -1 -1 -1 -1 
104 12 1678 550 40 102 -1 -1 -1 -1 
105 12 1676 550 40 101 -1 -1 -1 -1 
106 12 1675 552 40 101 -1 -1 -1 -1 
107 12 1673 550 41 101 -1 -1 -1 -1 
108 12 1670 550 41 103 -1 -1 -1 -1 
109 12 1665 545 44 109 -1 -1 -1 -1 
136 12 1578 559 38 98 -1 -1 -1 -1 
137 12 1573 557 40 101 -1 -1 -1 -1 
138 12 1569 554 42 104 -1 -1 -1 -1 
139 12 1564 550 43 108 -1 -1 -1 -1 
140 12 1561 548 43 109 -1 -1 -1 -1 
141 12 1559 548 43 110 -1 -1 -1 -1 
142 12 1557 549 42 108 -1 -1 -1 -1 
143 12 1552 549 44 110 -1 -1 -1 -1 
144 12 1549 553 43 108 -1 -1 -1 -1 
145 12 1544 554 43 109 -1 -1 -1 -1 
146 12 1541 554 43 109 -1 -1 -1 -1 
147 12 1535 556 43 108 -1 -1 -1 -1 
148 12 1531 555 44 109 -1 -1 -1 -1 
149 12 1527 556 43 108 -1 -1 -1 -1 
150 12 1522 557 43 107 -1 -1 -1 -1 
151 12 1517 560 41 105 -1 -1 -1 -1 
152 12 1510 560 42 103 -1 -1 -1 -1 
153 12 1503 555 43 106 -1 -1 -1 -1 
154 12 1497 554 43 107 -1 -1 -1 -1 
155 12 1491 550 44 111 -1 -1 -1 -1 
156 12 1485 549 45 112 -1 -1 -1 -1 
157 12 1479 547 45 112 -1 -1 -1 -1 
158 12 1474 546 46 114 -1 -1 -1 -1 
159 12 1467 541 48 117 -1 -1 -1 -1 
160 12 1463 542 46 116 -1 -1 -1 -1 
161 12 1459 543 45 114 -1 -1 -1 -1 
162 12 1455 544 44 112 -1 -1 -1 -1 
163 12 1450 547 44 110 -1 -1 -1 -1 
164 12 1446 549 43 107 -1 -1 -1 -1 
165 12 1439 547 44 108 -1 -1 -1 -1 
166 12 1434 546 43 109 -1 -1 -1 -1 
167 12 1429 542 45 111 -1 -1 -1 -1 
168 12 1426 539 46 116 -1 -1 -1 -1 
169 12 1419 537 48 119 -1 -1 -1 -1 
170 12 1416 536 48 121 -1 -1 -1 -1 
171 12 1413 536 48 121 -1 -1 -1 -1 
172 12 1408 536 48 121 -1 -1 -1 -1 
173 12 1405 535 49 123 -1 -1 -1 -1 
174 12 1401 536 50 123 -1 -1 -1 -1 
175 12 1397 536 50 123 -1 -1 -1 -1 
176 12 1394 535 50 124 -1 -1 -1 -1 
177 12 1389 533 50 126 -1 -1 -1 -1 
178 12 1384 531 51 129 -1 -1 -1 -1 
179 12 1380 527 52 132 -1 -1 -1 -1 
180 12 1378 533 51 127 -1 -1 -1 -1 
181 12 1377 536 49 124 -1 -1 -1 -1 
182 12 1376 537 48 123 -1 -1 -1 -1 
183 12 1373 538 48 121 -1 -1 -1 -1 
184 12 1370 536 48 123 -1 -1 -1 -1 
185 12 1367 536 49 124 -1 -1 -1 -1 
186 12 1365 538 49 122 -1 -1 -1 -1 
187 12 1361 535 51 126 -1 -1 -1 -1 
188 12 1358 536 51 127 -1 -1 -1 -1 
189 12 1357 539 50 124 -1 -1 -1 -1 
190 12 1355 540 49 124 -1 -1 -1 -1 
191 12 1353 541 49 123 -1 -1 -1 -1 
192 12 1350 541 48 121 -1 -1 -1 -1 
193 12 1347 541 49 124 -1 -1 -1 -1 
194 12 1346 544 49 122 -1 -1 -1 -1 
195 12 1344 545 49 122 -1 -1 -1 -1 
196 12 1343 545 48 121 -1 -1 -1 -1 
197 12 1341 543 49 122 -1 -1 -1 -1 
198 12 1340 542 49 122 -1 -1 -1 -1 
199 12 1338 540 50 125 -1 -1 -1 -1 
200 12 1337 539 50 125 -1 -1 -1 -1 
201 12 1336 539 50 123 -1 -1 -1 -1 
202 12 1334 539 50 125 -1 -1 -1 -1 
203 12 1332 538 50 127 -1 -1 -1 -1 
204 12 1330 539 52 127 -1 -1 -1 -1 
205 12 1329 538 52 129 -1 -1 -1 -1 
206 12 1328 539 53 129 -1 -1 -1 -1 
207 12 1328 539 53 131 -1 -1 -1 -1 
208 12 1328 540 53 131 -1 -1 -1 -1 
209 12 1328 540 53 130 -1 -1 -1 -1 
210 12 1328 539 53 132 -1 -1 -1 -1 
211 12 1328 541 54 134 -1 -1 -1 -1 
212 12 1328 541 55 134 -1 -1 -1 -1 
213 12 1329 543 54 134 -1 -1 -1 -1 
214 12 1330 545 54 132 -1 -1 -1 -1 
215 12 1331 546 53 131 -1 -1 -1 -1 
216 12 1331 548 53 130 -1 -1 -1 -1 
217 12 1333 548 52 129 -1 -1 -1 -1 
218 12 1335 549 52 128 -1 -1 -1 -1 
219 12 1337 551 52 126 -1 -1 -1 -1 
220 12 1338 549 52 127 -1 -1 -1 -1 
221 12 1339 549 52 129 -1 -1 -1 -1 
222 12 1341 545 53 131 -1 -1 -1 -1 
223 12 1344 547 52 131 -1 -1 -1 -1 
224 12 1346 544 53 134 -1 -1 -1 -1 
225 12 1348 544 54 135 -1 -1 -1 -1 
226 12 1350 545 54 134 -1 -1 -1 -1 
227 12 1352 547 55 133 -1 -1 -1 -1 
228 12 1354 548 54 132 -1 -1 -1 -1 
229 12 1355 549 54 132 -1 -1 -1 -1 
230 12 1359 549 52 130 -1 -1 -1 -1 
231 12 1361 552 51 128 -1 -1 -1 -1 
232 12 1366 553 52 128 -1 -1 -1 -1 
233 12 1366 553 52 128 -1 -1 -1 -1 
234 12 1368 553 53 130 -1 -1 -1 -1 
235 12 1371 555 53 129 -1 -1 -1 -1 
236 12 1373 554 53 131 -1 -1 -1 -1 
237 12 1375 550 54 135 -1 -1 -1 -1 
238 12 1378 549 55 135 -1 -1 -1 -1 
239 12 1381 546 56 137 -1 -1 -1 -1 
240 12 1386 544 55 138 -1 -1 -1 -1 
241 12 1390 544 57 139 -1 -1 -1 -1 
242 12 1395 543 57 140 -1 -1 -1 -1 
243 12 1400 546 56 137 -1 -1 -1 -1 
244 12 1407 547 53 135 -1 -1 -1 -1 
245 12 1412 549 54 138 -1 -1 -1 -1 
246 12 1417 551 54 137 -1 -1 -1 -1 
247 12 1423 553 54 135 -1 -1 -1 -1 
248 12 1429 553 54 135 -1 -1 -1 -1 
249 12 1434 550 55 139 -1 -1 -1 -1 
250 12 1439 549 57 141 -1 -1 -1 -1 
251 12 1446 548 57 143 -1 -1 -1 -1 
252 12 1453 546 56 142 -1 -1 -1 -1 
253 12 1457 539 60 151 -1 -1 -1 -1 
254 12 1463 536 62 154 -1 -1 -1 -1 
255 12 1473 538 60 149 -1 -1 -1 -1 
256 12 1479 534 63 156 -1 -1 -1 -1 
257 12 1488 533 62 156 -1 -1 -1 -1 
258 12 1498 535 61 154 -1 -1 -1 -1 
259 12 1505 537 62 153 -1 -1 -1 -1 
260 12 1510 536 63 155 -1 -1 -1 -1 
261 12 1519 533 63 156 -1 -1 -1 -1 
262 12 1531 535 62 155 -1 -1 -1 -1 
263 12 1540 538 62 155 -1 -1 -1 -1 
264 12 1549 541 62 153 -1 -1 -1 -1 
282 12 1727 550 70 173 -1 -1 -1 -1 
283 12 1738 549 68 171 -1 -1 -1 -1 
284 12 1749 549 70 174 -1 -1 -1 -1 
285 12 1761 548 70 176 -1 -1 -1 -1 
286 12 1773 549 72 177 -1 -1 -1 -1 
287 12 1788 549 71 179 -1 -1 -1 -1 
288 12 1800 546 74 183 -1 -1 -1 -1 
289 12 1813 543 76 189 -1 -1 -1 -1 
290 12 1826 543 76 189 -1 -1 -1 -1 
291 12 1838 542 76 193 -1 -1 -1 -1 
292 12 1849 539 73 198 -1 -1 -1 -1 
293 12 1868 537 57 200 -1 -1 -1 -1 
47 13 344 549 46 113 -1 -1 -1 -1 
48 13 341 552 45 114 -1 -1 -1 -1 
49 13 338 554 45 114 -1 -1 -1 -1 
50 13 336 556 46 113 -1 -1 -1 -1 
51 13 335 558 44 109 -1 -1 -1 -1 
52 13 331 559 46 112 -1 -1 -1 -1 
53 13 328 558 46 113 -1 -1 -1 -1 
54 13 325 557 45 113 -1 -1 -1 -1 
55 13 321 556 47 114 -1 -1 -1 -1 
56 13 317 555 47 116 -1 -1 -1 -1 
57 13 313 555 47 117 -1 -1 -1 -1 
58 13 309 553 48 119 -1 -1 -1 -1 
59 13 308 551 48 120 -1 -1 -1 -1 
60 13 303 552 48 119 -1 -1 -1 -1 
61 13 300 555 47 116 -1 -1 -1 -1 
62 13 298 551 46 114 -1 -1 -1 -1 
63 13 296 571 47 111 -1 -1 -1 -1 
64 13 293 551 46 114 -1 -1 -1 -1 
65 13 287 559 48 118 -1 -1 -1 -1 
66 13 284 568 47 116 -1 -1 -1 -1 
67 13 279 551 46 117 -1 -1 -1 -1 
68 13 274 560 47 117 -1 -1 -1 -1 
69 13 269 553 48 119 -1 -1 -1 -1 
70 13 264 555 49 121 -1 -1 -1 -1 
71 13 256 552 49 122 -1 -1 -1 -1 
72 13 253 557 47 118 -1 -1 -1 -1 
73 13 248 553 48 120 -1 -1 -1 -1 
74 13 242 557 48 120 -1 -1 -1 -1 
75 13 234 556 48 119 -1 -1 -1 -1 
76 13 227 557 48 118 -1 -1 -1 -1 
77 13 224 560 46 116 -1 -1 -1 -1 
78 13 220 558 48 120 -1 -1 -1 -1 
79 13 209 554 49 122 -1 -1 -1 -1 
80 13 203 559 48 120 -1 -1 -1 -1 
81 13 200 560 48 118 -1 -1 -1 -1 
100 13 78 589 45 113 -1 -1 -1 -1 
101 13 66 587 45 113 -1 -1 -1 -1 
102 13 59 588 47 116 -1 -1 -1 -1 
103 13 50 586 50 123 -1 -1 -1 -1 
104 13 36 581 52 129 -1 -1 -1 -1 
105 13 26 583 54 133 -1 -1 -1 -1 
106 13 13 577 57 139 -1 -1 -1 -1 
107 13 3 577 56 141 -1 -1 -1 -1 
108 13 -1 575 53 145 -1 -1 -1 -1 
109 13 -3 576 46 149 -1 -1 -1 -1 
110 13 -3 579 34 144 -1 -1 -1 -1 
111 13 -2 587 24 136 -1 -1 -1 -1 
52 14 635 542 33 80 -1 -1 -1 -1 
53 14 635 542 32 80 -1 -1 -1 -1 
54 14 633 543 32 79 -1 -1 -1 -1 
55 14 632 543 32 79 -1 -1 -1 -1 
56 14 630 542 33 81 -1 -1 -1 -1 
57 14 628 540 34 84 -1 -1 -1 -1 
58 14 625 537 35 86 -1 -1 -1 -1 
59 14 624 534 35 87 -1 -1 -1 -1 
60 14 622 534 35 87 -1 -1 -1 -1 
61 14 620 532 34 88 -1 -1 -1 -1 
62 14 619 529 34 88 -1 -1 -1 -1 
63 14 619 543 33 84 -1 -1 -1 -1 
64 14 612 531 35 89 -1 -1 -1 -1 
65 14 610 538 35 87 -1 -1 -1 -1 
66 14 610 543 34 85 -1 -1 -1 -1 
67 14 608 533 34 88 -1 -1 -1 -1 
68 14 605 540 35 85 -1 -1 -1 -1 
69 14 600 542 35 87 -1 -1 -1 -1 
70 14 581 541 37 91 -1 -1 -1 -1 
71 14 571 536 39 97 -1 -1 -1 -1 
72 14 567 538 40 97 -1 -1 -1 -1 
73 14 562 534 39 99 -1 -1 -1 -1 
74 14 559 540 39 95 -1 -1 -1 -1 
75 14 555 540 39 97 -1 -1 -1 -1 
76 14 550 538 40 98 -1 -1 -1 -1 
77 14 560 536 38 95 -1 -1 -1 -1 
78 14 563 539 35 89 -1 -1 -1 -1 
79 14 560 536 36 89 -1 -1 -1 -1 
80 14 556 536 37 93 -1 -1 -1 -1 
81 14 551 537 37 90 -1 -1 -1 -1 
82 14 547 535 36 92 -1 -1 -1 -1 
83 14 544 539 34 88 -1 -1 -1 -1 
84 14 537 539 35 90 -1 -1 -1 -1 
85 14 532 540 37 93 -1 -1 -1 -1 
86 14 526 540 39 95 -1 -1 -1 -1 
87 14 522 542 36 92 -1 -1 -1 -1 
88 14 515 545 35 88 -1 -1 -1 -1 
89 14 507 543 38 97 -1 -1 -1 -1 
90 14 502 548 37 91 -1 -1 -1 -1 
91 14 497 550 37 93 -1 -1 -1 -1 
92 14 491 552 37 94 -1 -1 -1 -1 
93 14 486 558 36 92 -1 -1 -1 -1 
94 14 481 563 34 88 -1 -1 -1 -1 
95 14 474 564 34 89 -1 -1 -1 -1 
96 14 466 566 35 90 -1 -1 -1 -1 
97 14 461 563 36 95 -1 -1 -1 -1 
98 14 453 566 37 93 -1 -1 -1 -1 
99 14 447 563 36 94 -1 -1 -1 -1 
100 14 438 560 39 100 -1 -1 -1 -1 
101 14 432 561 39 98 -1 -1 -1 -1 
102 14 426 562 39 98 -1 -1 -1 -1 
103 14 417 559 41 101 -1 -1 -1 -1 
104 14 410 556 41 106 -1 -1 -1 -1 
105 14 404 560 41 102 -1 -1 -1 -1 
106 14 397 559 40 101 -1 -1 -1 -1 
107 14 390 559 41 102 -1 -1 -1 -1 
108 14 383 560 41 101 -1 -1 -1 -1 
109 14 376 561 41 102 -1 -1 -1 -1 
110 14 368 558 41 104 -1 -1 -1 -1 
111 14 361 558 42 106 -1 -1 -1 -1 
112 14 355 563 40 101 -1 -1 -1 -1 
113 14 344 561 42 107 -1 -1 -1 -1 
114 14 337 560 43 109 -1 -1 -1 -1 
115 14 330 564 42 104 -1 -1 -1 -1 
116 14 321 565 43 107 -1 -1 -1 -1 
117 14 311 563 44 110 -1 -1 -1 -1 
118 14 305 565 43 107 -1 -1 -1 -1 
119 14 294 564 46 111 -1 -1 -1 -1 
120 14 286 563 47 115 -1 -1 -1 -1 
121 14 279 561 47 116 -1 -1 -1 -1 
122 14 271 563 47 116 -1 -1 -1 -1 
123 14 262 561 48 120 -1 -1 -1 -1 
124 14 253 561 49 122 -1 -1 -1 -1 
125 14 248 568 46 115 -1 -1 -1 -1 
126 14 237 565 49 122 -1 -1 -1 -1 
127 14 230 567 48 122 -1 -1 -1 -1 
128 14 222 571 47 119 -1 -1 -1 -1 
129 14 213 568 49 125 -1 -1 -1 -1 
130 14 205 569 49 125 -1 -1 -1 -1 
131 14 197 572 49 124 -1 -1 -1 -1 
132 14 188 574 48 123 -1 -1 -1 -1 
133 14 178 571 51 128 -1 -1 -1 -1 
134 14 167 577 51 126 -1 -1 -1 -1 
135 14 159 578 51 127 -1 -1 -1 -1 
136 14 150 581 50 124 -1 -1 -1 -1 
137 14 141 575 53 133 -1 -1 -1 -1 
138 14 132 572 54 137 -1 -1 -1 -1 
139 14 123 577 53 132 -1 -1 -1 -1 
140 14 115 579 53 131 -1 -1 -1 -1 
141 14 108 583 53 129 -1 -1 -1 -1 
142 14 101 585 53 127 -1 -1 -1 -1 
143 14 92 582 54 130 -1 -1 -1 -1 
148 14 47 568 61 149 -1 -1 -1 -1 
149 14 38 579 57 140 -1 -1 -1 -1 
150 14 25 578 58 141 -1 -1 -1 -1 
151 14 16 578 60 146 -1 -1 -1 -1 
55 15 1609 520 25 64 -1 -1 -1 -1 
56 15 1610 527 24 60 -1 -1 -1 -1 
71 16 536 550 36 89 -1 -1 -1 -1 
72 16 533 549 37 91 -1 -1 -1 -1 
73 16 528 547 37 89 -1 -1 -1 -1 
74 16 524 550 36 89 -1 -1 -1 -1 
75 16 517 548 38 94 -1 -1 -1 -1 
76 16 512 549 37 92 -1 -1 -1 -1 
77 16 508 552 36 92 -1 -1 -1 -1 
78 16 502 552 35 91 -1 -1 -1 -1 
79 16 495 550 37 93 -1 -1 -1 -1 
80 16 489 552 37 95 -1 -1 -1 -1 
81 16 483 550 39 98 -1 -1 -1 -1 
82 16 478 554 37 94 -1 -1 -1 -1 
83 16 470 552 39 99 -1 -1 -1 -1 
84 16 464 555 38 98 -1 -1 -1 -1 
85 16 460 558 38 94 -1 -1 -1 -1 
86 16 452 557 38 96 -1 -1 -1 -1 
87 16 444 556 39 100 -1 -1 -1 -1 
88 16 437 561 40 98 -1 -1 -1 -1 
89 16 430 564 40 98 -1 -1 -1 -1 
90 16 422 567 40 102 -1 -1 -1 -1 
91 16 415 567 42 106 -1 -1 -1 -1 
92 16 407 567 43 108 -1 -1 -1 -1 
93 16 400 568 43 110 -1 -1 -1 -1 
94 16 394 574 43 106 -1 -1 -1 -1 
95 16 387 576 43 106 -1 -1 -1 -1 
96 16 380 579 44 108 -1 -1 -1 -1 
97 16 372 578 43 108 -1 -1 -1 -1 
98 16 364 582 44 110 -1 -1 -1 -1 
99 16 357 581 44 109 -1 -1 -1 -1 
100 16 349 582 44 112 -1 -1 -1 -1 
101 16 341 581 45 112 -1 -1 -1 -1 
102 16 333 583 45 111 -1 -1 -1 -1 
103 16 327 582 44 111 -1 -1 -1 -1 
104 16 319 582 44 110 -1 -1 -1 -1 
105 16 310 584 44 110 -1 -1 -1 -1 
106 16 301 580 46 114 -1 -1 -1 -1 
107 16 294 581 45 112 -1 -1 -1 -1 
108 16 285 583 44 111 -1 -1 -1 -1 
109 16 275 584 46 115 -1 -1 -1 -1 
110 16 265 583 46 115 -1 -1 -1 -1 
111 16 257 585 46 114 -1 -1 -1 -1 
112 16 248 587 45 114 -1 -1 -1 -1 
113 16 238 587 46 116 -1 -1 -1 -1 
114 16 228 589 45 115 -1 -1 -1 -1 
115 16 217 588 47 118 -1 -1 -1 -1 
116 16 205 591 48 119 -1 -1 -1 -1 
117 16 193 591 49 122 -1 -1 -1 -1 
118 16 183 591 49 123 -1 -1 -1 -1 
119 16 173 593 49 124 -1 -1 -1 -1 
120 16 163 597 48 123 -1 -1 -1 -1 
121 16 151 596 50 126 -1 -1 -1 -1 
122 16 140 600 50 126 -1 -1 -1 -1 
123 16 130 601 50 129 -1 -1 -1 -1 
124 16 118 602 52 132 -1 -1 -1 -1 
125 16 107 602 51 130 -1 -1 -1 -1 
126 16 96 605 52 130 -1 -1 -1 -1 
127 16 85 609 51 126 -1 -1 -1 -1 
128 16 73 610 52 130 -1 -1 -1 -1 
129 16 61 611 54 132 -1 -1 -1 -1 
130 16 49 611 56 139 -1 -1 -1 -1 
131 16 38 612 56 139 -1 -1 -1 -1 
132 16 26 613 56 139 -1 -1 -1 -1 
133 16 17 619 53 136 -1 -1 -1 -1 
134 16 3 622 56 138 -1 -1 -1 -1 
135 16 -2 623 50 140 -1 -1 -1 -1 
136 16 -4 622 40 144 -1 -1 -1 -1 
137 16 -3 627 26 143 -1 -1 -1 -1 
78 17 472 548 36 93 -1 -1 -1 -1 
79 17 463 540 40 102 -1 -1 -1 -1 
80 17 457 543 41 103 -1 -1 -1 -1 
81 17 452 543 42 103 -1 -1 -1 -1 
82 17 447 551 38 95 -1 -1 -1 -1 
83 17 440 556 37 92 -1 -1 -1 -1 
84 17 435 555 37 94 -1 -1 -1 -1 
85 17 429 556 38 96 -1 -1 -1 -1 
86 17 419 558 37 93 -1 -1 -1 -1 
87 17 413 560 36 92 -1 -1 -1 -1 
88 17 408 560 37 93 -1 -1 -1 -1 
89 17 400 567 33 84 -1 -1 -1 -1 
90 17 391 566 39 97 -1 -1 -1 -1 
91 17 384 567 39 100 -1 -1 -1 -1 
92 17 376 571 41 102 -1 -1 -1 -1 
93 17 367 573 42 104 -1 -1 -1 -1 
94 17 361 579 40 99 -1 -1 -1 -1 
95 17 353 579 41 102 -1 -1 -1 -1 
96 17 344 582 42 103 -1 -1 -1 -1 
97 17 338 582 41 103 -1 -1 -1 -1 
98 17 330 584 42 103 -1 -1 -1 -1 
99 17 321 582 41 106 -1 -1 -1 -1 
100 17 313 585 41 103 -1 -1 -1 -1 
101 17 304 583 42 106 -1 -1 -1 -1 
102 17 295 585 43 107 -1 -1 -1 -1 
103 17 287 588 42 105 -1 -1 -1 -1 
104 17 279 588 41 103 -1 -1 -1 -1 
105 17 269 587 44 109 -1 -1 -1 -1 
106 17 259 585 45 111 -1 -1 -1 -1 
107 17 250 587 45 112 -1 -1 -1 -1 
108 17 241 586 45 112 -1 -1 -1 -1 
109 17 231 589 45 113 -1 -1 -1 -1 
110 17 220 587 46 114 -1 -1 -1 -1 
111 17 209 587 46 114 -1 -1 -1 -1 
112 17 197 589 46 112 -1 -1 -1 -1 
113 17 187 590 46 112 -1 -1 -1 -1 
114 17 178 593 41 103 -1 -1 -1 -1 
115 17 165 593 41 101 -1 -1 -1 -1 
116 17 156 597 41 102 -1 -1 -1 -1 
117 17 144 596 44 111 -1 -1 -1 -1 
118 17 133 598 47 116 -1 -1 -1 -1 
119 17 122 600 48 118 -1 -1 -1 -1 
120 17 111 602 49 119 -1 -1 -1 -1 
121 17 100 603 49 121 -1 -1 -1 -1 
122 17 88 604 50 122 -1 -1 -1 -1 
123 17 77 607 50 123 -1 -1 -1 -1 
124 17 66 609 50 124 -1 -1 -1 -1 
125 17 55 612 50 121 -1 -1 -1 -1 
126 17 44 614 49 120 -1 -1 -1 -1 
127 17 32 617 49 122 -1 -1 -1 -1 
128 17 20 616 50 123 -1 -1 -1 -1 
129 17 8 619 48 117 -1 -1 -1 -1 
130 17 0 620 43 119 -1 -1 -1 -1 
131 17 -3 624 34 119 -1 -1 -1 -1 
132 17 -3 599 48 140 -1 -1 -1 -1 
133 17 -4 602 40 138 -1 -1 -1 -1 
80 18 150 555 51 125 -1 -1 -1 -1 
81 18 145 558 50 122 -1 -1 -1 -1 
82 18 135 559 50 125 -1 -1 -1 -1 
83 18 127 561 51 125 -1 -1 -1 -1 
84 18 121 561 51 128 -1 -1 -1 -1 
85 18 112 562 52 129 -1 -1 -1 -1 
86 18 104 562 53 129 -1 -1 -1 -1 
87 18 100 564 50 123 -1 -1 -1 -1 
88 18 94 566 50 126 -1 -1 -1 -1 
89 18 90 567 49 123 -1 -1 -1 -1 
90 18 82 569 50 127 -1 -1 -1 -1 
91 18 74 572 51 129 -1 -1 -1 -1 
92 18 67 576 53 131 -1 -1 -1 -1 
93 18 59 577 53 133 -1 -1 -1 -1 
94 18 51 581 53 132 -1 -1 -1 -1 
95 18 42 582 53 133 -1 -1 -1 -1 
96 18 35 582 55 137 -1 -1 -1 -1 
97 18 27 581 55 139 -1 -1 -1 -1 
98 18 20 577 58 146 -1 -1 -1 -1 
99 18 8 580 57 142 -1 -1 -1 -1 
100 18 0 586 54 142 -1 -1 -1 -1 
85 20 508 541 41 106 -1 -1 -1 -1 
86 20 502 544 43 105 -1 -1 -1 -1 
87 20 496 549 42 103 -1 -1 -1 -1 
88 20 488 552 43 106 -1 -1 -1 -1 
89 20 484 556 41 103 -1 -1 -1 -1 
90 20 477 559 42 105 -1 -1 -1 -1 
91 20 471 563 43 105 -1 -1 -1 -1 
92 20 463 565 45 110 -1 -1 -1 -1 
93 20 457 567 46 112 -1 -1 -1 -1 
94 20 450 569 43 107 -1 -1 -1 -1 
95 20 443 567 45 113 -1 -1 -1 -1 
96 20 436 568 46 115 -1 -1 -1 -1 
97 20 428 567 47 115 -1 -1 -1 -1 
98 20 421 570 47 117 -1 -1 -1 -1 
99 20 413 565 49 124 -1 -1 -1 -1 
100 20 405 569 50 123 -1 -1 -1 -1 
101 20 397 569 50 125 -1 -1 -1 -1 
102 20 388 571 50 125 -1 -1 -1 -1 
103 20 381 570 50 126 -1 -1 -1 -1 
104 20 373 570 50 124 -1 -1 -1 -1 
105 20 365 572 51 125 -1 -1 -1 -1 
106 20 354 568 52 127 -1 -1 -1 -1 
107 20 347 570 52 127 -1 -1 -1 -1 
108 20 340 571 51 127 -1 -1 -1 -1 
109 20 330 567 54 133 -1 -1 -1 -1 
110 20 320 566 55 135 -1 -1 -1 -1 
111 20 311 570 54 133 -1 -1 -1 -1 
112 20 301 572 54 132 -1 -1 -1 -1 
113 20 293 574 54 133 -1 -1 -1 -1 
114 20 283 574 53 135 -1 -1 -1 -1 
115 20 272 575 54 135 -1 -1 -1 -1 
116 20 262 577 54 137 -1 -1 -1 -1 
117 20 251 582 54 134 -1 -1 -1 -1 
118 20 241 578 56 140 -1 -1 -1 -1 
119 20 231 583 55 138 -1 -1 -1 -1 
120 20 222 586 55 139 -1 -1 -1 -1 
121 20 210 586 57 141 -1 -1 -1 -1 
122 20 200 585 58 145 -1 -1 -1 -1 
123 20 191 587 58 144 -1 -1 -1 -1 
124 20 179 590 58 142 -1 -1 -1 -1 
125 20 168 589 58 144 -1 -1 -1 -1 
126 20 155 590 59 147 -1 -1 -1 -1 
127 20 145 595 58 145 -1 -1 -1 -1 
128 20 132 597 59 146 -1 -1 -1 -1 
129 20 121 598 60 149 -1 -1 -1 -1 
130 20 108 600 60 149 -1 -1 -1 -1 
131 20 97 603 60 148 -1 -1 -1 -1 
132 20 86 603 61 151 -1 -1 -1 -1 
133 20 74 606 61 152 -1 -1 -1 -1 
134 20 63 612 59 148 -1 -1 -1 -1 
135 20 50 611 62 152 -1 -1 -1 -1 
136 20 37 610 62 154 -1 -1 -1 -1 
137 20 25 610 65 158 -1 -1 -1 -1 
138 20 12 606 66 164 -1 -1 -1 -1 
139 20 0 598 67 175 -1 -1 -1 -1 
140 20 -3 594 59 182 -1 -1 -1 -1 
141 20 -4 596 48 186 -1 -1 -1 -1 
142 20 -3 580 36 204 -1 -1 -1 -1 
100 21 1553 522 29 75 -1 -1 -1 -1 
101 21 1550 522 29 76 -1 -1 -1 -1 
102 21 1547 519 30 79 -1 -1 -1 -1 
103 21 1544 516 31 82 -1 -1 -1 -1 
104 21 1541 520 31 79 -1 -1 -1 -1 
105 21 1538 519 31 79 -1 -1 -1 -1 
106 21 1536 521 30 78 -1 -1 -1 -1 
107 21 1532 520 30 77 -1 -1 -1 -1 
108 21 1529 520 29 76 -1 -1 -1 -1 
109 21 1526 521 30 75 -1 -1 -1 -1 
110 21 1525 520 29 76 -1 -1 -1 -1 
109 22 200 587 40 100 -1 -1 -1 -1 
110 22 189 586 40 99 -1 -1 -1 -1 
111 22 181 590 39 98 -1 -1 -1 -1 
112 22 171 594 38 96 -1 -1 -1 -1 
113 22 160 596 39 97 -1 -1 -1 -1 
114 22 149 599 39 96 -1 -1 -1 -1 
115 22 138 598 40 98 -1 -1 -1 -1 
116 22 128 600 40 100 -1 -1 -1 -1 
117 22 118 601 40 99 -1 -1 -1 -1 
118 22 108 600 42 104 -1 -1 -1 -1 
119 22 97 601 41 106 -1 -1 -1 -1 
120 22 86 603 43 106 -1 -1 -1 -1 
121 22 76 602 42 106 -1 -1 -1 -1 
122 22 65 606 41 102 -1 -1 -1 -1 
123 22 53 609 41 103 -1 -1 -1 -1 
124 22 41 610 40 103 -1 -1 -1 -1 
125 22 28 611 44 106 -1 -1 -1 -1 
126 22 18 612 42 107 -1 -1 -1 -1 
127 22 5 618 42 105 -1 -1 -1 -1 
128 22 -1 620 37 104 -1 -1 -1 -1 
129 22 -3 623 25 110 -1 -1 -1 -1 
133 24 1716 562 47 117 -1 -1 -1 -1 
134 24 1715 563 45 114 -1 -1 -1 -1 
135 24 1711 558 46 117 -1 -1 -1 -1 
136 24 1709 557 45 113 -1 -1 -1 -1 
137 24 1707 556 45 113 -1 -1 -1 -1 
138 24 1706 557 44 111 -1 -1 -1 -1 
139 24 1699 555 43 106 -1 -1 -1 -1 
140 24 1701 559 41 105 -1 -1 -1 -1 
141 24 1701 560 41 104 -1 -1 -1 -1 
142 24 1702 563 40 101 -1 -1 -1 -1 
143 24 1699 565 41 102 -1 -1 -1 -1 
144 24 1698 570 42 101 -1 -1 -1 -1 
145 24 1696 572 41 101 -1 -1 -1 -1 
146 24 1696 572 41 101 -1 -1 -1 -1 
147 24 1694 576 41 100 -1 -1 -1 -1 
148 24 1692 578 39 97 -1 -1 -1 -1 
149 24 1687 576 40 97 -1 -1 -1 -1 
150 24 1681 567 41 103 -1 -1 -1 -1 
151 24 1676 565 42 105 -1 -1 -1 -1 
152 24 1675 568 41 102 -1 -1 -1 -1 
153 24 1671 564 42 105 -1 -1 -1 -1 
154 24 1668 564 41 104 -1 -1 -1 -1 
155 24 1664 564 41 102 -1 -1 -1 -1 
156 24 1664 569 38 94 -1 -1 -1 -1 
180 24 1605 550 45 114 -1 -1 -1 -1 
181 24 1606 552 45 115 -1 -1 -1 -1 
182 24 1604 549 47 120 -1 -1 -1 -1 
183 24 1602 546 50 124 -1 -1 -1 -1 
184 24 1602 545 50 126 -1 -1 -1 -1 
185 24 1602 543 50 127 -1 -1 -1 -1 
186 24 1601 542 50 127 -1 -1 -1 -1 
187 24 1601 541 50 127 -1 -1 -1 -1 
188 24 1602 542 50 126 -1 -1 -1 -1 
189 24 1604 545 49 125 -1 -1 -1 -1 
190 24 1603 546 49 124 -1 -1 -1 -1 
191 24 1605 546 48 124 -1 -1 -1 -1 
192 24 1609 551 47 118 -1 -1 -1 -1 
193 24 1611 553 47 119 -1 -1 -1 -1 
194 24 1613 551 48 122 -1 -1 -1 -1 
195 24 1614 550 48 123 -1 -1 -1 -1 
196 24 1615 550 48 124 -1 -1 -1 -1 
197 24 1616 549 48 124 -1 -1 -1 -1 
198 24 1617 549 49 123 -1 -1 -1 -1 
199 24 1621 552 47 120 -1 -1 -1 -1 
200 24 1622 549 48 121 -1 -1 -1 -1 
201 24 1625 548 48 121 -1 -1 -1 -1 
202 24 1626 547 50 124 -1 -1 -1 -1 
203 24 1627 545 51 127 -1 -1 -1 -1 
204 24 1629 545 51 127 -1 -1 -1 -1 
205 24 1631 547 51 126 -1 -1 -1 -1 
206 24 1635 549 51 125 -1 -1 -1 -1 
207 24 1640 552 49 123 -1 -1 -1 -1 
208 24 1643 555 49 122 -1 -1 -1 -1 
209 24 1646 556 48 122 -1 -1 -1 -1 
210 24 1649 555 48 122 -1 -1 -1 -1 
211 24 1652 560 48 119 -1 -1 -1 -1 
212 24 1657 565 46 115 -1 -1 -1 -1 
213 24 1662 572 45 110 -1 -1 -1 -1 
214 24 1667 569 45 113 -1 -1 -1 -1 
215 24 1670 565 47 118 -1 -1 -1 -1 
216 24 1674 560 49 122 -1 -1 -1 -1 
217 24 1679 563 48 118 -1 -1 -1 -1 
218 24 1685 567 46 115 -1 -1 -1 -1 
219 24 1692 571 45 112 -1 -1 -1 -1 
220 24 1697 568 45 113 -1 -1 -1 -1 
221 24 1704 574 44 109 -1 -1 -1 -1 
222 24 1710 565 46 116 -1 -1 -1 -1 
223 24 1718 565 47 117 -1 -1 -1 -1 
224 24 1723 556 50 125 -1 -1 -1 -1 
225 24 1731 554 50 126 -1 -1 -1 -1 
226 24 1738 552 50 126 -1 -1 -1 -1 
227 24 1743 550 51 129 -1 -1 -1 -1 
228 24 1753 561 48 118 -1 -1 -1 -1 
229 24 1761 562 47 118 -1 -1 -1 -1 
230 24 1773 549 51 128 -1 -1 -1 -1 
231 24 1783 550 52 130 -1 -1 -1 -1 
232 24 1793 547 53 131 -1 -1 -1 -1 
233 24 1802 549 52 129 -1 -1 -1 -1 
234 24 1811 551 51 128 -1 -1 -1 -1 
235 24 1821 552 51 126 -1 -1 -1 -1 
236 24 1830 560 47 118 -1 -1 -1 -1 
237 24 1838 561 48 119 -1 -1 -1 -1 
238 24 1848 545 55 136 -1 -1 -1 -1 
239 24 1861 547 52 133 -1 -1 -1 -1 
240 24 1869 538 52 141 -1 -1 -1 -1 
150 25 399 526 27 72 -1 -1 -1 -1 
151 25 389 527 29 72 -1 -1 -1 -1 
160 25 336 549 27 63 -1 -1 -1 -1 
161 25 332 549 24 63 -1 -1 -1 -1 
173 27 1181 517 42 105 -1 -1 -1 -1 
174 27 1181 520 40 101 -1 -1 -1 -1 
175 27 1180 520 41 102 -1 -1 -1 -1 
176 27 1176 521 40 101 -1 -1 -1 -1 
177 27 1170 518 43 105 -1 -1 -1 -1 
178 27 1168 516 44 109 -1 -1 -1 -1 
179 27 1166 516 45 109 -1 -1 -1 -1 
183 28 274 546 31 79 -1 -1 -1 -1 
184 28 268 546 32 80 -1 -1 -1 -1 
185 28 264 548 33 81 -1 -1 -1 -1 
186 28 261 546 34 83 -1 -1 -1 -1 
187 28 259 551 34 81 -1 -1 -1 -1 
188 28 254 551 33 81 -1 -1 -1 -1 
189 28 245 552 34 84 -1 -1 -1 -1 
190 28 241 551 34 86 -1 -1 -1 -1 
191 28 238 552 34 85 -1 -1 -1 -1 
192 28 234 554 33 82 -1 -1 -1 -1 
193 28 231 558 32 79 -1 -1 -1 -1 
194 28 229 562 31 78 -1 -1 -1 -1 
195 28 222 563 32 79 -1 -1 -1 -1 
196 28 218 562 33 83 -1 -1 -1 -1 
197 28 214 561 34 84 -1 -1 -1 -1 
198 28 212 562 34 83 -1 -1 -1 -1 
199 28 206 564 34 83 -1 -1 -1 -1 
200 28 203 564 34 86 -1 -1 -1 -1 
201 28 197 565 34 86 -1 -1 -1 -1 
202 28 193 567 35 87 -1 -1 -1 -1 
203 28 188 564 36 90 -1 -1 -1 -1 
204 28 185 564 38 93 -1 -1 -1 -1 
205 28 180 565 38 92 -1 -1 -1 -1 
206 28 175 567 36 90 -1 -1 -1 -1 
207 28 170 568 37 92 -1 -1 -1 -1 
208 28 167 569 38 92 -1 -1 -1 -1 
209 28 164 570 37 91 -1 -1 -1 -1 
210 28 161 572 36 89 -1 -1 -1 -1 
211 28 157 575 35 87 -1 -1 -1 -1 
212 28 154 575 35 87 -1 -1 -1 -1 
213 28 153 577 35 86 -1 -1 -1 -1 
214 28 147 579 35 88 -1 -1 -1 -1 
215 28 145 575 35 90 -1 -1 -1 -1 
216 28 142 578 36 90 -1 -1 -1 -1 
217 28 140 576 36 91 -1 -1 -1 -1 
218 28 138 576 36 89 -1 -1 -1 -1 
219 28 137 575 37 91 -1 -1 -1 -1 
220 28 133 577 38 93 -1 -1 -1 -1 
221 28 131 578 37 93 -1 -1 -1 -1 
222 28 130 578 37 93 -1 -1 -1 -1 
223 28 125 579 37 93 -1 -1 -1 -1 
224 28 121 581 37 92 -1 -1 -1 -1 
225 28 120 580 37 93 -1 -1 -1 -1 
226 28 119 585 38 95 -1 -1 -1 -1 
227 28 118 585 38 96 -1 -1 -1 -1 
228 28 116 586 38 97 -1 -1 -1 -1 
229 28 114 585 38 98 -1 -1 -1 -1 
230 28 112 587 39 97 -1 -1 -1 -1 
231 28 111 585 39 99 -1 -1 -1 -1 
232 28 110 586 39 98 -1 -1 -1 -1 
233 28 108 585 39 98 -1 -1 -1 -1 
234 28 107 587 39 96 -1 -1 -1 -1 
235 28 106 586 40 97 -1 -1 -1 -1 
236 28 105 587 40 96 -1 -1 -1 -1 
237 28 105 585 40 98 -1 -1 -1 -1 
238 28 104 584 41 100 -1 -1 -1 -1 
239 28 105 584 41 100 -1 -1 -1 -1 
240 28 106 585 40 99 -1 -1 -1 -1 
241 28 106 585 40 99 -1 -1 -1 -1 
242 28 106 585 41 99 -1 -1 -1 -1 
243 28 107 584 41 100 -1 -1 -1 -1 
244 28 108 583 41 100 -1 -1 -1 -1 
245 28 107 584 40 99 -1 -1 -1 -1 
246 28 106 583 40 101 -1 -1 -1 -1 
247 28 106 582 40 103 -1 -1 -1 -1 
248 28 107 584 40 100 -1 -1 -1 -1 
249 28 109 586 40 99 -1 -1 -1 -1 
250 28 110 586 40 100 -1 -1 -1 -1 
251 28 110 587 41 100 -1 -1 -1 -1 
252 28 111 587 43 103 -1 -1 -1 -1 
253 28 112 590 43 104 -1 -1 -1 -1 
254 28 114 591 43 104 -1 -1 -1 -1 
255 28 116 594 43 106 -1 -1 -1 -1 
256 28 122 596 43 107 -1 -1 -1 -1 
257 28 125 597 43 107 -1 -1 -1 -1 
258 28 128 599 43 106 -1 -1 -1 -1 
259 28 129 598 43 108 -1 -1 -1 -1 
260 28 131 598 43 109 -1 -1 -1 -1 
261 28 133 600 43 107 -1 -1 -1 -1 
262 28 135 600 42 107 -1 -1 -1 -1 
263 28 136 599 44 109 -1 -1 -1 -1 
264 28 138 599 43 109 -1 -1 -1 -1 
265 28 141 601 43 107 -1 -1 -1 -1 
266 28 144 601 42 108 -1 -1 -1 -1 
267 28 150 602 43 107 -1 -1 -1 -1 
268 28 153 602 43 107 -1 -1 -1 -1 
269 28 155 600 42 107 -1 -1 -1 -1 
270 28 158 597 44 108 -1 -1 -1 -1 
271 28 160 595 44 110 -1 -1 -1 -1 
272 28 161 594 45 111 -1 -1 -1 -1 
273 28 163 598 45 108 -1 -1 -1 -1 
274 28 165 594 45 110 -1 -1 -1 -1 
275 28 170 595 45 110 -1 -1 -1 -1 
276 28 173 593 45 111 -1 -1 -1 -1 
277 28 181 590 45 113 -1 -1 -1 -1 
278 28 184 592 46 113 -1 -1 -1 -1 
279 28 184 593 47 113 -1 -1 -1 -1 
280 28 184 597 45 113 -1 -1 -1 -1 
281 28 184 599 44 112 -1 -1 -1 -1 
282 28 183 599 44 111 -1 -1 -1 -1 
283 28 185 602 45 113 -1 -1 -1 -1 
284 28 187 603 46 115 -1 -1 -1 -1 
285 28 191 604 46 116 -1 -1 -1 -1 
286 28 196 606 46 115 -1 -1 -1 -1 
287 28 198 607 47 116 -1 -1 -1 -1 
288 28 200 608 47 116 -1 -1 -1 -1 
289 28 204 608 47 117 -1 -1 -1 -1 
290 28 205 608 47 118 -1 -1 -1 -1 
291 28 206 610 48 119 -1 -1 -1 -1 
292 28 206 611 49 120 -1 -1 -1 -1 
293 28 207 612 49 120 -1 -1 -1 -1 
294 28 208 613 49 119 -1 -1 -1 -1 
295 28 212 615 48 120 -1 -1 -1 -1 
296 28 215 616 47 119 -1 -1 -1 -1 
297 28 217 616 46 119 -1 -1 -1 -1 
298 28 217 615 47 120 -1 -1 -1 -1 
299 28 218 616 46 118 -1 -1 -1 -1 
300 28 218 615 47 121 -1 -1 -1 -1 
301 28 218 615 48 125 -1 -1 -1 -1 
302 28 218 614 49 127 -1 -1 -1 -1 
303 28 218 620 50 124 -1 -1 -1 -1 
304 28 219 620 50 124 -1 -1 -1 -1 
305 28 221 626 50 124 -1 -1 -1 -1 
306 28 221 625 50 125 -1 -1 -1 -1 
307 28 222 626 50 125 -1 -1 -1 -1 
308 28 221 631 52 126 -1 -1 -1 -1 
309 28 222 628 52 128 -1 -1 -1 -1 
310 28 222 630 52 128 -1 -1 -1 -1 
311 28 222 633 52 127 -1 -1 -1 -1 
312 28 222 632 51 127 -1 -1 -1 -1 
313 28 223 635 52 128 -1 -1 -1 -1 
314 28 221 635 54 132 -1 -1 -1 -1 
315 28 220 635 54 133 -1 -1 -1 -1 
316 28 220 635 54 134 -1 -1 -1 -1 
317 28 219 636 54 134 -1 -1 -1 -1 
318 28 220 637 54 132 -1 -1 -1 -1 
319 28 219 638 55 135 -1 -1 -1 -1 
320 28 218 640 56 136 -1 -1 -1 -1 
321 28 217 641 56 136 -1 -1 -1 -1 
322 28 215 641 56 137 -1 -1 -1 -1 
323 28 213 639 56 139 -1 -1 -1 -1 
324 28 211 636 56 140 -1 -1 -1 -1 
325 28 211 635 56 143 -1 -1 -1 -1 
326 28 209 638 56 140 -1 -1 -1 -1 
327 28 207 634 56 143 -1 -1 -1 -1 
328 28 204 639 56 140 -1 -1 -1 -1 
329 28 201 636 57 141 -1 -1 -1 -1 
330 28 198 635 57 144 -1 -1 -1 -1 
331 28 195 635 58 144 -1 -1 -1 -1 
332 28 189 632 57 145 -1 -1 -1 -1 
333 28 184 632 58 146 -1 -1 -1 -1 
334 28 180 631 59 146 -1 -1 -1 -1 
335 28 176 630 59 147 -1 -1 -1 -1 
336 28 173 630 60 148 -1 -1 -1 -1 
337 28 170 632 60 148 -1 -1 -1 -1 
338 28 164 633 61 153 -1 -1 -1 -1 
339 28 161 643 59 146 -1 -1 -1 -1 
340 28 156 640 61 151 -1 -1 -1 -1 
341 28 151 640 62 155 -1 -1 -1 -1 
342 28 147 641 63 156 -1 -1 -1 -1 
343 28 142 647 64 158 -1 -1 -1 -1 
344 28 136 651 63 159 -1 -1 -1 -1 
345 28 131 659 64 158 -1 -1 -1 -1 
346 28 125 661 66 164 -1 -1 -1 -1 
347 28 119 670 65 160 -1 -1 -1 -1 
348 28 113 670 65 163 -1 -1 -1 -1 
349 28 107 672 65 165 -1 -1 -1 -1 
350 28 103 670 65 165 -1 -1 -1 -1 
351 28 96 672 67 165 -1 -1 -1 -1 
352 28 91 671 68 169 -1 -1 -1 -1 
353 28 84 673 69 171 -1 -1 -1 -1 
354 28 79 677 68 169 -1 -1 -1 -1 
355 28 76 676 68 170 -1 -1 -1 -1 
356 28 69 679 69 170 -1 -1 -1 -1 
357 28 60 680 69 172 -1 -1 -1 -1 
358 28 52 680 71 175 -1 -1 -1 -1 
359 28 47 683 72 177 -1 -1 -1 -1 
360 28 38 682 72 179 -1 -1 -1 -1 
361 28 30 686 71 180 -1 -1 -1 -1 
362 28 25 686 72 183 -1 -1 -1 -1 
363 28 18 692 73 181 -1 -1 -1 -1 
364 28 10 692 73 182 -1 -1 -1 -1 
365 28 4 701 72 181 -1 -1 -1 -1 
366 28 0 706 69 178 -1 -1 -1 -1 
367 28 -1 711 64 182 -1 -1 -1 -1 
368 28 -2 713 55 184 -1 -1 -1 -1 
369 28 -2 717 49 185 -1 -1 -1 -1 
370 28 -1 720 41 185 -1 -1 -1 -1 
371 28 -1 721 32 187 -1 -1 -1 -1 
229 30 1209 551 50 123 -1 -1 -1 -1 
230 30 1213 557 48 116 -1 -1 -1 -1 
231 30 1218 561 46 113 -1 -1 -1 -1 
232 30 1222 560 46 113 -1 -1 -1 -1 
233 30 1226 561 47 114 -1 -1 -1 -1 
234 30 1231 560 48 120 -1 -1 -1 -1 
235 30 1234 561 49 124 -1 -1 -1 -1 
236 30 1241 559 49 123 -1 -1 -1 -1 
237 30 1243 556 51 131 -1 -1 -1 -1 
238 30 1250 561 51 125 -1 -1 -1 -1 
239 30 1255 557 53 131 -1 -1 -1 -1 
240 30 1262 559 53 130 -1 -1 -1 -1 
241 30 1264 556 55 136 -1 -1 -1 -1 
242 30 1275 564 53 131 -1 -1 -1 -1 
243 30 1282 570 52 127 -1 -1 -1 -1 
244 30 1286 569 53 128 -1 -1 -1 -1 
245 30 1293 575 52 127 -1 -1 -1 -1 
246 30 1304 576 52 125 -1 -1 -1 -1 
247 30 1308 569 55 135 -1 -1 -1 -1 
248 30 1322 578 53 129 -1 -1 -1 -1 
249 30 1329 579 52 129 -1 -1 -1 -1 
250 30 1334 573 55 138 -1 -1 -1 -1 
251 30 1344 576 54 133 -1 -1 -1 -1 
252 30 1352 574 54 135 -1 -1 -1 -1 
270 30 1561 592 72 178 -1 -1 -1 -1 
271 30 1576 591 74 183 -1 -1 -1 -1 
272 30 1590 591 75 187 -1 -1 -1 -1 
273 30 1605 588 78 194 -1 -1 -1 -1 
274 30 1620 588 82 202 -1 -1 -1 -1 
275 30 1638 588 84 207 -1 -1 -1 -1 
276 30 1655 593 84 207 -1 -1 -1 -1 
277 30 1672 595 85 210 -1 -1 -1 -1 
278 30 1686 597 85 209 -1 -1 -1 -1 
279 30 1706 602 86 213 -1 -1 -1 -1 
280 30 1724 608 89 219 -1 -1 -1 -1 
281 30 1742 607 90 223 -1 -1 -1 -1 
282 30 1761 608 90 222 -1 -1 -1 -1 
283 30 1782 611 90 224 -1 -1 -1 -1 
284 30 1801 607 93 231 -1 -1 -1 -1 
285 30 1822 608 93 231 -1 -1 -1 -1 
286 30 1841 608 84 237 -1 -1 -1 -1 
287 30 1861 614 66 233 -1 -1 -1 -1 
256 32 1542 533 49 123 -1 -1 -1 -1 
257 32 1551 536 48 121 -1 -1 -1 -1 
258 32 1563 534 49 124 -1 -1 -1 -1 
283 34 45 611 41 101 -1 -1 -1 -1 
284 34 44 613 41 101 -1 -1 -1 -1 
287 34 50 612 43 106 -1 -1 -1 -1 
288 34 52 610 44 109 -1 -1 -1 -1 
289 34 54 614 45 108 -1 -1 -1 -1 
290 34 55 610 46 112 -1 -1 -1 -1 
291 34 57 615 45 111 -1 -1 -1 -1 
292 34 57 618 45 110 -1 -1 -1 -1 
293 34 58 617 46 113 -1 -1 -1 -1 
294 34 58 619 46 112 -1 -1 -1 -1 
295 34 58 621 46 111 -1 -1 -1 -1 
296 34 58 623 45 110 -1 -1 -1 -1 
297 34 57 621 46 113 -1 -1 -1 -1 
298 34 58 623 45 110 -1 -1 -1 -1 
299 34 59 624 44 109 -1 -1 -1 -1 
300 34 57 620 46 114 -1 -1 -1 -1 
301 34 57 622 47 114 -1 -1 -1 -1 
302 34 58 623 46 113 -1 -1 -1 -1 
303 34 59 633 44 108 -1 -1 -1 -1 
304 34 61 633 43 107 -1 -1 -1 -1 
305 34 59 638 44 108 -1 -1 -1 -1 
306 34 59 637 43 107 -1 -1 -1 -1 
307 34 58 637 43 109 -1 -1 -1 -1 
308 34 58 643 44 111 -1 -1 -1 -1 
309 34 57 639 45 114 -1 -1 -1 -1 
310 34 57 642 45 114 -1 -1 -1 -1 
311 34 57 646 45 113 -1 -1 -1 -1 
312 34 55 644 46 115 -1 -1 -1 -1 
313 34 54 646 46 116 -1 -1 -1 -1 
314 34 52 646 47 118 -1 -1 -1 -1 
315 34 50 644 48 120 -1 -1 -1 -1 
316 34 47 645 48 120 -1 -1 -1 -1 
317 34 46 646 48 120 -1 -1 -1 -1 
318 34 47 649 47 119 -1 -1 -1 -1 
319 34 45 650 48 120 -1 -1 -1 -1 
320 34 44 653 48 119 -1 -1 -1 -1 
321 34 43 653 48 119 -1 -1 -1 -1 
322 34 39 649 49 123 -1 -1 -1 -1 
323 34 36 650 49 123 -1 -1 -1 -1 
324 34 33 648 49 123 -1 -1 -1 -1 
325 34 30 647 51 126 -1 -1 -1 -1 
326 34 26 650 50 125 -1 -1 -1 -1 
327 34 22 647 51 127 -1 -1 -1 -1 
328 34 18 651 52 126 -1 -1 -1 -1 
329 34 16 648 50 126 -1 -1 -1 -1 
330 34 9 647 52 128 -1 -1 -1 -1 
331 34 6 647 51 128 -1 -1 -1 -1 
332 34 0 644 51 129 -1 -1 -1 -1 
333 34 -1 644 48 129 -1 -1 -1 -1 
334 34 -2 644 43 128 -1 -1 -1 -1 
335 34 -1 644 38 129 -1 -1 -1 -1 
336 34 -1 646 35 130 -1 -1 -1 -1 
337 34 -1 648 31 131 -1 -1 -1 -1 
338 34 0 652 24 133 -1 -1 -1 -1 
296 35 42 625 44 108 -1 -1 -1 -1 
297 35 43 624 45 112 -1 -1 -1 -1 
298 35 43 624 45 110 -1 -1 -1 -1 
299 35 42 623 44 112 -1 -1 -1 -1 
300 35 41 624 45 112 -1 -1 -1 -1 
301 35 41 626 45 110 -1 -1 -1 -1 
302 35 41 623 45 114 -1 -1 -1 -1 
303 35 41 631 44 111 -1 -1 -1 -1 
304 35 41 628 45 114 -1 -1 -1 -1 
305 35 40 635 45 114 -1 -1 -1 -1 
306 35 40 635 44 112 -1 -1 -1 -1 
307 35 38 634 45 116 -1 -1 -1 -1 
308 35 36 638 46 116 -1 -1 -1 -1 
309 35 35 635 46 117 -1 -1 -1 -1 
310 35 34 638 46 116 -1 -1 -1 -1 
311 35 34 642 47 118 -1 -1 -1 -1 
312 35 33 640 46 118 -1 -1 -1 -1 
313 35 32 646 46 118 -1 -1 -1 -1 
314 35 32 646 45 120 -1 -1 -1 -1 
315 35 30 645 46 121 -1 -1 -1 -1 
316 35 28 646 46 121 -1 -1 -1 -1 
317 35 26 647 47 122 -1 -1 -1 -1 
318 35 25 648 48 125 -1 -1 -1 -1 
319 35 23 647 50 129 -1 -1 -1 -1 
320 35 20 649 51 128 -1 -1 -1 -1 
321 35 16 648 52 128 -1 -1 -1 -1 
322 35 13 647 54 130 -1 -1 -1 -1 
323 35 11 650 51 129 -1 -1 -1 -1 
324 35 7 648 52 129 -1 -1 -1 -1 
325 35 5 649 51 128 -1 -1 -1 -1 
326 35 2 650 50 128 -1 -1 -1 -1 
327 35 0 646 47 128 -1 -1 -1 -1 
328 35 -1 652 42 124 -1 -1 -1 -1 
329 35 -1 650 38 126 -1 -1 -1 -1 
330 35 0 651 31 125 -1 -1 -1 -1 
307 38 1627 534 43 108 -1 -1 -1 -1 
308 38 1636 537 43 106 -1 -1 -1 -1 
309 38 1644 534 45 112 -1 -1 -1 -1 
310 38 1652 533 46 115 -1 -1 -1 -1 
311 38 1661 538 45 109 -1 -1 -1 -1 
312 38 1667 538 45 111 -1 -1 -1 -1 
313 38 1675 539 44 110 -1 -1 -1 -1 
327 38 1781 537 46 113 -1 -1 -1 -1 
328 38 1787 536 46 113 -1 -1 -1 -1 
329 38 1790 532 48 119 -1 -1 -1 -1 
330 38 1795 533 48 119 -1 -1 -1 -1 
331 38 1805 529 49 122 -1 -1 -1 -1 
332 38 1810 527 49 122 -1 -1 -1 -1 
333 38 1815 524 50 124 -1 -1 -1 -1 
334 38 1819 520 51 126 -1 -1 -1 -1 
335 38 1826 517 52 129 -1 -1 -1 -1 
336 38 1832 512 52 129 -1 -1 -1 -1 
337 38 1837 513 53 131 -1 -1 -1 -1 
338 38 1840 508 54 133 -1 -1 -1 -1 
339 38 1846 512 54 132 -1 -1 -1 -1 
340 38 1853 512 53 132 -1 -1 -1 -1 
341 38 1856 513 55 138 -1 -1 -1 -1 
342 38 1861 516 55 136 -1 -1 -1 -1 
343 38 1864 523 53 132 -1 -1 -1 -1 
344 38 1868 527 51 132 -1 -1 -1 -1 
345 38 1873 533 47 130 -1 -1 -1 -1 
346 38 1880 534 40 133 -1 -1 -1 -1 
347 38 1885 530 36 139 -1 -1 -1 -1 
348 38 1887 530 34 140 -1 -1 -1 -1 
349 38 1890 529 31 141 -1 -1 -1 -1 
309 39 248 626 50 124 -1 -1 -1 -1 
310 39 250 626 50 124 -1 -1 -1 -1 
311 39 250 630 48 121 -1 -1 -1 -1 
312 39 248 628 49 122 -1 -1 -1 -1 
313 39 248 630 50 124 -1 -1 -1 -1 
314 39 248 631 49 124 -1 -1 -1 -1 
315 39 247 630 50 126 -1 -1 -1 -1 
316 39 247 630 50 127 -1 -1 -1 -1 
317 39 246 632 51 128 -1 -1 -1 -1 
318 39 245 631 52 131 -1 -1 -1 -1 
319 39 244 631 52 133 -1 -1 -1 -1 
320 39 244 632 52 133 -1 -1 -1 -1 
321 39 244 634 52 132 -1 -1 -1 -1 
322 39 243 634 52 130 -1 -1 -1 -1 
323 39 243 634 52 132 -1 -1 -1 -1 
324 39 242 632 52 132 -1 -1 -1 -1 
325 39 241 631 53 133 -1 -1 -1 -1 
326 39 238 633 53 131 -1 -1 -1 -1 
327 39 236 631 53 132 -1 -1 -1 -1 
328 39 234 633 53 133 -1 -1 -1 -1 
329 39 232 628 54 136 -1 -1 -1 -1 
330 39 227 626 56 139 -1 -1 -1 -1 
331 39 222 625 57 140 -1 -1 -1 -1 
332 39 220 621 56 141 -1 -1 -1 -1 
333 39 217 621 57 144 -1 -1 -1 -1 
334 39 213 621 57 143 -1 -1 -1 -1 
335 39 209 620 58 144 -1 -1 -1 -1 
336 39 206 621 58 144 -1 -1 -1 -1 
337 39 202 620 59 148 -1 -1 -1 -1 
338 39 197 623 59 148 -1 -1 -1 -1 
339 39 196 630 57 145 -1 -1 -1 -1 
340 39 191 631 59 145 -1 -1 -1 -1 
341 39 185 634 59 146 -1 -1 -1 -1 
342 39 182 637 58 143 -1 -1 -1 -1 
343 39 178 645 57 142 -1 -1 -1 -1 
344 39 171 645 58 146 -1 -1 -1 -1 
345 39 167 653 59 147 -1 -1 -1 -1 
346 39 160 657 61 151 -1 -1 -1 -1 
347 39 156 662 59 148 -1 -1 -1 -1 
348 39 150 662 60 150 -1 -1 -1 -1 
349 39 145 667 60 149 -1 -1 -1 -1 
350 39 140 667 60 150 -1 -1 -1 -1 
351 39 135 668 61 152 -1 -1 -1 -1 
352 39 131 669 61 151 -1 -1 -1 -1 
353 39 125 670 61 151 -1 -1 -1 -1 
354 39 118 670 63 154 -1 -1 -1 -1 
355 39 112 670 64 155 -1 -1 -1 -1 
356 39 107 671 65 160 -1 -1 -1 -1 
357 39 101 674 63 155 -1 -1 -1 -1 
358 39 94 673 65 160 -1 -1 -1 -1 
359 39 87 676 66 161 -1 -1 -1 -1 
360 39 81 675 67 166 -1 -1 -1 -1 
361 39 74 679 65 162 -1 -1 -1 -1 
362 39 67 679 66 166 -1 -1 -1 -1 
363 39 61 684 67 166 -1 -1 -1 -1 
364 39 55 683 66 165 -1 -1 -1 -1 
365 39 47 693 67 166 -1 -1 -1 -1 
366 39 40 692 68 170 -1 -1 -1 -1 
367 39 34 700 68 169 -1 -1 -1 -1 
368 39 26 701 69 171 -1 -1 -1 -1 
369 39 20 707 70 173 -1 -1 -1 -1 
370 39 11 710 71 175 -1 -1 -1 -1 
371 39 5 715 70 175 -1 -1 -1 -1 
372 39 0 717 66 176 -1 -1 -1 -1 
373 39 -2 723 62 177 -1 -1 -1 -1 
374 39 -2 724 51 181 -1 -1 -1 -1 
375 39 -2 727 43 182 -1 -1 -1 -1 
376 39 -1 719 34 196 -1 -1 -1 -1 
325 40 1369 575 59 147 -1 -1 -1 -1 
326 40 1370 574 61 150 -1 -1 -1 -1 
327 40 1371 573 61 153 -1 -1 -1 -1 
328 40 1372 572 62 157 -1 -1 -1 -1 
329 40 1373 576 60 151 -1 -1 -1 -1 
330 40 1371 578 60 150 -1 -1 -1 -1 
331 40 1369 572 62 153 -1 -1 -1 -1 
332 40 1368 566 64 156 -1 -1 -1 -1 
333 40 1368 562 64 157 -1 -1 -1 -1 
334 40 1366 556 65 161 -1 -1 -1 -1 
335 40 1363 546 69 172 -1 -1 -1 -1 
336 40 1363 546 67 170 -1 -1 -1 -1 
337 40 1361 549 67 171 -1 -1 -1 -1 
338 40 1359 551 69 169 -1 -1 -1 -1 
339 40 1358 558 67 165 -1 -1 -1 -1 
340 40 1358 559 67 164 -1 -1 -1 -1 
341 40 1359 563 68 165 -1 -1 -1 -1 
342 40 1358 562 69 170 -1 -1 -1 -1 
343 40 1357 556 75 184 -1 -1 -1 -1 
344 40 1383 567 76 183 -1 -1 -1 -1 
345 40 1390 577 74 183 -1 -1 -1 -1 
346 40 1395 583 73 178 -1 -1 -1 -1 
347 40 1393 585 73 183 -1 -1 -1 -1 
348 40 1392 587 73 183 -1 -1 -1 -1 
349 40 1385 587 76 189 -1 -1 -1 -1 
350 40 1384 590 76 188 -1 -1 -1 -1 
351 40 1384 593 76 188 -1 -1 -1 -1 
352 40 1385 598 74 184 -1 -1 -1 -1 
353 40 1386 600 73 183 -1 -1 -1 -1 
354 40 1387 605 74 183 -1 -1 -1 -1 
355 40 1386 610 73 181 -1 -1 -1 -1 
356 40 1385 610 74 186 -1 -1 -1 -1 
357 40 1384 614 75 188 -1 -1 -1 -1 
358 40 1382 615 75 189 -1 -1 -1 -1 
359 40 1380 619 76 189 -1 -1 -1 -1 
360 40 1379 621 75 190 -1 -1 -1 -1 
361 40 1375 621 77 193 -1 -1 -1 -1 
362 40 1372 625 78 195 -1 -1 -1 -1 
363 40 1369 624 81 200 -1 -1 -1 -1 
364 40 1366 630 80 200 -1 -1 -1 -1 
365 40 1365 634 79 198 -1 -1 -1 -1 
366 40 1363 638 79 196 -1 -1 -1 -1 
367 40 1364 641 79 198 -1 -1 -1 -1 
368 40 1359 642 82 202 -1 -1 -1 -1 
369 40 1355 641 82 202 -1 -1 -1 -1 
370 40 1353 645 83 207 -1 -1 -1 -1 
371 40 1351 646 84 210 -1 -1 -1 -1 
372 40 1349 648 85 212 -1 -1 -1 -1 
373 40 1348 650 86 211 -1 -1 -1 -1 
374 40 1345 651 85 211 -1 -1 -1 -1 
375 40 1343 652 87 216 -1 -1 -1 -1 
376 40 1340 655 87 216 -1 -1 -1 -1 
377 40 1337 655 87 216 -1 -1 -1 -1 
378 40 1331 653 89 220 -1 -1 -1 -1 
379 40 1325 653 85 214 -1 -1 -1 -1 
380 40 1318 652 85 213 -1 -1 -1 -1 
381 40 1318 652 74 187 -1 -1 -1 -1 
382 40 1309 650 79 190 -1 -1 -1 -1 
383 40 1305 649 76 186 -1 -1 -1 -1 
384 40 1299 649 75 184 -1 -1 -1 -1 
385 40 1294 651 76 183 -1 -1 -1 -1 
386 40 1288 650 78 191 -1 -1 -1 -1 
387 40 1282 649 80 193 -1 -1 -1 -1 
388 40 1278 652 77 192 -1 -1 -1 -1 
389 40 1271 652 79 196 -1 -1 -1 -1 
390 40 1260 646 83 203 -1 -1 -1 -1 
391 40 1255 655 82 201 -1 -1 -1 -1 
392 40 1244 654 86 205 -1 -1 -1 -1 
393 40 1224 659 95 237 -1 -1 -1 -1 
394 40 1210 662 99 248 -1 -1 -1 -1 
398 40 1162 659 101 254 -1 -1 -1 -1 
399 40 1149 658 101 252 -1 -1 -1 -1 
400 40 1133 655 105 262 -1 -1 -1 -1 
401 40 1120 658 106 261 -1 -1 -1 -1 
402 40 1106 658 108 268 -1 -1 -1 -1 
403 40 1091 661 108 269 -1 -1 -1 -1 
408 40 1004 669 112 273 -1 -1 -1 -1 
409 40 986 670 112 276 -1 -1 -1 -1 
410 40 967 674 113 277 -1 -1 -1 -1 
411 40 946 676 112 276 -1 -1 -1 -1 
412 40 926 677 113 279 -1 -1 -1 -1 
413 40 903 678 115 282 -1 -1 -1 -1 
414 40 879 674 117 288 -1 -1 -1 -1 
415 40 853 677 118 291 -1 -1 -1 -1 
416 40 825 675 120 295 -1 -1 -1 -1 
417 40 797 680 118 293 -1 -1 -1 -1 
418 40 765 680 119 294 -1 -1 -1 -1 
419 40 734 679 121 298 -1 -1 -1 -1 
420 40 704 683 121 296 -1 -1 -1 -1 
421 40 669 683 123 303 -1 -1 -1 -1 
422 40 638 687 122 303 -1 -1 -1 -1 
423 40 602 687 124 308 -1 -1 -1 -1 
424 40 564 688 125 310 -1 -1 -1 -1 
425 40 527 688 126 314 -1 -1 -1 -1 
426 40 489 692 127 317 -1 -1 -1 -1 
427 40 454 699 126 313 -1 -1 -1 -1 
428 40 416 703 129 321 -1 -1 -1 -1 
429 40 376 704 132 326 -1 -1 -1 -1 
430 40 335 715 125 311 -1 -1 -1 -1 
431 40 288 718 126 314 -1 -1 -1 -1 
432 40 243 721 127 314 -1 -1 -1 -1 
433 40 197 728 126 307 -1 -1 -1 -1 
434 40 146 731 130 322 -1 -1 -1 -1 
435 40 93 734 133 328 -1 -1 -1 -1 
436 40 44 740 134 327 -1 -1 -1 -1 
437 40 1 743 128 327 -1 -1 -1 -1 
438 40 -14 742 91 319 -1 -1 -1 -1 
326 42 1544 581 58 146 -1 -1 -1 -1 
327 42 1550 583 57 144 -1 -1 -1 -1 
328 42 1552 583 59 147 -1 -1 -1 -1 
329 42 1557 584 58 147 -1 -1 -1 -1 
330 42 1560 585 58 148 -1 -1 -1 -1 
331 42 1564 584 59 147 -1 -1 -1 -1 
332 42 1567 586 58 144 -1 -1 -1 -1 
333 42 1570 582 61 149 -1 -1 -1 -1 
334 42 1572 580 61 151 -1 -1 -1 -1 
335 42 1569 576 65 159 -1 -1 -1 -1 
336 42 1563 572 68 169 -1 -1 -1 -1 
337 42 1572 577 65 166 -1 -1 -1 -1 
338 42 1572 574 67 168 -1 -1 -1 -1 
339 42 1576 577 67 167 -1 -1 -1 -1 
340 42 1581 577 67 169 -1 -1 -1 -1 
341 42 1583 582 70 173 -1 -1 -1 -1 
342 42 1586 574 74 184 -1 -1 -1 -1 
343 42 1585 577 78 189 -1 -1 -1 -1 
344 42 1594 592 74 180 -1 -1 -1 -1 
345 42 1576 592 75 185 -1 -1 -1 -1 
346 42 1571 594 74 186 -1 -1 -1 -1 
347 42 1572 600 73 182 -1 -1 -1 -1 
348 42 1579 615 69 175 -1 -1 -1 -1 
349 42 1580 623 66 169 -1 -1 -1 -1 
350 42 1584 623 72 178 -1 -1 -1 -1 
351 42 1586 622 74 181 -1 -1 -1 -1 
352 42 1588 627 70 178 -1 -1 -1 -1 
353 42 1588 627 69 172 -1 -1 -1 -1 
354 42 1588 634 70 171 -1 -1 -1 -1 
355 42 1590 637 70 175 -1 -1 -1 -1 
356 42 1587 639 71 178 -1 -1 -1 -1 
357 42 1584 645 71 178 -1 -1 -1 -1 
358 42 1585 647 71 178 -1 -1 -1 -1 
359 42 1584 652 72 180 -1 -1 -1 -1 
360 42 1585 657 72 184 -1 -1 -1 -1 
361 42 1583 656 78 189 -1 -1 -1 -1 
362 42 1583 662 77 189 -1 -1 -1 -1 
363 42 1581 662 79 193 -1 -1 -1 -1 
364 42 1579 668 79 198 -1 -1 -1 -1 
365 42 1576 672 80 199 -1 -1 -1 -1 
366 42 1576 680 77 193 -1 -1 -1 -1 
367 42 1574 683 80 198 -1 -1 -1 -1 
368 42 1572 687 81 199 -1 -1 -1 -1 
369 42 1570 682 84 208 -1 -1 -1 -1 
370 42 1567 684 85 209 -1 -1 -1 -1 
371 42 1566 689 82 205 -1 -1 -1 -1 
372 42 1562 691 84 208 -1 -1 -1 -1 
373 42 1559 690 87 214 -1 -1 -1 -1 
374 42 1557 691 87 216 -1 -1 -1 -1 
375 42 1554 693 87 215 -1 -1 -1 -1 
376 42 1549 693 90 218 -1 -1 -1 -1 
377 42 1545 689 93 222 -1 -1 -1 -1 
378 42 1544 688 92 228 -1 -1 -1 -1 
379 42 1541 691 91 226 -1 -1 -1 -1 
380 42 1537 691 91 226 -1 -1 -1 -1 
381 42 1531 691 90 227 -1 -1 -1 -1 
382 42 1522 695 91 228 -1 -1 -1 -1 
383 42 1516 695 91 231 -1 -1 -1 -1 
384 42 1510 701 91 228 -1 -1 -1 -1 
385 42 1505 703 90 226 -1 -1 -1 -1 
386 42 1497 709 89 225 -1 -1 -1 -1 
387 42 1488 707 92 228 -1 -1 -1 -1 
388 42 1484 708 93 231 -1 -1 -1 -1 
389 42 1473 708 96 237 -1 -1 -1 -1 
390 42 1468 711 95 237 -1 -1 -1 -1 
391 42 1470 710 95 235 -1 -1 -1 -1 
392 42 1452 712 99 245 -1 -1 -1 -1 
393 42 1446 712 100 248 -1 -1 -1 -1 
394 42 1443 705 100 246 -1 -1 -1 -1 
395 42 1432 703 98 244 -1 -1 -1 -1 
396 42 1410 715 99 245 -1 -1 -1 -1 
397 42 1394 715 106 264 -1 -1 -1 -1 
398 42 1388 712 106 259 -1 -1 -1 -1 
399 42 1378 703 108 266 -1 -1 -1 -1 
402 42 1336 716 118 292 -1 -1 -1 -1 
403 42 1320 717 120 296 -1 -1 -1 -1 
404 42 1305 719 119 299 -1 -1 -1 -1 
405 42 1288 720 121 301 -1 -1 -1 -1 
411 42 1175 800 110 268 -1 -1 -1 -1 
412 42 1154 809 108 259 -1 -1 -1 -1 
413 42 1140 828 101 242 -1 -1 -1 -1 
414 42 1121 830 97 243 -1 -1 -1 -1 
415 42 1106 841 93 229 -1 -1 -1 -1 
416 42 1081 840 95 230 -1 -1 -1 -1 
417 42 1064 845 93 224 -1 -1 -1 -1 
418 42 1042 846 94 224 -1 -1 -1 -1 
419 42 1021 849 92 222 -1 -1 -1 -1 
420 42 991 847 95 225 -1 -1 -1 -1 
329 43 1427 597 60 148 -1 -1 -1 -1 
330 43 1427 598 60 150 -1 -1 -1 -1 
331 43 1429 594 61 152 -1 -1 -1 -1 
332 43 1429 593 61 154 -1 -1 -1 -1 
333 43 1429 591 63 155 -1 -1 -1 -1 
334 43 1432 591 61 153 -1 -1 -1 -1 
335 43 1433 587 63 157 -1 -1 -1 -1 
336 43 1435 588 63 156 -1 -1 -1 -1 
337 43 1436 591 64 159 -1 -1 -1 -1 
338 43 1437 591 66 160 -1 -1 -1 -1 
339 43 1440 593 66 162 -1 -1 -1 -1 
340 43 1441 593 67 165 -1 -1 -1 -1 
341 43 1442 603 66 162 -1 -1 -1 -1 
342 43 1442 607 66 163 -1 -1 -1 -1 
343 43 1443 608 69 169 -1 -1 -1 -1 
344 43 1444 614 68 167 -1 -1 -1 -1 
345 43 1444 622 69 168 -1 -1 -1 -1 
346 43 1445 627 69 171 -1 -1 -1 -1 
347 43 1445 632 69 172 -1 -1 -1 -1 
348 43 1445 636 69 172 -1 -1 -1 -1 
349 43 1446 640 69 173 -1 -1 -1 -1 
350 43 1447 646 69 169 -1 -1 -1 -1 
351 43 1448 648 69 171 -1 -1 -1 -1 
352 43 1450 651 70 175 -1 -1 -1 -1 
353 43 1450 655 72 177 -1 -1 -1 -1 
354 43 1451 659 73 180 -1 -1 -1 -1 
355 43 1451 660 74 184 -1 -1 -1 -1 
356 43 1451 662 75 185 -1 -1 -1 -1 
357 43 1453 665 75 188 -1 -1 -1 -1 
358 43 1454 668 75 188 -1 -1 -1 -1 
359 43 1453 673 76 188 -1 -1 -1 -1 
360 43 1451 677 76 189 -1 -1 -1 -1 
361 43 1451 677 79 196 -1 -1 -1 -1 
362 43 1453 685 78 196 -1 -1 -1 -1 
363 43 1453 686 80 199 -1 -1 -1 -1 
364 43 1451 690 82 204 -1 -1 -1 -1 
365 43 1453 696 82 202 -1 -1 -1 -1 
366 43 1453 700 82 204 -1 -1 -1 -1 
367 43 1453 707 84 206 -1 -1 -1 -1 
368 43 1453 714 85 206 -1 -1 -1 -1 
369 43 1453 716 85 207 -1 -1 -1 -1 
370 43 1453 718 88 214 -1 -1 -1 -1 
371 43 1454 722 88 215 -1 -1 -1 -1 
372 43 1454 725 87 216 -1 -1 -1 -1 
373 43 1455 725 88 219 -1 -1 -1 -1 
374 43 1454 725 90 221 -1 -1 -1 -1 
375 43 1453 723 92 227 -1 -1 -1 -1 
376 43 1450 725 94 230 -1 -1 -1 -1 
377 43 1448 726 95 233 -1 -1 -1 -1 
378 43 1448 728 94 234 -1 -1 -1 -1 
379 43 1445 730 97 240 -1 -1 -1 -1 
380 43 1444 730 98 244 -1 -1 -1 -1 
381 43 1442 731 99 247 -1 -1 -1 -1 
382 43 1441 737 99 247 -1 -1 -1 -1 
383 43 1439 741 99 247 -1 -1 -1 -1 
384 43 1439 744 101 253 -1 -1 -1 -1 
385 43 1435 745 103 257 -1 -1 -1 -1 
386 43 1431 747 103 258 -1 -1 -1 -1 
387 43 1429 745 106 262 -1 -1 -1 -1 
388 43 1427 750 105 263 -1 -1 -1 -1 
389 43 1420 752 107 269 -1 -1 -1 -1 
390 43 1414 752 109 272 -1 -1 -1 -1 
391 43 1407 757 111 278 -1 -1 -1 -1 
392 43 1399 758 114 281 -1 -1 -1 -1 
393 43 1391 763 114 282 -1 -1 -1 -1 
394 43 1383 765 114 280 -1 -1 -1 -1 
395 43 1372 768 115 285 -1 -1 -1 -1 
396 43 1361 768 117 290 -1 -1 -1 -1 
397 43 1351 769 119 297 -1 -1 -1 -1 
398 43 1341 773 121 298 -1 -1 -1 -1 
399 43 1332 778 120 294 -1 -1 -1 -1 
400 43 1322 783 118 290 -1 -1 -1 -1 
401 43 1312 790 117 282 -1 -1 -1 -1 
402 43 1301 789 116 281 -1 -1 -1 -1 
403 43 1291 791 114 281 -1 -1 -1 -1 
404 43 1279 792 113 278 -1 -1 -1 -1 
405 43 1266 790 112 281 -1 -1 -1 -1 
406 43 1258 804 107 266 -1 -1 -1 -1 
407 43 1240 807 109 264 -1 -1 -1 -1 
408 43 1225 807 108 265 -1 -1 -1 -1 
409 43 1210 812 106 260 -1 -1 -1 -1 
410 43 1191 812 107 261 -1 -1 -1 -1 
411 43 1148 783 107 262 -1 -1 -1 -1 
414 43 1064 774 113 285 -1 -1 -1 -1 
415 43 1037 781 113 283 -1 -1 -1 -1 
416 43 1011 781 118 287 -1 -1 -1 -1 
417 43 985 782 118 287 -1 -1 -1 -1 
418 43 959 784 117 286 -1 -1 -1 -1 
419 43 931 785 116 284 -1 -1 -1 -1 
420 43 903 788 115 280 -1 -1 -1 -1 
421 43 874 791 118 280 -1 -1 -1 -1 
422 43 843 793 116 279 -1 -1 -1 -1 
423 43 810 797 114 275 -1 -1 -1 -1 
424 43 776 804 113 269 -1 -1 -1 -1 
425 43 741 810 112 263 -1 -1 -1 -1 
426 43 709 816 107 260 -1 -1 -1 -1 
427 43 672 828 101 246 -1 -1 -1 -1 
346 44 1353 580 72 180 -1 -1 -1 -1 
347 44 1352 582 72 182 -1 -1 -1 -1 
348 44 1356 589 70 177 -1 -1 -1 -1 
349 44 1355 592 68 170 -1 -1 -1 -1 
350 44 1354 598 66 165 -1 -1 -1 -1 
351 44 1353 603 65 161 -1 -1 -1 -1 
352 44 1354 605 65 164 -1 -1 -1 -1 
353 44 1352 604 68 172 -1 -1 -1 -1 
354 44 1348 607 67 168 -1 -1 -1 -1 
355 44 1343 604 70 171 -1 -1 -1 -1 
356 44 1338 595 76 186 -1 -1 -1 -1 
357 44 1342 589 71 175 -1 -1 -1 -1 
358 44 1342 588 70 176 -1 -1 -1 -1 
359 44 1341 592 66 168 -1 -1 -1 -1 
360 44 1336 602 69 175 -1 -1 -1 -1 
361 44 1333 605 73 185 -1 -1 -1 -1 
362 44 1331 609 74 188 -1 -1 -1 -1 
363 44 1329 611 75 187 -1 -1 -1 -1 
364 44 1330 614 70 180 -1 -1 -1 -1 
365 44 1330 626 68 169 -1 -1 -1 -1 
366 44 1328 635 69 174 -1 -1 -1 -1 
367 44 1326 641 71 179 -1 -1 -1 -1 
368 44 1323 646 70 177 -1 -1 -1 -1 
369 44 1316 647 74 185 -1 -1 -1 -1 
370 44 1314 648 69 173 -1 -1 -1 -1 
371 44 1310 649 71 176 -1 -1 -1 -1 
372 44 1307 651 73 177 -1 -1 -1 -1 
373 44 1305 650 72 171 -1 -1 -1 -1 
382 44 1265 642 83 204 -1 -1 -1 -1 
383 44 1256 650 79 197 -1 -1 -1 -1 
384 44 1249 646 80 201 -1 -1 -1 -1 
385 44 1242 647 79 199 -1 -1 -1 -1 
386 44 1234 646 81 203 -1 -1 -1 -1 
387 44 1229 646 82 205 -1 -1 -1 -1 
388 44 1223 648 82 204 -1 -1 -1 -1 
389 44 1217 648 82 206 -1 -1 -1 -1 
390 44 1209 647 84 210 -1 -1 -1 -1 
391 44 1198 649 87 216 -1 -1 -1 -1 
392 44 1191 648 88 220 -1 -1 -1 -1 
393 44 1181 648 89 224 -1 -1 -1 -1 
394 44 1172 649 90 225 -1 -1 -1 -1 
395 44 1161 648 92 228 -1 -1 -1 -1 
396 44 1152 651 93 231 -1 -1 -1 -1 
397 44 1138 653 93 229 -1 -1 -1 -1 
398 44 1126 654 93 231 -1 -1 -1 -1 
399 44 1116 652 95 234 -1 -1 -1 -1 
400 44 1102 651 93 233 -1 -1 -1 -1 
401 44 1085 656 94 233 -1 -1 -1 -1 
402 44 1071 656 96 239 -1 -1 -1 -1 
403 44 1054 658 99 246 -1 -1 -1 -1 
404 44 1057 659 104 261 -1 -1 -1 -1 
405 44 1044 657 109 270 -1 -1 -1 -1 
406 44 1033 659 108 268 -1 -1 -1 -1 
407 44 1015 664 110 269 -1 -1 -1 -1 
408 44 980 668 106 258 -1 -1 -1 -1 
409 44 954 667 105 254 -1 -1 -1 -1 
410 44 929 667 106 257 -1 -1 -1 -1 
411 44 904 665 110 270 -1 -1 -1 -1 
412 44 881 665 110 270 -1 -1 -1 -1 
413 44 855 665 112 275 -1 -1 -1 -1 
414 44 831 668 112 275 -1 -1 -1 -1 
415 44 806 669 112 276 -1 -1 -1 -1 
416 44 781 671 112 274 -1 -1 -1 -1 
417 44 756 671 112 278 -1 -1 -1 -1 
418 44 730 672 111 270 -1 -1 -1 -1 
419 44 706 670 106 259 -1 -1 -1 -1 
420 44 679 674 110 271 -1 -1 -1 -1 
371 46 1678 612 52 128 -1 -1 -1 -1 
372 46 1684 607 53 130 -1 -1 -1 -1 
373 46 1689 606 53 133 -1 -1 -1 -1 
374 46 1691 611 52 130 -1 -1 -1 -1 
375 46 1697 609 53 132 -1 -1 -1 -1 
376 46 1701 600 57 142 -1 -1 -1 -1 
377 46 1703 602 55 138 -1 -1 -1 -1 
378 46 1705 602 54 138 -1 -1 -1 -1 
379 46 1707 602 51 130 -1 -1 -1 -1 
380 46 1720 596 54 137 -1 -1 -1 -1 
381 46 1725 595 56 140 -1 -1 -1 -1 
382 46 1727 591 57 144 -1 -1 -1 -1 
383 46 1716 598 56 141 -1 -1 -1 -1 
384 46 1711 601 56 139 -1 -1 -1 -1 
386 46 1730 598 59 148 -1 -1 -1 -1 
387 46 1736 591 61 152 -1 -1 -1 -1 
388 46 1737 595 61 151 -1 -1 -1 -1 
389 46 1738 591 62 157 -1 -1 -1 -1 
390 46 1738 589 64 159 -1 -1 -1 -1 
391 46 1743 603 59 153 -1 -1 -1 -1 
392 46 1741 600 64 161 -1 -1 -1 -1 
393 46 1737 604 62 157 -1 -1 -1 -1 
394 46 1735 607 61 153 -1 -1 -1 -1 
395 46 1731 603 69 171 -1 -1 -1 -1 
396 46 1729 601 69 172 -1 -1 -1 -1 
397 46 1728 603 67 167 -1 -1 -1 -1 
398 46 1746 592 69 173 -1 -1 -1 -1 
399 46 1754 596 65 163 -1 -1 -1 -1 
411 46 1707 610 62 155 -1 -1 -1 -1 
412 46 1694 607 64 159 -1 -1 -1 -1 
413 46 1678 604 69 168 -1 -1 -1 -1 
414 46 1666 600 68 171 -1 -1 -1 -1 
415 46 1652 599 70 176 -1 -1 -1 -1 
425 46 1520 610 68 166 -1 -1 -1 -1 
426 46 1505 609 67 163 -1 -1 -1 -1 
427 46 1489 611 66 165 -1 -1 -1 -1 
428 46 1472 609 67 168 -1 -1 -1 -1 
429 46 1455 611 67 170 -1 -1 -1 -1 
430 46 1438 613 69 172 -1 -1 -1 -1 
431 46 1420 615 70 176 -1 -1 -1 -1 
432 46 1406 619 71 177 -1 -1 -1 -1 
433 46 1387 622 72 179 -1 -1 -1 -1 
434 46 1367 625 72 177 -1 -1 -1 -1 
435 46 1350 627 71 176 -1 -1 -1 -1 
436 46 1332 627 72 179 -1 -1 -1 -1 
437 46 1314 632 69 175 -1 -1 -1 -1 
438 46 1294 633 73 179 -1 -1 -1 -1 
439 46 1273 633 74 181 -1 -1 -1 -1 
440 46 1254 634 75 183 -1 -1 -1 -1 
441 46 1233 634 75 185 -1 -1 -1 -1 
442 46 1212 636 75 184 -1 -1 -1 -1 
443 46 1189 636 76 188 -1 -1 -1 -1 
444 46 1166 637 76 190 -1 -1 -1 -1 
445 46 1144 638 78 194 -1 -1 -1 -1 
446 46 1121 643 77 190 -1 -1 -1 -1 
447 46 1097 646 77 188 -1 -1 -1 -1 
448 46 1073 645 79 193 -1 -1 -1 -1 
449 46 1050 644 81 198 -1 -1 -1 -1 
450 46 1024 648 78 194 -1 -1 -1 -1 
451 46 998 651 78 192 -1 -1 -1 -1 
452 46 973 652 79 194 -1 -1 -1 -1 
453 46 945 655 78 192 -1 -1 -1 -1 
454 46 917 658 79 194 -1 -1 -1 -1 
455 46 891 653 82 204 -1 -1 -1 -1 
456 46 859 651 84 208 -1 -1 -1 -1 
457 46 829 646 88 217 -1 -1 -1 -1 
458 46 800 647 90 221 -1 -1 -1 -1 
459 46 771 651 90 222 -1 -1 -1 -1 
460 46 741 656 89 223 -1 -1 -1 -1 
461 46 702 660 92 225 -1 -1 -1 -1 
462 46 667 673 89 218 -1 -1 -1 -1 
463 46 632 680 89 218 -1 -1 -1 -1 
464 46 599 676 93 226 -1 -1 -1 -1 
465 46 566 681 94 229 -1 -1 -1 -1 
466 46 534 686 94 233 -1 -1 -1 -1 
467 46 502 691 94 232 -1 -1 -1 -1 
468 46 465 692 94 235 -1 -1 -1 -1 
469 46 429 695 96 237 -1 -1 -1 -1 
470 46 393 697 97 241 -1 -1 -1 -1 
471 46 355 697 99 244 -1 -1 -1 -1 
472 46 316 696 101 247 -1 -1 -1 -1 
473 46 268 697 104 254 -1 -1 -1 -1 
474 46 227 698 105 259 -1 -1 -1 -1 
475 46 180 697 108 264 -1 -1 -1 -1 
476 46 134 696 110 271 -1 -1 -1 -1 
477 46 88 700 112 277 -1 -1 -1 -1 
478 46 34 705 115 281 -1 -1 -1 -1 
378 47 1295 532 44 111 -1 -1 -1 -1 
379 47 1295 532 43 112 -1 -1 -1 -1 
380 47 1292 533 44 112 -1 -1 -1 -1 
381 47 1289 527 45 116 -1 -1 -1 -1 
382 47 1286 526 46 115 -1 -1 -1 -1 
385 47 1282 524 44 115 -1 -1 -1 -1 
386 47 1278 525 46 115 -1 -1 -1 -1 
387 47 1277 527 44 111 -1 -1 -1 -1 
388 47 1274 523 44 117 -1 -1 -1 -1 
389 47 1271 524 44 115 -1 -1 -1 -1 
391 47 1261 525 45 117 -1 -1 -1 -1 
392 47 1254 524 47 120 -1 -1 -1 -1 
393 47 1249 528 44 116 -1 -1 -1 -1 
394 47 1241 523 46 121 -1 -1 -1 -1 
401 47 1179 522 49 125 -1 -1 -1 -1 
402 47 1167 519 51 129 -1 -1 -1 -1 
403 47 1156 521 51 126 -1 -1 -1 -1 
388 48 1515 696 90 222 -1 -1 -1 -1 
389 48 1506 697 91 227 -1 -1 -1 -1 
390 48 1496 695 91 229 -1 -1 -1 -1 
391 48 1468 708 90 221 -1 -1 -1 -1 
392 48 1467 694 96 242 -1 -1 -1 -1 
390 49 1769 592 64 156 -1 -1 -1 -1 
398 49 1722 598 66 163 -1 -1 -1 -1 
399 49 1719 599 65 157 -1 -1 -1 -1 
400 49 1721 607 62 151 -1 -1 -1 -1 
401 49 1721 611 64 159 -1 -1 -1 -1 
402 49 1716 613 65 160 -1 -1 -1 -1 
403 49 1711 607 68 169 -1 -1 -1 -1 
404 49 1705 608 70 174 -1 -1 -1 -1 
405 49 1693 602 74 185 -1 -1 -1 -1 
408 49 1659 590 77 189 -1 -1 -1 -1 
409 49 1662 608 73 181 -1 -1 -1 -1 
410 49 1657 614 72 178 -1 -1 -1 -1 
411 49 1641 610 76 187 -1 -1 -1 -1 
412 49 1629 604 79 193 -1 -1 -1 -1 
413 49 1618 599 80 198 -1 -1 -1 -1 
414 49 1604 596 83 202 -1 -1 -1 -1 
424 49 1477 619 74 189 -1 -1 -1 -1 
425 49 1459 608 80 202 -1 -1 -1 -1 
426 49 1441 608 79 201 -1 -1 -1 -1 
427 49 1422 619 79 196 -1 -1 -1 -1 
428 49 1403 628 77 191 -1 -1 -1 -1 
429 49 1384 620 81 203 -1 -1 -1 -1 
430 49 1368 630 79 196 -1 -1 -1 -1 
431 49 1350 646 76 187 -1 -1 -1 -1 
432 49 1331 652 77 185 -1 -1 -1 -1 
433 49 1313 653 77 190 -1 -1 -1 -1 
434 49 1292 653 79 194 -1 -1 -1 -1 
435 49 1272 657 79 195 -1 -1 -1 -1 
436 49 1247 653 83 203 -1 -1 -1 -1 
437 49 1224 651 86 213 -1 -1 -1 -1 
438 49 1199 647 90 223 -1 -1 -1 -1 
439 49 1176 651 89 222 -1 -1 -1 -1 
440 49 1149 653 91 226 -1 -1 -1 -1 
441 49 1125 660 90 224 -1 -1 -1 -1 
442 49 1101 666 91 220 -1 -1 -1 -1 
443 49 1077 673 89 217 -1 -1 -1 -1 
444 49 1049 675 90 220 -1 -1 -1 -1 
445 49 1022 675 93 228 -1 -1 -1 -1 
446 49 995 674 95 234 -1 -1 -1 -1 
447 49 967 671 98 242 -1 -1 -1 -1 
448 49 937 670 100 246 -1 -1 -1 -1 
449 49 908 671 101 247 -1 -1 -1 -1 
450 49 877 674 100 245 -1 -1 -1 -1 
451 49 846 678 99 245 -1 -1 -1 -1 
452 49 814 683 100 250 -1 -1 -1 -1 
453 49 782 689 104 256 -1 -1 -1 -1 
454 49 748 695 105 259 -1 -1 -1 -1 
455 49 711 697 107 262 -1 -1 -1 -1 
456 49 671 695 112 274 -1 -1 -1 -1 
457 49 630 696 115 284 -1 -1 -1 -1 
458 49 588 697 118 293 -1 -1 -1 -1 
459 49 548 701 119 298 -1 -1 -1 -1 
460 49 503 705 124 308 -1 -1 -1 -1 
461 49 460 723 125 308 -1 -1 -1 -1 
462 49 414 730 126 314 -1 -1 -1 -1 
463 49 370 744 125 311 -1 -1 -1 -1 
464 49 321 749 127 317 -1 -1 -1 -1 
465 49 271 755 129 319 -1 -1 -1 -1 
466 49 221 760 125 309 -1 -1 -1 -1 
467 49 167 764 125 308 -1 -1 -1 -1 
468 49 113 769 122 301 -1 -1 -1 -1 
469 49 58 772 121 301 -1 -1 -1 -1 
470 49 4 776 115 293 -1 -1 -1 -1 
471 49 -15 783 77 294 -1 -1 -1 -1 
398 50 1485 556 54 135 -1 -1 -1 -1 
399 50 1478 555 52 134 -1 -1 -1 -1 
400 50 1471 558 50 128 -1 -1 -1 -1 
401 50 1460 556 53 134 -1 -1 -1 -1 
402 50 1450 557 54 138 -1 -1 -1 -1 
403 50 1442 554 55 138 -1 -1 -1 -1 
404 50 1432 557 54 137 -1 -1 -1 -1 
405 50 1426 558 48 123 -1 -1 -1 -1 
406 50 1412 556 52 132 -1 -1 -1 -1 
407 50 1403 558 48 124 -1 -1 -1 -1 
408 50 1391 556 50 128 -1 -1 -1 -1 
409 50 1381 556 47 123 -1 -1 -1 -1 
410 50 1370 553 51 128 -1 -1 -1 -1 
411 50 1353 552 56 141 -1 -1 -1 -1 
412 50 1341 552 54 139 -1 -1 -1 -1 
413 50 1329 554 52 134 -1 -1 -1 -1 
414 50 1313 554 53 138 -1 -1 -1 -1 
415 50 1299 555 55 140 -1 -1 -1 -1 
416 50 1287 550 52 132 -1 -1 -1 -1 
417 50 1273 552 50 126 -1 -1 -1 -1 
418 50 1258 554 48 121 -1 -1 -1 -1 
419 50 1237 550 56 139 -1 -1 -1 -1 
420 50 1224 552 51 126 -1 -1 -1 -1 
421 50 1208 552 47 116 -1 -1 -1 -1 
422 50 1191 552 46 112 -1 -1 -1 -1 
423 50 1171 551 44 111 -1 -1 -1 -1 
424 50 1151 551 44 110 -1 -1 -1 -1 
425 50 1132 547 46 114 -1 -1 -1 -1 
426 50 1113 548 45 110 -1 -1 -1 -1 
427 50 1092 548 47 115 -1 -1 -1 -1 
428 50 1073 552 46 116 -1 -1 -1 -1 
429 50 1053 554 46 115 -1 -1 -1 -1 
430 50 1030 555 48 118 -1 -1 -1 -1 
431 50 1008 556 48 121 -1 -1 -1 -1 
432 50 989 558 48 122 -1 -1 -1 -1 
433 50 968 560 49 124 -1 -1 -1 -1 
434 50 944 560 52 130 -1 -1 -1 -1 
435 50 922 563 52 130 -1 -1 -1 -1 
436 50 901 561 52 130 -1 -1 -1 -1 
437 50 880 565 50 127 -1 -1 -1 -1 
438 50 858 565 51 127 -1 -1 -1 -1 
439 50 835 565 52 130 -1 -1 -1 -1 
440 50 813 565 52 132 -1 -1 -1 -1 
441 50 790 566 53 130 -1 -1 -1 -1 
442 50 767 567 54 131 -1 -1 -1 -1 
443 50 742 568 55 134 -1 -1 -1 -1 
444 50 718 567 55 136 -1 -1 -1 -1 
445 50 694 568 55 136 -1 -1 -1 -1 
446 50 669 568 55 137 -1 -1 -1 -1 
447 50 646 568 54 136 -1 -1 -1 -1 
450 50 567 564 58 145 -1 -1 -1 -1 
451 50 541 564 58 145 -1 -1 -1 -1 
452 50 516 565 56 142 -1 -1 -1 -1 
453 50 491 566 56 142 -1 -1 -1 -1 
454 50 466 566 56 141 -1 -1 -1 -1 
455 50 433 567 59 147 -1 -1 -1 -1 
456 50 406 567 59 145 -1 -1 -1 -1 
457 50 381 568 53 133 -1 -1 -1 -1 
458 50 352 569 55 138 -1 -1 -1 -1 
459 50 322 575 56 140 -1 -1 -1 -1 
460 50 290 577 58 141 -1 -1 -1 -1 
461 50 260 578 58 145 -1 -1 -1 -1 
462 50 228 578 59 146 -1 -1 -1 -1 
463 50 196 577 59 146 -1 -1 -1 -1 
464 50 164 580 58 145 -1 -1 -1 -1 
465 50 126 578 60 150 -1 -1 -1 -1 
466 50 90 578 61 153 -1 -1 -1 -1 
467 50 52 575 64 159 -1 -1 -1 -1 
468 50 14 574 66 165 -1 -1 -1 -1 
469 50 -7 571 51 165 -1 -1 -1 -1 
401 51 1280 552 48 123 -1 -1 -1 -1 
402 51 1268 548 49 125 -1 -1 -1 -1 
403 51 1260 556 45 115 -1 -1 -1 -1 
404 51 1250 557 46 115 -1 -1 -1 -1 
405 51 1237 554 49 118 -1 -1 -1 -1 
406 51 1227 554 47 117 -1 -1 -1 -1 
407 51 1215 555 48 116 -1 -1 -1 -1 
408 51 1204 558 45 113 -1 -1 -1 -1 
409 51 1191 555 48 118 -1 -1 -1 -1 
410 51 1179 557 47 117 -1 -1 -1 -1 
411 51 1166 552 48 119 -1 -1 -1 -1 
412 51 1152 552 49 119 -1 -1 -1 -1 
413 51 1138 556 47 116 -1 -1 -1 -1 
414 51 1124 554 47 118 -1 -1 -1 -1 
415 51 1107 556 47 117 -1 -1 -1 -1 
416 51 1092 549 50 122 -1 -1 -1 -1 
417 51 1079 547 50 123 -1 -1 -1 -1 
418 51 1061 548 50 122 -1 -1 -1 -1 
419 51 1045 549 48 120 -1 -1 -1 -1 
420 51 1027 548 49 123 -1 -1 -1 -1 
421 51 1008 549 49 124 -1 -1 -1 -1 
422 51 990 546 49 124 -1 -1 -1 -1 
423 51 972 534 53 132 -1 -1 -1 -1 
424 51 949 532 58 139 -1 -1 -1 -1 
425 51 929 534 56 137 -1 -1 -1 -1 
426 51 910 540 52 127 -1 -1 -1 -1 
427 51 890 543 50 124 -1 -1 -1 -1 
428 51 870 551 47 117 -1 -1 -1 -1 
429 51 851 556 44 113 -1 -1 -1 -1 
430 51 829 561 43 109 -1 -1 -1 -1 
431 51 806 566 42 108 -1 -1 -1 -1 
432 51 783 566 43 108 -1 -1 -1 -1 
433 51 760 570 43 104 -1 -1 -1 -1 
434 51 737 569 42 104 -1 -1 -1 -1 
435 51 714 568 46 111 -1 -1 -1 -1 
436 51 691 564 48 116 -1 -1 -1 -1 
437 51 670 567 46 114 -1 -1 -1 -1 
438 51 647 564 46 116 -1 -1 -1 -1 
439 51 623 563 48 118 -1 -1 -1 -1 
440 51 600 563 48 118 -1 -1 -1 -1 
441 51 579 561 48 119 -1 -1 -1 -1 
442 51 557 563 46 116 -1 -1 -1 -1 
443 51 533 565 46 116 -1 -1 -1 -1 
444 51 504 567 46 114 -1 -1 -1 -1 
445 51 477 567 48 118 -1 -1 -1 -1 
446 51 451 568 47 118 -1 -1 -1 -1 
447 51 424 568 47 119 -1 -1 -1 -1 
448 51 398 570 45 115 -1 -1 -1 -1 
449 51 369 569 46 116 -1 -1 -1 -1 
450 51 339 565 47 119 -1 -1 -1 -1 
451 51 310 563 48 121 -1 -1 -1 -1 
452 51 280 563 49 122 -1 -1 -1 -1 
453 51 250 563 51 125 -1 -1 -1 -1 
454 51 218 563 51 126 -1 -1 -1 -1 
455 51 185 570 49 120 -1 -1 -1 -1 
457 51 119 565 52 128 -1 -1 -1 -1 
458 51 88 568 52 128 -1 -1 -1 -1 
459 51 54 568 53 132 -1 -1 -1 -1 
460 51 19 571 52 130 -1 -1 -1 -1 
461 51 -4 572 37 133 -1 -1 -1 -1 
430 53 997 557 41 104 -1 -1 -1 -1 
431 53 974 560 46 116 -1 -1 -1 -1 
432 53 953 561 48 121 -1 -1 -1 -1 
433 53 936 564 44 113 -1 -1 -1 -1 
434 53 914 564 42 108 -1 -1 -1 -1 
435 53 892 566 45 114 -1 -1 -1 -1 
436 53 872 566 46 115 -1 -1 -1 -1 
437 53 849 567 49 122 -1 -1 -1 -1 
438 53 827 568 49 122 -1 -1 -1 -1 
439 53 803 567 51 126 -1 -1 -1 -1 
440 53 782 569 49 121 -1 -1 -1 -1 
441 53 759 570 49 120 -1 -1 -1 -1 
442 53 737 571 50 123 -1 -1 -1 -1 
443 53 713 571 53 129 -1 -1 -1 -1 
444 53 688 572 53 130 -1 -1 -1 -1 
445 53 663 573 53 129 -1 -1 -1 -1 
446 53 638 574 53 131 -1 -1 -1 -1 
447 53 615 574 53 132 -1 -1 -1 -1 
448 53 591 572 54 134 -1 -1 -1 -1 
449 53 555 570 54 135 -1 -1 -1 -1 
451 53 509 567 58 140 -1 -1 -1 -1 
452 53 482 566 58 143 -1 -1 -1 -1 
453 53 453 567 59 146 -1 -1 -1 -1 
454 53 424 567 60 150 -1 -1 -1 -1 
455 53 393 567 62 157 -1 -1 -1 -1 
456 53 366 567 63 157 -1 -1 -1 -1 
457 53 340 568 58 147 -1 -1 -1 -1 
458 53 308 571 61 151 -1 -1 -1 -1 
459 53 277 575 63 157 -1 -1 -1 -1 
460 53 246 576 65 161 -1 -1 -1 -1 
461 53 212 578 66 165 -1 -1 -1 -1 
462 53 176 578 67 168 -1 -1 -1 -1 
463 53 143 581 67 169 -1 -1 -1 -1 
464 53 108 583 68 170 -1 -1 -1 -1 
465 53 70 584 69 172 -1 -1 -1 -1 
466 53 30 584 71 175 -1 -1 -1 -1 
467 53 -1 582 66 178 -1 -1 -1 -1 
431 54 1049 558 42 108 -1 -1 -1 -1 
432 54 1029 560 42 106 -1 -1 -1 -1 
433 54 1012 561 43 109 -1 -1 -1 -1 
434 54 990 560 45 113 -1 -1 -1 -1 
435 54 966 560 46 116 -1 -1 -1 -1 
436 54 945 557 49 122 -1 -1 -1 -1 
437 54 925 559 48 120 -1 -1 -1 -1 
438 54 905 558 47 119 -1 -1 -1 -1 
439 54 884 561 47 120 -1 -1 -1 -1 
440 54 862 564 49 122 -1 -1 -1 -1 
441 54 839 564 50 124 -1 -1 -1 -1 
442 54 817 563 51 126 -1 -1 -1 -1 
443 54 792 563 52 127 -1 -1 -1 -1 
444 54 769 563 51 129 -1 -1 -1 -1 
445 54 745 564 53 129 -1 -1 -1 -1 
448 54 674 562 53 132 -1 -1 -1 -1 
449 54 649 559 54 134 -1 -1 -1 -1 
450 54 624 557 55 135 -1 -1 -1 -1 
451 54 600 556 56 137 -1 -1 -1 -1 
452 54 574 555 56 139 -1 -1 -1 -1 
453 54 549 555 56 140 -1 -1 -1 -1 
454 54 523 555 55 141 -1 -1 -1 -1 
455 54 494 557 56 142 -1 -1 -1 -1 
456 54 467 558 56 142 -1 -1 -1 -1 
457 54 439 561 56 140 -1 -1 -1 -1 
458 54 410 561 57 141 -1 -1 -1 -1 
459 54 382 563 57 142 -1 -1 -1 -1 
460 54 354 565 56 141 -1 -1 -1 -1 
461 54 326 568 55 139 -1 -1 -1 -1 
462 54 293 564 58 146 -1 -1 -1 -1 
463 54 264 572 58 143 -1 -1 -1 -1 
464 54 233 569 61 149 -1 -1 -1 -1 
465 54 200 571 61 150 -1 -1 -1 -1 
466 54 169 570 63 153 -1 -1 -1 -1 
467 54 137 574 61 152 -1 -1 -1 -1 
468 54 101 569 64 161 -1 -1 -1 -1 
469 54 65 570 64 159 -1 -1 -1 -1 
435 55 1450 598 79 195 -1 -1 -1 -1 
436 55 1425 597 79 197 -1 -1 -1 -1 
437 55 1401 601 79 195 -1 -1 -1 -1 
438 55 1376 600 80 197 -1 -1 -1 -1 
439 55 1354 603 78 194 -1 -1 -1 -1 
440 55 1329 604 77 193 -1 -1 -1 -1 
441 55 1302 602 79 196 -1 -1 -1 -1 
442 55 1276 602 79 198 -1 -1 -1 -1 
443 55 1249 601 80 202 -1 -1 -1 -1 
444 55 1222 600 82 204 -1 -1 -1 -1 
445 55 1196 601 84 208 -1 -1 -1 -1 
446 55 1169 602 86 210 -1 -1 -1 -1 
447 55 1141 605 85 207 -1 -1 -1 -1 
448 55 1114 606 85 208 -1 -1 -1 -1 
449 55 1089 606 83 206 -1 -1 -1 -1 
450 55 1056 607 82 204 -1 -1 -1 -1 
451 55 1026 606 84 208 -1 -1 -1 -1 
438 56 801 568 42 104 -1 -1 -1 -1 
439 56 778 567 43 106 -1 -1 -1 -1 
440 56 757 568 44 108 -1 -1 -1 -1 
441 56 735 568 44 110 -1 -1 -1 -1 
442 56 712 568 44 111 -1 -1 -1 -1 
443 56 687 569 46 117 -1 -1 -1 -1 
444 56 664 568 46 119 -1 -1 -1 -1 
445 56 640 569 48 123 -1 -1 -1 -1 
446 56 614 570 51 128 -1 -1 -1 -1 
447 56 588 570 51 129 -1 -1 -1 -1 
448 56 561 571 52 129 -1 -1 -1 -1 
449 56 535 569 53 133 -1 -1 -1 -1 
453 56 422 569 56 143 -1 -1 -1 -1 
454 56 394 571 56 143 -1 -1 -1 -1 
455 56 360 571 60 148 -1 -1 -1 -1 
456 56 331 570 61 152 -1 -1 -1 -1 
462 56 139 587 62 154 -1 -1 -1 -1 
463 56 106 589 62 155 -1 -1 -1 -1 
444 57 1086 622 71 176 -1 -1 -1 -1 
445 57 1061 621 73 176 -1 -1 -1 -1 
446 57 1039 623 73 181 -1 -1 -1 -1 
447 57 1014 621 76 190 -1 -1 -1 -1 
448 57 989 620 79 197 -1 -1 -1 -1 
449 57 964 619 80 200 -1 -1 -1 -1 
450 57 936 618 81 201 -1 -1 -1 -1 
451 57 910 616 82 205 -1 -1 -1 -1 
452 57 881 616 84 210 -1 -1 -1 -1 
453 57 853 619 84 208 -1 -1 -1 -1 
460 57 646 635 88 218 -1 -1 -1 -1 
461 57 615 640 89 219 -1 -1 -1 -1 
462 57 582 650 86 213 -1 -1 -1 -1 
464 57 514 651 92 230 -1 -1 -1 -1 
465 57 481 656 93 231 -1 -1 -1 -1 
466 57 444 658 96 238 -1 -1 -1 -1 
467 57 405 663 95 240 -1 -1 -1 -1 
468 57 367 670 94 236 -1 -1 -1 -1 
469 57 326 668 98 244 -1 -1 -1 -1 
470 57 284 667 101 252 -1 -1 -1 -1 
471 57 243 668 104 258 -1 -1 -1 -1 
472 57 200 666 106 265 -1 -1 -1 -1 
473 57 156 667 108 267 -1 -1 -1 -1 
474 57 111 668 111 274 -1 -1 -1 -1 
475 57 65 671 112 274 -1 -1 -1 -1 
476 57 17 676 111 270 -1 -1 -1 -1 
477 57 -9 696 89 256 -1 -1 -1 -1 
456 58 288 537 52 130 -1 -1 -1 -1 
457 58 258 547 48 120 -1 -1 -1 -1 
462 58 83 514 65 164 -1 -1 -1 -1 
458 59 1609 762 126 312 -1 -1 -1 -1 
459 59 1578 758 127 315 -1 -1 -1 -1 
460 59 1546 760 128 315 -1 -1 -1 -1 
461 59 1514 765 123 309 -1 -1 -1 -1 
462 59 1486 773 121 298 -1 -1 -1 -1 
463 59 1454 787 117 286 -1 -1 -1 -1 
464 59 1423 799 112 275 -1 -1 -1 -1 
465 59 1396 813 106 261 -1 -1 -1 -1 
466 59 1360 832 102 243 -1 -1 -1 -1 
484 60 1661 655 109 270 -1 -1 -1 -1 
485 60 1619 651 112 279 -1 -1 -1 -1 
486 60 1578 646 116 287 -1 -1 -1 -1 
487 60 1540 646 115 286 -1 -1 -1 -1 
488 60 1502 648 102 254 -1 -1 -1 -1 
489 60 1460 653 97 240 -1 -1 -1 -1 
491 60 1378 665 92 234 -1 -1 -1 -1 
492 60 1331 666 94 237 -1 -1 -1 -1 
493 60 1283 668 99 243 -1 -1 -1 -1 
494 60 1240 676 97 242 -1 -1 -1 -1 
495 60 1195 680 99 247 -1 -1 -1 -1 
496 60 1149 682 102 254 -1 -1 -1 -1 
497 60 1107 681 104 257 -1 -1 -1 -1 
498 60 1064 681 104 256 -1 -1 -1 -1 
499 60 1016 677 106 262 -1 -1 -1 -1 
500 60 971 678 103 258 -1 -1 -1 -1 
501 60 926 677 104 258 -1 -1 -1 -1 
502 60 881 678 104 257 -1 -1 -1 -1 
503 60 837 680 104 255 -1 -1 -1 -1 
504 60 792 682 102 253 -1 -1 -1 -1 
505 60 743 683 104 259 -1 -1 -1 -1 
506 60 693 689 105 261 -1 -1 -1 -1 
507 60 638 693 114 285 -1 -1 -1 -1 
508 60 587 704 112 282 -1 -1 -1 -1 
509 60 531 708 116 287 -1 -1 -1 -1 
510 60 475 714 118 294 -1 -1 -1 -1 
511 60 420 720 119 291 -1 -1 -1 -1 
512 60 364 729 119 293 -1 -1 -1 -1 
513 60 307 735 120 296 -1 -1 -1 -1 
514 60 248 741 122 302 -1 -1 -1 -1 
515 60 188 746 122 304 -1 -1 -1 -1 
516 60 125 752 122 304 -1 -1 -1 -1 
517 60 67 761 122 301 -1 -1 -1 -1 
486 62 1655 656 108 266 -1 -1 -1 -1 
487 62 1613 658 108 268 -1 -1 -1 -1 
496 62 1211 692 118 294 -1 -1 -1 -1 
497 62 1166 685 120 301 -1 -1 -1 -1 
498 62 1120 684 123 304 -1 -1 -1 -1 
499 62 1076 683 124 309 -1 -1 -1 -1 
500 62 1032 685 123 307 -1 -1 -1 -1 
501 62 988 687 125 310 -1 -1 -1 -1 
502 62 946 687 122 307 -1 -1 -1 -1 
503 62 901 687 121 303 -1 -1 -1 -1 
504 62 857 690 113 282 -1 -1 -1 -1 
505 62 811 691 111 276 -1 -1 -1 -1 
506 62 760 697 111 277 -1 -1 -1 -1 
507 62 710 705 112 279 -1 -1 -1 -1 
508 62 655 712 118 294 -1 -1 -1 -1 
509 62 607 716 122 302 -1 -1 -1 -1 
510 62 556 722 126 312 -1 -1 -1 -1 
511 62 504 732 128 312 -1 -1 -1 -1 
512 62 447 741 127 315 -1 -1 -1 -1 
513 62 392 745 127 315 -1 -1 -1 -1 
514 62 334 753 116 308 -1 -1 -1 -1 
515 62 276 760 120 302 -1 -1 -1 -1 
517 62 157 773 121 295 -1 -1 -1 -1 
518 62 89 776 125 293 -1 -1 -1 -1 
519 62 22 785 121 289 -1 -1 -1 -1 
504 63 1842 650 60 161 -1 -1 -1 -1 
505 63 1806 650 64 163 -1 -1 -1 -1 
506 63 1771 654 64 163 -1 -1 -1 -1 
507 63 1737 649 67 165 -1 -1 -1 -1 
508 63 1703 659 66 164 -1 -1 -1 -1 
509 63 1669 660 66 165 -1 -1 -1 -1 
510 63 1635 665 66 165 -1 -1 -1 -1 
511 63 1600 667 68 168 -1 -1 -1 -1 
512 63 1567 671 69 172 -1 -1 -1 -1 
513 63 1533 672 69 174 -1 -1 -1 -1 
514 63 1499 673 70 177 -1 -1 -1 -1 
515 63 1467 674 71 177 -1 -1 -1 -1 
516 63 1434 674 71 178 -1 -1 -1 -1 
517 63 1400 675 71 177 -1 -1 -1 -1 
518 63 1364 677 72 178 -1 -1 -1 -1 
519 63 1330 678 71 177 -1 -1 -1 -1 
520 63 1298 681 70 174 -1 -1 -1 -1 
521 63 1265 682 70 174 -1 -1 -1 -1 
522 63 1234 683 69 173 -1 -1 -1 -1 
523 63 1200 684 71 177 -1 -1 -1 -1 
524 63 1166 682 74 182 -1 -1 -1 -1 
525 63 1135 682 74 184 -1 -1 -1 -1 
526 63 1099 687 74 183 -1 -1 -1 -1 
527 63 1065 685 76 190 -1 -1 -1 -1 
528 63 1033 688 76 191 -1 -1 -1 -1 
529 63 998 691 79 197 -1 -1 -1 -1 
530 63 965 695 79 199 -1 -1 -1 -1 
531 63 932 699 80 202 -1 -1 -1 -1 
532 63 898 703 81 201 -1 -1 -1 -1 
533 63 867 704 82 203 -1 -1 -1 -1 
534 63 833 706 83 209 -1 -1 -1 -1 
535 63 800 711 83 207 -1 -1 -1 -1 
536 63 765 710 85 213 -1 -1 -1 -1 
537 63 728 707 91 223 -1 -1 -1 -1 
538 63 693 710 89 223 -1 -1 -1 -1 
539 63 657 710 91 228 -1 -1 -1 -1 
540 63 620 714 93 232 -1 -1 -1 -1 
541 63 583 720 97 240 -1 -1 -1 -1 
542 63 544 720 99 244 -1 -1 -1 -1 
543 63 509 738 95 233 -1 -1 -1 -1 
544 63 471 748 97 239 -1 -1 -1 -1 
545 63 434 747 97 238 -1 -1 -1 -1 
546 63 393 751 97 240 -1 -1 -1 -1 
547 63 350 753 102 253 -1 -1 -1 -1 
548 63 304 756 106 262 -1 -1 -1 -1 
549 63 269 767 106 261 -1 -1 -1 -1 
550 63 229 768 107 266 -1 -1 -1 -1 
551 63 188 771 110 273 -1 -1 -1 -1 
552 63 143 773 115 284 -1 -1 -1 -1 
553 63 98 777 118 292 -1 -1 -1 -1 
554 63 54 784 118 290 -1 -1 -1 -1 
555 63 10 790 120 285 -1 -1 -1 -1 
556 63 -8 793 94 286 -1 -1 -1 -1 
506 64 1846 662 63 168 -1 -1 -1 -1 
507 64 1812 656 68 170 -1 -1 -1 -1 
508 64 1778 664 68 172 -1 -1 -1 -1 
509 64 1744 663 68 172 -1 -1 -1 -1 
510 64 1708 674 68 168 -1 -1 -1 -1 
511 64 1671 673 70 173 -1 -1 -1 -1 
512 64 1638 670 72 180 -1 -1 -1 -1 
513 64 1605 671 74 182 -1 -1 -1 -1 
514 64 1569 671 77 191 -1 -1 -1 -1 
515 64 1536 671 78 194 -1 -1 -1 -1 
516 64 1501 672 79 196 -1 -1 -1 -1 
517 64 1469 673 79 197 -1 -1 -1 -1 
518 64 1436 679 76 189 -1 -1 -1 -1 
519 64 1402 680 76 191 -1 -1 -1 -1 
520 64 1371 678 77 193 -1 -1 -1 -1 
521 64 1339 676 79 199 -1 -1 -1 -1 
522 64 1306 674 80 202 -1 -1 -1 -1 
523 64 1273 675 82 205 -1 -1 -1 -1 
524 64 1243 679 81 203 -1 -1 -1 -1 
525 64 1209 679 83 208 -1 -1 -1 -1 
526 64 1177 681 83 208 -1 -1 -1 -1 
527 64 1144 681 85 212 -1 -1 -1 -1 
528 64 1110 683 86 215 -1 -1 -1 -1 
529 64 1076 684 87 218 -1 -1 -1 -1 
530 64 1043 696 85 210 -1 -1 -1 -1 
531 64 1010 696 87 217 -1 -1 -1 -1 
532 64 977 703 88 217 -1 -1 -1 -1 
533 64 945 702 90 220 -1 -1 -1 -1 
534 64 912 706 89 219 -1 -1 -1 -1 
535 64 878 706 91 227 -1 -1 -1 -1 
536 64 842 707 96 237 -1 -1 -1 -1 
537 64 808 705 100 245 -1 -1 -1 -1 
538 64 773 709 101 250 -1 -1 -1 -1 
539 64 739 711 102 255 -1 -1 -1 -1 
540 64 702 717 105 261 -1 -1 -1 -1 
541 64 667 722 108 267 -1 -1 -1 -1 
542 64 630 728 107 265 -1 -1 -1 -1 
543 64 598 734 106 263 -1 -1 -1 -1 
544 64 560 746 109 265 -1 -1 -1 -1 
545 64 526 746 109 267 -1 -1 -1 -1 
546 64 484 748 113 278 -1 -1 -1 -1 
547 64 445 752 117 288 -1 -1 -1 -1 
548 64 400 756 119 296 -1 -1 -1 -1 
549 64 360 762 124 302 -1 -1 -1 -1 
550 64 322 761 124 305 -1 -1 -1 -1 
551 64 281 765 124 305 -1 -1 -1 -1 
552 64 239 768 123 303 -1 -1 -1 -1 
553 64 194 774 123 298 -1 -1 -1 -1 
554 64 154 782 123 291 -1 -1 -1 -1 
555 64 109 795 120 278 -1 -1 -1 -1 
556 64 57 805 118 269 -1 -1 -1 -1 
510 65 1700 569 39 96 -1 -1 -1 -1 
511 65 1669 568 41 99 -1 -1 -1 -1 
512 65 1642 574 39 96 -1 -1 -1 -1 
513 65 1616 575 38 95 -1 -1 -1 -1 
514 65 1586 577 39 98 -1 -1 -1 -1 
515 65 1558 575 42 104 -1 -1 -1 -1 
516 65 1532 573 42 105 -1 -1 -1 -1 
517 65 1506 573 42 103 -1 -1 -1 -1 
518 65 1480 575 41 99 -1 -1 -1 -1 
519 65 1455 575 40 97 -1 -1 -1 -1 
520 65 1430 575 39 95 -1 -1 -1 -1 
521 65 1405 579 37 91 -1 -1 -1 -1 
522 65 1380 572 39 98 -1 -1 -1 -1 
523 65 1355 570 40 100 -1 -1 -1 -1 
524 65 1331 565 41 104 -1 -1 -1 -1 
525 65 1307 566 41 104 -1 -1 -1 -1 
526 65 1283 565 42 105 -1 -1 -1 -1 
527 65 1259 568 41 103 -1 -1 -1 -1 
528 65 1235 566 42 107 -1 -1 -1 -1 
529 65 1211 569 42 105 -1 -1 -1 -1 
530 65 1188 568 42 106 -1 -1 -1 -1 
531 65 1165 572 41 101 -1 -1 -1 -1 
532 65 1143 573 41 102 -1 -1 -1 -1 
533 65 1121 571 42 105 -1 -1 -1 -1 
534 65 1098 571 43 106 -1 -1 -1 -1 
535 65 1077 571 44 108 -1 -1 -1 -1 
536 65 1057 571 44 110 -1 -1 -1 -1 
537 65 1036 569 45 112 -1 -1 -1 -1 
538 65 1016 576 43 108 -1 -1 -1 -1 
539 65 996 576 43 107 -1 -1 -1 -1 
540 65 976 579 44 108 -1 -1 -1 -1 
541 65 956 581 43 108 -1 -1 -1 -1 
542 65 935 582 44 109 -1 -1 -1 -1 
543 65 914 583 44 111 -1 -1 -1 -1 
544 65 895 585 43 111 -1 -1 -1 -1 
545 65 876 584 44 110 -1 -1 -1 -1 
546 65 856 581 45 112 -1 -1 -1 -1 
547 65 836 581 46 112 -1 -1 -1 -1 
548 65 816 581 46 114 -1 -1 -1 -1 
549 65 799 580 46 115 -1 -1 -1 -1 
550 65 781 580 46 116 -1 -1 -1 -1 
551 65 764 581 45 114 -1 -1 -1 -1 
552 65 743 581 47 114 -1 -1 -1 -1 
553 65 726 581 47 116 -1 -1 -1 -1 
554 65 708 580 47 117 -1 -1 -1 -1 
555 65 691 582 47 116 -1 -1 -1 -1 
556 65 672 578 47 119 -1 -1 -1 -1 
557 65 654 577 49 121 -1 -1 -1 -1 
558 65 637 576 48 122 -1 -1 -1 -1 
559 65 619 575 49 124 -1 -1 -1 -1 
560 65 600 576 52 128 -1 -1 -1 -1 
561 65 584 576 51 129 -1 -1 -1 -1 
562 65 567 579 51 128 -1 -1 -1 -1 
563 65 549 581 52 130 -1 -1 -1 -1 
564 65 533 582 53 133 -1 -1 -1 -1 
565 65 516 581 54 134 -1 -1 -1 -1 
566 65 500 582 54 134 -1 -1 -1 -1 
567 65 483 584 53 134 -1 -1 -1 -1 
568 65 466 585 55 135 -1 -1 -1 -1 
569 65 450 585 56 137 -1 -1 -1 -1 
570 65 433 584 55 139 -1 -1 -1 -1 
571 65 417 587 55 139 -1 -1 -1 -1 
572 65 401 589 55 139 -1 -1 -1 -1 
573 65 383 590 56 141 -1 -1 -1 -1 
574 65 367 592 57 142 -1 -1 -1 -1 
575 65 350 592 58 142 -1 -1 -1 -1 
576 65 334 596 57 142 -1 -1 -1 -1 
577 65 317 595 59 146 -1 -1 -1 -1 
578 65 301 595 59 147 -1 -1 -1 -1 
579 65 285 597 59 145 -1 -1 -1 -1 
580 65 269 598 58 147 -1 -1 -1 -1 
581 65 252 597 61 152 -1 -1 -1 -1 
582 65 236 598 62 153 -1 -1 -1 -1 
583 65 221 598 63 157 -1 -1 -1 -1 
584 65 205 597 65 162 -1 -1 -1 -1 
585 65 189 599 67 166 -1 -1 -1 -1 
586 65 174 602 68 168 -1 -1 -1 -1 
587 65 160 605 68 169 -1 -1 -1 -1 
588 65 146 607 68 171 -1 -1 -1 -1 
589 65 131 609 70 172 -1 -1 -1 -1 
590 65 117 609 70 173 -1 -1 -1 -1 
591 65 103 610 70 176 -1 -1 -1 -1 
592 65 88 614 71 175 -1 -1 -1 -1 
593 65 76 616 70 176 -1 -1 -1 -1 
594 65 63 618 72 180 -1 -1 -1 -1 
595 65 49 618 73 182 -1 -1 -1 -1 
596 65 36 623 74 185 -1 -1 -1 -1 
597 65 23 625 75 187 -1 -1 -1 -1 
598 65 10 635 76 186 -1 -1 -1 -1 
599 65 1 640 73 185 -1 -1 -1 -1 
600 65 -3 645 65 184 -1 -1 -1 -1 
601 65 -3 649 52 183 -1 -1 -1 -1 
602 65 -3 657 39 180 -1 -1 -1 -1 
518 66 1807 733 99 262 -1 -1 -1 -1 
519 66 1776 734 102 259 -1 -1 -1 -1 
520 66 1742 736 103 259 -1 -1 -1 -1 
521 66 1709 738 103 255 -1 -1 -1 -1 
522 66 1678 736 101 254 -1 -1 -1 -1 
523 66 1645 733 103 254 -1 -1 -1 -1 
524 66 1613 730 104 256 -1 -1 -1 -1 
525 66 1582 729 103 259 -1 -1 -1 -1 
526 66 1552 734 98 250 -1 -1 -1 -1 
527 66 1520 727 102 258 -1 -1 -1 -1 
528 66 1488 727 105 261 -1 -1 -1 -1 
529 66 1455 728 106 265 -1 -1 -1 -1 
530 66 1425 729 105 265 -1 -1 -1 -1 
531 66 1394 728 108 272 -1 -1 -1 -1 
532 66 1366 735 107 269 -1 -1 -1 -1 
533 66 1337 736 108 268 -1 -1 -1 -1 
534 66 1307 740 107 268 -1 -1 -1 -1 
535 66 1278 740 108 270 -1 -1 -1 -1 
536 66 1250 739 111 276 -1 -1 -1 -1 
537 66 1224 736 112 279 -1 -1 -1 -1 
538 66 1194 738 112 281 -1 -1 -1 -1 
539 66 1165 736 113 283 -1 -1 -1 -1 
540 66 1138 739 111 280 -1 -1 -1 -1 
541 66 1106 739 117 291 -1 -1 -1 -1 
542 66 1076 745 120 303 -1 -1 -1 -1 
543 66 1047 748 120 302 -1 -1 -1 -1 
544 66 1020 756 120 299 -1 -1 -1 -1 
545 66 996 756 118 298 -1 -1 -1 -1 
546 66 970 754 120 300 -1 -1 -1 -1 
547 66 946 754 119 298 -1 -1 -1 -1 
548 66 917 760 117 295 -1 -1 -1 -1 
549 66 891 758 115 291 -1 -1 -1 -1 
550 66 866 761 115 289 -1 -1 -1 -1 
551 66 839 750 120 302 -1 -1 -1 -1 
552 66 818 766 115 286 -1 -1 -1 -1 
553 66 793 767 118 294 -1 -1 -1 -1 
554 66 770 767 118 297 -1 -1 -1 -1 
555 66 747 769 114 290 -1 -1 -1 -1 
556 66 718 767 116 293 -1 -1 -1 -1 
557 66 691 769 117 294 -1 -1 -1 -1 
558 66 664 770 117 294 -1 -1 -1 -1 
559 66 635 769 119 298 -1 -1 -1 -1 
560 66 609 766 121 302 -1 -1 -1 -1 
561 66 582 761 124 310 -1 -1 -1 -1 
562 66 557 760 125 310 -1 -1 -1 -1 
563 66 529 760 125 312 -1 -1 -1 -1 
564 66 505 762 124 310 -1 -1 -1 -1 
565 66 480 765 123 308 -1 -1 -1 -1 
566 66 451 766 124 307 -1 -1 -1 -1 
567 66 426 774 122 299 -1 -1 -1 -1 
568 66 401 782 119 290 -1 -1 -1 -1 
569 66 376 788 117 283 -1 -1 -1 -1 
570 66 352 794 116 277 -1 -1 -1 -1 
571 66 328 798 115 274 -1 -1 -1 -1 
572 66 301 799 116 273 -1 -1 -1 -1 
573 66 275 797 115 275 -1 -1 -1 -1 
574 66 251 797 115 275 -1 -1 -1 -1 
575 66 224 797 112 275 -1 -1 -1 -1 
576 66 197 805 112 268 -1 -1 -1 -1 
577 66 168 807 111 265 -1 -1 -1 -1 
578 66 142 811 110 261 -1 -1 -1 -1 
579 66 116 816 105 256 -1 -1 -1 -1 
580 66 87 821 105 252 -1 -1 -1 -1 
581 66 58 828 105 246 -1 -1 -1 -1 
582 66 33 833 102 242 -1 -1 -1 -1 
583 66 11 837 99 235 -1 -1 -1 -1 
574 67 1850 586 62 153 -1 -1 -1 -1 
575 67 1839 585 64 160 -1 -1 -1 -1 
576 67 1830 584 66 162 -1 -1 -1 -1 
577 67 1821 583 68 167 -1 -1 -1 -1 
578 67 1811 586 70 172 -1 -1 -1 -1 
579 67 1803 587 71 175 -1 -1 -1 -1 
580 67 1797 587 72 177 -1 -1 -1 -1 
581 67 1793 586 73 181 -1 -1 -1 -1 
582 67 1789 591 72 177 -1 -1 -1 -1 
583 67 1786 593 71 176 -1 -1 -1 -1 
584 67 1781 591 70 175 -1 -1 -1 -1 
585 67 1777 591 70 171 -1 -1 -1 -1 
586 67 1774 588 66 165 -1 -1 -1 -1 
587 67 1772 587 64 159 -1 -1 -1 -1 
588 67 1770 586 62 154 -1 -1 -1 -1 
589 67 1766 584 63 155 -1 -1 -1 -1 
590 67 1764 583 63 158 -1 -1 -1 -1 
591 67 1762 583 64 161 -1 -1 -1 -1 
592 67 1761 579 63 161 -1 -1 -1 -1 
593 67 1760 583 64 161 -1 -1 -1 -1 
594 67 1760 582 64 162 -1 -1 -1 -1 
595 67 1759 586 64 162 -1 -1 -1 -1 
596 67 1759 585 66 162 -1 -1 -1 -1 
597 67 1761 586 66 163 -1 -1 -1 -1 
598 67 1762 582 68 164 -1 -1 -1 -1 
599 67 1766 578 68 169 -1 -1 -1 -1 
600 67 1771 578 68 171 -1 -1 -1 -1 
601 67 1774 579 69 170 -1 -1 -1 -1 
602 67 1778 575 71 175 -1 -1 -1 -1 
603 67 1784 574 72 178 -1 -1 -1 -1 
614 67 1830 597 75 189 -1 -1 -1 -1 
615 67 1837 600 76 191 -1 -1 -1 -1 
616 67 1843 604 75 191 -1 -1 -1 -1 
617 67 1846 606 75 193 -1 -1 -1 -1 
618 67 1853 606 69 199 -1 -1 -1 -1 
619 67 1858 606 64 201 -1 -1 -1 -1 
620 67 1860 606 62 205 -1 -1 -1 -1 
621 67 1862 603 61 215 -1 -1 -1 -1 
595 68 320 530 40 102 -1 -1 -1 -1 
596 68 316 533 40 100 -1 -1 -1 -1 
597 68 311 532 41 101 -1 -1 -1 -1 
598 68 306 537 41 101 -1 -1 -1 -1 
599 68 303 536 42 106 -1 -1 -1 -1 
600 68 301 536 42 108 -1 -1 -1 -1 
601 68 297 539 41 103 -1 -1 -1 -1 
602 68 294 541 41 103 -1 -1 -1 -1 
603 68 292 543 40 103 -1 -1 -1 -1 
604 68 288 544 42 104 -1 -1 -1 -1 
605 68 285 545 40 103 -1 -1 -1 -1 
606 68 281 546 41 102 -1 -1 -1 -1 
607 68 279 545 41 102 -1 -1 -1 -1 
608 68 277 542 41 103 -1 -1 -1 -1 
609 68 277 541 40 103 -1 -1 -1 -1 
611 68 268 534 43 106 -1 -1 -1 -1 
612 68 266 532 43 108 -1 -1 -1 -1 
613 68 263 525 45 113 -1 -1 -1 -1 
614 68 257 514 49 124 -1 -1 -1 -1 
615 68 254 511 51 127 -1 -1 -1 -1 
616 68 252 514 50 125 -1 -1 -1 -1 
617 68 252 525 45 115 -1 -1 -1 -1 
618 68 250 531 44 110 -1 -1 -1 -1 
619 68 247 528 46 114 -1 -1 -1 -1 
620 68 243 526 47 117 -1 -1 -1 -1 
621 68 242 526 47 119 -1 -1 -1 -1 
622 68 238 526 48 120 -1 -1 -1 -1 
623 68 238 535 46 114 -1 -1 -1 -1 
624 68 235 530 47 117 -1 -1 -1 -1 
625 68 235 540 46 113 -1 -1 -1 -1 
626 68 234 540 45 110 -1 -1 -1 -1 
627 68 233 546 45 112 -1 -1 -1 -1 
628 68 232 547 45 110 -1 -1 -1 -1 
629 68 233 552 45 111 -1 -1 -1 -1 
630 68 233 551 47 113 -1 -1 -1 -1 
631 68 236 551 45 114 -1 -1 -1 -1 
632 68 235 551 47 117 -1 -1 -1 -1 
633 68 236 552 47 117 -1 -1 -1 -1 
634 68 235 553 48 119 -1 -1 -1 -1 
635 68 236 551 48 119 -1 -1 -1 -1 
636 68 237 555 48 119 -1 -1 -1 -1 
637 68 238 545 52 129 -1 -1 -1 -1 
638 68 239 546 54 134 -1 -1 -1 -1 
639 68 242 545 55 134 -1 -1 -1 -1 
640 68 243 536 59 147 -1 -1 -1 -1 
661 68 363 589 46 116 -1 -1 -1 -1 
629 70 1320 527 44 105 -1 -1 -1 -1 
630 70 1328 527 43 107 -1 -1 -1 -1 
631 70 1336 528 44 108 -1 -1 -1 -1 
632 70 1344 529 44 109 -1 -1 -1 -1 
633 70 1353 530 42 107 -1 -1 -1 -1 
634 70 1360 530 43 108 -1 -1 -1 -1 
635 70 1369 531 45 112 -1 -1 -1 -1 
636 70 1379 534 44 111 -1 -1 -1 -1 
637 70 1384 531 49 122 -1 -1 -1 -1 
638 70 1393 535 50 126 -1 -1 -1 -1 
639 70 1402 537 53 131 -1 -1 -1 -1 
640 70 1415 543 48 121 -1 -1 -1 -1 
641 70 1426 547 48 120 -1 -1 -1 -1 
642 70 1437 549 47 118 -1 -1 -1 -1 
708 73 1037 612 67 167 -1 -1 -1 -1 
709 73 1055 610 69 168 -1 -1 -1 -1 
710 73 1068 629 66 163 -1 -1 -1 -1 
711 73 1094 625 67 165 -1 -1 -1 -1 
712 73 1115 634 67 166 -1 -1 -1 -1 
713 73 1132 631 67 167 -1 -1 -1 -1 
714 73 1147 635 69 166 -1 -1 -1 -1 
716 73 1182 632 71 174 -1 -1 -1 -1 
717 73 1198 630 73 177 -1 -1 -1 -1 
718 73 1217 626 76 185 -1 -1 -1 -1 
719 73 1238 632 76 186 -1 -1 -1 -1 
720 73 1260 632 77 188 -1 -1 -1 -1 
721 73 1286 635 78 193 -1 -1 -1 -1 
722 73 1309 644 77 191 -1 -1 -1 -1 
723 73 1331 653 75 190 -1 -1 -1 -1 
724 73 1354 666 76 189 -1 -1 -1 -1 
725 73 1376 667 77 193 -1 -1 -1 -1 
726 73 1396 674 78 196 -1 -1 -1 -1 
727 73 1420 671 80 198 -1 -1 -1 -1 
728 73 1447 682 78 197 -1 -1 -1 -1 
729 73 1474 682 78 198 -1 -1 -1 -1 
730 73 1510 688 81 206 -1 -1 -1 -1 
737 73 1687 672 109 271 -1 -1 -1 -1 
738 73 1710 676 113 281 -1 -1 -1 -1 
739 73 1747 701 106 263 -1 -1 -1 -1 
740 73 1785 716 104 256 -1 -1 -1 -1 
741 73 1824 728 94 257 -1 -1 -1 -1 
732 75 602 565 45 113 -1 -1 -1 -1 
733 75 602 563 47 117 -1 -1 -1 -1 
734 75 602 559 47 118 -1 -1 -1 -1 
735 75 601 561 48 119 -1 -1 -1 -1 
736 75 603 559 48 120 -1 -1 -1 -1 
737 75 604 560 48 120 -1 -1 -1 -1 
738 75 605 564 48 117 -1 -1 -1 -1 
739 75 605 563 49 120 -1 -1 -1 -1 
740 75 605 565 50 122 -1 -1 -1 -1 
741 75 605 565 52 127 -1 -1 -1 -1 
742 75 605 567 51 127 -1 -1 -1 -1 
743 75 606 570 50 125 -1 -1 -1 -1 
744 75 604 571 51 125 -1 -1 -1 -1 
745 75 603 573 51 125 -1 -1 -1 -1 
746 75 601 574 50 125 -1 -1 -1 -1 
747 75 599 575 52 128 -1 -1 -1 -1 
748 75 598 574 52 130 -1 -1 -1 -1 
749 75 596 575 53 130 -1 -1 -1 -1 
750 75 596 576 52 130 -1 -1 -1 -1 
